StudentID,Gender,City,CollegeTier,Stream,Specialisation,Hostel,HistoryOfBacklogs,SGPA_Sem1,SGPA_Sem2,SGPA_Sem3,SGPA_Sem4,SGPA_Sem5,SGPA_Sem6,SGPA_Sem7,SGPA_Sem8,CGPA,AttendancePercent,Internships,Projects,Workshops,Certifications,Publications,AptitudeTestScore,SoftSkillsRating,CodingTestScore,MockInterviewScore,ExtraCurricular,CGPA_Tier,PlacementStatus,IsAnomaly,Salary Package,Anomaly,Anomaly_Score
64,Male,Hyderabad,Tier2,CS,Embedded,Yes,No,8.1,8.59,8.41,8.03,9.0,8.31,8.39,8.3,4.49,51.62642653,1,2,1.0,2,1,35.1,3.8,0.5,54.7,1,High,1,1,18.33,-1,-0.006012985754707101
105,Female,Hyderabad,Tier3,ECE,Embedded,Yes,Yes,4.0,4.0,4.0,4.23,4.0,4.0,4.0,4.0,4.19,62.7,0,2,,0,1,38.9,2.3,31.0,33.6,1,Low,0,0,0.0,-1,-0.01892989641587528
124,Male,Bangalore,Tier1,CS,AI,Yes,No,9.63,9.36,9.46,10.0,9.43,9.85,9.64,9.88,9.98,97.3,3,5,3.0,4,1,97.4,4.6,96.9,80.9,1,High,1,1,25.08,-1,-5.8032073648295324e-05
158,Male,Ahmedabad,Tier3,IT,Networking,No,No,7.37,7.49,7.67,7.44,7.39,7.52,7.38,7.87,4.44,51.19371743,0,2,2.0,2,0,30.3,3.0,0.1,53.5,0,Mid,1,1,8.2,-1,-0.004644690407389018
183,Male,Bangalore,Tier3,Civil,AI,Yes,No,4.03,4.2,4.22,4.0,4.0,4.07,4.03,4.0,4.12,54.5,1,1,0.0,1,0,56.4,1.0,16.8,34.2,1,Low,0,0,0.0,-1,-0.0013349691868035363
185,Female,Hyderabad,Tier1,CS,Networking,No,No,7.52,7.51,7.26,6.95,7.25,7.46,7.48,7.08,4.05,52.66017359,2,2,,3,2,30.4,4.2,5.7,78.7,0,Mid,1,1,9.41,-1,-0.03060320239889891
192,Male,Bangalore,Tier2,ECE,AI,No,No,4.0,4.07,4.0,4.0,4.26,4.0,4.0,4.3,9.79,63.2,3,5,0.0,0,1,98.7,,96.9,31.7,1,Low,0,1,0.0,-1,-0.08828999936303761
227,Male,Pune,Tier3,Mechanical,AI,Yes,Yes,6.71,6.48,6.27,7.02,6.69,6.26,6.43,6.26,9.79,58.6,3,5,0.0,1,0,99.7,2.2,96.1,31.0,1,Mid,0,1,0.0,-1,-0.03553230295133325
262,Male,Hyderabad,Tier2,CS,Embedded,Yes,No,6.79,6.06,5.78,5.96,6.72,6.51,6.1,6.26,9.92,57.3,3,5,1.0,1,0,,2.0,95.1,27.5,0,Low,0,1,0.0,-1,-0.02452810447307663
272,Male,Pune,Tier3,Civil,AI,No,Yes,4.94,4.57,4.63,4.45,4.49,4.61,4.76,4.61,4.49,51.31709265,1,1,,0,0,37.5,1.0,10.0,32.8,0,Low,0,1,0.0,-1,-0.0007527674322344025
288,Female,Kochi,Tier2,Mechanical,DataScience,No,Yes,9.61,9.62,9.71,9.33,10.0,9.78,9.37,9.32,9.96,60.3,3,5,,1,1,98.1,2.8,99.3,46.8,1,High,1,1,18.94,-1,-0.022093572154874175
327,Male,Hyderabad,Tier2,Civil,Embedded,No,No,8.5,7.81,8.14,7.78,7.67,8.87,8.22,8.46,4.34,53.91450883,1,2,2.0,2,0,32.9,3.6,6.5,56.3,1,High,1,1,18.81,-1,-0.001803188195690586
410,Male,Kolkata,Tier1,ECE,AI,No,No,8.22,8.92,9.55,8.83,9.0,9.26,8.99,9.35,4.01,52.07709845,2,2,4.0,3,2,34.4,3.4,4.8,56.8,1,High,1,1,18.52,-1,-0.036241362035196345
496,Female,Bangalore,Tier2,Mechanical,Networking,Yes,No,8.48,7.8,7.99,8.51,7.92,8.07,8.2,8.56,4.28,52.39664886,1,2,1.0,2,0,30.2,3.0,5.4,55.1,0,High,1,1,18.8,-1,-0.005025166042280982
523,Male,Hyderabad,Tier2,Civil,DataScience,Yes,Yes,5.27,5.58,5.27,5.36,4.82,5.06,4.65,5.28,9.94,68.0,3,5,1.0,0,0,96.7,2.2,97.3,31.6,0,Low,0,1,0.0,-1,-0.038899875963922415
548,Male,Kochi,Tier1,IT,Embedded,No,No,8.27,8.0,7.98,7.65,7.01,7.26,8.37,7.6,4.29,52.70587014,1,2,2.0,1,1,36.0,2.6,2.7,59.4,1,Mid,1,1,8.66,-1,-0.004300082071792222
554,Male,Pune,Tier2,Civil,AI,No,No,6.56,6.2,6.82,6.74,6.89,6.82,6.58,6.68,4.46,51.58692001,1,1,1.0,2,1,33.5,3.3,5.0,51.9,0,Mid,1,1,10.62,-1,-0.014232083445074428
597,Female,Delhi,Tier3,ECE,Networking,Yes,No,8.69,7.9,7.82,8.03,8.09,7.78,8.49,8.85,4.3,50.27383185,1,1,2.0,1,1,36.9,3.1,2.0,,1,High,1,1,18.74,-1,-0.030043369997026392
603,Male,Hyderabad,Tier2,IT,Networking,No,No,9.76,10.0,9.72,10.0,10.0,10.0,10.0,10.0,9.74,84.8,3,5,2.0,2,2,97.6,4.3,,80.2,1,High,1,1,18.04,-1,-0.006603505530214937
617,Male,Kolkata,Tier2,Mechanical,DataScience,Yes,No,7.82,7.66,7.51,7.62,7.93,7.74,7.41,7.9,4.25,50.96694933,2,4,3.0,4,2,36.0,4.5,2.8,96.8,1,Mid,1,1,8.67,-1,-0.04891911639621771
618,Male,Jaipur,Tier1,EE,Embedded,No,No,4.55,5.46,4.94,5.03,5.06,5.18,5.45,4.81,4.95,94.8,3,4,4.0,3,3,100.0,2.7,68.7,80.5,1,Low,1,0,6.45,-1,-0.023198068425034024
620,Female,Pune,Tier2,Civil,DataScience,Yes,No,6.86,6.65,6.73,7.1,6.65,6.11,7.73,6.81,4.39,50.90074323,0,2,2.0,2,0,,4.2,3.7,62.7,0,Mid,1,1,8.1,-1,-0.009097150247617924
643,Male,Ahmedabad,Tier2,Civil,AI,Yes,No,4.39,4.75,4.61,4.52,4.98,5.08,5.45,4.9,4.81,80.9,2,2,3.0,5,1,100.0,4.5,77.0,80.4,1,Low,1,0,5.81,-1,-0.02098237428438765
740,Female,Kochi,Tier3,Mechanical,Networking,Yes,Yes,6.93,7.31,6.77,7.11,6.84,6.84,6.82,7.27,4.2,54.58380785,0,3,2.0,2,0,36.6,3.8,9.2,,1,Mid,1,1,8.29,-1,-0.019020697330146108
742,Male,Hyderabad,Tier2,Civil,Embedded,Yes,No,7.87,7.08,8.07,7.73,7.79,7.78,8.64,8.11,4.03,52.75044379,2,2,3.0,3,0,34.7,3.4,4.2,74.5,0,Mid,1,1,10.28,-1,-0.025247649331629596
747,Female,Kochi,Tier1,CS,Networking,No,No,6.13,6.47,6.71,6.74,6.89,6.12,6.63,6.69,4.37,51.17312271,1,2,2.0,2,1,31.3,2.8,2.0,47.5,0,Mid,1,1,8.41,-1,-0.001912372242873106
767,Female,Mumbai,Tier3,CS,Networking,No,No,6.28,6.24,6.18,6.26,6.57,6.23,6.32,6.75,9.76,77.2,3,5,1.0,1,0,98.6,3.7,97.6,,1,Low,0,1,0.0,-1,-0.02445468814736529
819,Female,Chennai,Tier2,CS,AI,No,No,7.85,8.21,7.93,7.91,7.75,8.53,7.82,8.46,4.49,52.90838406,3,4,3.0,2,2,31.0,4.1,8.8,81.3,1,Mid,1,1,12.8,-1,-0.04281372563949093
862,Male,Chennai,Tier3,Mechanical,DataScience,No,No,5.02,5.21,5.16,5.17,5.3,4.52,5.03,5.1,4.03,54.33775121,1,2,,2,0,37.1,2.3,,47.8,1,Low,0,1,0.0,-1,-0.004265074732839436
884,Female,Ahmedabad,Tier2,ECE,Networking,No,No,4.09,4.19,4.26,4.37,4.15,4.42,4.53,4.13,4.4,85.2,3,3,4.0,4,1,74.7,5.0,100.0,71.0,1,Low,1,0,6.44,-1,-0.04606494243288317
908,Female,Chennai,Tier2,EE,Embedded,No,No,5.87,5.83,5.77,5.57,6.56,6.05,6.03,6.79,9.77,100.0,3,5,,3,2,99.5,3.1,95.5,73.3,1,Low,1,1,6.0,-1,-0.023314484703357063
973,Male,Hyderabad,Tier2,Mechanical,Networking,No,No,8.17,7.59,7.6,8.13,8.35,7.68,7.97,7.77,4.35,54.24778204,2,1,2.0,2,0,32.7,2.9,5.2,54.6,0,Mid,1,1,8.94,-1,-0.01164941686187193
1019,Female,Jaipur,Tier2,EE,DataScience,Yes,No,5.78,5.26,5.49,5.36,5.12,5.6,5.67,5.27,9.8,50.0,3,5,0.0,0,0,98.5,,98.5,22.1,0,Low,0,1,0.0,-1,-0.04893720168214166
1056,Male,Pune,Tier2,IT,AI,Yes,No,6.32,6.16,6.53,6.71,6.2,6.89,6.5,6.79,9.98,65.3,3,5,2.0,2,0,,2.3,97.0,52.2,0,Low,0,1,0.0,-1,-0.009435557023684815
1249,Male,Jaipur,Tier2,ECE,DataScience,No,No,4.58,4.53,5.01,4.31,4.7,4.14,4.0,4.7,9.73,60.8,3,5,0.0,0,0,98.8,1.8,99.5,30.6,0,Low,0,1,0.0,-1,-0.06173548398052808
1275,Male,Pune,Tier2,ECE,AI,No,No,4.0,4.0,4.59,4.18,4.0,4.0,4.0,4.22,4.15,69.7,0,2,2.0,1,0,85.7,2.7,57.8,45.7,0,Low,0,0,0.0,-1,-0.006725831965913365
1314,Male,Delhi,Tier2,EE,Embedded,Yes,Yes,4.29,4.24,4.51,4.06,4.41,4.24,4.45,4.02,4.21,51.9556927,0,0,0.0,1,0,36.9,2.3,6.8,,0,Low,0,1,0.0,-1,-0.01131253793680187
1413,Male,Jaipur,Tier2,ECE,Embedded,No,No,8.06,8.08,7.67,8.12,8.71,7.7,8.1,9.1,4.02,51.59255766,2,4,3.0,3,2,33.3,3.1,8.5,82.1,1,High,1,1,18.38,-1,-0.03661274486750532
1438,Male,Kolkata,Tier2,Mechanical,Networking,No,No,5.5,6.0,6.32,6.06,5.46,5.53,5.78,5.86,9.74,64.8,3,5,1.0,3,1,96.8,,98.0,57.5,0,Low,1,1,3.93,-1,-0.024748222577251067
1439,Male,Chennai,Tier1,ECE,AI,Yes,No,8.55,8.33,8.12,8.01,8.85,8.87,9.23,8.55,4.38,51.82718951,1,1,2.0,3,2,34.4,4.0,4.0,65.9,1,High,1,1,18.57,-1,-0.015871913858438003
1557,Male,Mumbai,Tier2,IT,AI,Yes,No,8.71,8.22,8.99,8.69,8.78,8.46,8.52,8.72,4.37,54.0300175,1,2,3.0,2,1,33.5,3.6,6.8,49.0,0,High,1,1,18.9,-1,-0.019762564127056237
1559,Male,Jaipur,Tier3,CS,Networking,No,No,5.91,5.91,5.9,6.16,5.66,5.83,5.28,5.57,9.99,62.8,3,5,1.0,0,0,99.5,2.5,95.1,30.2,0,Low,0,1,0.0,-1,-0.03230876213027678
1648,Male,Pune,Tier3,EE,Networking,No,No,5.21,5.69,4.91,4.88,5.1,4.63,4.85,5.27,9.97,53.7,3,5,0.0,1,0,98.3,1.6,96.9,27.8,1,Low,0,1,0.0,-1,-0.060444000452508084
1677,Male,Hyderabad,Tier1,Mechanical,AI,No,No,7.53,7.54,7.61,7.7,7.28,7.88,8.23,8.49,4.37,54.19904497,3,3,3.0,4,3,,5.0,9.9,,1,Mid,1,1,8.73,-1,-0.03314052899251807
1704,Male,Pune,Tier3,CS,AI,No,No,8.87,9.19,9.08,8.99,8.95,8.89,8.88,8.91,4.03,50.2389354,1,1,2.0,2,0,32.8,2.2,2.9,57.0,1,High,1,1,18.28,-1,-0.046937418068583425
1742,Male,Ahmedabad,Tier2,Civil,Networking,No,No,6.36,6.55,5.72,6.48,5.88,5.59,5.78,6.17,4.04,54.07539255,1,2,2.0,1,1,33.0,3.8,7.4,57.0,1,Low,1,1,5.78,-1,-0.013041878692121811
1788,Female,Chennai,Tier2,ECE,Networking,Yes,No,6.42,6.0,6.33,6.26,5.93,5.99,5.88,6.21,9.99,72.0,3,5,2.0,2,0,96.7,3.0,95.9,47.2,0,Low,0,1,0.0,-1,-0.005520636960660963
1805,Male,Chennai,Tier2,ECE,Networking,Yes,No,10.0,10.0,9.94,10.0,10.0,9.98,10.0,10.0,4.33,52.71106679,1,5,3.0,4,1,35.6,5.0,0.6,72.6,0,High,1,1,18.07,-1,-0.05985440268927911
1819,Male,Mumbai,Tier2,Mechanical,DataScience,No,Yes,6.39,6.33,6.39,6.27,6.54,6.39,6.22,6.21,9.91,73.0,3,5,2.0,2,0,98.3,3.4,98.0,53.5,0,Low,0,1,0.0,-1,-0.006417617499864581
1868,Female,Hyderabad,Tier1,ECE,Embedded,Yes,No,8.64,9.37,9.02,9.06,9.18,8.9,8.82,8.9,4.17,52.37502181,2,3,2.0,3,0,37.8,,7.1,74.0,0,High,1,1,18.15,-1,-0.03634367688723561
1899,Male,Pune,Tier1,EE,DataScience,Yes,No,7.98,6.79,6.99,6.84,7.02,7.13,6.66,7.07,4.14,53.97755023,2,2,1.0,3,1,35.4,3.2,,60.1,0,Mid,1,1,8.48,-1,-0.015457960184244723
1940,Female,Delhi,Tier2,CS,AI,Yes,No,7.41,7.85,7.58,7.35,7.54,8.07,8.24,7.44,4.1,54.15226655,2,3,2.0,3,2,31.7,4.0,1.3,78.0,1,Mid,1,1,8.16,-1,-0.018734727324998257
1941,Female,Mumbai,Tier2,ECE,Embedded,No,No,8.94,8.99,9.47,9.32,9.36,9.71,9.7,9.63,9.75,93.8,3,5,1.0,3,2,97.6,4.2,99.5,74.7,1,High,1,1,25.0,-1,-0.008983582903865805
1946,Female,Chennai,Tier2,CS,AI,No,Yes,6.96,6.55,6.8,6.96,7.29,7.04,7.15,6.98,4.21,53.85787002,1,2,2.0,2,1,32.7,2.2,0.9,54.3,0,Mid,1,1,8.98,-1,-0.01054103500192638
2001,Male,Jaipur,Tier1,Mechanical,Networking,No,No,8.98,9.28,8.7,8.58,7.98,8.9,8.65,8.58,4.35,53.5126901,2,3,3.0,2,1,36.1,4.3,8.1,72.3,1,High,1,1,18.29,-1,-0.037038228698441755
2079,Male,Kochi,Tier2,Civil,Embedded,Yes,Yes,4.96,5.11,5.12,4.84,5.03,4.74,4.61,5.28,9.76,59.8,3,5,0.0,0,0,98.2,1.8,97.5,,1,Low,0,1,0.0,-1,-0.04822116438555579
2103,Male,Bangalore,Tier1,Civil,Embedded,No,No,9.46,9.25,8.93,9.46,8.87,9.07,9.51,9.28,4.26,51.62087995,2,4,3.0,4,2,31.7,4.5,3.5,58.4,1,High,1,1,18.94,-1,-0.042753381773319
2133,Female,Hyderabad,Tier3,Civil,DataScience,No,No,7.88,7.33,8.47,7.57,7.09,7.28,7.19,7.29,9.9,62.1,3,5,1.0,3,0,,2.0,96.2,44.7,1,Mid,0,1,0.0,-1,-0.024725516929873237
2141,Male,Bangalore,Tier3,EE,Networking,Yes,No,4.0,4.21,4.0,4.0,4.0,4.0,4.0,4.0,4.03,52.36239272,1,0,0.0,0,0,31.4,2.4,9.4,29.1,0,Low,0,1,0.0,-1,-0.026680185755276642
2153,Male,Bangalore,Tier3,ECE,Networking,No,Yes,5.21,5.3,5.53,4.89,5.07,5.23,5.63,5.28,9.83,76.4,3,5,2.0,2,1,96.5,1.4,97.0,54.4,1,Low,0,1,0.0,-1,-0.02113433879825699
2173,Male,Hyderabad,Tier2,CS,DataScience,No,No,6.21,6.88,7.16,6.88,7.6,7.17,7.65,7.19,4.2,50.48296049,2,2,,3,1,35.5,4.5,2.1,95.6,0,Mid,1,1,8.08,-1,-0.03949293283599131
2176,Male,Kochi,Tier3,CS,AI,No,Yes,6.5,6.28,6.32,5.91,6.1,6.02,5.89,6.26,4.23,50.7133805,0,0,0.0,0,1,31.1,1.7,1.9,30.8,1,Low,0,1,0.0,-1,-0.00592275660621322
2311,Male,Kochi,Tier2,ECE,Networking,No,No,6.3,6.53,6.34,6.63,6.74,6.04,6.25,6.28,9.91,81.8,3,5,2.0,1,0,99.6,3.9,96.0,42.0,0,Low,1,1,3.31,-1,-0.003641954060149999
2321,Male,Kochi,Tier3,Mechanical,DataScience,No,No,6.3,5.79,5.77,5.81,5.08,5.83,5.74,5.75,9.76,58.2,3,5,1.0,1,0,99.0,1.2,97.7,,0,Low,0,1,0.0,-1,-0.029833141259949292
2322,Male,Hyderabad,Tier2,CS,Embedded,No,Yes,5.44,6.0,5.67,5.29,6.33,5.88,5.6,6.18,9.94,74.3,3,5,2.0,1,1,99.5,3.2,98.1,55.5,0,Low,0,1,0.0,-1,-0.016324601726118937
2421,Male,Chennai,Tier2,CS,DataScience,Yes,No,9.78,10.0,9.59,9.71,10.0,9.97,10.0,10.0,4.44,51.28586422,2,2,2.0,3,1,,4.5,7.9,,1,High,1,1,18.94,-1,-0.03379049465849149
2427,Female,Bangalore,Tier1,Mechanical,Networking,No,No,4.42,5.26,5.18,4.85,4.73,4.64,4.8,5.0,4.8,95.1,1,3,2.0,4,2,83.9,5.0,83.1,74.5,0,Low,1,0,3.13,-1,-0.0025050124961618625
2428,Male,Kochi,Tier3,CS,Networking,No,Yes,4.08,4.0,4.0,4.0,4.0,4.0,4.0,4.0,9.98,52.6,3,5,0.0,1,1,96.6,1.5,98.4,27.5,1,Low,0,1,0.0,-1,-0.09411594396222911
2583,Female,Bangalore,Tier2,ECE,AI,No,No,6.29,6.11,6.37,6.49,6.2,6.07,6.49,6.19,4.13,50.48944978,0,3,2.0,2,0,,2.0,5.3,61.2,0,Low,1,1,3.82,-1,-0.012337547809122329
2592,Male,Hyderabad,Tier3,IT,AI,Yes,Yes,6.52,6.43,6.42,6.06,6.87,6.71,6.72,6.12,9.97,54.3,3,5,1.0,0,0,96.5,2.5,96.1,26.3,0,Mid,0,1,0.0,-1,-0.03265302624501332
2678,Female,Kolkata,Tier1,IT,Networking,No,No,9.59,9.76,9.71,9.94,10.0,10.0,9.71,9.87,4.44,50.20577569,1,3,4.0,3,1,37.0,3.9,4.5,78.5,1,High,1,1,18.34,-1,-0.04932643774341172
2679,Male,Kolkata,Tier1,ECE,Networking,Yes,No,4.87,4.68,4.26,4.56,4.58,4.97,4.74,4.92,4.63,86.5,1,1,3.0,4,2,92.2,4.5,72.3,,1,Low,1,0,4.45,-1,-0.010376068326517496
2693,Male,Mumbai,Tier1,Mechanical,Embedded,No,Yes,9.33,9.39,9.27,9.45,9.75,9.58,9.75,9.78,4.47,53.19192652,1,3,,3,1,36.1,4.0,2.9,,0,High,1,1,18.14,-1,-0.04116089909126841
2709,Male,Chennai,Tier2,EE,DataScience,Yes,No,6.32,6.77,6.13,6.48,6.27,6.76,6.59,7.29,4.19,53.05662358,2,3,3.0,4,0,34.0,2.6,4.0,46.5,0,Mid,1,1,8.77,-1,-0.020579155331555188
2801,Male,Pune,Tier3,EE,Embedded,No,No,8.66,8.43,8.97,8.54,8.41,8.38,7.98,8.31,4.49,50.75211158,1,2,1.0,2,1,34.5,2.2,8.4,54.7,0,High,1,1,18.18,-1,-0.016290814098749107
2812,Male,Hyderabad,Tier2,CS,AI,No,No,7.91,8.1,7.66,7.94,7.85,7.74,7.75,7.49,4.36,52.95481807,2,1,,2,0,34.0,2.7,7.1,47.6,0,Mid,1,1,8.42,-1,-0.01356713053088543
2823,Female,Chennai,Tier2,Civil,DataScience,No,No,5.99,6.18,5.85,6.01,6.08,6.09,5.66,5.54,9.99,81.0,3,5,2.0,2,1,99.7,,99.5,44.8,0,Low,1,1,3.61,-1,-0.008141630230117713
2824,Female,Hyderabad,Tier1,CS,Embedded,Yes,No,10.0,10.0,9.78,10.0,9.79,10.0,10.0,10.0,4.43,51.77975144,3,3,4.0,3,1,37.4,4.6,0.7,71.4,1,High,1,1,18.68,-1,-0.054276682125303566
2837,Male,Chennai,Tier3,ECE,AI,No,No,7.08,6.86,6.68,6.62,6.92,6.1,6.64,7.1,9.98,54.6,3,5,1.0,1,0,98.3,1.3,99.5,22.0,0,Mid,0,1,0.0,-1,-0.038029541652354726
2938,Male,Ahmedabad,Tier1,Mechanical,Networking,Yes,No,5.28,5.41,5.71,5.61,5.61,5.72,5.77,5.52,9.89,68.1,3,5,,2,1,97.2,3.1,96.6,54.4,0,Low,1,1,3.3,-1,-0.02104739306630088
2968,Male,Hyderabad,Tier3,ECE,Networking,Yes,No,4.39,4.8,5.03,4.84,4.34,4.95,4.94,4.83,4.23,53.65394647,1,3,2.0,1,0,35.3,2.8,4.9,56.5,0,Low,0,1,0.0,-1,-0.013821281424162835
2992,Female,Pune,Tier3,CS,AI,No,Yes,4.65,4.81,4.29,4.98,4.75,4.39,4.0,4.0,9.91,50.0,3,5,0.0,1,0,,1.1,97.5,29.9,0,Low,0,1,0.0,-1,-0.06463271462997566
3092,Male,Delhi,Tier2,Civil,Embedded,Yes,No,4.26,4.0,4.0,4.41,4.26,4.0,4.0,4.0,4.47,52.499895,1,1,1.0,1,0,34.9,1.1,1.8,31.8,0,Low,0,1,0.0,-1,-0.016193733495383777
3094,Male,Mumbai,Tier3,CS,AI,No,No,5.79,6.24,5.51,6.01,6.03,6.09,6.18,5.59,9.82,67.4,3,5,1.0,0,0,98.8,1.0,98.7,,1,Low,0,1,0.0,-1,-0.022825566347984272
3097,Male,Delhi,Tier3,Civil,AI,Yes,Yes,6.37,6.01,6.45,6.53,5.9,6.44,5.98,5.99,9.99,53.4,3,5,1.0,0,0,96.5,2.2,97.1,37.2,0,Low,0,1,0.0,-1,-0.034870502363816946
3134,Male,Pune,Tier3,CS,Embedded,Yes,No,8.51,8.59,8.47,8.07,8.31,8.71,8.32,8.63,4.24,50.59681879,0,3,1.0,1,0,33.2,4.1,8.9,56.9,1,High,1,1,18.7,-1,-0.03195766065397643
3240,Male,Mumbai,Tier2,ECE,Networking,Yes,No,7.26,7.19,7.75,7.61,7.64,7.23,7.65,7.84,4.0,54.04069653,0,2,2.0,1,1,32.7,2.4,4.6,70.6,1,Mid,0,1,0.0,-1,-0.015803604679189176
3244,Male,Chennai,Tier1,CS,DataScience,No,Yes,5.98,6.07,6.0,6.25,6.61,6.59,5.67,6.99,4.1,52.54059416,1,1,,2,1,36.3,2.6,3.9,60.2,1,Low,0,1,0.0,-1,-0.0004968105428699854
3317,Male,Chennai,Tier2,CS,AI,Yes,No,5.48,5.3,5.05,5.19,4.91,5.46,5.35,5.07,9.74,82.9,3,5,0.0,2,0,,2.8,96.0,42.8,1,Low,0,1,0.0,-1,-0.041759973023849706
3333,Female,Kolkata,Tier1,ECE,Embedded,No,No,10.0,9.23,10.0,9.71,9.81,10.0,10.0,9.9,4.43,52.34654175,2,2,2.0,4,1,32.5,4.7,6.0,78.8,1,High,1,1,18.2,-1,-0.038940585607086575
3349,Male,Chennai,Tier1,CS,DataScience,Yes,No,5.98,5.92,6.27,6.71,6.18,5.98,6.7,6.07,4.25,52.72302583,2,3,3.0,3,2,32.0,4.7,7.3,,0,Low,1,1,3.3,-1,-0.0525176341801431
3467,Male,Hyderabad,Tier2,CS,AI,Yes,No,5.16,4.84,4.32,4.61,5.35,5.25,5.16,4.95,4.4,51.475705,1,2,1.0,2,1,37.4,3.0,,52.0,0,Low,0,1,0.0,-1,-0.021311210103879707
3587,Male,Bangalore,Tier2,CS,AI,No,No,5.05,5.25,4.9,4.62,5.28,4.3,4.63,5.13,9.85,76.6,3,5,2.0,2,0,99.0,2.7,96.1,49.9,1,Low,0,1,0.0,-1,-0.03771688345960256
3600,Male,Bangalore,Tier3,CS,AI,No,No,6.59,7.07,7.32,6.99,6.33,7.11,7.33,7.17,9.88,62.7,3,5,1.0,2,1,,2.8,99.0,43.6,1,Mid,0,1,0.0,-1,-0.009995508202656267
3622,Male,Bangalore,Tier1,Mechanical,Networking,No,No,8.01,7.96,8.74,8.69,8.89,8.87,8.92,8.81,4.21,52.54042187,2,4,3.0,3,1,36.4,,9.9,78.1,1,High,1,1,18.15,-1,-0.030230416429767093
3632,Male,Delhi,Tier1,ECE,Embedded,Yes,Yes,9.78,9.69,10.0,10.0,9.88,9.8,10.0,9.9,4.1,50.16649678,1,3,3.0,3,2,32.2,5.0,6.1,65.8,1,High,1,1,18.79,-1,-0.05662188054813655
3792,Male,Pune,Tier1,Mechanical,DataScience,No,No,8.32,8.37,8.57,7.88,8.43,8.83,8.49,8.59,4.19,51.220304,2,2,3.0,5,1,33.4,5.0,0.8,77.9,0,High,1,1,18.26,-1,-0.029372680202616186
3867,Male,Delhi,Tier2,IT,AI,Yes,No,7.84,7.85,8.02,8.08,8.07,8.07,7.62,8.39,4.19,51.02518404,2,2,2.0,2,0,30.2,2.5,1.7,52.2,0,Mid,1,1,8.05,-1,-0.009847692309353118
4133,Male,Hyderabad,Tier1,CS,Embedded,Yes,No,8.18,7.99,8.39,8.0,8.36,8.66,8.22,8.37,4.44,52.07105887,0,2,2.0,1,0,36.9,2.5,,42.4,1,High,1,1,18.47,-1,-0.002584170640306249
4185,Male,Delhi,Tier1,IT,DataScience,No,Yes,8.23,8.45,8.68,8.28,8.39,8.48,8.84,8.82,4.45,52.38989224,2,3,4.0,3,2,32.7,4.0,2.5,92.8,0,High,1,1,18.33,-1,-0.033285207224102775
4209,Female,Hyderabad,Tier1,CS,Embedded,Yes,No,8.74,8.94,9.14,9.44,9.11,9.81,9.4,8.73,4.45,53.26642602,2,3,3.0,4,2,32.7,3.9,0.1,68.4,1,High,1,1,18.56,-1,-0.04090065376346719
4313,Male,Chennai,Tier1,IT,AI,No,No,9.52,9.79,9.48,9.71,9.72,10.0,10.0,10.0,4.1,53.61065701,2,2,4.0,2,2,35.9,4.1,3.0,67.1,1,High,1,1,18.33,-1,-0.04785839050568286
4358,Male,Bangalore,Tier2,IT,AI,Yes,No,4.46,5.18,4.74,4.71,5.18,5.0,5.59,5.45,4.04,54.03574534,1,2,2.0,2,1,30.2,3.1,1.1,61.9,0,Low,0,1,0.0,-1,-0.011521530189488649
4454,Male,Pune,Tier3,ECE,Embedded,Yes,Yes,4.43,5.62,5.37,5.17,5.2,5.6,4.87,5.48,9.82,63.2,3,5,,1,0,97.3,2.2,98.9,22.5,1,Low,0,1,0.0,-1,-0.038885883667548526
4500,Male,Kolkata,Tier2,Mechanical,Networking,Yes,No,4.0,4.54,4.06,4.45,4.0,4.16,4.0,4.01,4.03,82.9,2,2,,2,1,77.6,3.0,64.2,46.7,1,Low,0,0,0.0,-1,-0.01155446128537041
4507,Female,Pune,Tier2,CS,DataScience,Yes,No,6.67,6.98,6.85,7.0,7.04,6.38,6.82,6.54,9.82,82.7,3,5,,1,1,98.6,3.2,98.3,44.9,0,Mid,0,1,0.0,-1,-0.003960417828759444
4573,Male,Delhi,Tier2,IT,DataScience,Yes,No,6.78,7.01,6.31,6.97,6.54,6.96,6.99,7.18,4.31,54.48136317,1,3,2.0,3,0,31.9,3.2,6.1,79.2,0,Mid,1,1,8.5,-1,-0.006100266742154692
4576,Female,Hyderabad,Tier2,ECE,Networking,Yes,No,4.97,5.01,5.04,5.01,5.66,4.69,5.51,5.4,4.45,51.96590089,3,3,3.0,3,2,37.1,3.8,6.7,68.1,1,Low,1,1,5.76,-1,-0.056440669566802715
4607,Female,Bangalore,Tier2,Mechanical,Networking,Yes,No,7.11,6.86,6.41,6.41,6.34,6.95,6.41,7.12,9.93,65.5,3,5,0.0,0,1,,1.9,97.5,27.1,0,Mid,0,1,0.0,-1,-0.02946223216125199
4628,Female,Mumbai,Tier1,IT,Embedded,No,No,7.45,7.45,7.31,7.77,7.49,7.48,7.26,7.69,4.08,51.10654008,0,2,1.0,1,1,37.1,4.0,5.0,62.5,0,Mid,1,1,10.35,-1,-0.010654676264103546
4722,Male,Mumbai,Tier1,Mechanical,Networking,No,No,8.71,8.34,8.08,8.52,8.07,8.37,8.29,8.63,4.49,50.00055508,2,3,,3,1,36.5,4.2,3.3,77.1,1,High,1,1,18.77,-1,-0.017841272611854975
4728,Male,Bangalore,Tier3,Mechanical,Networking,Yes,No,4.32,4.0,4.0,4.34,4.09,4.0,4.0,4.0,9.77,59.1,3,5,1.0,0,0,96.2,1.4,99.6,27.8,1,Low,0,1,0.0,-1,-0.0700759170158235
4750,Male,Pune,Tier3,EE,Networking,No,Yes,4.37,4.07,4.03,4.0,4.0,4.0,4.0,4.0,9.86,60.8,3,5,,1,0,99.6,1.7,98.5,32.9,0,Low,0,1,0.0,-1,-0.07704259737988783
4760,Female,Bangalore,Tier3,Mechanical,Networking,No,Yes,4.0,4.0,4.07,4.0,4.13,4.0,4.4,4.0,4.11,55.3,0,1,0.0,0,1,31.8,1.7,24.2,29.1,1,Low,0,0,0.0,-1,-0.014565414137065247
4800,Male,Bangalore,Tier2,CS,Embedded,No,No,5.95,6.06,5.97,6.2,5.81,6.23,6.34,6.04,9.79,87.1,3,5,1.0,2,0,99.0,3.2,99.0,57.7,1,Low,0,1,0.0,-1,-0.0227064652107426
4802,Female,Pune,Tier1,CS,AI,No,No,9.99,9.52,9.52,9.53,10.0,9.7,10.0,9.6,4.07,50.17387918,3,2,,3,2,36.7,4.6,9.6,81.6,1,High,1,1,18.74,-1,-0.05935214699519986
4847,Male,Mumbai,Tier3,Mechanical,Networking,Yes,Yes,4.03,4.06,4.06,4.0,4.01,4.0,4.0,4.0,4.0,61.1,0,0,1.0,0,0,51.2,2.3,,31.8,1,Low,0,0,0.0,-1,-0.00044248215963571536
4870,Male,Mumbai,Tier3,CS,AI,No,Yes,5.82,5.87,6.36,5.72,5.55,5.81,4.96,6.21,9.75,74.3,3,5,0.0,0,0,,1.7,99.2,28.9,0,Low,0,1,0.0,-1,-0.02562793776740302
4913,Female,Chennai,Tier1,IT,AI,No,No,6.51,5.82,6.38,5.92,5.81,6.46,6.18,6.81,9.9,88.0,3,5,2.0,2,0,99.0,2.1,97.7,49.8,1,Low,0,1,0.0,-1,-0.0230214649056113
5112,Male,Chennai,Tier2,CS,DataScience,No,Yes,5.5,5.75,5.71,6.07,5.96,5.81,5.26,5.31,9.95,68.4,3,5,,0,0,98.7,1.3,97.2,25.0,0,Low,0,1,0.0,-1,-0.032204245712124546
5236,Female,Kochi,Tier2,CS,Embedded,Yes,No,7.81,8.54,8.7,8.38,9.16,8.42,8.77,9.18,4.41,52.58510929,2,3,3.0,3,0,35.5,3.6,5.2,75.3,1,High,1,1,18.01,-1,-0.027361915555541017
5331,Female,Hyderabad,Tier1,CS,Embedded,No,No,7.58,8.37,8.8,8.42,8.17,8.89,8.08,8.59,4.43,54.47637101,1,4,4.0,3,2,30.4,2.8,1.2,62.6,1,High,1,1,18.69,-1,-0.035590748658591576
5463,Male,Kolkata,Tier1,ECE,Networking,Yes,No,7.6,7.33,7.79,7.98,8.25,8.61,8.21,8.17,4.03,52.76474019,0,4,3.0,2,1,31.7,3.1,3.9,59.1,1,Mid,1,1,8.06,-1,-0.02122714577948459
5501,Male,Ahmedabad,Tier2,Mechanical,Embedded,No,No,8.1,7.74,8.07,7.96,8.45,8.03,7.57,8.1,4.38,53.00151041,0,1,2.0,2,1,31.7,,3.1,,1,High,1,1,18.75,-1,-0.02501448900838732
5519,Female,Hyderabad,Tier1,ECE,Networking,Yes,No,10.0,9.87,10.0,9.9,10.0,10.0,9.98,9.93,4.03,54.34163435,3,4,2.0,3,1,36.6,4.6,9.3,78.1,0,High,1,1,18.97,-1,-0.05691532207441585
5614,Female,Chennai,Tier2,Civil,DataScience,Yes,No,10.0,10.0,10.0,10.0,10.0,10.0,10.0,9.76,9.85,86.3,3,5,2.0,2,1,99.7,5.0,100.0,76.5,1,High,1,1,25.85,-1,-0.005581098892726621
5618,Male,Pune,Tier2,ECE,Embedded,Yes,No,7.03,6.61,6.83,6.52,6.97,7.37,7.17,7.47,4.21,51.72162305,3,3,,3,1,30.4,4.1,4.6,67.8,0,Mid,1,1,10.87,-1,-0.0184456201105887
5721,Male,Bangalore,Tier2,IT,DataScience,No,No,9.23,9.43,8.72,9.61,9.62,9.57,9.24,10.0,4.28,50.92786347,2,2,4.0,4,1,32.4,3.8,3.5,75.3,0,High,1,1,18.96,-1,-0.033748660708336486
5753,Male,Bangalore,Tier2,ECE,Embedded,Yes,No,10.0,9.81,10.0,9.98,10.0,10.0,10.0,10.0,9.87,85.8,3,5,2.0,2,2,99.0,4.9,97.7,,0,High,1,1,18.24,-1,-0.017076870986730386
5855,Male,Chennai,Tier1,CS,AI,No,No,6.64,6.9,6.27,6.72,6.1,6.16,6.34,6.63,4.29,51.82395592,1,1,2.0,1,1,31.3,4.4,0.3,42.3,0,Low,1,1,4.43,-1,-0.0101043691289735
5868,Male,Pune,Tier1,ECE,Embedded,No,No,8.2,7.78,8.78,8.25,8.39,8.39,8.33,9.12,4.26,54.22806466,2,3,4.0,4,2,30.9,5.0,2.8,77.1,0,High,1,1,18.63,-1,-0.040049253801692664
5970,Male,Jaipur,Tier3,Mechanical,Embedded,Yes,No,5.47,5.11,5.23,4.82,4.87,5.47,4.89,5.11,9.91,59.4,3,5,0.0,0,0,97.0,1.8,97.9,30.4,0,Low,0,1,0.0,-1,-0.03641461277827662
6009,Male,Jaipur,Tier2,Mechanical,Networking,Yes,No,7.28,7.52,7.27,7.78,6.84,7.48,7.24,7.66,4.3,54.50331294,0,1,2.0,1,1,30.2,1.4,8.6,51.5,0,Mid,0,1,0.0,-1,-0.014732233597590905
6076,Male,Jaipur,Tier1,ECE,DataScience,No,No,10.0,10.0,10.0,10.0,10.0,10.0,10.0,10.0,4.26,50.32387047,2,2,,5,1,30.8,3.3,3.5,68.4,1,High,1,1,18.45,-1,-0.05468815300110064
6086,Female,Hyderabad,Tier2,IT,AI,Yes,Yes,8.04,7.97,7.82,7.67,8.22,8.06,7.82,7.98,4.24,52.29689193,1,2,2.0,3,1,36.9,2.5,7.0,55.1,1,Mid,0,1,0.0,-1,-0.017246290302338707
6095,Male,Kolkata,Tier2,Civil,AI,Yes,No,10.0,10.0,10.0,10.0,10.0,9.74,10.0,10.0,9.86,94.8,3,5,4.0,3,0,99.5,4.0,99.0,87.8,1,High,1,1,25.01,-1,-0.011614506230516075
6105,Female,Hyderabad,Tier2,Civil,DataScience,Yes,No,9.17,9.69,9.71,9.08,9.76,9.24,9.65,9.89,4.4,52.23516762,3,3,3.0,4,1,34.5,3.8,,74.0,1,High,1,1,18.67,-1,-0.031583543873675346
6115,Male,Hyderabad,Tier2,ECE,DataScience,No,No,9.92,10.0,9.48,9.88,10.0,9.99,10.0,10.0,9.93,82.7,3,5,3.0,4,2,97.3,3.9,96.8,83.3,1,High,1,1,25.86,-1,-0.0036750176740805163
6124,Female,Delhi,Tier3,ECE,Embedded,No,Yes,6.74,6.68,7.26,6.82,6.58,6.08,6.7,6.8,4.2,53.98253232,0,0,1.0,0,1,31.9,1.5,7.2,34.8,0,Mid,0,1,0.0,-1,-0.012348702071675155
6288,Male,Hyderabad,Tier2,CS,Networking,No,No,6.95,6.79,7.07,7.12,7.18,7.56,7.7,7.54,4.31,52.66497317,0,2,2.0,1,1,32.6,3.3,0.6,59.2,0,Mid,1,1,8.78,-1,-0.01847587300244158
6330,Male,Kochi,Tier2,ECE,Embedded,Yes,No,7.63,7.65,7.26,8.2,7.43,8.74,8.14,8.21,4.19,53.16366134,1,4,4.0,3,2,37.6,,8.7,73.7,1,Mid,1,1,8.28,-1,-0.02926515748947567
6389,Female,Pune,Tier1,CS,Embedded,Yes,No,5.22,4.99,4.77,5.17,5.47,5.58,5.85,5.7,4.08,53.3921086,2,3,3.0,3,1,30.1,3.9,4.0,58.1,0,Low,1,1,3.47,-1,-0.05123559397162125
6430,Male,Hyderabad,Tier1,ECE,Networking,Yes,No,7.73,7.23,7.95,7.91,8.16,8.23,7.67,7.99,4.46,52.99236549,0,2,1.0,1,1,,3.0,4.7,59.5,0,Mid,1,1,8.96,-1,-0.0013286111267228895
6441,Female,Delhi,Tier2,Mechanical,DataScience,Yes,No,8.86,9.26,9.59,9.96,9.99,9.04,9.31,9.67,4.5,52.42744841,1,3,2.0,3,2,37.0,4.3,6.1,80.6,1,High,1,1,18.28,-1,-0.04463754862280922
6471,Male,Hyderabad,Tier2,EE,DataScience,No,Yes,8.56,8.26,8.47,8.11,8.51,8.36,8.16,8.32,9.74,77.1,3,5,2.0,1,1,97.7,2.9,,49.8,1,High,0,1,18.3,-1,-0.008692356911727983
6485,Female,Mumbai,Tier2,IT,DataScience,No,No,8.06,8.22,7.77,7.86,7.98,8.22,8.06,7.88,4.06,54.17031495,2,4,2.0,4,1,34.9,,3.4,60.6,1,High,1,1,18.28,-1,-0.015839625384976852
6490,Female,Hyderabad,Tier2,EE,DataScience,No,No,9.32,9.57,9.38,9.62,9.69,9.49,10.0,9.72,4.32,51.64542257,0,1,1.0,2,1,34.7,2.9,6.9,56.8,1,High,1,1,18.98,-1,-0.040992829218400084
6546,Female,Pune,Tier2,Mechanical,DataScience,Yes,No,8.21,8.91,8.8,8.68,8.5,8.7,8.85,9.38,4.18,53.95750949,2,2,2.0,3,1,38.0,3.4,9.3,87.9,1,High,1,1,18.61,-1,-0.0183147551816899
6603,Male,Bangalore,Tier2,CS,DataScience,Yes,No,6.51,6.58,6.35,6.53,6.74,6.47,6.74,6.68,9.75,82.7,3,5,,1,0,97.4,2.5,95.6,45.1,1,Mid,1,1,12.71,-1,-0.0035067441709296654
6611,Male,Kochi,Tier3,CS,Embedded,Yes,Yes,4.0,4.0,4.0,4.0,4.0,4.0,4.5,4.0,4.0,71.7,0,0,0.0,0,1,45.2,2.2,27.4,36.2,0,Low,0,0,0.0,-1,-0.0025169526198286496
6766,Female,Delhi,Tier3,IT,DataScience,No,No,4.56,4.74,4.0,4.0,4.06,4.0,4.0,4.0,4.06,54.64945113,0,0,1.0,0,0,34.3,1.2,0.3,27.6,0,Low,0,1,0.0,-1,-0.021261085787295686
6819,Male,Hyderabad,Tier3,ECE,AI,Yes,No,5.1,4.56,4.79,4.79,4.88,4.79,5.08,4.35,9.79,60.2,3,5,0.0,0,0,96.8,1.0,95.1,28.3,0,Low,0,1,0.0,-1,-0.05265999166515467
6841,Male,Delhi,Tier3,CS,AI,No,Yes,6.12,5.79,5.48,5.7,5.89,5.38,5.14,5.3,9.96,63.4,3,5,1.0,0,0,97.8,2.2,98.9,27.9,0,Low,0,1,0.0,-1,-0.024311645727711606
6859,Female,Delhi,Tier3,ECE,DataScience,Yes,No,6.47,6.78,7.04,6.1,6.17,6.57,6.71,6.18,9.77,80.0,3,5,1.0,0,0,96.7,2.0,99.9,26.3,1,Mid,0,1,0.0,-1,-0.028428120392619327
6876,Male,Pune,Tier2,IT,Networking,Yes,No,9.41,9.38,9.51,8.85,8.56,8.91,9.21,8.58,4.22,52.68175033,1,2,2.0,2,0,34.1,2.9,2.6,50.2,1,High,1,1,18.79,-1,-0.013782308857471448
6896,Female,Delhi,Tier2,ECE,Embedded,Yes,Yes,4.12,4.15,4.0,4.0,4.0,4.0,4.06,4.01,4.36,58.1,1,0,0.0,0,1,46.0,1.5,30.3,29.5,1,Low,0,0,0.0,-1,-0.0007307399757295885
6927,Female,Ahmedabad,Tier3,CS,AI,Yes,No,5.06,5.16,4.89,5.24,5.78,5.59,5.55,5.03,4.04,51.58194084,1,2,1.0,2,0,33.6,2.9,8.8,55.2,0,Low,1,1,3.94,-1,-0.00534833034040505
6949,Male,Chennai,Tier2,Mechanical,DataScience,Yes,No,5.23,5.0,5.04,5.51,5.36,4.57,4.46,4.81,9.79,69.3,3,5,1.0,0,0,96.9,2.4,99.7,28.2,1,Low,0,1,0.0,-1,-0.041713114654970296
6963,Male,Kolkata,Tier2,CS,Embedded,Yes,No,5.78,5.69,6.18,5.76,5.29,5.07,5.51,5.37,9.83,67.0,3,5,0.0,0,0,97.6,3.0,95.7,23.9,1,Low,0,1,0.0,-1,-0.038231019447913184
7014,Female,Mumbai,Tier1,CS,AI,Yes,No,9.9,10.0,10.0,10.0,10.0,10.0,9.81,10.0,4.11,50.39267134,1,2,4.0,3,1,32.5,3.4,4.3,77.8,1,High,1,1,18.09,-1,-0.04321131598397365
7045,Female,Chennai,Tier2,Mechanical,DataScience,No,Yes,6.27,5.65,7.06,6.5,6.31,6.59,6.12,5.92,9.84,73.0,3,5,0.0,0,0,97.2,2.6,95.0,23.7,1,Low,1,1,4.41,-1,-0.015857515701885316
7079,Female,Chennai,Tier1,EE,Embedded,Yes,Yes,4.0,4.0,4.36,4.37,4.72,4.48,4.2,4.22,4.36,76.6,0,2,,3,1,56.5,,56.9,43.4,1,Low,0,0,0.0,-1,-0.01038550258669968
7134,Male,Kolkata,Tier2,EE,Embedded,Yes,No,4.71,4.71,4.32,4.14,5.2,4.86,4.74,4.55,4.73,76.2,2,4,4.0,3,2,93.4,5.0,81.9,,1,Low,1,0,4.38,-1,-0.028650364420073737
7167,Male,Delhi,Tier3,IT,AI,No,Yes,5.46,5.25,4.8,5.51,5.59,4.95,5.37,4.85,9.98,64.4,3,5,0.0,1,0,,1.2,,27.4,1,Low,0,1,0.0,-1,-0.03238668679005419
7226,Male,Delhi,Tier3,Mechanical,Embedded,No,Yes,4.0,4.26,4.0,4.0,4.21,4.03,4.43,4.0,4.05,50.0,0,0,1.0,0,1,37.0,1.7,27.7,26.7,0,Low,0,0,0.0,-1,-0.009650247278670143
7291,Male,Kolkata,Tier1,Mechanical,DataScience,No,No,6.62,6.28,6.45,5.76,6.2,6.26,6.51,6.39,9.92,83.6,3,5,0.0,3,0,96.7,3.1,97.9,,1,Low,1,1,4.48,-1,-0.01458819632682029
7316,Male,Jaipur,Tier2,CS,DataScience,Yes,No,4.03,4.0,4.0,4.0,4.0,4.0,4.0,4.0,4.12,60.5,0,1,,0,1,37.1,1.7,,,0,Low,0,0,0.0,-1,-0.028225807328964847
7363,Male,Kochi,Tier3,CS,AI,No,No,8.39,8.51,8.18,8.41,8.32,8.48,8.47,8.44,4.32,51.11342505,2,1,1.0,2,0,35.4,2.4,7.2,54.1,1,High,1,1,18.35,-1,-0.00720374231727694
7366,Female,Bangalore,Tier2,IT,Embedded,No,No,7.63,7.95,7.69,7.73,7.91,8.4,8.38,7.79,9.95,76.0,3,5,2.0,2,1,99.1,,98.2,39.3,0,Mid,0,1,0.0,-1,-0.012440678412068862
7408,Male,Bangalore,Tier3,CS,Networking,No,No,6.09,6.06,5.9,5.33,6.07,5.61,5.46,5.2,9.93,64.5,3,5,,1,0,96.9,2.4,96.7,29.5,0,Low,0,1,0.0,-1,-0.03056492518931908
7426,Male,Kochi,Tier2,Civil,Embedded,No,No,5.77,4.96,5.57,4.64,5.29,4.79,5.75,5.26,10.0,80.2,3,5,2.0,2,1,96.9,3.0,,42.2,0,Low,0,1,0.0,-1,-0.03878969768318674
7428,Female,Delhi,Tier1,ECE,Networking,Yes,No,7.06,8.19,7.54,7.67,6.92,7.63,7.5,8.14,4.42,50.82302621,2,2,,3,1,35.0,4.6,7.9,70.0,1,Mid,1,1,8.66,-1,-0.009300747716404545
7530,Male,Ahmedabad,Tier2,CS,DataScience,Yes,No,8.87,8.28,8.68,8.8,8.79,8.93,8.76,9.06,4.21,54.97669308,3,4,4.0,3,1,31.9,3.6,10.0,78.0,1,High,1,1,18.39,-1,-0.030718505118290884
7545,Male,Hyderabad,Tier2,ECE,Embedded,Yes,No,9.29,8.92,8.57,9.27,9.23,9.48,9.58,9.97,4.09,53.27107239,1,3,2.0,3,1,37.8,4.4,7.6,,1,High,1,1,18.24,-1,-0.025215238160760878
7601,Male,Delhi,Tier3,CS,AI,No,No,4.14,4.03,4.79,4.0,4.1,4.21,4.11,4.0,4.21,81.6,1,2,1.0,2,0,,3.2,,,0,Low,1,0,4.48,-1,-0.009241970845367709
7604,Female,Delhi,Tier3,ECE,Embedded,No,No,4.0,4.0,4.0,4.0,4.0,4.0,4.0,4.0,4.0,56.3,0,1,0.0,1,1,54.2,,33.9,26.6,0,Low,0,0,0.0,-1,-0.011991301164193113
7739,Male,Kolkata,Tier2,CS,AI,Yes,No,6.49,6.1,6.76,5.55,5.66,6.51,6.54,6.17,9.85,82.0,3,5,1.0,2,0,99.4,3.4,97.8,46.3,0,Low,0,1,0.0,-1,-0.01491747727440551
7764,Male,Hyderabad,Tier2,ECE,DataScience,No,Yes,8.98,9.28,9.05,9.11,9.27,9.76,9.31,9.52,4.24,52.93376932,1,2,1.0,1,0,31.8,2.9,2.5,53.5,0,High,1,1,18.91,-1,-0.021405103190745067
7778,Male,Pune,Tier3,Mechanical,Embedded,No,No,4.26,4.0,4.08,4.0,4.0,4.02,4.0,4.0,4.0,65.4,0,0,1.0,0,1,47.3,1.6,,31.1,0,Low,0,0,0.0,-1,-0.01168487150277131
7812,Male,Jaipur,Tier2,CS,Networking,No,No,9.09,8.66,9.02,8.48,8.72,8.76,8.76,9.83,4.4,52.72787836,2,4,3.0,2,1,32.5,3.1,7.3,75.5,0,High,1,1,18.68,-1,-0.0248205232963834
7831,Female,Hyderabad,Tier2,ECE,Embedded,Yes,No,9.58,10.0,9.9,10.0,10.0,10.0,10.0,10.0,4.44,53.70380373,2,3,2.0,4,2,31.5,4.5,6.9,,0,High,1,1,18.05,-1,-0.05241087549979706
7848,Male,Bangalore,Tier2,EE,Embedded,No,Yes,6.27,6.17,6.47,6.22,6.1,6.43,6.26,5.98,9.74,73.3,3,5,1.0,2,1,98.2,1.9,95.6,53.9,1,Low,0,1,0.0,-1,-0.008806900037657717
7910,Female,Kolkata,Tier2,IT,DataScience,No,No,5.35,4.73,5.49,5.17,5.4,4.72,5.24,5.63,4.21,51.87900861,0,2,2.0,2,1,36.1,2.8,8.8,46.2,0,Low,0,1,0.0,-1,-0.008896437224748421
7993,Female,Delhi,Tier1,CS,AI,No,No,10.0,10.0,10.0,10.0,10.0,10.0,10.0,10.0,9.99,98.9,3,5,4.0,3,2,,3.6,98.5,79.0,1,High,1,1,25.73,-1,-0.009038607519008868
8016,Male,Ahmedabad,Tier3,CS,DataScience,No,No,7.62,8.02,7.73,8.72,7.97,7.93,8.72,7.8,4.29,53.57914182,1,3,2.0,1,0,,2.9,7.3,53.6,0,High,1,1,18.9,-1,-0.0034641225047005175
8062,Male,Pune,Tier2,Mechanical,Networking,No,No,6.32,6.68,6.81,6.86,6.51,6.66,7.11,7.07,4.32,52.83784425,2,3,2.0,2,2,31.6,3.8,8.4,64.9,0,Low,1,1,5.01,-1,-0.036219276577813986
8125,Male,Hyderabad,Tier1,Mechanical,AI,No,No,4.83,4.3,4.79,5.29,5.06,5.19,5.36,5.35,9.82,79.4,3,5,1.0,3,1,96.2,3.1,96.9,85.4,1,Low,1,1,6.28,-1,-0.040169099758286975
8129,Female,Kolkata,Tier2,ECE,DataScience,Yes,No,5.85,6.33,5.89,6.07,5.83,5.69,5.84,5.76,9.71,59.5,3,5,0.0,0,0,98.4,2.0,,34.9,0,Low,0,1,0.0,-1,-0.024788257354269705
8308,Male,Kolkata,Tier1,Mechanical,Embedded,Yes,Yes,6.72,6.91,6.51,7.04,7.36,7.59,7.02,7.52,4.35,51.68398836,1,3,2.0,5,2,34.7,5.0,,72.8,1,Mid,1,1,8.14,-1,-0.022395825291349758
8323,Female,Bangalore,Tier1,CS,Networking,Yes,No,7.61,8.0,8.13,7.84,8.1,7.99,8.67,8.42,4.12,52.51009707,3,2,3.0,3,1,32.2,2.6,,75.5,1,High,1,1,18.23,-1,-0.017459704820269262
8585,Male,Mumbai,Tier3,IT,Embedded,Yes,No,6.86,6.73,6.59,5.97,5.98,6.01,6.48,6.66,9.77,92.6,3,5,,2,1,96.8,3.7,97.2,47.3,0,Low,0,1,0.0,-1,-0.02005060991746921
8597,Male,Pune,Tier2,Mechanical,Embedded,Yes,No,5.98,5.91,6.53,5.72,6.44,6.55,6.56,6.94,9.99,82.6,3,5,1.0,2,1,99.0,2.1,,56.7,1,Low,0,1,0.0,-1,-0.018013879251707055
8676,Male,Delhi,Tier2,ECE,DataScience,No,No,4.44,4.63,4.5,4.89,4.61,4.76,4.61,4.74,4.55,89.6,1,2,2.0,3,2,74.9,5.0,,84.2,0,Low,0,0,0.0,-1,-0.012567865200779016
8701,Female,Kolkata,Tier3,CS,AI,No,No,4.94,5.84,5.52,5.32,5.19,5.47,5.12,5.22,9.92,53.4,3,5,1.0,0,0,99.8,1.7,98.5,31.5,0,Low,0,1,0.0,-1,-0.03973229049989602
8706,Female,Bangalore,Tier3,EE,Networking,No,No,7.28,7.49,7.18,6.69,7.66,7.23,6.79,6.38,4.05,50.33724574,2,2,2.0,2,0,31.7,3.2,7.0,,1,Mid,1,1,8.85,-1,-0.010201272417322604
8736,Female,Delhi,Tier2,Civil,Networking,Yes,No,4.35,4.36,4.12,4.17,4.17,4.0,4.47,4.06,4.21,54.3,0,0,,1,1,51.0,1.5,34.4,34.0,0,Low,0,0,0.0,-1,-0.0028447363287784633
8877,Male,Mumbai,Tier2,CS,Networking,No,No,8.41,8.78,8.78,8.48,8.15,8.71,9.32,9.11,4.16,50.97073576,3,3,3.0,3,2,33.9,2.6,7.0,63.6,1,High,1,1,18.21,-1,-0.04181308685770191
8878,Male,Delhi,Tier1,CS,AI,No,No,8.57,9.25,8.94,8.87,9.24,9.36,9.47,9.62,4.15,52.15279599,1,4,3.0,3,2,36.5,1.8,,71.2,1,High,1,1,18.63,-1,-0.034642770012306534
8891,Male,Chennai,Tier1,Mechanical,Networking,No,No,8.15,8.64,8.16,8.47,8.24,8.53,8.87,8.45,4.06,54.89034381,2,4,4.0,3,2,35.7,4.5,3.3,69.2,1,High,1,1,18.87,-1,-0.021883321143109535
8953,Male,Kochi,Tier1,IT,DataScience,Yes,No,10.0,9.94,10.0,10.0,10.0,10.0,10.0,10.0,4.37,54.41702302,1,3,3.0,3,2,34.7,2.2,2.4,74.1,1,High,1,1,18.85,-1,-0.05403981076066633
8975,Female,Hyderabad,Tier3,ECE,Networking,Yes,No,8.83,8.88,8.22,8.23,8.59,8.91,8.83,8.87,4.48,51.05267006,1,2,1.0,1,1,31.0,2.6,2.2,42.3,0,High,1,1,18.07,-1,-0.006509773090735749
9024,Male,Hyderabad,Tier1,IT,DataScience,No,Yes,5.49,6.22,6.18,5.73,6.0,6.24,5.72,6.05,4.11,52.42353537,1,3,3.0,4,1,30.4,4.2,3.3,78.8,0,Low,1,1,3.6,-1,-0.0333136001067853
9183,Male,Kochi,Tier1,CS,Networking,No,No,4.18,4.0,4.58,4.7,4.0,4.62,4.68,4.87,4.52,93.0,1,4,2.0,3,2,87.7,4.7,83.9,82.6,1,Low,1,0,5.7,-1,-0.008421694810458402
9346,Female,Kolkata,Tier3,CS,Embedded,Yes,No,5.29,5.26,5.46,5.24,5.05,5.19,5.24,4.98,9.77,63.4,3,5,,0,0,96.7,2.1,96.3,,0,Low,0,1,0.0,-1,-0.03745604936666869
9387,Male,Hyderabad,Tier3,IT,Networking,Yes,Yes,4.06,4.14,4.0,4.0,4.31,4.0,4.0,4.0,4.06,50.0,0,1,0.0,1,0,43.6,2.6,22.9,26.8,1,Low,0,0,0.0,-1,-0.0021436997617650944
9572,Female,Delhi,Tier1,IT,DataScience,Yes,No,7.2,8.08,7.34,7.01,8.06,8.02,7.96,7.83,4.2,50.03493082,2,3,3.0,3,1,33.2,4.7,4.9,57.9,1,Mid,1,1,8.34,-1,-0.028475103705383198
9610,Male,Ahmedabad,Tier2,CS,Networking,Yes,No,7.89,7.46,7.34,7.05,7.18,7.46,7.49,7.65,4.41,52.0237367,0,2,2.0,2,1,37.1,3.1,9.3,,0,Mid,1,1,8.21,-1,-0.013625084732254433
9654,Male,Kolkata,Tier1,Mechanical,Embedded,Yes,No,8.11,8.27,8.12,8.42,8.46,8.19,8.71,8.75,4.05,53.43787426,2,4,3.0,3,2,,5.0,8.5,71.7,1,High,1,1,18.39,-1,-0.015362174854221977
9728,Male,Bangalore,Tier2,Civil,Embedded,No,No,8.32,8.89,9.06,8.97,9.19,8.6,9.11,8.34,4.08,50.40464873,1,3,3.0,4,2,35.1,4.5,6.8,78.1,1,High,1,1,18.4,-1,-0.03466092302996682
9761,Female,Bangalore,Tier2,Mechanical,DataScience,Yes,Yes,4.12,4.79,4.18,4.58,4.0,4.5,4.26,4.91,9.81,60.1,3,5,1.0,0,1,96.6,1.9,95.8,30.3,0,Low,0,1,0.0,-1,-0.06277347307621328
9771,Female,Kochi,Tier3,Mechanical,DataScience,Yes,Yes,4.61,4.37,4.43,4.31,4.08,4.25,4.0,4.29,9.83,69.0,3,5,1.0,1,1,97.9,3.5,97.6,43.4,1,Low,0,1,0.0,-1,-0.0607896576569571
9866,Female,Delhi,Tier2,Civil,Networking,No,No,9.58,9.03,9.86,9.32,9.44,9.47,9.74,9.58,9.99,87.8,3,5,3.0,4,1,,4.0,97.2,79.2,1,High,1,1,25.82,-1,-0.0032518449766885116
10009,Male,Kochi,Tier3,CS,AI,Yes,Yes,8.43,7.11,7.38,7.8,8.0,7.98,7.97,8.1,4.04,53.27971263,1,2,3.0,1,1,32.6,2.1,9.7,51.6,0,Mid,1,1,8.05,-1,-0.015450633539301983
10033,Male,Mumbai,Tier2,CS,DataScience,Yes,No,5.65,5.32,5.72,5.71,5.61,5.38,5.38,5.77,9.95,68.2,3,5,0.0,0,0,96.1,2.1,,32.7,0,Low,0,1,0.0,-1,-0.028164003053140818
10071,Female,Kochi,Tier3,CS,Embedded,No,Yes,4.94,4.58,5.12,4.63,4.38,4.97,4.5,4.49,9.79,57.1,3,5,1.0,0,0,99.6,1.4,95.6,26.1,0,Low,0,1,0.0,-1,-0.05355516745280253
10096,Female,Delhi,Tier2,ECE,Embedded,No,No,6.21,5.96,6.05,6.74,6.89,6.16,6.77,6.99,4.4,50.72857138,1,2,2.0,3,0,30.7,2.1,3.8,,1,Low,1,1,4.72,-1,-0.00163605398581812
10101,Female,Hyderabad,Tier3,IT,AI,Yes,No,4.96,5.18,4.74,4.73,4.48,4.38,4.93,4.46,9.86,51.2,3,5,0.0,1,1,97.0,1.0,96.4,34.5,1,Low,0,1,0.0,-1,-0.05657699972702057
10169,Male,Jaipur,Tier1,Civil,AI,Yes,No,7.47,7.66,8.1,7.62,6.93,7.48,7.38,7.72,4.38,50.89469191,0,2,2.0,1,1,32.7,3.2,0.1,46.0,0,Mid,0,1,0.0,-1,-0.015373465935993202
10272,Male,Chennai,Tier3,ECE,Embedded,No,No,5.45,5.74,6.06,5.51,5.48,5.58,5.28,6.02,9.93,79.7,3,5,1.0,2,1,99.7,3.0,96.4,37.5,1,Low,1,1,4.0,-1,-0.0033722951077413965
10303,Female,Hyderabad,Tier2,IT,AI,Yes,No,5.49,5.13,5.94,6.08,5.98,4.99,6.03,5.62,4.32,53.84231123,1,3,2.0,5,1,31.0,3.8,3.9,,1,Low,1,1,4.08,-1,-0.039601857044099464
10369,Female,Bangalore,Tier2,IT,Embedded,Yes,No,6.66,6.42,7.03,6.83,7.31,6.66,7.03,7.49,4.16,51.67986187,1,3,1.0,1,0,33.4,2.5,5.2,,0,Mid,1,1,8.37,-1,-0.0032074545843262525
10370,Female,Bangalore,Tier2,Civil,Embedded,Yes,No,5.62,5.37,5.5,5.37,5.22,5.41,5.33,5.35,9.89,73.5,3,5,1.0,2,1,96.3,3.0,99.9,58.2,1,Low,0,1,0.0,-1,-0.02052167281606232
10486,Female,Hyderabad,Tier3,ECE,Networking,No,Yes,7.48,7.67,7.71,7.59,7.71,7.72,7.42,7.38,4.48,53.77124439,0,1,1.0,0,0,33.5,2.2,0.4,,1,Mid,0,1,0.0,-1,-0.004333975284480429
10659,Male,Kolkata,Tier3,Mechanical,Embedded,No,No,9.12,9.03,9.32,9.66,9.88,9.85,9.88,9.54,4.11,54.00776149,0,2,1.0,2,0,33.3,3.0,6.5,,0,High,1,1,18.49,-1,-0.03957265624461481
10669,Female,Chennai,Tier2,CS,AI,Yes,No,6.47,6.78,6.34,6.28,5.73,5.93,6.07,7.2,4.25,51.24580222,2,2,2.0,2,1,33.3,3.7,1.4,56.1,1,Low,1,1,5.52,-1,-0.005534160093023877
10693,Male,Bangalore,Tier3,EE,Embedded,No,Yes,4.2,4.36,4.0,4.19,4.0,4.0,4.0,4.0,4.07,58.3,1,1,1.0,1,1,57.0,2.8,20.8,27.2,1,Low,0,0,0.0,-1,-0.004233771417367027
10704,Male,Mumbai,Tier3,Mechanical,AI,No,No,5.72,6.0,5.96,6.48,6.07,5.66,5.79,5.42,9.97,73.5,3,5,0.0,0,0,96.5,1.9,99.4,24.6,0,Low,0,1,0.0,-1,-0.03331202552518331
10731,Female,Chennai,Tier1,CS,AI,No,No,9.37,9.54,9.5,9.13,9.04,9.68,8.99,9.55,4.49,53.77652474,2,2,2.0,1,0,32.1,,,48.8,1,High,1,1,18.06,-1,-0.03270992752228152
10844,Male,Delhi,Tier1,CS,DataScience,No,No,4.0,4.4,4.26,4.0,4.23,4.25,4.3,4.32,4.14,87.1,2,3,3.0,2,2,81.7,4.8,74.8,72.1,1,Low,1,0,6.36,-1,-0.029984024490801398
11068,Female,Kolkata,Tier2,IT,Embedded,No,No,9.93,9.89,9.76,10.0,10.0,9.62,10.0,10.0,4.26,50.77622747,1,2,2.0,2,2,31.3,3.5,3.8,82.0,1,High,1,1,18.11,-1,-0.03950024890344872
11163,Male,Delhi,Tier3,Mechanical,Embedded,No,Yes,5.53,6.08,5.24,5.81,5.77,5.22,5.29,5.43,9.76,70.5,3,5,0.0,0,0,97.8,1.9,96.5,27.2,0,Low,0,1,0.0,-1,-0.029751367568782938
11173,Male,Delhi,Tier3,EE,Networking,Yes,No,5.19,5.44,5.64,5.07,4.56,4.93,4.78,4.76,9.89,59.8,3,5,1.0,0,1,,1.9,97.0,35.2,0,Low,0,1,0.0,-1,-0.039909822224569735
11230,Male,Bangalore,Tier2,Civil,Embedded,Yes,No,6.95,6.29,6.95,7.32,6.66,7.2,6.91,6.59,9.99,68.4,3,5,2.0,2,1,97.7,1.3,99.5,,0,Mid,0,1,0.0,-1,-0.006257576624370653
11314,Male,Bangalore,Tier2,EE,Networking,No,No,5.12,4.26,4.55,4.29,4.39,4.0,4.18,4.7,9.9,51.5,3,5,1.0,1,0,97.6,1.6,98.6,37.5,0,Low,0,1,0.0,-1,-0.06585634244720551
11318,Female,Ahmedabad,Tier2,ECE,Networking,No,Yes,6.56,6.87,7.37,6.57,6.62,6.42,6.3,7.11,9.94,87.8,3,5,2.0,2,1,97.6,1.8,99.7,49.9,1,Mid,0,1,0.0,-1,-0.006738061030769238
11348,Male,Jaipur,Tier2,Mechanical,Networking,No,No,7.89,7.79,7.54,8.14,8.15,8.23,7.9,8.2,4.24,52.16428201,2,4,2.0,3,2,30.4,3.0,1.8,84.8,1,Mid,1,1,8.45,-1,-0.016667628945637447
11352,Female,Hyderabad,Tier1,CS,DataScience,No,No,7.4,8.1,8.11,8.05,8.41,8.22,8.44,8.19,4.28,54.32080865,1,3,2.0,3,2,36.4,4.7,6.0,76.9,0,High,1,1,18.64,-1,-0.020473434402644042
11391,Male,Pune,Tier2,ECE,DataScience,Yes,No,9.31,9.86,9.49,9.61,9.65,9.83,10.0,9.99,4.01,50.59483155,2,3,4.0,3,1,36.5,5.0,,,1,High,1,1,18.6,-1,-0.040256611603099235
11413,Male,Bangalore,Tier2,EE,DataScience,Yes,No,4.0,4.0,4.66,4.43,4.0,4.38,4.79,4.7,4.31,83.2,2,3,3.0,3,1,100.0,4.0,67.2,75.0,1,Low,1,0,5.7,-1,-0.021348902007181314
11425,Male,Kolkata,Tier3,ECE,Embedded,No,No,6.04,5.68,5.96,6.01,5.72,6.14,5.7,5.82,9.8,71.8,3,5,0.0,0,1,96.2,1.1,,24.5,0,Low,0,1,0.0,-1,-0.033564487559412326
11600,Male,Jaipur,Tier1,Mechanical,Networking,Yes,Yes,6.85,7.13,7.21,7.55,6.82,7.17,7.55,6.76,4.14,50.62217335,0,2,1.0,1,1,33.7,2.9,3.7,64.2,1,Mid,0,1,0.0,-1,-0.0016580918903817965
11666,Female,Mumbai,Tier3,Civil,Networking,No,No,9.19,9.35,9.32,8.99,9.75,9.66,9.23,9.69,4.43,50.45385115,0,2,2.0,2,1,33.4,3.6,8.4,54.7,0,High,1,1,18.47,-1,-0.02897893182500899
11810,Male,Delhi,Tier2,Civil,Networking,No,No,8.15,8.46,8.25,8.7,8.22,8.79,9.01,9.04,4.02,50.61522283,2,4,2.0,4,1,37.0,4.5,8.5,77.7,1,High,1,1,18.54,-1,-0.022926802076089103
11875,Male,Jaipur,Tier2,ECE,Networking,Yes,Yes,4.91,5.49,5.51,5.05,5.98,4.8,4.99,4.99,9.94,68.0,3,5,0.0,0,0,96.5,2.0,,34.3,1,Low,0,1,0.0,-1,-0.036679369990229804
11902,Male,Bangalore,Tier2,Mechanical,Embedded,No,No,4.0,4.0,4.0,4.0,4.0,4.0,4.0,4.0,9.9,50.0,3,5,0.0,0,1,96.5,2.3,,30.1,0,Low,0,1,0.0,-1,-0.08500218890986133
11942,Female,Hyderabad,Tier2,Mechanical,DataScience,No,No,9.69,9.8,10.0,10.0,10.0,10.0,10.0,10.0,4.05,53.10440186,1,3,0.0,3,2,34.5,,1.7,,0,High,1,1,18.03,-1,-0.06154192129193159
11979,Male,Bangalore,Tier2,IT,DataScience,Yes,No,6.71,6.64,6.57,6.56,6.7,6.36,6.52,5.61,4.26,50.13928937,2,1,1.0,1,1,34.3,3.0,4.4,55.6,0,Low,0,1,0.0,-1,-0.01586776469531548
12032,Male,Mumbai,Tier1,ECE,Embedded,Yes,No,9.73,9.33,10.0,10.0,10.0,10.0,9.79,10.0,4.49,52.52154938,1,3,2.0,4,2,34.1,3.9,2.2,,0,High,1,1,18.1,-1,-0.04788481134952727
12086,Male,Kolkata,Tier2,ECE,AI,Yes,No,8.71,8.59,8.52,8.11,9.08,8.43,9.37,8.78,4.22,52.91236002,1,4,3.0,3,1,35.7,3.9,,,0,High,1,1,18.6,-1,-0.025746940638947557
12092,Female,Jaipur,Tier1,CS,Embedded,No,No,9.03,9.66,9.37,9.72,9.71,10.0,10.0,10.0,4.41,52.35277068,2,3,2.0,3,1,33.4,3.9,1.0,67.5,1,High,1,1,18.78,-1,-0.029587941893167713
12113,Male,Delhi,Tier1,Civil,Embedded,Yes,No,7.55,7.59,7.79,7.51,8.17,8.6,7.98,8.0,4.38,51.36852936,1,2,3.0,3,2,33.4,5.0,5.3,67.0,1,Mid,1,1,12.75,-1,-0.02289532342234013
12123,Male,Kochi,Tier3,Civil,Networking,Yes,Yes,7.11,6.88,7.54,7.42,7.52,8.02,7.55,7.9,4.04,50.87867919,1,2,2.0,3,1,31.7,2.8,2.2,60.8,0,Mid,1,1,10.25,-1,-0.00206193275867661
12127,Female,Pune,Tier2,CS,AI,No,No,6.91,7.0,7.73,7.27,7.22,6.63,6.29,7.12,4.06,53.31849339,1,4,2.0,4,1,37.9,4.1,7.8,,1,Mid,1,1,8.2,-1,-0.00949446648392871
12206,Male,Kolkata,Tier2,ECE,Networking,No,No,5.48,5.89,5.84,5.43,6.37,6.43,6.62,6.28,4.47,50.85424817,2,3,2.0,3,1,,3.6,1.3,82.7,1,Low,1,1,5.67,-1,-0.012035002912794912
12228,Female,Delhi,Tier1,Mechanical,Embedded,Yes,No,9.06,9.89,10.0,9.44,9.69,10.0,10.0,9.88,9.96,100.0,3,5,2.0,3,2,97.1,4.0,97.6,73.3,0,High,1,1,18.22,-1,-0.0035116686091422045
12230,Female,Hyderabad,Tier1,EE,AI,No,No,6.54,6.84,6.72,6.91,6.71,7.6,6.65,7.11,4.31,54.18890038,2,4,3.0,2,2,34.3,3.9,2.3,77.1,1,Mid,1,1,8.82,-1,-0.014644901938040245
12275,Male,Delhi,Tier2,Civil,Networking,No,No,6.25,7.21,6.41,6.49,6.56,6.45,6.54,6.46,9.9,92.0,3,5,3.0,3,2,,4.8,99.0,66.0,0,Mid,1,1,10.6,-1,-0.013382082386138694
12294,Male,Pune,Tier2,CS,DataScience,Yes,No,5.27,5.8,5.93,5.72,5.36,5.89,5.51,5.5,9.9,84.0,3,5,1.0,2,1,98.0,3.3,99.4,60.5,0,Low,0,1,0.0,-1,-0.0165194904101279
12315,Male,Bangalore,Tier1,EE,AI,No,No,9.16,9.05,9.68,9.05,9.63,9.26,8.71,8.86,4.29,52.07129932,1,3,1.0,2,2,30.4,2.5,2.7,42.0,1,High,1,1,18.37,-1,-0.036598867523518264
12332,Male,Hyderabad,Tier2,CS,DataScience,No,No,4.19,4.29,4.08,4.0,4.37,4.54,4.39,4.0,9.98,53.8,3,5,0.0,0,0,,2.1,95.3,34.0,0,Low,0,1,0.0,-1,-0.07221963311948665
12446,Male,Pune,Tier2,Mechanical,DataScience,No,No,6.94,7.51,6.82,6.88,7.05,7.02,7.57,8.09,4.06,51.0773684,1,3,4.0,1,2,36.9,4.8,,70.5,1,Mid,1,1,8.84,-1,-0.020706030201938952
12487,Male,Ahmedabad,Tier2,ECE,Embedded,Yes,No,5.37,6.61,5.88,6.35,6.13,6.4,6.35,6.2,4.43,53.11161973,0,2,2.0,1,1,36.0,4.3,7.8,48.2,0,Low,0,1,0.0,-1,-0.00033545760034969785
12512,Male,Hyderabad,Tier3,CS,AI,Yes,No,4.63,4.34,4.25,4.09,4.08,4.11,4.15,4.1,4.09,53.47066726,0,1,1.0,1,0,32.8,1.2,0.9,25.1,0,Low,0,1,0.0,-1,-0.012893695283912487
12550,Male,Mumbai,Tier2,CS,Embedded,Yes,No,6.58,6.6,6.46,5.77,6.28,6.51,5.52,6.42,9.73,50.0,3,5,0.0,1,0,100.0,,96.8,26.1,0,Low,0,1,0.0,-1,-0.036518314513371064
12570,Male,Kolkata,Tier1,EE,Embedded,Yes,No,9.66,9.55,9.61,9.49,9.87,9.5,9.95,9.53,9.91,95.3,3,5,4.0,4,1,97.4,3.8,97.3,56.9,1,High,1,1,25.16,-1,-0.00225062091155237
12584,Female,Kochi,Tier3,Mechanical,Networking,Yes,No,7.39,7.3,7.38,7.67,7.07,7.69,6.95,6.67,9.87,53.3,3,5,1.0,1,0,99.1,1.4,95.3,24.5,0,Mid,0,1,0.0,-1,-0.036029009905392595
12594,Male,Hyderabad,Tier2,Mechanical,Networking,Yes,No,5.67,6.25,4.94,6.03,5.74,5.72,5.77,5.53,9.91,71.0,3,5,2.0,2,1,97.2,3.3,97.0,53.1,0,Low,0,1,0.0,-1,-0.001079113585352176
12887,Male,Pune,Tier2,CS,AI,Yes,No,9.47,9.22,9.96,9.68,9.67,10.0,10.0,9.89,4.12,50.89476325,2,5,3.0,2,2,37.7,4.4,8.6,68.1,1,High,1,1,18.98,-1,-0.057070095826960876
12943,Female,Bangalore,Tier2,ECE,DataScience,No,No,9.43,10.0,10.0,10.0,10.0,10.0,9.99,10.0,4.16,51.91886677,2,3,,2,2,35.7,4.5,9.4,66.2,1,High,1,1,18.01,-1,-0.044770944632431475
12974,Female,Bangalore,Tier2,EE,Networking,Yes,No,7.77,8.14,7.87,7.58,8.21,7.75,7.5,8.02,4.44,50.16205291,2,4,2.0,3,1,33.1,5.0,0.1,68.0,0,Mid,1,1,8.59,-1,-0.0190889483542922
12979,Male,Hyderabad,Tier1,IT,DataScience,No,No,8.74,9.18,9.43,9.44,9.58,9.05,9.64,9.48,4.44,51.51181542,2,3,3.0,3,1,30.3,3.4,8.3,,1,High,1,1,18.87,-1,-0.03582123238793811
12991,Male,Pune,Tier2,Mechanical,Networking,No,No,4.79,5.02,5.14,4.94,5.13,4.87,4.52,5.15,9.84,76.3,3,5,1.0,1,0,97.1,2.3,95.5,,0,Low,0,1,0.0,-1,-0.03518828173380395
13003,Female,Chennai,Tier3,CS,Networking,Yes,No,4.0,4.0,4.0,4.0,4.0,4.0,4.29,4.0,4.22,57.4,0,0,,0,1,57.5,,26.5,40.8,0,Low,0,0,0.0,-1,-0.007454298576828777
13160,Male,Bangalore,Tier2,EE,AI,Yes,No,8.93,9.3,9.4,8.91,9.62,9.89,9.63,9.56,4.05,50.45976111,2,2,3.0,4,1,34.6,4.1,8.4,75.7,1,High,1,1,18.54,-1,-0.03823660115963212
13186,Female,Chennai,Tier2,CS,Embedded,No,No,5.6,5.01,5.07,5.27,4.47,4.77,4.82,5.6,9.85,53.0,3,5,1.0,0,0,97.0,3.0,95.7,30.0,1,Low,0,1,0.0,-1,-0.04070135356961879
13225,Female,Delhi,Tier1,Mechanical,DataScience,Yes,No,4.08,4.01,4.11,4.0,4.53,4.0,4.22,4.53,4.29,71.6,0,1,1.0,2,1,70.2,3.1,,,1,Low,0,0,0.0,-1,-0.015376692339288511
13239,Female,Hyderabad,Tier2,ECE,Embedded,No,Yes,4.83,4.49,4.92,4.92,4.18,4.56,4.66,4.09,9.8,66.6,3,5,1.0,1,0,99.0,2.1,,34.5,0,Low,0,1,0.0,-1,-0.05075997667527299
13243,Male,Pune,Tier1,EE,AI,No,No,10.0,9.92,10.0,9.91,10.0,10.0,10.0,10.0,4.09,51.98270358,1,4,2.0,4,1,34.4,3.7,3.5,69.7,1,High,1,1,18.59,-1,-0.048240638729614704
13485,Female,Chennai,Tier3,IT,AI,No,No,5.18,5.4,5.26,5.55,5.33,5.95,5.51,4.98,9.92,84.4,3,5,2.0,1,0,98.7,2.7,97.5,59.5,0,Low,0,1,0.0,-1,-0.02193785497048384
13524,Male,Jaipur,Tier3,Mechanical,Networking,No,No,4.0,4.46,5.12,4.0,4.15,4.0,4.0,4.0,4.1,51.8,0,0,0.0,0,0,41.9,2.4,,25.1,1,Low,0,0,0.0,-1,-0.010676958030740646
13629,Male,Hyderabad,Tier3,CS,AI,Yes,No,5.99,5.57,6.03,5.61,5.93,5.71,6.71,6.17,9.81,52.9,3,5,0.0,0,0,96.5,1.6,,31.4,0,Low,0,1,0.0,-1,-0.03215272427070026
13758,Male,Bangalore,Tier3,CS,Networking,Yes,No,5.78,5.11,5.26,5.24,5.72,5.4,5.18,5.71,9.71,54.7,3,5,1.0,0,1,97.0,1.5,97.5,34.6,0,Low,0,1,0.0,-1,-0.02867035179019961
13781,Female,Kolkata,Tier3,ECE,Embedded,Yes,Yes,5.88,5.31,5.19,5.45,4.61,4.92,5.21,5.14,9.78,59.9,3,5,0.0,0,0,96.9,1.3,96.0,22.3,0,Low,0,1,0.0,-1,-0.0370209508183974
13801,Female,Jaipur,Tier3,IT,Networking,No,Yes,6.88,6.34,6.83,6.65,6.95,7.12,6.16,6.46,9.78,58.9,3,5,0.0,0,0,,1.0,99.5,,1,Mid,0,1,0.0,-1,-0.040047883236734805
13923,Male,Chennai,Tier1,CS,DataScience,Yes,No,7.57,7.31,8.1,7.36,8.1,7.62,8.08,8.02,4.22,53.32939604,1,2,3.0,3,0,32.2,4.5,9.0,86.1,0,Mid,1,1,8.39,-1,-0.01165859769611921
14002,Female,Chennai,Tier1,IT,Networking,Yes,No,8.92,8.97,8.61,9.27,9.14,9.57,9.19,9.45,4.09,51.83900177,2,3,3.0,3,2,35.4,5.0,6.0,82.9,1,High,1,1,18.59,-1,-0.03870361943372591
14003,Female,Bangalore,Tier3,ECE,AI,Yes,No,5.38,5.75,5.56,6.28,5.97,5.27,5.88,5.21,9.78,74.8,3,5,2.0,1,1,98.4,3.3,96.1,,1,Low,0,1,0.0,-1,-0.007337869656232954
14068,Male,Mumbai,Tier1,EE,Embedded,No,No,7.57,7.96,7.45,7.95,7.91,7.61,8.09,7.91,4.23,50.5994234,2,3,2.0,3,2,35.9,4.7,9.0,74.2,1,Mid,1,1,8.61,-1,-0.017455480132280154
14090,Male,Kochi,Tier1,CS,DataScience,No,Yes,9.73,9.83,9.9,9.83,9.69,9.68,10.0,9.7,9.7,76.3,3,5,1.0,2,0,99.9,2.7,96.3,58.7,0,High,1,1,18.27,-1,-0.017315654361603317
14100,Female,Jaipur,Tier3,ECE,Embedded,Yes,Yes,4.97,4.78,5.11,4.73,4.64,4.57,4.73,4.39,9.84,67.9,3,5,1.0,0,0,98.0,1.7,99.3,37.9,0,Low,0,1,0.0,-1,-0.041381684471415214
14148,Male,Kochi,Tier2,EE,Networking,No,No,7.7,7.76,8.06,8.39,7.55,8.39,7.88,8.49,4.46,51.87625898,1,3,4.0,4,2,32.6,3.7,4.9,69.9,0,High,1,1,18.5,-1,-0.024455084351067913
14195,Male,Chennai,Tier2,IT,AI,Yes,No,8.31,8.13,8.15,8.57,8.24,9.07,7.9,8.48,4.19,50.85828136,3,3,3.0,2,2,37.4,4.0,6.3,66.3,1,High,1,1,18.96,-1,-0.029925576111390906
14296,Male,Pune,Tier1,CS,DataScience,Yes,No,9.01,8.27,9.12,8.96,8.82,9.29,8.24,9.09,4.15,50.67496335,0,2,,2,0,34.5,2.8,4.7,48.0,0,High,1,1,18.11,-1,-0.029881729748920227
14338,Female,Pune,Tier3,Mechanical,Networking,Yes,Yes,7.29,7.21,8.15,7.86,7.34,7.12,7.43,7.6,9.93,71.9,3,5,0.0,0,0,99.8,2.8,97.5,35.5,0,Mid,0,1,0.0,-1,-0.01777485304910731
14374,Male,Chennai,Tier2,CS,AI,No,No,8.37,8.43,8.27,8.13,7.74,8.42,8.15,8.94,4.09,51.28555815,1,1,1.0,2,0,32.4,2.3,9.0,54.2,1,High,1,1,18.8,-1,-0.0026422736016185056
14382,Female,Delhi,Tier2,ECE,Networking,No,No,4.05,4.27,4.0,4.52,4.0,4.43,4.12,4.0,4.1,72.9,1,2,,2,1,60.8,2.8,,42.5,1,Low,0,0,0.0,-1,-0.009432256091309377
14541,Male,Ahmedabad,Tier1,EE,AI,Yes,No,8.9,8.49,9.14,9.31,9.66,9.45,9.32,9.59,9.89,100.0,3,5,2.0,3,2,98.9,3.6,,85.8,1,High,1,1,18.45,-1,-0.016439027109751314
14645,Male,Pune,Tier1,ECE,AI,No,No,6.49,6.8,6.89,6.78,6.9,7.49,6.72,7.14,4.32,51.7125302,1,1,0.0,2,1,30.2,1.9,2.3,,0,Mid,1,1,8.31,-1,-0.01295760962413639
14773,Male,Chennai,Tier3,Mechanical,AI,Yes,No,5.13,5.94,5.44,5.27,5.34,5.77,5.49,5.66,9.83,70.8,3,5,1.0,2,0,96.9,3.4,99.3,54.7,1,Low,1,1,5.86,-1,-0.005820315160484757
14781,Male,Hyderabad,Tier2,ECE,Embedded,Yes,No,6.24,5.2,5.77,5.75,5.25,5.53,5.57,5.46,9.75,61.6,3,5,1.0,0,0,97.9,2.2,99.6,,1,Low,0,1,0.0,-1,-0.02617056335660739
14843,Male,Pune,Tier1,CS,DataScience,No,No,10.0,9.62,10.0,10.0,10.0,9.77,10.0,10.0,9.96,87.6,3,5,4.0,4,2,98.7,4.9,99.0,65.3,1,High,1,1,25.64,-1,-0.015661837796982714
14961,Male,Hyderabad,Tier2,CS,Networking,No,No,4.11,4.31,4.05,4.0,4.2,4.0,4.1,4.0,4.05,68.1,2,1,2.0,2,1,52.1,2.6,62.3,58.3,0,Low,0,0,0.0,-1,-0.006694367733310669
15075,Female,Mumbai,Tier3,CS,Embedded,No,Yes,4.0,4.16,4.36,4.0,4.0,4.0,4.0,4.0,4.17,50.43812579,0,1,1.0,0,0,31.4,1.3,4.0,26.1,1,Low,0,1,0.0,-1,-0.02209042824224905
15084,Female,Hyderabad,Tier2,Civil,DataScience,No,No,8.15,8.55,8.66,8.47,8.39,8.63,8.52,8.69,4.15,51.9063322,2,2,2.0,3,1,37.9,4.8,5.3,75.7,1,High,1,1,18.09,-1,-0.005159709246378541
15116,Female,Pune,Tier2,ECE,Networking,No,Yes,5.36,4.87,4.83,4.48,4.0,4.32,4.71,5.0,9.83,68.0,3,5,0.0,0,0,99.9,1.9,96.2,34.3,1,Low,0,1,0.0,-1,-0.05581023056306167
15148,Male,Kolkata,Tier2,CS,Networking,Yes,No,8.55,8.77,8.22,8.96,8.25,9.1,8.92,9.3,4.19,51.88464705,2,1,2.0,1,0,33.6,1.1,9.5,46.8,1,High,1,1,18.88,-1,-0.020779091029123675
15154,Male,Kolkata,Tier2,CS,DataScience,Yes,No,9.36,9.96,9.4,9.7,10.0,10.0,10.0,9.96,4.23,52.14053129,1,5,3.0,3,1,35.8,2.6,7.5,82.2,1,High,1,1,18.51,-1,-0.053906640329629774
15175,Male,Bangalore,Tier3,ECE,Embedded,Yes,No,4.31,4.0,4.73,4.61,4.07,4.6,4.0,4.33,9.93,65.3,3,5,1.0,1,1,97.4,1.8,95.2,26.2,1,Low,0,1,0.0,-1,-0.059746729329514525
15197,Female,Mumbai,Tier3,ECE,DataScience,No,No,4.27,4.0,4.0,4.0,4.0,4.0,4.0,4.0,9.96,68.4,3,5,0.0,0,0,97.6,2.6,98.2,27.7,0,Low,0,1,0.0,-1,-0.08680110255621376
15218,Male,Delhi,Tier1,IT,Embedded,No,No,8.4,8.41,8.69,8.31,8.46,8.95,8.42,8.64,4.4,50.36243529,2,3,3.0,4,1,37.9,4.6,6.7,71.5,1,High,1,1,18.85,-1,-0.019610670154407872
15222,Male,Hyderabad,Tier3,Civil,Networking,No,Yes,6.01,5.87,5.46,5.76,5.63,5.97,5.56,5.6,10.0,62.4,3,5,1.0,1,0,97.5,1.6,96.2,31.3,0,Low,0,1,0.0,-1,-0.022478471995304283
15226,Male,Mumbai,Tier1,Mechanical,Embedded,No,No,7.42,7.25,7.14,7.58,7.95,7.84,7.67,7.32,4.0,51.34335695,2,3,2.0,4,1,32.7,3.7,9.0,80.1,1,Mid,1,1,9.94,-1,-0.006722822129515804
15281,Female,Chennai,Tier3,IT,AI,Yes,No,4.0,4.0,4.2,4.0,4.0,4.0,4.0,4.0,4.19,54.8,0,0,0.0,0,0,38.6,1.7,,27.8,0,Low,0,0,0.0,-1,-0.006507986586671621
15294,Male,Kolkata,Tier1,CS,DataScience,Yes,Yes,7.08,6.84,6.86,7.46,7.38,7.19,7.16,7.04,4.48,54.16468767,1,3,,1,1,38.0,2.4,7.7,51.3,0,Mid,1,1,8.74,-1,-0.0006822831168760146
15338,Female,Mumbai,Tier1,ECE,Embedded,No,Yes,7.85,8.12,7.55,7.42,7.18,7.88,7.27,8.32,4.45,51.4782981,2,3,3.0,4,1,31.4,3.8,8.2,82.8,1,Mid,1,1,8.6,-1,-0.014894734637320606
15395,Male,Pune,Tier3,CS,Embedded,Yes,Yes,5.89,6.0,6.4,5.31,5.72,6.05,5.6,5.68,9.9,61.8,3,5,0.0,0,0,100.0,1.6,100.0,,1,Low,0,1,0.0,-1,-0.04407662524215339
15464,Male,Ahmedabad,Tier1,CS,DataScience,Yes,No,7.16,6.46,7.15,7.12,6.89,7.38,7.28,6.74,4.1,53.46472288,1,3,3.0,4,2,36.6,5.0,10.0,76.5,1,Mid,1,1,8.4,-1,-0.026453344719079452
15471,Female,Delhi,Tier2,Mechanical,DataScience,Yes,No,9.56,9.85,10.0,9.92,10.0,9.86,10.0,10.0,4.32,52.84892991,2,3,3.0,2,1,31.4,3.0,4.6,83.8,1,High,1,1,18.59,-1,-0.04098707112713673
15490,Male,Bangalore,Tier3,Mechanical,AI,No,No,8.05,7.59,8.1,8.53,8.18,8.34,8.1,8.39,4.3,53.0307899,1,1,2.0,1,0,37.4,3.1,9.0,47.4,1,High,1,1,18.48,-1,-0.0022747079287096517
15504,Male,Ahmedabad,Tier3,ECE,Embedded,Yes,Yes,5.86,5.78,6.12,5.77,6.01,5.73,6.25,5.42,9.95,60.8,3,5,1.0,0,0,,1.8,95.6,27.9,0,Low,0,1,0.0,-1,-0.0147683628300872
15677,Female,Bangalore,Tier2,IT,Embedded,Yes,No,7.3,7.42,7.39,7.4,7.5,7.69,8.1,7.48,4.15,52.80479453,1,2,2.0,3,2,36.5,4.4,7.8,75.5,1,Mid,1,1,12.27,-1,-0.003931016448011304
15689,Male,Delhi,Tier1,ECE,Embedded,No,No,8.26,7.63,8.04,8.24,8.33,8.5,8.3,7.95,4.39,50.05985586,2,4,,4,1,31.1,5.0,3.7,83.3,1,High,1,1,18.58,-1,-0.02063619683175466
15710,Male,Jaipur,Tier2,IT,DataScience,Yes,No,5.29,4.82,5.09,4.91,4.76,4.85,4.49,5.0,9.83,60.0,3,5,1.0,2,1,98.0,2.8,99.8,53.1,0,Low,0,1,0.0,-1,-0.037242395436428155
15876,Female,Delhi,Tier3,CS,DataScience,No,No,6.08,5.93,5.24,6.27,5.67,5.56,5.39,5.38,9.7,57.8,3,5,1.0,0,0,96.4,2.3,99.2,32.1,1,Low,0,1,0.0,-1,-0.01839183213745077
15909,Female,Mumbai,Tier2,CS,AI,Yes,Yes,7.83,8.03,8.25,8.01,8.37,7.83,8.22,7.7,4.43,54.74264263,2,2,,3,2,32.3,3.1,8.7,73.0,1,High,1,1,18.76,-1,-0.010044373681397323
15935,Male,Hyderabad,Tier2,Civil,DataScience,Yes,No,6.63,7.3,6.92,6.5,7.01,6.79,6.86,6.72,9.93,82.7,3,5,1.0,1,1,96.2,,97.6,58.1,1,Mid,0,1,0.0,-1,-0.007339883457935348
15948,Male,Pune,Tier2,ECE,Embedded,Yes,No,8.71,9.39,9.05,9.25,8.97,8.49,8.94,9.22,9.9,68.4,3,5,1.0,2,0,97.5,3.1,98.8,55.0,0,High,1,1,18.2,-1,-0.009825814276554268
15951,Male,Kolkata,Tier3,ECE,Networking,Yes,No,4.43,4.09,4.0,4.19,4.73,4.0,4.0,4.0,4.14,50.92267421,0,0,1.0,1,0,37.8,2.1,9.9,,0,Low,0,1,0.0,-1,-0.01578155944227555
16036,Male,Mumbai,Tier2,Mechanical,Embedded,Yes,No,8.84,8.99,8.87,8.77,9.24,9.27,9.01,8.93,9.78,68.8,3,5,1.0,1,0,99.3,3.1,95.2,48.7,0,High,1,1,18.28,-1,-0.010812859169613609
16066,Female,Bangalore,Tier1,CS,DataScience,Yes,Yes,8.97,8.99,9.27,9.11,9.6,9.45,9.27,9.21,4.12,54.85574576,1,1,1.0,2,0,37.2,2.3,0.4,57.3,1,High,1,1,18.63,-1,-0.032187560662086834
16070,Male,Delhi,Tier1,Mechanical,Networking,No,No,7.3,7.1,7.63,7.48,7.5,7.63,8.15,7.71,4.44,51.6276785,2,3,3.0,3,3,34.8,3.0,8.7,59.7,1,Mid,1,1,8.78,-1,-0.013545773078667889
16079,Male,Kolkata,Tier3,CS,DataScience,No,No,4.16,4.49,4.32,4.0,4.0,4.19,4.48,4.31,4.19,74.4,2,2,2.0,2,1,,,56.1,44.5,0,Low,1,0,3.61,-1,-0.011676755470464206
16181,Male,Ahmedabad,Tier3,Mechanical,DataScience,Yes,No,4.0,4.0,4.26,4.0,4.0,4.0,4.0,4.0,4.46,50.94019527,1,1,0.0,0,0,30.5,2.2,1.9,29.3,1,Low,0,1,0.0,-1,-0.017242315116652307
16222,Female,Kolkata,Tier3,ECE,Networking,No,No,5.71,6.46,6.06,5.72,5.69,5.75,5.78,5.48,9.84,72.8,3,5,2.0,1,0,97.9,2.3,97.4,52.8,0,Low,0,1,0.0,-1,-0.00976985913816053
16228,Female,Chennai,Tier3,Mechanical,DataScience,Yes,No,4.0,4.17,4.0,4.0,4.0,4.17,4.0,4.0,4.36,51.35226635,1,1,0.0,0,0,,1.5,4.6,22.6,0,Low,0,1,0.0,-1,-0.010748768001301978
16232,Female,Kolkata,Tier1,Civil,Networking,Yes,No,7.45,7.7,8.45,8.4,8.59,8.41,8.29,8.26,4.09,54.27260485,3,4,2.0,3,2,37.5,4.7,8.3,84.9,1,High,1,1,18.26,-1,-0.03764708604942346
16258,Female,Pune,Tier1,Mechanical,AI,Yes,No,8.94,9.32,9.45,9.04,9.69,9.81,9.6,9.76,9.83,75.8,3,5,1.0,2,2,98.1,4.0,97.4,87.2,1,High,1,1,25.94,-1,-0.0035880568023152204
16290,Female,Mumbai,Tier2,ECE,AI,No,No,6.92,7.09,7.08,6.86,7.24,7.23,7.58,7.51,4.28,51.77921048,2,4,3.0,4,1,30.1,,1.7,72.0,1,Mid,1,1,8.64,-1,-0.01571355670551422
16368,Male,Hyderabad,Tier2,ECE,DataScience,Yes,No,8.13,7.55,8.23,8.1,7.95,7.91,8.45,8.51,4.11,50.68709505,2,3,,3,1,35.6,3.8,7.3,73.9,0,High,1,1,18.73,-1,-0.018949588017414865
16431,Female,Kochi,Tier1,ECE,Networking,No,No,10.0,10.0,9.82,10.0,9.9,9.99,10.0,10.0,4.19,50.30367996,1,3,3.0,5,1,36.7,2.7,8.9,69.9,1,High,1,1,18.12,-1,-0.05880114705573991
16469,Female,Mumbai,Tier2,Civil,Networking,No,No,8.22,8.44,8.79,8.5,8.66,9.07,8.99,8.77,4.11,53.09528611,1,2,1.0,2,0,,1.7,7.4,62.4,1,High,1,1,19.0,-1,-0.003148449184272595
16571,Male,Jaipur,Tier1,ECE,Embedded,Yes,No,5.52,6.03,5.62,6.18,6.12,5.95,5.91,6.68,4.41,50.03519183,1,2,1.0,2,2,,4.0,7.4,56.5,0,Low,0,1,0.0,-1,-0.0061451145711236554
16604,Male,Bangalore,Tier3,CS,Networking,Yes,No,5.94,6.27,5.24,5.72,5.31,5.37,5.51,5.73,9.73,59.6,3,5,1.0,0,0,98.0,1.6,98.8,34.3,0,Low,0,1,0.0,-1,-0.02493773432607127
16717,Male,Mumbai,Tier1,Civil,Embedded,Yes,No,8.54,8.56,8.27,8.7,8.34,8.77,8.91,8.74,4.2,50.85252482,2,4,3.0,3,2,37.7,4.6,6.0,81.5,1,High,1,1,18.6,-1,-0.024531418221097723
16765,Female,Pune,Tier3,EE,Embedded,Yes,No,4.0,4.0,4.0,4.0,4.0,4.0,4.0,4.0,4.24,54.61436077,0,1,0.0,0,0,,2.4,8.4,34.9,0,Low,0,1,0.0,-1,-0.0075641730945036345
16806,Female,Mumbai,Tier3,Civil,AI,Yes,Yes,5.86,6.22,6.31,6.51,5.53,5.88,6.04,6.51,9.95,53.4,3,5,1.0,0,0,96.3,1.9,97.0,29.2,1,Low,0,1,0.0,-1,-0.026982073664804207
16828,Male,Bangalore,Tier2,Civil,Embedded,No,No,6.49,6.2,5.67,5.95,6.28,6.39,6.36,6.19,4.15,51.52154968,2,4,2.0,3,2,30.8,5.0,2.8,86.5,0,Low,1,1,4.67,-1,-0.04889704858663768
16910,Male,Delhi,Tier2,ECE,Embedded,Yes,No,6.12,6.58,6.46,6.5,6.19,6.66,6.43,6.38,4.24,50.65996517,3,4,3.0,3,1,32.4,,3.5,81.1,1,Mid,1,1,8.75,-1,-0.029157592342325955
16934,Male,Kochi,Tier2,CS,Embedded,No,No,6.39,6.79,6.43,6.94,7.03,6.76,7.05,6.8,4.15,52.91400422,3,3,3.0,2,2,35.6,3.8,3.0,70.8,1,Mid,1,1,8.2,-1,-0.017436429720905755
16983,Male,Hyderabad,Tier3,CS,AI,No,Yes,4.74,4.94,4.94,5.27,5.71,5.08,5.0,4.89,9.72,65.6,3,5,0.0,1,0,96.9,1.6,97.4,24.6,0,Low,0,1,0.0,-1,-0.036679556673297475
17009,Male,Pune,Tier3,IT,AI,Yes,Yes,5.35,6.09,6.16,5.85,5.61,5.59,5.41,5.66,9.85,70.4,3,5,1.0,0,0,97.4,1.7,95.9,33.1,0,Low,0,1,0.0,-1,-0.018749572533049097
17018,Male,Chennai,Tier1,Mechanical,AI,No,No,9.11,9.66,9.88,10.0,10.0,10.0,10.0,9.92,4.37,51.75452387,2,3,3.0,3,2,30.3,4.0,7.4,85.1,0,High,1,1,18.07,-1,-0.05157223667765687
17019,Male,Bangalore,Tier1,ECE,Embedded,No,No,5.99,6.01,5.65,6.39,5.8,5.9,6.27,6.02,9.87,82.2,3,5,2.0,1,1,98.3,3.7,95.9,51.5,0,Low,0,1,0.0,-1,-0.0036068168505991594
17037,Male,Ahmedabad,Tier2,Mechanical,Embedded,Yes,No,4.04,4.44,4.0,4.36,4.15,4.59,4.71,4.54,4.34,99.3,1,4,3.0,3,2,81.2,4.5,61.9,63.8,1,Low,1,0,6.46,-1,-0.02070513803125873
17055,Male,Hyderabad,Tier1,Mechanical,Embedded,Yes,No,7.72,8.21,7.56,7.73,8.54,8.59,8.28,8.54,9.96,82.4,3,5,1.0,1,0,,2.4,95.7,56.1,0,High,1,1,18.21,-1,-0.006435890869092464
17094,Male,Hyderabad,Tier1,ECE,Networking,No,No,6.51,6.26,7.2,6.48,6.76,6.89,6.69,6.73,4.15,54.70067643,2,3,3.0,3,1,32.3,2.9,2.7,77.2,1,Mid,1,1,10.88,-1,-0.013529907160558907
17194,Female,Kolkata,Tier2,EE,AI,Yes,No,6.45,5.76,6.57,6.75,6.32,6.91,6.72,6.03,9.9,72.5,3,5,1.0,1,0,100.0,2.7,98.2,51.6,0,Low,1,1,3.35,-1,-0.0002189017191122078
17373,Male,Hyderabad,Tier1,ECE,Networking,No,No,8.77,8.99,9.11,8.67,9.16,9.64,9.41,9.42,4.31,53.87401666,2,3,2.0,3,1,34.8,4.9,1.9,66.7,1,High,1,1,18.96,-1,-0.020150947356482818
17374,Female,Bangalore,Tier3,CS,Networking,No,No,6.04,5.99,5.99,6.26,6.13,6.13,6.06,5.84,9.75,79.1,3,5,2.0,1,1,98.9,,98.8,39.8,0,Low,0,1,0.0,-1,-0.0077192790849711646
17467,Male,Ahmedabad,Tier1,ECE,Embedded,No,No,7.54,8.21,8.41,8.01,8.1,7.5,8.53,8.39,4.1,51.29166291,1,2,2.0,1,0,30.1,,0.8,54.2,0,High,1,1,18.73,-1,-0.008004905905228066
17471,Male,Hyderabad,Tier2,CS,DataScience,Yes,No,5.27,4.95,4.97,5.2,4.8,5.18,4.81,5.08,4.04,52.63407036,1,2,1.0,2,1,31.8,3.2,0.2,52.8,1,Low,0,1,0.0,-1,-0.006120061435236135
17475,Female,Pune,Tier2,ECE,Networking,Yes,No,9.84,10.0,10.0,10.0,10.0,10.0,10.0,10.0,4.12,52.11368341,2,3,2.0,2,1,34.7,3.9,0.0,93.4,1,High,1,1,18.92,-1,-0.044146375013004224
17564,Male,Jaipur,Tier1,ECE,AI,No,No,10.0,9.5,9.48,9.18,9.66,8.91,9.53,10.0,4.05,52.12581521,1,3,3.0,4,2,33.5,4.5,,79.9,1,High,1,1,18.34,-1,-0.03851603560556016
17601,Male,Pune,Tier1,CS,Networking,Yes,No,8.35,8.06,8.91,8.74,8.31,8.51,8.26,8.78,4.06,52.57217634,1,4,3.0,3,1,37.3,4.0,4.0,78.8,1,High,1,1,18.33,-1,-0.022628298716930062
17768,Female,Hyderabad,Tier1,CS,Embedded,Yes,No,4.7,4.66,4.57,4.26,4.37,4.45,4.26,4.51,9.82,88.3,3,5,1.0,1,0,99.4,,97.3,58.6,1,Low,0,1,0.0,-1,-0.058469076119425645
17799,Male,Delhi,Tier1,CS,AI,Yes,No,9.06,9.32,9.43,9.65,9.72,9.94,10.0,9.41,4.5,54.21025625,2,3,3.0,2,2,35.2,3.8,2.1,80.5,1,High,1,1,18.21,-1,-0.04227632951302429
17837,Male,Ahmedabad,Tier2,CS,AI,No,No,8.92,9.12,8.6,8.71,8.67,9.34,8.85,9.32,4.23,51.62371703,1,2,3.0,3,2,,,5.7,87.9,1,High,1,1,18.62,-1,-0.02949274699063098
17923,Male,Bangalore,Tier1,Mechanical,DataScience,Yes,No,6.12,6.51,6.92,6.07,6.5,6.41,6.24,6.62,9.9,69.4,3,5,1.0,1,1,98.3,,97.9,59.4,1,Low,0,1,0.0,-1,-0.008259236471115261
18109,Male,Hyderabad,Tier3,ECE,AI,Yes,No,5.66,6.32,5.94,6.07,6.19,6.01,5.8,6.42,9.73,80.3,3,5,1.0,1,1,96.3,3.3,95.7,51.5,0,Low,0,1,0.0,-1,-0.001597332696860354
18342,Female,Mumbai,Tier2,ECE,DataScience,Yes,No,8.38,8.26,8.25,8.54,8.54,8.36,7.97,8.43,4.04,52.39614282,0,1,2.0,0,1,35.0,2.1,5.2,55.9,1,High,1,1,18.21,-1,-0.03162231047051545
18388,Male,Hyderabad,Tier1,EE,Networking,Yes,No,8.89,8.89,9.4,9.75,9.21,9.61,9.39,10.0,9.86,90.2,3,5,4.0,3,0,96.4,4.2,97.7,93.8,0,High,1,1,18.04,-1,-0.007520376510057991
18397,Female,Bangalore,Tier1,ECE,Networking,Yes,No,5.5,6.01,5.09,5.14,5.33,4.84,5.49,5.25,4.42,52.48371867,1,1,1.0,1,1,35.2,3.6,,58.1,0,Low,1,1,3.05,-1,-0.013650988305435319
18551,Female,Ahmedabad,Tier3,Mechanical,Networking,Yes,No,4.0,4.0,4.44,4.0,4.13,4.0,4.0,4.28,4.01,54.43774331,1,1,1.0,0,0,32.4,1.5,4.4,33.8,0,Low,0,1,0.0,-1,-0.0078107023694582445
18569,Male,Chennai,Tier2,IT,DataScience,No,No,4.64,5.48,4.79,4.67,4.99,4.79,5.07,4.65,9.87,70.6,3,5,1.0,1,1,98.8,3.0,96.7,48.6,0,Low,0,1,0.0,-1,-0.022101259666784334
18581,Female,Mumbai,Tier1,ECE,Embedded,Yes,No,9.81,10.0,10.0,10.0,10.0,10.0,10.0,10.0,9.8,88.9,3,5,3.0,4,2,98.3,4.8,95.3,83.2,0,High,1,1,18.92,-1,-0.004341849635594142
18828,Male,Chennai,Tier3,ECE,DataScience,No,No,5.08,5.11,4.78,5.39,5.29,4.75,4.84,5.16,4.08,54.64820332,1,0,,0,1,32.9,1.5,1.9,28.4,0,Low,0,1,0.0,-1,-0.0076825117019569955
18856,Male,Hyderabad,Tier1,CS,DataScience,No,No,6.88,7.28,7.08,7.04,7.21,6.54,6.86,7.18,4.32,53.89684057,2,2,2.0,1,0,31.5,2.8,2.4,60.6,0,Mid,1,1,8.33,-1,-0.0009495113604406358
18889,Female,Bangalore,Tier3,ECE,DataScience,Yes,No,4.0,4.0,4.0,4.07,4.0,4.0,4.0,4.0,4.04,64.0,0,0,,0,1,48.1,1.1,26.5,,0,Low,0,0,0.0,-1,-0.009783658088099667
18898,Male,Bangalore,Tier2,ECE,AI,Yes,No,6.13,6.03,5.96,5.19,5.59,5.77,5.79,5.75,9.83,83.0,3,5,1.0,2,0,98.2,2.6,97.2,55.4,1,Low,0,1,0.0,-1,-0.01974215055261852
18904,Male,Delhi,Tier3,CS,AI,No,No,4.0,4.0,4.22,4.24,4.24,4.0,4.38,4.0,4.17,92.1,1,2,1.0,3,1,63.4,2.8,49.8,44.5,1,Low,0,0,0.0,-1,-0.005892586657930243
18914,Male,Bangalore,Tier2,CS,AI,No,Yes,7.93,8.27,8.11,8.16,7.99,8.22,7.95,7.92,4.36,51.5345474,1,2,1.0,2,1,35.0,2.5,4.4,63.0,0,High,0,1,0.0,-1,-0.02220262104644377
18940,Female,Pune,Tier3,Civil,DataScience,No,No,4.98,4.75,4.79,5.21,4.93,5.68,4.9,4.82,9.9,83.2,3,5,1.0,2,1,97.1,3.1,95.9,61.3,1,Low,0,1,0.0,-1,-0.03262089661587442
19050,Male,Kochi,Tier2,CS,DataScience,No,No,7.44,7.38,7.2,7.16,7.41,7.0,7.34,7.64,4.14,50.21662328,2,3,3.0,3,0,33.5,4.7,0.2,68.2,0,Mid,1,1,8.87,-1,-0.028000415469178752
19063,Male,Kochi,Tier2,CS,Embedded,Yes,No,4.95,5.37,5.75,5.37,5.18,5.28,5.32,5.55,9.9,55.4,3,5,0.0,0,0,96.5,1.2,97.2,30.9,0,Low,0,1,0.0,-1,-0.041205194965814096
19071,Male,Hyderabad,Tier1,Mechanical,DataScience,No,No,10.0,10.0,9.74,9.8,10.0,10.0,10.0,10.0,10.0,88.2,3,5,2.0,4,1,99.6,3.3,95.8,74.1,0,High,1,1,18.06,-1,-0.008248562211584654
19109,Male,Delhi,Tier3,IT,DataScience,No,Yes,4.01,4.02,4.0,4.0,4.0,4.0,4.0,4.0,4.0,61.9,0,1,,1,1,43.9,,29.4,32.4,0,Low,0,0,0.0,-1,-0.000338214449160823
19117,Male,Delhi,Tier2,Mechanical,AI,No,No,6.86,6.15,7.18,6.53,7.29,6.98,7.03,6.98,4.1,54.52944714,2,2,2.0,2,1,32.7,3.3,9.2,66.3,1,Mid,1,1,8.17,-1,-0.0027116473890439474
19148,Female,Kolkata,Tier3,ECE,Embedded,No,No,7.2,7.32,7.19,7.02,6.94,7.32,7.31,7.13,9.93,70.6,3,5,1.0,0,0,,1.7,97.1,30.6,1,Mid,0,1,0.0,-1,-0.010582671007489997
19220,Male,Delhi,Tier1,Civil,Embedded,Yes,No,8.59,8.81,8.8,8.94,8.51,8.85,8.39,8.63,4.23,53.01048223,1,3,4.0,1,2,33.6,5.0,3.2,81.8,1,High,1,1,18.6,-1,-0.031209628513400256
19239,Male,Chennai,Tier2,EE,DataScience,Yes,No,6.7,7.08,6.7,6.7,6.92,6.63,6.5,6.33,9.95,56.2,3,5,1.0,1,0,99.3,1.7,97.6,32.7,0,Mid,0,1,0.0,-1,-0.018647359656077445
19246,Male,Kolkata,Tier3,CS,DataScience,No,Yes,5.19,6.65,5.5,5.73,5.02,5.57,5.35,5.72,9.85,60.1,3,5,0.0,1,0,99.3,1.9,95.8,33.1,0,Low,0,1,0.0,-1,-0.02784229801271787
19269,Male,Chennai,Tier2,CS,AI,Yes,No,8.8,9.2,9.02,9.1,8.96,8.57,9.16,9.57,4.49,54.62878894,0,3,2.0,2,0,36.5,3.0,,57.3,1,High,1,1,18.2,-1,-0.01576948305049919
19274,Male,Bangalore,Tier1,CS,Embedded,Yes,No,8.48,8.43,7.82,8.7,9.08,8.63,8.74,8.83,4.03,51.4537213,1,2,3.0,3,1,31.5,3.9,2.9,73.6,1,High,1,1,18.22,-1,-0.017419356045403234
19281,Female,Hyderabad,Tier2,CS,AI,Yes,No,5.15,5.04,4.61,5.49,6.0,4.8,4.29,4.38,9.83,86.0,3,5,1.0,2,1,96.1,3.7,96.2,45.5,1,Low,0,1,0.0,-1,-0.042501675301488295
19320,Male,Kochi,Tier3,Civil,AI,No,Yes,4.0,4.0,4.0,4.08,4.24,4.0,4.0,4.0,4.05,50.32554733,0,1,0.0,1,0,,1.8,1.4,34.0,0,Low,0,1,0.0,-1,-0.010309320223604757
19322,Male,Delhi,Tier3,CS,DataScience,Yes,Yes,6.65,6.46,6.31,6.43,6.63,6.26,6.61,6.7,9.82,70.3,3,5,1.0,1,0,98.3,1.7,,31.3,1,Low,0,1,0.0,-1,-0.012184249052322405
19388,Male,Hyderabad,Tier2,ECE,Networking,No,No,5.65,6.01,5.43,5.67,5.98,5.82,6.3,5.68,9.72,69.1,3,5,,1,1,99.0,2.7,,,1,Low,1,1,4.17,-1,-5.45457864855603e-05
19452,Male,Chennai,Tier2,Civil,Networking,No,Yes,8.8,8.68,8.3,8.57,8.67,8.4,8.31,8.6,4.49,50.13260078,1,1,2.0,2,1,33.1,2.1,4.8,60.8,1,High,0,1,18.54,-1,-0.029900560370247353
19493,Male,Hyderabad,Tier3,Mechanical,Embedded,No,No,5.61,5.41,5.41,5.29,5.36,4.98,4.58,5.56,9.75,56.2,3,5,0.0,1,0,96.1,1.7,98.1,23.6,1,Low,0,1,0.0,-1,-0.042511309685227094
19532,Male,Chennai,Tier1,ECE,Networking,No,No,9.81,10.0,9.83,10.0,10.0,10.0,10.0,10.0,4.38,52.18051504,2,2,,4,2,34.0,3.2,2.3,91.2,0,High,1,1,18.4,-1,-0.050497394236241444
19702,Male,Hyderabad,Tier2,CS,Embedded,No,No,6.95,7.24,7.38,7.19,7.15,7.1,7.33,7.7,4.3,50.92459903,0,1,1.0,1,1,30.8,2.9,4.3,46.8,1,Mid,1,1,8.79,-1,-0.0010453048891835293
19742,Male,Pune,Tier3,ECE,Embedded,Yes,Yes,7.27,7.89,7.68,7.42,7.45,7.21,7.94,8.38,4.38,52.70805415,1,3,2.0,2,2,32.2,3.4,2.0,58.0,1,Mid,1,1,12.41,-1,-0.004738532389373384
19803,Female,Kochi,Tier2,Mechanical,AI,No,Yes,7.13,7.01,6.99,7.39,7.57,6.15,6.86,7.27,9.82,85.2,3,5,1.0,1,0,,3.2,99.2,56.1,0,Mid,0,1,0.0,-1,-0.001025452095061441
19808,Female,Pune,Tier2,Mechanical,Networking,No,No,8.54,9.29,9.1,9.41,9.15,8.57,9.27,9.67,4.41,51.58527442,1,4,2.0,2,1,37.1,3.9,3.1,71.5,0,High,1,1,18.48,-1,-0.026480267089573184
19820,Male,Bangalore,Tier2,CS,Networking,Yes,No,6.22,5.24,5.92,5.13,5.31,5.14,5.38,5.74,9.95,56.0,3,5,1.0,0,0,98.3,1.7,96.8,31.9,0,Low,0,1,0.0,-1,-0.025864547951808037
19909,Female,Delhi,Tier3,ECE,AI,Yes,No,5.66,5.62,5.89,5.71,6.14,5.69,5.72,5.8,9.96,50.0,3,5,0.0,0,1,100.0,2.2,96.4,28.5,0,Low,0,1,0.0,-1,-0.0365986213409506
19962,Male,Delhi,Tier1,Civil,DataScience,No,No,8.65,8.81,8.22,8.16,8.71,8.63,8.42,9.36,4.26,53.42971697,2,2,3.0,2,1,34.6,3.9,1.9,71.0,1,High,1,1,18.9,-1,-0.010226121501073937
20021,Male,Bangalore,Tier2,CS,DataScience,No,No,8.64,8.53,8.72,9.12,9.09,9.12,9.12,9.1,4.03,50.82776202,2,2,4.0,2,1,33.2,4.4,8.9,86.1,1,High,1,1,18.83,-1,-0.025001472137079706
20030,Female,Bangalore,Tier1,EE,Networking,No,No,4.48,4.0,4.68,4.0,5.13,4.27,4.97,4.7,4.68,84.8,1,3,2.0,3,2,70.7,2.9,100.0,,1,Low,1,0,4.1,-1,-0.005575351318721333
20073,Female,Chennai,Tier2,CS,DataScience,No,Yes,6.74,6.54,7.03,7.43,7.58,7.07,7.79,6.92,4.29,52.29808494,1,2,3.0,3,1,34.4,1.8,7.6,62.4,0,Mid,0,1,0.0,-1,-0.015102506599639076
20126,Male,Ahmedabad,Tier2,ECE,Embedded,Yes,No,10.0,9.53,10.0,9.83,10.0,10.0,10.0,9.86,4.16,50.95943268,2,3,3.0,3,2,33.7,4.3,,,1,High,1,1,18.67,-1,-0.03690340182825147
20220,Male,Mumbai,Tier3,Mechanical,Embedded,Yes,Yes,4.55,4.31,4.85,4.26,4.95,4.52,4.09,4.11,10.0,61.4,3,5,0.0,1,1,98.3,2.3,97.2,36.0,0,Low,0,1,0.0,-1,-0.06205234129257109
20335,Male,Pune,Tier2,EE,DataScience,No,No,4.14,4.53,4.3,4.5,4.73,4.46,4.3,4.0,4.37,50.0,0,1,0.0,0,1,56.8,1.0,19.5,25.5,1,Low,0,0,0.0,-1,-0.0013021457021408223
20366,Male,Bangalore,Tier2,ECE,Networking,Yes,No,8.46,8.08,8.19,7.69,8.23,7.79,8.1,8.4,4.13,52.44568387,0,1,2.0,2,1,30.4,4.0,1.9,51.7,0,High,1,1,18.06,-1,-0.016005494147534605
20416,Male,Jaipur,Tier1,IT,AI,No,No,7.36,7.33,7.56,7.64,6.85,7.56,7.55,7.45,4.24,53.69480992,2,3,3.0,3,0,38.0,4.8,1.0,68.9,1,Mid,1,1,8.89,-1,-0.010830543302685403
20450,Male,Delhi,Tier2,ECE,Networking,Yes,No,5.59,5.66,5.35,4.89,5.43,5.17,4.88,6.08,9.72,51.8,3,5,1.0,0,0,96.4,2.4,98.0,19.7,0,Low,0,1,0.0,-1,-0.0451729349027753
20614,Female,Chennai,Tier3,Civil,Networking,No,No,6.05,6.39,5.74,6.45,6.44,6.18,5.88,5.88,9.82,59.3,3,5,,3,0,99.1,2.5,97.0,57.3,1,Low,0,1,0.0,-1,-0.012408847924107791
20646,Male,Hyderabad,Tier3,Civil,Networking,Yes,No,5.86,5.38,4.95,5.01,5.44,5.07,5.5,4.6,9.88,63.4,3,5,1.0,0,0,98.3,1.5,96.5,27.2,0,Low,0,1,0.0,-1,-0.032592388891674484
20676,Male,Hyderabad,Tier1,CS,AI,No,No,7.7,7.03,7.3,7.51,7.19,8.19,7.46,7.97,4.43,53.52417804,2,3,2.0,3,2,36.5,,7.0,75.4,0,Mid,1,1,8.19,-1,-0.023822505201936184
20691,Male,Hyderabad,Tier1,ECE,Embedded,No,No,7.4,7.19,7.1,7.46,7.7,7.0,7.12,7.21,4.16,50.42395518,1,3,2.0,4,2,31.5,4.2,5.6,,0,Mid,1,1,8.36,-1,-0.01791464787766961
20725,Male,Hyderabad,Tier2,IT,DataScience,Yes,No,10.0,10.0,9.85,10.0,10.0,10.0,10.0,10.0,4.19,53.43517653,3,3,2.0,4,1,34.9,4.6,2.3,73.9,1,High,1,1,18.2,-1,-0.05197115286799581
20881,Male,Mumbai,Tier1,ECE,DataScience,No,No,4.33,4.0,4.0,4.14,4.19,4.33,4.35,4.58,4.12,83.7,1,4,,3,1,84.9,3.2,75.0,,1,Low,1,0,4.59,-1,-0.012062860844835877
20888,Male,Bangalore,Tier1,CS,Networking,Yes,No,8.48,9.21,9.17,9.02,8.87,9.56,9.72,9.35,4.49,50.71155725,2,3,3.0,5,1,35.3,4.3,4.8,79.6,1,High,1,1,18.41,-1,-0.03520820172167061
20925,Male,Kochi,Tier3,Civil,Embedded,No,No,5.96,5.76,4.8,5.7,5.7,5.01,5.09,5.26,9.95,56.7,3,5,1.0,0,0,98.1,2.6,95.2,35.1,1,Low,0,1,0.0,-1,-0.027130433160028833
20930,Male,Delhi,Tier1,IT,DataScience,Yes,No,8.66,8.84,9.66,9.49,9.04,9.5,9.94,9.03,4.36,50.99932488,3,3,2.0,2,1,32.0,4.9,4.3,63.5,1,High,1,1,18.38,-1,-0.03823600322679688
20982,Female,Chennai,Tier3,CS,AI,Yes,No,6.26,6.31,7.08,6.35,6.43,6.65,6.5,6.29,9.85,59.4,3,5,0.0,0,0,97.5,2.1,99.3,21.7,0,Low,0,1,0.0,-1,-0.0245681909010822
21033,Male,Chennai,Tier2,Mechanical,Embedded,No,No,9.74,10.0,9.69,10.0,9.76,9.98,9.84,9.91,9.91,95.0,3,5,3.0,4,3,99.3,4.3,95.8,81.8,1,High,1,1,25.0,-1,-0.011754595857432992
21265,Male,Jaipur,Tier1,CS,DataScience,No,No,5.51,5.35,5.02,4.96,5.34,5.28,5.16,5.29,9.93,67.9,3,5,1.0,2,0,99.8,2.6,96.5,51.3,0,Low,0,1,0.0,-1,-0.02353603720157016
21307,Male,Kolkata,Tier2,Mechanical,DataScience,Yes,No,5.45,4.98,6.14,5.99,5.29,6.0,6.09,6.02,9.73,83.2,3,5,,4,0,97.7,3.8,97.0,77.1,0,Low,1,1,3.15,-1,-0.02866509364381853
21423,Male,Bangalore,Tier2,IT,AI,Yes,No,6.87,6.41,6.95,6.75,7.24,6.89,7.0,7.32,4.26,51.47057099,1,1,1.0,2,1,37.0,2.8,5.7,57.3,0,Mid,1,1,10.27,-1,-0.001872968973326894
21451,Male,Chennai,Tier3,ECE,Networking,Yes,No,5.66,6.32,5.63,5.54,6.04,5.42,5.74,5.37,9.85,54.0,3,5,0.0,0,0,99.0,1.4,99.4,37.3,1,Low,0,1,0.0,-1,-0.03552143868618729
21494,Male,Kolkata,Tier3,Mechanical,Embedded,Yes,Yes,7.71,7.94,7.86,7.3,7.54,7.01,8.06,7.69,4.1,50.34661998,0,0,0.0,1,0,,2.2,4.1,23.7,0,Mid,0,1,0.0,-1,-0.003024847799324548
21516,Male,Ahmedabad,Tier3,Mechanical,Embedded,No,No,7.23,7.29,7.21,7.3,7.2,7.09,7.64,7.59,9.83,85.0,3,5,1.0,1,0,,1.9,96.1,51.5,1,Mid,0,1,0.0,-1,-0.006442881681536727
21521,Male,Delhi,Tier1,CS,Embedded,Yes,No,8.58,8.51,9.2,8.58,8.26,8.65,8.96,8.57,4.21,53.77247331,3,4,3.0,2,1,30.7,3.6,5.3,86.3,0,High,1,1,18.06,-1,-0.035446243485103834
21585,Male,Kolkata,Tier2,ECE,Networking,No,No,9.19,9.04,8.53,9.11,9.04,9.1,9.44,9.05,4.04,53.58474591,2,2,2.0,3,1,30.8,,9.6,85.1,1,High,1,1,18.96,-1,-0.028149744534871513
21617,Female,Ahmedabad,Tier2,Mechanical,Embedded,Yes,Yes,7.46,6.99,6.88,6.5,6.79,6.91,6.4,7.4,4.35,52.95337975,2,1,2.0,2,0,35.8,2.1,0.6,43.9,0,Mid,0,1,0.0,-1,-0.0055246213977676595
21672,Male,Kochi,Tier2,EE,Networking,Yes,No,5.85,5.69,5.72,5.75,6.05,6.17,6.02,5.87,4.18,50.25154594,0,2,2.0,2,1,37.5,4.6,0.9,,0,Low,1,1,3.18,-1,-0.021475323540417035
21702,Female,Kochi,Tier2,IT,AI,No,No,4.0,4.0,4.15,4.25,4.0,4.0,4.0,4.0,4.1,68.0,0,0,1.0,1,0,40.0,2.6,,,0,Low,0,0,0.0,-1,-0.010650717195272663
21723,Female,Pune,Tier2,Mechanical,Networking,Yes,No,5.47,5.3,4.58,5.47,5.61,5.42,4.88,5.1,9.99,95.5,3,5,3.0,4,1,96.6,4.0,97.5,63.5,1,Low,1,1,5.69,-1,-0.027545529822594728
21782,Female,Mumbai,Tier3,ECE,Embedded,Yes,Yes,4.04,4.0,4.0,4.0,4.0,4.0,4.0,4.0,4.0,71.8,0,0,0.0,1,1,52.2,3.2,21.9,32.3,0,Low,0,0,0.0,-1,-0.001801131026924363
21792,Male,Bangalore,Tier1,ECE,Networking,Yes,No,5.21,4.47,4.87,4.57,4.85,4.89,4.92,4.87,4.81,89.0,2,3,3.0,3,1,92.8,3.9,88.4,78.9,1,Low,1,0,6.46,-1,-0.00392886633367262
21839,Male,Pune,Tier2,Civil,DataScience,Yes,No,5.9,5.63,5.61,6.09,5.38,5.64,5.53,6.03,9.79,90.9,3,5,1.0,1,1,97.2,2.7,,46.9,1,Low,0,1,0.0,-1,-0.0169586500085106
21852,Female,Kolkata,Tier2,IT,Networking,Yes,No,8.8,9.41,9.31,8.52,9.36,9.6,9.95,9.89,9.97,89.4,3,5,3.0,3,1,99.5,3.2,,59.0,0,High,1,1,18.32,-1,-8.280880798849921e-07
21860,Male,Kochi,Tier2,CS,AI,Yes,No,6.98,6.96,6.57,7.27,6.9,6.26,6.92,7.76,4.13,54.45563728,2,3,3.0,3,1,37.6,2.6,2.0,77.5,1,Mid,1,1,8.9,-1,-0.0051234192211316865
21957,Male,Hyderabad,Tier3,IT,DataScience,Yes,Yes,5.92,5.69,5.49,5.47,5.32,5.85,5.48,5.8,9.8,56.3,3,5,0.0,0,0,97.8,2.0,95.9,23.6,1,Low,0,1,0.0,-1,-0.037676978886512
22057,Male,Ahmedabad,Tier2,CS,Networking,Yes,No,4.82,4.87,4.77,5.59,4.89,5.01,5.15,5.44,4.11,51.66201945,2,3,2.0,3,1,33.3,3.0,8.2,75.5,0,Low,1,1,3.88,-1,-0.0410767758062941
22068,Female,Bangalore,Tier3,CS,Networking,Yes,Yes,5.88,5.9,5.52,5.78,5.29,5.49,5.6,5.21,9.84,57.8,3,5,0.0,0,0,96.1,1.5,96.6,32.7,0,Low,0,1,0.0,-1,-0.02765523416194582
22114,Female,Kolkata,Tier3,ECE,Networking,Yes,No,5.23,4.98,4.36,4.35,4.43,4.33,4.39,4.08,9.94,62.5,3,5,1.0,1,0,,1.5,96.0,23.4,0,Low,0,1,0.0,-1,-0.06072241063648631
22133,Female,Bangalore,Tier2,EE,Networking,Yes,Yes,7.23,7.77,7.16,7.04,7.09,6.77,7.51,6.74,9.89,70.9,3,5,2.0,1,1,98.5,,99.6,51.8,1,Mid,0,1,0.0,-1,-0.0006102423214662256
22145,Male,Bangalore,Tier3,EE,Networking,Yes,No,7.05,6.38,6.41,6.08,6.29,6.32,6.27,5.7,9.79,64.5,3,5,0.0,0,0,,2.3,95.7,35.0,0,Low,0,1,0.0,-1,-0.0270412324093251
22310,Male,Bangalore,Tier2,EE,DataScience,Yes,No,5.77,6.16,6.14,6.61,7.01,6.62,6.69,6.77,4.4,54.82447808,0,3,1.0,0,1,35.0,2.6,0.7,51.3,0,Low,1,1,5.32,-1,-0.006153907778801537
22319,Female,Bangalore,Tier2,Mechanical,AI,Yes,Yes,6.77,7.37,6.85,7.31,6.47,7.48,7.39,6.82,9.99,75.1,3,5,1.0,1,1,,2.2,99.1,,0,Mid,0,1,0.0,-1,-0.0014354114172273613
22372,Male,Pune,Tier3,ECE,Networking,Yes,Yes,5.87,5.19,5.8,5.94,5.79,5.01,5.61,5.48,9.83,50.0,3,5,1.0,0,0,99.3,1.9,96.9,33.9,0,Low,0,1,0.0,-1,-0.03307228469371304
22405,Male,Kolkata,Tier1,CS,Networking,Yes,No,7.56,7.78,7.53,7.46,7.74,7.58,8.07,8.26,4.23,52.59583237,2,2,2.0,2,2,33.1,3.8,7.2,67.7,1,Mid,1,1,8.63,-1,-0.002783578533474218
22431,Male,Ahmedabad,Tier2,EE,DataScience,No,No,5.7,5.31,5.43,5.42,5.08,5.39,6.24,5.08,9.81,72.9,3,5,2.0,3,0,99.2,2.7,97.7,47.2,0,Low,0,1,0.0,-1,-0.017375674402578145
22434,Female,Delhi,Tier1,CS,DataScience,Yes,No,4.17,4.94,4.87,4.49,4.6,4.6,4.78,4.85,4.58,70.7,2,3,,3,1,77.1,2.7,79.3,84.5,1,Low,1,0,6.34,-1,-0.007640870975412883
22462,Male,Hyderabad,Tier3,IT,Networking,Yes,Yes,5.81,5.42,5.42,6.12,5.6,5.04,5.53,4.3,9.88,58.4,3,5,0.0,1,0,98.9,,96.9,33.7,0,Low,0,1,0.0,-1,-0.03769334110635203
22493,Male,Kochi,Tier3,CS,DataScience,Yes,No,5.27,5.7,5.9,5.03,5.53,4.89,5.27,5.71,9.74,63.7,3,5,0.0,0,0,97.4,1.9,98.1,,0,Low,0,1,0.0,-1,-0.0444658625301132
22501,Female,Kolkata,Tier2,Mechanical,Embedded,No,No,9.75,9.39,9.93,9.24,10.0,9.37,9.32,10.0,4.2,50.00231488,1,2,2.0,2,0,36.5,2.1,7.9,49.3,1,High,1,1,18.13,-1,-0.034460974339261985
22564,Female,Delhi,Tier3,IT,DataScience,No,Yes,8.56,8.43,7.69,7.72,8.13,7.99,7.89,7.97,4.28,52.41345885,0,1,2.0,2,1,32.8,3.5,9.0,59.9,1,High,0,1,18.93,-1,-0.020806197540927274
22748,Female,Jaipur,Tier1,Mechanical,AI,No,Yes,6.0,6.08,6.25,6.19,5.84,5.55,6.56,6.19,4.4,54.2173536,3,4,2.0,3,0,36.3,3.4,3.5,73.8,1,Low,1,1,5.24,-1,-0.015147157314746473
22878,Male,Kochi,Tier2,IT,Embedded,Yes,No,7.0,7.06,7.05,6.93,7.25,7.37,7.43,7.48,9.97,80.4,3,5,2.0,2,0,98.1,,96.4,50.2,0,Mid,0,1,0.0,-1,-0.007662287794908185
23010,Female,Hyderabad,Tier3,ECE,DataScience,Yes,Yes,5.58,6.02,5.66,5.29,5.53,5.82,4.84,5.82,9.82,51.6,3,5,1.0,0,0,98.5,,99.9,33.7,1,Low,0,1,0.0,-1,-0.047532199682792875
23015,Male,Bangalore,Tier1,EE,Networking,Yes,No,9.21,8.8,8.6,8.72,9.31,9.13,9.46,9.33,4.23,51.40414557,3,4,3.0,3,1,31.3,2.8,2.1,65.7,1,High,1,1,18.36,-1,-0.03705032128763719
23033,Female,Kolkata,Tier2,ECE,DataScience,No,No,4.07,4.2,4.54,4.82,4.7,4.77,4.0,4.68,4.4,92.3,2,3,,4,2,81.4,3.5,81.7,77.8,1,Low,1,0,6.39,-1,-0.019358029167713453
23085,Male,Bangalore,Tier2,Mechanical,DataScience,Yes,No,5.04,5.62,5.04,5.16,4.85,5.65,5.58,5.46,9.82,75.8,3,5,2.0,2,1,,3.4,95.0,57.1,0,Low,0,1,0.0,-1,-0.011438652406196126
23215,Male,Bangalore,Tier2,ECE,Embedded,Yes,Yes,7.48,8.03,7.63,7.43,7.8,7.62,7.91,7.18,4.46,53.69415682,0,2,2.0,1,0,32.9,2.9,9.8,48.2,0,Mid,1,1,8.76,-1,-0.002817970416843285
23325,Male,Chennai,Tier1,Mechanical,Embedded,No,No,10.0,9.91,9.85,9.99,10.0,9.77,10.0,10.0,9.88,85.4,3,5,2.0,2,2,99.1,3.8,99.1,81.9,0,High,1,1,18.25,-1,-0.01426479616132914
23574,Female,Mumbai,Tier3,IT,AI,No,No,6.67,7.48,7.16,7.03,6.51,6.99,6.43,6.8,4.24,52.83673004,1,2,1.0,2,1,33.5,3.7,5.1,49.1,0,Mid,0,1,0.0,-1,-0.0036673154951771814
23587,Female,Delhi,Tier2,CS,Networking,Yes,No,9.63,9.08,9.46,8.87,9.15,9.12,9.06,9.02,4.04,52.24797433,1,2,1.0,3,0,34.7,3.2,8.1,53.2,0,High,1,1,18.08,-1,-0.020569184399873652
23704,Male,Hyderabad,Tier2,ECE,DataScience,Yes,No,6.9,6.45,6.29,6.88,7.22,6.77,6.58,6.84,4.3,50.34306084,3,4,4.0,2,1,34.0,3.5,0.4,62.4,1,Mid,1,1,10.04,-1,-0.017050630963982405
23711,Male,Ahmedabad,Tier3,Civil,Networking,No,Yes,8.78,8.93,8.74,9.0,9.11,9.05,8.54,9.32,4.48,52.93573461,1,1,1.0,2,1,37.9,2.6,8.8,47.8,0,High,1,1,18.59,-1,-0.01782936394564094
23725,Male,Mumbai,Tier1,IT,Networking,No,No,9.76,9.07,9.73,9.38,9.77,9.94,9.38,10.0,9.73,100.0,3,5,2.0,3,2,,4.9,95.7,66.1,1,High,1,1,25.93,-1,-0.022421765874238497
23737,Male,Delhi,Tier3,IT,AI,Yes,No,4.83,5.0,4.39,4.99,4.46,4.15,4.4,4.86,9.92,72.8,3,5,1.0,0,0,98.1,1.9,96.9,32.7,0,Low,0,1,0.0,-1,-0.05259480149787332
23760,Male,Bangalore,Tier1,ECE,AI,Yes,No,7.07,7.93,7.33,7.21,8.09,7.94,7.75,7.66,4.28,50.67723459,2,4,4.0,4,2,31.2,3.7,8.7,57.2,1,Mid,1,1,8.82,-1,-0.02711399360679767
23771,Female,Hyderabad,Tier1,CS,AI,No,No,5.1,4.72,4.58,5.15,4.74,4.9,5.48,4.94,5.07,85.9,2,4,3.0,3,1,80.4,3.9,100.0,81.2,0,Low,1,0,3.03,-1,-0.0007056482199092606
23869,Female,Jaipur,Tier1,Civil,Embedded,No,No,9.26,8.21,8.7,8.66,8.89,8.17,8.33,8.63,9.99,94.7,3,5,3.0,4,2,96.2,,99.5,87.3,1,High,1,1,18.49,-1,-0.003228797735765565
23913,Female,Chennai,Tier1,ECE,AI,Yes,No,7.49,7.7,7.84,7.56,7.98,7.72,7.5,7.62,4.2,51.20500378,3,3,3.0,2,2,34.0,3.9,9.3,88.8,1,Mid,1,1,8.46,-1,-0.01777303240514272
23939,Male,Bangalore,Tier2,IT,AI,No,No,9.56,9.87,9.81,10.0,10.0,9.95,10.0,9.91,9.81,82.3,3,5,,3,0,99.8,3.7,97.4,79.8,1,High,1,1,25.17,-1,-0.0020330990662229542
23999,Male,Bangalore,Tier2,ECE,DataScience,Yes,Yes,9.96,9.83,9.77,10.0,10.0,10.0,9.94,9.9,4.22,51.6677587,2,4,3.0,4,0,32.9,4.7,8.5,83.0,1,High,1,1,18.75,-1,-0.048969770129632106
24153,Male,Kolkata,Tier1,IT,DataScience,Yes,No,8.22,8.37,8.54,8.55,8.23,8.27,8.09,7.97,4.11,54.27367393,2,4,4.0,3,2,37.5,3.2,6.2,76.2,1,High,1,1,18.85,-1,-0.01965309633836987
24415,Male,Ahmedabad,Tier3,CS,Embedded,No,No,5.88,5.27,5.3,5.2,5.63,5.22,5.47,5.35,9.98,64.1,3,5,,2,0,99.8,2.7,96.8,58.2,1,Low,0,1,0.0,-1,-0.040559808450414514
24460,Male,Ahmedabad,Tier2,ECE,Embedded,Yes,Yes,6.06,6.04,5.9,5.83,5.73,6.28,6.17,6.63,9.83,77.8,3,5,,1,0,99.5,2.3,97.4,57.0,1,Low,0,1,0.0,-1,-0.019097434973875393
24464,Male,Bangalore,Tier3,CS,AI,No,No,8.3,8.41,8.0,8.69,8.66,8.17,8.18,8.33,4.09,54.05380105,2,1,2.0,1,0,33.5,2.9,1.5,42.7,0,High,1,1,18.82,-1,-0.017201323062045915
24472,Male,Delhi,Tier3,EE,Embedded,No,No,5.58,5.34,5.47,5.51,5.27,5.48,5.33,5.33,9.97,61.9,3,5,1.0,1,0,96.8,1.5,97.0,31.6,1,Low,0,1,0.0,-1,-0.027578826135783774
24572,Male,Pune,Tier1,IT,Networking,Yes,No,9.83,9.2,9.96,9.59,9.69,9.6,9.77,9.89,4.23,51.14127787,2,3,3.0,3,2,34.7,2.8,0.1,55.1,0,High,1,1,18.68,-1,-0.04549380605678677
24575,Male,Chennai,Tier3,EE,Networking,Yes,Yes,5.43,5.56,5.06,5.2,5.65,4.88,5.55,5.57,9.71,82.2,3,5,2.0,3,0,99.3,,97.8,60.8,1,Low,0,1,0.0,-1,-0.03537580923097283
24621,Male,Bangalore,Tier2,ECE,DataScience,Yes,No,9.71,10.0,10.0,9.8,10.0,9.53,9.6,10.0,4.28,51.0853389,1,3,3.0,4,1,,3.5,9.7,71.4,0,High,1,1,18.74,-1,-0.03936036032802959
24735,Female,Bangalore,Tier3,ECE,Embedded,Yes,Yes,4.6,4.0,4.0,4.15,4.0,4.0,4.32,4.0,4.0,52.8,1,1,0.0,1,0,43.0,2.6,,28.9,0,Low,0,0,0.0,-1,-0.005345767844581961
24750,Male,Hyderabad,Tier2,CS,DataScience,Yes,No,5.59,5.51,5.45,5.0,4.84,5.46,5.02,4.59,9.94,62.6,3,5,1.0,1,0,98.4,2.5,96.4,21.3,1,Low,0,1,0.0,-1,-0.03632944411425709
24766,Male,Hyderabad,Tier3,Civil,Embedded,No,Yes,5.35,5.54,5.36,4.53,5.29,5.19,5.25,5.28,9.95,53.1,3,5,1.0,1,0,98.0,2.5,96.2,35.6,0,Low,0,1,0.0,-1,-0.043031236174445264
24831,Female,Mumbai,Tier2,EE,DataScience,No,No,4.87,4.42,5.12,5.13,5.1,4.77,5.37,4.93,4.77,87.2,2,4,,3,1,96.4,4.4,80.1,78.5,1,Low,1,0,6.1,-1,-0.0043103530306196625
24836,Female,Mumbai,Tier1,Civil,DataScience,Yes,Yes,4.0,5.1,4.66,4.66,5.68,4.73,5.23,5.28,4.99,83.9,1,3,4.0,4,2,79.6,4.4,,78.5,0,Low,0,0,0.0,-1,-0.01971602058267652
24861,Female,Delhi,Tier2,IT,Embedded,Yes,No,4.75,5.33,4.98,5.78,5.15,5.03,5.33,5.24,5.17,76.6,1,3,3.0,3,2,99.4,4.5,81.0,82.7,0,Low,1,0,3.49,-1,-0.004481480863250842
24913,Female,Hyderabad,Tier1,Civil,Networking,Yes,No,8.74,8.53,7.64,7.49,8.32,8.32,7.77,8.09,9.92,95.7,3,5,2.0,5,2,97.3,3.5,96.9,82.8,1,High,1,1,25.19,-1,-0.0026500839456462533
24979,Female,Ahmedabad,Tier1,EE,AI,No,No,7.79,8.44,8.27,7.63,8.61,8.26,8.45,7.96,4.49,52.07524602,0,2,2.0,1,0,36.0,3.4,4.0,45.5,1,High,1,1,18.39,-1,-0.0033187111533279356
25005,Female,Kolkata,Tier2,ECE,Embedded,No,Yes,6.97,7.26,6.89,6.95,6.67,7.42,6.64,6.46,4.17,51.33757464,0,1,1.0,2,1,30.3,2.2,8.5,45.7,0,Mid,1,1,8.81,-1,-0.011390236695125844
25046,Male,Chennai,Tier1,Civil,Embedded,No,No,8.65,8.31,8.0,8.22,8.4,8.42,8.92,8.59,4.09,52.46145699,2,3,3.0,3,1,35.0,4.9,,78.5,0,High,1,1,18.28,-1,-0.014432220600413381
25060,Male,Kochi,Tier1,Civil,AI,No,No,5.67,6.42,5.8,6.28,6.32,6.01,6.31,6.23,9.74,94.5,3,5,,3,0,98.3,5.0,96.4,80.0,0,Low,1,1,6.93,-1,-0.01648133294663956
25109,Male,Bangalore,Tier3,CS,AI,No,No,6.18,6.19,6.25,6.19,6.46,6.42,6.54,6.3,9.9,51.8,3,5,1.0,0,1,99.3,1.2,99.4,27.4,0,Low,0,1,0.0,-1,-0.020584347536976133
25277,Female,Ahmedabad,Tier2,Civil,Embedded,No,No,5.64,5.82,5.58,5.82,5.95,5.83,5.51,5.69,9.96,76.6,3,5,2.0,2,0,97.0,2.3,,,0,Low,0,1,0.0,-1,-0.02449616680569322
25296,Male,Pune,Tier1,Civil,Embedded,No,No,7.75,7.67,8.01,8.06,8.57,7.98,8.14,8.74,9.91,96.8,3,5,3.0,4,1,96.4,,99.8,83.4,0,High,1,1,18.05,-1,-0.004030173391087688
25388,Female,Hyderabad,Tier1,CS,DataScience,Yes,No,6.66,6.2,6.44,6.97,6.68,6.58,6.5,6.51,9.95,73.7,3,5,,1,0,,2.1,96.4,59.7,1,Low,0,1,0.0,-1,-0.018486720326604034
25474,Male,Mumbai,Tier1,ECE,Embedded,Yes,No,8.97,8.53,8.42,8.15,8.16,9.01,8.55,8.82,4.11,50.05467898,2,3,2.0,3,1,,4.5,,96.3,1,High,1,1,18.84,-1,-0.007059700676892322
25527,Male,Delhi,Tier1,ECE,Networking,No,No,9.94,9.76,10.0,10.0,10.0,10.0,10.0,10.0,4.32,50.34503478,1,4,3.0,3,2,30.6,3.7,,91.7,1,High,1,1,18.43,-1,-0.04803269456896753
25544,Male,Ahmedabad,Tier1,Civil,AI,No,Yes,7.75,7.74,7.9,7.88,8.17,8.28,7.8,8.33,4.16,53.81371167,2,2,2.0,2,1,36.6,2.9,4.0,,1,Mid,0,1,0.0,-1,-0.01937927226630909
25579,Male,Bangalore,Tier3,IT,AI,Yes,Yes,6.52,6.7,5.97,6.36,7.07,6.88,6.37,6.87,4.16,52.23738899,2,2,1.0,2,1,30.1,3.2,8.8,44.7,0,Mid,1,1,8.2,-1,-0.007946204082372788
25638,Female,Mumbai,Tier3,CS,Networking,No,Yes,5.72,6.02,6.55,6.69,6.23,6.1,6.54,6.12,9.81,64.5,3,5,0.0,0,0,96.8,1.7,95.5,38.6,0,Low,0,1,0.0,-1,-0.022357342624969023
25651,Male,Hyderabad,Tier1,ECE,Embedded,No,No,6.49,6.13,6.06,6.03,6.45,6.0,5.99,5.45,4.48,53.21959273,1,3,2.0,2,1,37.5,,,44.8,0,Low,0,1,0.0,-1,-0.00019652169931094754
25685,Female,Kochi,Tier1,ECE,Networking,No,No,4.04,4.27,4.17,4.4,4.72,4.19,4.64,4.0,4.39,84.3,2,3,2.0,3,1,85.8,4.2,84.6,63.8,1,Low,1,0,5.77,-1,-0.0075256876388373195
25713,Female,Mumbai,Tier1,Civil,DataScience,No,No,8.6,8.22,8.55,9.15,9.12,9.18,8.72,8.97,4.35,54.15410163,1,3,3.0,2,1,33.9,2.7,6.8,66.6,1,High,1,1,18.66,-1,-0.020808002497655242
25828,Male,Delhi,Tier3,IT,Networking,No,No,4.55,4.27,4.72,4.82,4.5,4.59,4.3,4.86,4.49,52.61169288,1,2,2.0,2,1,34.2,2.9,9.7,43.5,0,Low,0,1,0.0,-1,-0.012393795617344994
25959,Male,Delhi,Tier2,Mechanical,Embedded,No,No,6.27,5.82,5.76,6.1,5.57,5.4,5.29,5.64,9.89,59.8,3,5,1.0,0,0,97.0,2.0,98.2,30.9,0,Low,0,1,0.0,-1,-0.03346862261621719
25963,Female,Pune,Tier3,Mechanical,Embedded,Yes,No,6.65,7.22,6.77,6.04,6.44,6.37,7.0,6.69,4.37,54.25891552,1,1,,2,1,31.7,3.1,7.0,58.3,1,Mid,1,1,12.34,-1,-0.0072372074025420785
26082,Male,Jaipur,Tier1,EE,Networking,Yes,No,8.04,7.97,8.37,8.5,8.81,8.26,8.79,8.9,4.25,50.58910396,1,3,3.0,5,2,30.7,3.3,4.8,81.0,1,High,1,1,18.99,-1,-0.03358887336503702
26167,Female,Ahmedabad,Tier3,Mechanical,Embedded,Yes,Yes,6.42,6.43,6.67,6.26,6.02,6.17,6.16,6.29,9.86,57.7,3,5,0.0,0,0,,2.4,97.2,35.4,0,Low,0,1,0.0,-1,-0.02064942409784165
26339,Male,Delhi,Tier3,ECE,DataScience,Yes,No,9.23,8.6,8.89,8.61,8.44,9.06,8.29,8.5,4.02,52.18392342,1,2,,1,0,35.1,2.8,8.7,54.6,0,High,1,1,18.07,-1,-0.008219583527788288
26386,Male,Hyderabad,Tier1,ECE,Networking,Yes,No,8.33,8.66,8.4,8.36,8.97,8.41,8.62,8.88,4.45,52.95091295,2,4,3.0,2,1,36.7,4.5,2.0,53.4,1,High,1,1,18.66,-1,-0.01196243321516921
26387,Female,Ahmedabad,Tier2,Mechanical,DataScience,Yes,Yes,7.15,5.8,5.52,6.58,6.64,6.97,6.15,6.17,9.87,83.7,3,5,,2,0,99.7,3.0,98.2,52.0,1,Low,0,1,0.0,-1,-0.012090841600670754
26428,Male,Jaipur,Tier3,EE,DataScience,No,Yes,5.79,5.73,5.89,5.43,5.29,5.07,5.66,4.92,9.94,63.2,3,5,,1,0,98.5,1.3,96.1,,1,Low,0,1,0.0,-1,-0.032933271923665686
26454,Female,Pune,Tier2,ECE,Embedded,Yes,No,8.86,8.71,8.69,8.8,9.51,9.0,9.52,9.13,4.05,54.78374623,2,4,3.0,3,1,36.5,3.7,4.4,65.8,1,High,1,1,18.38,-1,-0.024917026753147775
26526,Female,Jaipur,Tier1,IT,Networking,Yes,No,6.72,6.41,6.26,5.93,6.13,6.74,5.76,6.34,9.84,64.9,3,5,2.0,2,0,96.7,3.0,96.2,,1,Low,0,1,0.0,-1,-0.006714929864871766
26528,Female,Kolkata,Tier2,CS,Embedded,Yes,Yes,5.33,5.14,4.76,5.05,5.22,5.0,4.95,5.0,9.72,52.3,3,5,0.0,0,0,98.6,2.2,96.5,31.5,0,Low,0,1,0.0,-1,-0.04864283479609499
26543,Female,Mumbai,Tier3,Civil,Embedded,No,Yes,5.82,6.04,5.48,6.06,6.44,6.1,5.69,4.91,9.92,69.4,3,5,1.0,1,0,99.2,1.0,95.8,34.1,0,Low,0,1,0.0,-1,-0.022217218503319813
26622,Female,Ahmedabad,Tier2,EE,Networking,Yes,Yes,9.69,10.0,9.91,10.0,9.92,10.0,9.63,9.85,4.08,53.88826556,2,3,2.0,2,2,33.7,3.4,3.1,71.6,1,High,1,1,18.89,-1,-0.03604091517795116
26635,Female,Delhi,Tier2,ECE,DataScience,No,Yes,6.84,6.16,6.03,5.67,6.58,6.36,6.38,6.65,4.24,52.72579989,0,0,1.0,0,1,33.5,2.3,8.7,30.3,0,Low,0,1,0.0,-1,-0.0009069485382856568
26643,Male,Kochi,Tier3,ECE,Embedded,No,No,4.0,4.0,4.0,4.0,4.0,4.0,4.58,4.0,4.22,53.2,1,2,1.0,1,0,55.7,1.4,19.7,25.9,1,Low,0,0,0.0,-1,-0.0037746104465196106
26649,Male,Mumbai,Tier2,Mechanical,Embedded,No,No,6.85,6.94,7.4,7.14,6.86,7.3,7.08,7.16,4.31,52.4789185,1,3,,4,2,34.8,3.6,10.0,81.0,0,Mid,1,1,8.63,-1,-0.01912577499281698
26797,Male,Mumbai,Tier2,Mechanical,Embedded,No,No,5.97,6.5,6.21,5.87,5.58,5.25,5.65,5.67,9.99,85.3,3,5,2.0,2,0,96.8,3.6,,45.6,0,Low,1,1,3.79,-1,-0.019727172198009457
27152,Female,Kolkata,Tier1,ECE,DataScience,Yes,No,9.47,9.44,9.51,10.0,9.73,9.84,9.82,9.57,4.27,53.03720252,1,4,4.0,4,1,,4.0,5.9,66.6,1,High,1,1,18.32,-1,-0.043801925285454346
27160,Female,Pune,Tier1,ECE,Embedded,No,Yes,9.21,9.12,9.03,9.23,9.22,9.4,9.05,9.36,4.36,53.07108304,3,3,2.0,2,1,35.2,4.0,5.9,82.9,1,High,1,1,18.9,-1,-0.024851782787992716
27164,Male,Hyderabad,Tier1,EE,Embedded,Yes,No,5.56,5.13,5.45,4.73,4.82,5.45,5.57,5.41,4.02,52.89330381,3,3,4.0,5,1,30.0,3.6,4.7,74.5,1,Low,1,1,5.65,-1,-0.050789148986476795
27265,Male,Hyderabad,Tier2,Civil,Networking,Yes,No,9.91,10.0,10.0,9.38,9.7,9.9,10.0,9.95,4.3,53.02431432,1,3,2.0,2,0,36.1,3.7,8.9,44.5,0,High,1,1,18.44,-1,-0.036927103639152636
27291,Female,Ahmedabad,Tier2,CS,Networking,Yes,No,8.68,8.3,8.71,8.97,8.7,9.0,8.6,8.35,4.07,52.71137142,2,2,1.0,0,0,32.1,3.1,5.8,51.9,0,High,1,1,18.03,-1,-0.023984048967210958
27303,Female,Mumbai,Tier2,ECE,Embedded,No,Yes,4.06,4.05,4.22,4.0,4.0,4.0,4.0,4.13,4.21,66.3,0,2,0.0,0,0,47.0,1.9,,26.3,1,Low,0,0,0.0,-1,-0.009944036136856238
27369,Female,Chennai,Tier1,CS,DataScience,No,No,7.67,6.89,7.08,7.26,6.81,7.8,6.97,6.78,4.34,52.90749921,0,2,1.0,2,1,34.1,2.0,,40.1,0,Mid,1,1,8.54,-1,-0.0017803370230328186
27375,Male,Jaipur,Tier1,Civil,AI,No,No,4.71,4.92,5.48,4.91,4.54,5.43,5.09,5.59,5.01,100.0,3,3,3.0,3,0,77.4,3.3,95.5,,1,Low,1,0,4.03,-1,-0.0022439959944032806
27448,Male,Chennai,Tier1,IT,AI,No,No,10.0,9.91,10.0,10.0,10.0,10.0,10.0,10.0,9.87,86.3,3,5,2.0,3,2,98.0,4.5,98.5,68.8,1,High,1,1,25.63,-1,-0.00525103355185963
27471,Male,Chennai,Tier3,CS,AI,Yes,Yes,5.31,5.49,5.65,5.15,5.45,5.11,4.85,5.18,9.78,61.9,3,5,0.0,0,1,98.9,,96.1,33.8,0,Low,0,1,0.0,-1,-0.04925900021748508
27492,Male,Mumbai,Tier3,Mechanical,Networking,No,No,4.0,4.36,4.35,4.11,4.12,4.0,4.0,4.0,9.73,59.9,3,5,1.0,0,0,96.4,1.8,99.7,32.9,1,Low,0,1,0.0,-1,-0.07435988960379858
27530,Female,Mumbai,Tier1,IT,Embedded,No,No,9.89,10.0,10.0,10.0,10.0,10.0,10.0,10.0,9.82,98.9,3,5,,3,2,97.5,3.2,95.8,73.8,1,High,1,1,25.01,-1,-0.009619441257725403
27540,Male,Kochi,Tier2,Civil,AI,Yes,No,6.07,6.23,6.41,6.04,6.08,6.06,6.36,6.03,4.08,50.1294596,0,2,,2,1,34.0,3.7,1.5,55.4,1,Low,1,1,5.43,-1,-0.007846752694297132
27554,Female,Delhi,Tier1,Mechanical,Embedded,No,No,9.78,8.89,9.4,9.79,10.0,9.82,9.32,9.96,4.29,53.10346568,1,4,2.0,3,1,34.7,3.4,0.9,67.1,1,High,1,1,18.37,-1,-0.03131468474603838
27591,Female,Bangalore,Tier2,EE,Networking,No,No,4.82,4.62,4.13,4.68,5.02,4.52,4.3,4.64,9.83,57.5,3,5,1.0,0,0,98.7,1.7,95.3,29.2,1,Low,0,1,0.0,-1,-0.05096527154682451
27597,Male,Ahmedabad,Tier1,ECE,Embedded,No,No,8.54,8.99,8.96,8.71,8.98,9.28,8.92,9.16,4.01,53.32363074,1,3,3.0,3,1,37.3,3.4,,75.4,0,High,1,1,18.72,-1,-0.017189937354208262
27617,Male,Delhi,Tier2,CS,Networking,No,No,8.97,8.91,8.72,8.67,9.1,8.95,9.37,8.9,4.18,52.00096755,2,3,3.0,4,2,32.1,3.7,0.5,68.6,1,High,1,1,18.97,-1,-0.027828578043066488
27633,Female,Delhi,Tier2,CS,AI,Yes,Yes,6.88,6.04,6.19,5.89,5.8,6.13,6.42,6.41,9.85,62.0,3,5,,0,0,99.4,1.5,99.2,30.3,0,Low,0,1,0.0,-1,-0.03173844836312478
27658,Female,Pune,Tier2,CS,Networking,Yes,No,8.09,7.98,7.83,7.96,8.08,8.21,8.16,8.22,4.02,54.08914678,2,2,4.0,4,1,35.8,3.9,8.4,91.1,1,High,1,1,18.06,-1,-0.021534854615256616
27659,Male,Chennai,Tier3,ECE,AI,No,Yes,5.08,5.07,4.71,4.99,4.76,5.09,4.9,5.43,9.96,59.7,3,5,1.0,1,0,96.5,2.0,95.7,26.6,0,Low,0,1,0.0,-1,-0.0390653091483828
27680,Female,Mumbai,Tier1,IT,Networking,No,Yes,7.26,7.02,7.63,7.33,7.58,7.85,7.51,7.79,4.1,50.42397922,1,3,1.0,2,1,33.1,3.0,7.4,44.3,1,Mid,0,1,0.0,-1,-0.015426088434880025
27811,Female,Pune,Tier2,ECE,Embedded,Yes,No,6.27,6.77,6.81,6.41,6.39,6.52,6.47,6.66,4.29,54.04605992,2,1,2.0,2,1,35.5,2.6,3.5,36.6,1,Mid,1,1,12.02,-1,-0.013804208753028235
27822,Male,Hyderabad,Tier1,ECE,AI,No,No,6.55,6.02,6.06,6.06,6.36,6.34,7.16,5.79,9.95,79.1,3,5,2.0,3,0,99.3,3.4,97.1,,0,Low,1,1,3.87,-1,-0.0011819052619981285
27940,Male,Ahmedabad,Tier1,Mechanical,DataScience,Yes,No,8.89,8.92,9.05,9.45,9.06,9.83,9.28,9.04,4.22,50.05032422,2,3,3.0,2,1,31.9,3.6,3.4,70.2,0,High,1,1,18.82,-1,-0.022409632805535207
27962,Female,Delhi,Tier1,ECE,DataScience,Yes,No,6.12,6.29,6.57,5.72,6.85,6.19,6.54,6.43,9.76,83.8,3,5,2.0,1,0,98.3,2.5,97.6,60.1,0,Low,0,1,0.0,-1,-0.003733350285736292
27991,Female,Mumbai,Tier1,CS,DataScience,Yes,Yes,9.75,10.0,9.79,10.0,9.91,10.0,10.0,10.0,4.48,51.43434339,2,4,2.0,4,1,30.5,4.1,,80.3,1,High,1,1,18.12,-1,-0.028160883111894797
28029,Male,Delhi,Tier1,Mechanical,DataScience,Yes,Yes,7.88,7.77,8.33,7.72,7.32,7.6,7.08,7.28,4.29,51.85871993,0,1,2.0,2,1,37.9,3.1,7.4,54.4,0,Mid,1,1,8.27,-1,-0.005326711092958347
28053,Male,Chennai,Tier2,Mechanical,Embedded,No,No,4.63,4.32,4.76,4.6,4.65,5.23,4.57,4.42,4.66,84.3,2,4,2.0,3,1,,4.3,86.8,85.3,1,Low,1,0,5.71,-1,-0.00780700006932844
28065,Male,Pune,Tier2,EE,Networking,Yes,Yes,4.46,4.69,4.73,4.24,4.03,4.46,4.22,4.09,9.74,62.6,3,5,0.0,1,0,99.4,2.0,99.0,30.7,0,Low,0,1,0.0,-1,-0.06610057587264118
28124,Male,Delhi,Tier2,Mechanical,Networking,No,No,4.23,4.53,4.49,4.83,4.24,4.54,4.91,4.39,4.7,85.3,3,4,2.0,4,2,88.6,3.9,89.8,68.8,1,Low,1,0,5.83,-1,-0.010307295435456498
28138,Male,Bangalore,Tier1,CS,DataScience,No,No,9.11,8.88,9.24,9.09,9.26,9.14,9.55,9.48,4.24,53.4237888,2,3,2.0,3,1,31.8,5.0,0.3,75.1,1,High,1,1,18.34,-1,-0.020385478693028647
28180,Female,Ahmedabad,Tier1,IT,AI,Yes,No,8.44,8.75,8.42,8.51,8.35,7.71,8.67,8.22,4.38,53.87259143,2,3,2.0,3,2,30.5,5.0,9.8,74.4,1,High,1,1,18.36,-1,-0.010254920483699359
28232,Female,Delhi,Tier3,ECE,Embedded,Yes,No,4.18,4.03,4.11,4.2,4.41,4.08,4.14,4.0,4.13,84.5,1,2,2.0,1,1,71.4,2.8,,,1,Low,0,0,0.0,-1,-0.004151757015895874
28288,Female,Hyderabad,Tier1,CS,Embedded,No,No,8.68,8.3,9.22,9.59,8.93,8.74,9.3,9.53,4.17,52.11458836,3,3,3.0,4,1,31.8,4.3,10.0,76.5,1,High,1,1,18.87,-1,-0.03286933496864719
28360,Male,Bangalore,Tier2,Civil,DataScience,No,No,4.0,4.0,4.02,4.0,4.0,4.0,4.06,4.0,4.33,50.52192906,0,0,0.0,1,0,37.5,1.9,5.5,26.3,0,Low,0,1,0.0,-1,-0.023253433653700695
28371,Female,Bangalore,Tier2,CS,AI,Yes,No,7.76,7.62,7.77,8.22,7.69,8.4,8.18,8.35,4.38,51.32343021,3,3,,3,2,30.5,4.8,5.7,,1,High,1,1,18.27,-1,-0.028837855087047948
28545,Male,Ahmedabad,Tier2,Mechanical,Networking,Yes,No,5.2,5.36,4.92,4.38,5.0,5.2,5.57,5.56,5.16,91.7,2,2,4.0,3,2,100.0,2.2,,93.6,1,Low,1,0,5.03,-1,-0.020290714724382708
28550,Male,Chennai,Tier2,Mechanical,AI,No,No,6.17,5.83,5.91,5.63,5.86,5.49,5.73,5.58,9.76,55.9,3,5,0.0,1,0,98.5,2.3,98.0,27.9,1,Low,0,1,0.0,-1,-0.03134669521922784
28553,Male,Bangalore,Tier1,CS,AI,Yes,No,8.33,8.2,8.57,8.81,8.98,8.6,8.25,8.87,4.36,53.97508648,2,3,4.0,3,3,35.2,5.0,5.9,69.1,0,High,1,1,18.56,-1,-0.03609178796629142
28557,Male,Hyderabad,Tier2,CS,Embedded,No,No,6.32,5.62,5.43,6.04,5.45,5.17,5.6,5.92,4.27,51.36266037,1,2,1.0,2,1,30.8,,7.8,56.7,1,Low,1,1,5.28,-1,-0.016180339858719694
28574,Male,Jaipur,Tier2,ECE,Embedded,Yes,No,4.92,5.24,4.94,5.44,4.98,5.23,4.82,5.19,9.86,82.6,3,5,1.0,2,1,98.4,2.2,99.2,43.4,1,Low,0,1,0.0,-1,-0.024685620134821784
28581,Female,Kochi,Tier1,CS,AI,Yes,No,9.68,9.77,9.64,9.69,9.67,10.0,9.49,10.0,4.16,54.55318701,2,2,2.0,3,2,33.6,2.5,0.4,72.7,1,High,1,1,18.61,-1,-0.03797540194500959
28597,Male,Jaipur,Tier1,Mechanical,DataScience,No,No,4.39,4.55,4.35,4.77,4.62,4.34,4.92,4.81,4.65,82.5,2,4,2.0,3,1,100.0,3.0,,60.9,1,Low,1,0,5.89,-1,-0.01690748558759414
28668,Female,Chennai,Tier2,CS,AI,No,No,5.24,4.73,4.78,5.44,4.4,4.89,5.01,4.62,9.81,59.0,3,5,0.0,0,0,98.0,1.2,,33.6,0,Low,0,1,0.0,-1,-0.046113030401351396
28690,Male,Bangalore,Tier1,CS,Networking,No,No,7.36,7.22,6.74,7.0,7.65,7.99,7.8,7.51,4.15,53.94489256,2,3,3.0,4,1,32.9,4.5,,82.6,1,Mid,1,1,12.71,-1,-0.01389849382693975
28701,Male,Bangalore,Tier1,IT,AI,No,No,8.56,8.81,9.11,8.98,9.06,9.1,8.77,9.18,4.33,50.53333278,2,2,2.0,4,2,36.5,4.7,6.6,81.3,1,High,1,1,18.12,-1,-0.027561013270409274
28730,Female,Delhi,Tier3,Civil,DataScience,No,No,5.36,5.02,5.32,5.26,5.29,5.2,6.04,5.66,9.88,85.1,3,5,,1,1,,2.8,99.8,53.2,1,Low,0,1,0.0,-1,-0.024345232790068283
28735,Female,Chennai,Tier2,EE,Embedded,Yes,No,5.89,6.03,6.63,6.57,5.77,6.06,6.43,6.26,9.73,67.7,3,5,2.0,1,0,98.4,2.5,99.9,59.1,1,Low,0,1,0.0,-1,-0.003726937485804771
28771,Female,Bangalore,Tier3,CS,Networking,No,No,4.14,4.06,4.0,4.0,4.0,4.0,4.0,4.0,4.11,50.0,0,1,0.0,1,1,,2.6,24.0,30.9,0,Low,0,0,0.0,-1,-0.007238651457099565
28816,Male,Bangalore,Tier1,IT,DataScience,Yes,No,6.27,6.48,5.99,5.87,6.14,5.83,6.22,6.39,9.71,72.3,3,5,2.0,2,0,98.9,1.5,95.4,55.5,0,Low,0,1,0.0,-1,-0.00012844672412237745
28852,Male,Hyderabad,Tier1,EE,Embedded,No,No,8.78,8.71,8.9,9.53,9.46,9.17,9.47,9.24,9.95,90.9,3,5,2.0,4,1,,4.7,,77.1,1,High,1,1,18.69,-1,-0.0029273472547383106
28856,Female,Bangalore,Tier2,ECE,Embedded,No,No,5.63,5.63,5.28,5.69,4.98,5.0,5.35,5.38,4.18,54.74108111,1,3,1.0,2,0,31.9,3.4,,49.4,0,Low,1,1,6.34,-1,-0.00528188363140214
28918,Male,Bangalore,Tier2,ECE,Embedded,Yes,No,7.84,8.36,8.7,9.12,8.64,9.27,8.95,9.34,4.45,50.58168587,2,4,2.0,2,1,32.6,4.1,6.8,79.6,1,High,1,1,18.24,-1,-0.01522838887605682
28932,Female,Pune,Tier1,ECE,Embedded,No,No,8.46,7.86,8.53,8.48,8.04,8.37,8.29,7.9,4.19,54.66335664,2,1,2.0,1,1,34.1,2.4,1.3,41.2,0,High,1,1,18.94,-1,-0.013634462706524686
28951,Male,Mumbai,Tier3,Mechanical,Networking,Yes,No,4.22,4.12,4.33,4.0,4.0,4.44,4.0,4.03,4.26,87.5,2,1,2.0,1,1,80.2,2.5,61.1,49.7,0,Low,1,0,3.18,-1,-0.00910365586226669
28993,Male,Mumbai,Tier2,Civil,AI,Yes,No,9.36,9.1,9.15,9.27,9.32,10.0,9.85,9.27,4.24,53.69617311,2,2,3.0,3,1,32.9,,4.7,,0,High,1,1,18.91,-1,-0.04573224002748966
29111,Male,Kochi,Tier1,Mechanical,Networking,No,No,5.68,5.58,5.81,6.02,5.36,5.52,5.78,6.19,4.42,50.80777699,2,2,,2,1,35.7,2.9,1.7,60.4,0,Low,1,1,3.72,-1,-0.013976888488392292
29130,Male,Chennai,Tier2,ECE,Networking,Yes,No,9.98,10.0,10.0,10.0,10.0,10.0,10.0,10.0,4.09,51.51280995,3,3,2.0,3,1,35.1,4.8,3.1,59.6,0,High,1,1,18.91,-1,-0.0452589694374681
29181,Male,Delhi,Tier1,IT,DataScience,Yes,No,9.61,10.0,9.94,10.0,9.88,9.85,9.97,10.0,4.13,51.43585121,2,3,2.0,3,1,,4.7,6.5,79.1,1,High,1,1,18.95,-1,-0.02819997312805067
29217,Male,Hyderabad,Tier2,CS,Networking,Yes,No,8.02,7.94,7.85,7.27,7.88,7.87,8.15,8.11,4.14,52.38219901,2,4,3.0,3,1,31.6,4.7,3.9,63.6,1,Mid,1,1,10.02,-1,-0.01826891447535728
29304,Female,Kochi,Tier2,CS,AI,No,No,4.97,5.43,5.49,5.58,5.27,5.43,5.25,4.94,9.89,89.7,3,5,1.0,2,1,96.8,2.1,99.9,,1,Low,0,1,0.0,-1,-0.03271338253366152
29419,Female,Mumbai,Tier1,CS,Embedded,No,No,7.15,8.15,8.34,8.8,8.26,8.41,8.42,8.04,4.34,53.48196868,2,2,3.0,2,2,36.6,3.7,8.0,70.2,1,High,1,1,18.83,-1,-0.016558212579886766
29489,Female,Delhi,Tier1,ECE,Networking,No,Yes,8.7,8.63,8.93,7.89,8.97,8.45,8.92,8.78,4.2,54.96232907,1,1,1.0,2,0,,4.1,9.3,47.9,1,High,1,1,18.98,-1,-0.006814785278367652
29601,Male,Bangalore,Tier1,EE,DataScience,Yes,No,10.0,10.0,9.95,9.83,9.68,9.85,10.0,10.0,4.07,51.6305795,1,4,2.0,3,2,34.8,4.4,4.9,70.2,1,High,1,1,18.2,-1,-0.04640777443582389
29609,Male,Bangalore,Tier2,Mechanical,AI,Yes,No,5.23,5.45,5.37,4.84,5.38,4.93,5.17,5.24,9.9,65.9,3,5,,3,1,99.1,,96.4,56.6,1,Low,0,1,0.0,-1,-0.0445834433336284
29646,Male,Chennai,Tier2,ECE,Networking,Yes,No,8.34,8.44,8.79,8.23,8.51,9.06,8.32,8.77,4.45,54.33126559,2,2,,2,0,36.3,5.0,6.0,88.9,1,High,1,1,18.23,-1,-0.019004039160597008
29685,Female,Pune,Tier1,IT,Networking,No,Yes,7.46,8.18,7.86,8.03,7.51,7.74,8.49,7.94,9.9,75.6,3,5,1.0,2,0,99.1,3.3,95.6,43.6,1,High,0,1,18.93,-1,-0.023157121806682834
29697,Female,Kolkata,Tier3,CS,AI,No,Yes,6.09,5.76,5.28,5.38,5.42,5.33,5.16,5.79,9.8,64.1,3,5,0.0,0,0,,1.9,98.2,26.1,1,Low,0,1,0.0,-1,-0.03933917925042385
29729,Male,Bangalore,Tier1,Mechanical,Networking,No,No,10.0,10.0,10.0,9.75,10.0,9.86,10.0,10.0,9.98,84.6,3,5,4.0,3,2,98.0,4.7,99.2,72.5,1,High,1,1,25.26,-1,-0.0018945520134628913
29749,Male,Bangalore,Tier3,Mechanical,Networking,Yes,Yes,4.92,4.61,4.55,4.91,4.86,4.55,4.76,4.33,9.77,61.0,3,5,0.0,0,0,97.2,1.4,98.3,33.8,0,Low,0,1,0.0,-1,-0.054147167218568826
29812,Female,Hyderabad,Tier1,EE,Embedded,No,No,9.47,9.52,9.38,10.0,9.85,9.93,9.76,9.63,4.39,53.10874104,2,3,3.0,3,1,30.8,,8.6,74.8,1,High,1,1,18.45,-1,-0.04369837441173996
29853,Male,Chennai,Tier2,CS,AI,Yes,No,9.16,8.74,9.01,9.38,8.88,8.97,9.56,8.7,4.27,51.50714964,2,2,3.0,3,1,30.9,4.3,7.7,70.8,0,High,1,1,18.67,-1,-0.011814805086262314
29918,Female,Bangalore,Tier2,IT,AI,Yes,Yes,4.68,4.47,4.53,4.44,4.63,4.41,5.02,4.43,4.44,84.6,1,5,3.0,5,1,71.1,3.7,58.4,,0,Low,0,0,0.0,-1,-0.0024710412685776673
29922,Male,Pune,Tier1,ECE,Embedded,No,No,5.6,5.7,5.85,5.72,5.44,5.78,5.88,5.94,9.72,100.0,3,5,3.0,2,2,97.2,4.4,98.8,77.9,1,Low,1,1,5.63,-1,-0.011540737928885325
29976,Male,Delhi,Tier1,CS,DataScience,Yes,No,7.82,7.57,7.1,7.49,7.33,7.02,7.36,7.51,4.25,53.14411892,1,2,0.0,2,1,34.4,2.7,1.6,,1,Mid,1,1,8.79,-1,-0.0016749588877745802
30060,Male,Hyderabad,Tier3,CS,Networking,Yes,Yes,6.18,7.0,6.65,6.86,6.96,6.69,6.52,6.28,9.87,51.2,3,5,1.0,1,0,96.5,1.2,98.1,35.6,1,Mid,0,1,0.0,-1,-0.02829313494867336
30074,Male,Pune,Tier3,CS,Embedded,Yes,No,4.39,4.19,4.55,4.06,4.03,4.14,4.23,4.0,4.41,61.5,1,0,1.0,0,1,47.9,,,22.5,0,Low,0,0,0.0,-1,-0.003211991298536443
30099,Female,Jaipur,Tier2,CS,Networking,No,No,4.33,4.0,4.37,4.54,4.42,4.0,4.03,4.0,4.01,53.31973971,0,1,,0,0,32.4,1.8,7.7,39.4,1,Low,0,1,0.0,-1,-0.014106691271229876
30152,Male,Kochi,Tier1,ECE,Networking,No,No,9.79,9.99,10.0,9.93,10.0,9.82,10.0,9.84,4.02,51.44467489,2,4,,4,1,35.2,3.7,7.8,81.1,1,High,1,1,18.02,-1,-0.04551658388777313
30161,Female,Chennai,Tier1,ECE,DataScience,Yes,No,7.81,7.34,7.93,7.92,7.96,7.42,7.96,8.58,4.4,51.02643528,2,2,4.0,4,1,34.2,3.6,,71.4,1,Mid,1,1,8.16,-1,-0.004355861466079136
30228,Female,Chennai,Tier2,Mechanical,Networking,Yes,No,7.88,7.4,7.88,7.78,7.9,7.44,7.95,7.52,9.89,75.9,3,5,1.0,1,1,98.7,1.5,98.1,55.6,1,Mid,0,1,0.0,-1,-0.012376420172224734
30232,Female,Bangalore,Tier2,CS,AI,No,No,4.0,4.0,4.0,4.83,4.12,4.21,4.0,4.18,4.29,75.0,1,2,1.0,1,2,61.0,3.1,41.5,59.3,1,Low,1,0,5.89,-1,-0.005978565191480101
30268,Male,Hyderabad,Tier2,ECE,DataScience,Yes,No,7.5,6.8,7.59,7.71,7.42,8.13,8.1,8.52,4.32,53.38009845,2,4,3.0,3,1,32.5,4.2,0.6,69.2,0,Mid,1,1,8.51,-1,-0.02386383347414356
30519,Male,Chennai,Tier1,Civil,Embedded,Yes,No,8.34,8.71,7.95,8.37,8.49,8.9,8.6,8.96,4.35,51.50042289,2,5,2.0,2,1,36.9,4.2,,83.2,0,High,1,1,18.54,-1,-0.02204214628092349
30521,Female,Bangalore,Tier2,ECE,Networking,No,No,8.48,8.15,8.12,8.03,8.55,8.56,8.22,8.48,4.49,52.83818856,2,3,3.0,2,0,34.0,4.1,10.0,75.7,1,High,1,1,18.19,-1,-0.0167633337315245
30568,Male,Pune,Tier1,Mechanical,Networking,No,No,8.29,8.23,8.94,8.91,8.63,9.37,8.91,8.84,4.45,52.60406657,2,2,3.0,2,2,,4.4,8.9,62.5,0,High,1,1,18.62,-1,-0.004428358792445408
30765,Male,Pune,Tier2,CS,AI,No,No,7.79,6.82,7.57,7.8,7.85,7.8,7.74,7.72,4.28,54.08075935,2,2,2.0,1,1,36.4,2.3,5.7,44.7,0,Mid,1,1,8.35,-1,-0.01861489032132657
30825,Male,Hyderabad,Tier2,ECE,AI,No,Yes,4.76,4.43,5.68,5.2,5.04,5.07,4.67,4.9,9.96,77.6,3,5,3.0,1,1,97.1,,99.8,51.5,1,Low,0,1,0.0,-1,-0.051590523624452045
30827,Female,Mumbai,Tier1,CS,DataScience,No,No,9.63,9.4,10.0,9.39,9.89,9.6,10.0,9.64,4.49,52.04621837,1,3,3.0,3,1,33.0,,7.8,73.4,0,High,1,1,18.66,-1,-0.03283038812403283
30869,Female,Delhi,Tier1,EE,Embedded,No,Yes,10.0,9.89,9.98,10.0,9.82,10.0,10.0,10.0,4.36,53.03266931,2,2,3.0,3,2,31.1,2.3,9.9,71.6,0,High,1,1,18.0,-1,-0.04886137240951749
30927,Male,Hyderabad,Tier3,Civil,AI,No,No,5.2,5.4,5.87,5.94,5.61,5.33,5.29,5.74,9.89,69.1,3,5,1.0,0,0,97.9,1.7,95.7,26.4,0,Low,0,1,0.0,-1,-0.02801169998494535
31014,Male,Pune,Tier2,EE,Embedded,Yes,No,9.86,9.32,9.57,10.0,9.94,10.0,10.0,10.0,9.74,90.4,3,5,3.0,3,2,98.1,4.6,97.7,71.1,1,High,1,1,25.13,-1,-0.0031689965837191636
31032,Female,Chennai,Tier3,IT,AI,Yes,No,5.94,5.44,6.37,6.11,6.36,6.28,5.6,6.69,9.82,55.4,3,5,1.0,1,0,97.9,2.4,96.2,31.6,1,Low,0,1,0.0,-1,-0.022415207056991404
31138,Male,Pune,Tier3,IT,Networking,No,Yes,5.59,5.75,5.26,5.93,5.18,5.03,5.76,5.44,9.83,63.2,3,5,1.0,1,0,99.5,2.7,99.8,25.7,0,Low,0,1,0.0,-1,-0.026406980664970492
31166,Male,Mumbai,Tier2,CS,DataScience,No,No,7.03,6.8,7.65,7.63,7.65,6.88,7.48,7.12,4.24,52.70169914,1,3,3.0,2,1,30.2,3.4,8.6,42.5,1,Mid,1,1,8.61,-1,-0.0036074515726897127
31290,Female,Bangalore,Tier1,EE,Embedded,No,No,4.82,4.53,5.09,4.05,4.55,4.93,4.37,5.07,4.47,93.4,2,2,2.0,5,2,72.5,3.8,95.9,77.9,1,Low,1,0,5.9,-1,-0.014442400328009253
31407,Male,Delhi,Tier1,ECE,Embedded,Yes,No,8.44,8.64,9.09,8.93,8.49,8.64,9.34,9.19,4.14,53.01594702,1,4,,3,1,31.1,4.2,8.8,81.2,1,High,1,1,18.97,-1,-0.025536697200752467
31434,Male,Ahmedabad,Tier2,ECE,Embedded,No,No,7.69,8.32,8.6,8.75,8.35,8.56,8.29,8.82,4.14,52.61975603,1,4,3.0,4,1,37.1,4.3,1.4,75.1,1,High,1,1,18.69,-1,-0.029281459242426422
31509,Male,Delhi,Tier2,CS,DataScience,Yes,No,4.33,4.0,4.0,4.04,4.0,4.0,4.12,4.0,4.0,52.8,0,0,0.0,0,1,50.4,,23.9,23.2,0,Low,0,0,0.0,-1,-0.013099056417317567
31600,Male,Bangalore,Tier2,CS,Networking,Yes,No,5.64,5.8,5.62,6.03,6.11,6.57,6.44,6.12,9.81,73.5,3,5,1.0,1,0,99.1,3.0,96.7,52.1,0,Low,1,1,4.97,-1,-0.004178823195539416
31628,Male,Kolkata,Tier1,Civil,Embedded,Yes,No,7.03,7.61,7.64,7.61,7.3,8.15,7.62,7.57,4.34,54.51635563,2,3,3.0,4,1,,4.6,7.3,78.5,0,Mid,1,1,8.92,-1,-0.009004051547233938
31782,Male,Pune,Tier1,ECE,Embedded,No,No,4.48,4.82,4.75,5.11,4.58,4.97,5.29,4.91,4.91,83.7,2,3,4.0,3,1,88.5,5.0,78.8,82.1,1,Low,1,0,5.72,-1,-0.0025456835007321432
31808,Male,Pune,Tier2,IT,AI,Yes,No,5.33,4.72,4.66,4.71,4.85,4.59,4.32,4.9,9.99,60.5,3,5,0.0,0,0,96.1,2.1,99.6,24.9,0,Low,0,1,0.0,-1,-0.06629282607875553
31818,Male,Chennai,Tier3,ECE,DataScience,Yes,Yes,5.0,5.34,5.75,5.77,5.57,5.51,5.27,4.85,9.89,52.4,3,5,1.0,0,0,97.8,1.7,96.3,32.0,0,Low,0,1,0.0,-1,-0.040449360970743364
31864,Female,Hyderabad,Tier1,EE,Embedded,Yes,No,10.0,10.0,10.0,10.0,10.0,10.0,10.0,10.0,4.09,53.01205919,1,4,2.0,3,2,31.0,4.2,3.4,,1,High,1,1,18.63,-1,-0.04941049218864868
31900,Male,Chennai,Tier3,IT,AI,No,Yes,4.12,4.0,4.0,4.0,4.0,4.0,4.0,4.0,4.0,63.0,0,1,1.0,1,0,49.8,2.5,,24.6,1,Low,0,0,0.0,-1,-0.007657057279349844
32010,Male,Bangalore,Tier2,IT,DataScience,Yes,No,6.96,7.12,6.34,6.55,6.79,6.67,6.6,6.62,9.81,65.0,3,5,0.0,0,0,96.9,1.1,99.9,22.8,0,Mid,0,1,0.0,-1,-0.02490053830642347
32021,Male,Bangalore,Tier1,CS,AI,Yes,No,6.55,6.27,6.36,6.5,6.07,6.63,6.82,6.21,4.13,51.90328411,1,4,3.0,4,1,37.9,4.9,2.1,,0,Mid,1,1,8.03,-1,-0.026170987601590423
32116,Male,Mumbai,Tier3,Civil,Embedded,Yes,No,5.87,6.12,6.23,5.94,5.77,5.05,6.28,5.61,9.79,50.0,3,5,0.0,1,0,,1.8,97.2,31.2,0,Low,0,1,0.0,-1,-0.037818183670371486
32135,Male,Bangalore,Tier1,Civil,Embedded,Yes,No,9.75,9.59,9.89,9.75,9.92,9.74,10.0,10.0,4.37,54.84570309,2,2,3.0,3,1,32.4,4.3,9.7,62.1,0,High,1,1,18.38,-1,-0.028735590901937225
32188,Male,Ahmedabad,Tier3,Mechanical,Networking,Yes,No,6.97,6.4,6.48,6.17,5.86,5.86,6.14,6.11,9.86,51.7,3,5,0.0,0,0,99.8,1.6,96.8,31.6,0,Low,0,1,0.0,-1,-0.03975828041093399
32239,Male,Ahmedabad,Tier1,Mechanical,Embedded,Yes,No,4.08,4.49,4.51,4.66,4.69,4.38,4.93,4.4,9.96,66.7,3,5,2.0,2,1,99.0,4.2,98.6,52.1,1,Low,0,1,0.0,-1,-0.05243364575878473
32417,Female,Hyderabad,Tier3,CS,AI,Yes,Yes,5.81,6.72,6.08,6.12,6.77,6.57,6.1,6.45,4.01,52.75344418,0,2,2.0,2,1,30.8,3.9,2.8,66.1,0,Low,0,1,0.0,-1,-0.0015172326275191272
32422,Male,Hyderabad,Tier2,ECE,Networking,No,No,9.24,10.0,9.73,9.86,10.0,10.0,10.0,10.0,4.3,51.47909595,3,3,4.0,2,1,37.7,3.9,3.2,74.8,1,High,1,1,18.74,-1,-0.03997138548451018
32516,Female,Pune,Tier2,IT,DataScience,No,No,6.46,6.66,6.94,7.18,6.71,6.28,6.89,6.55,9.95,87.3,3,5,2.0,1,0,96.3,2.3,98.4,51.1,1,Mid,0,1,0.0,-1,-0.005612198959088044
32600,Male,Mumbai,Tier2,EE,DataScience,Yes,No,5.98,5.82,5.7,5.93,5.71,5.59,6.45,5.98,4.23,51.06290316,2,2,1.0,2,0,33.7,2.9,1.6,53.4,0,Low,1,1,3.04,-1,-0.008789148604336328
32612,Male,Hyderabad,Tier2,EE,DataScience,Yes,No,5.87,5.8,5.72,5.55,5.96,5.48,6.16,5.57,9.86,84.3,3,5,2.0,2,0,96.3,3.6,99.7,51.1,1,Low,0,1,0.0,-1,-0.013495183435911273
32653,Female,Hyderabad,Tier2,EE,DataScience,Yes,No,4.0,4.27,4.06,4.11,4.0,4.0,4.0,4.47,4.0,82.9,2,2,2.0,2,1,83.2,3.0,56.6,51.3,1,Low,0,0,0.0,-1,-0.013363803007974573
32696,Female,Jaipur,Tier2,Civil,Networking,Yes,Yes,9.88,9.66,10.0,10.0,10.0,9.69,9.8,10.0,4.27,52.68306168,1,2,2.0,2,1,,2.9,5.3,54.3,0,High,1,1,18.51,-1,-0.024036848579359726
32743,Male,Jaipur,Tier3,Mechanical,Embedded,Yes,Yes,6.25,5.98,6.15,5.58,6.3,5.02,5.61,5.36,9.9,59.0,3,5,0.0,1,0,98.1,1.4,99.4,30.7,0,Low,0,1,0.0,-1,-0.02914353368674849
32769,Male,Ahmedabad,Tier3,ECE,Embedded,Yes,Yes,4.86,4.0,4.08,4.25,4.08,4.04,4.33,4.0,4.25,53.05319882,0,1,0.0,0,0,34.9,2.6,5.2,27.3,0,Low,0,1,0.0,-1,-0.007638465823727181
32775,Male,Mumbai,Tier3,IT,AI,Yes,No,6.09,5.85,4.9,5.58,5.54,5.34,5.15,5.65,9.92,50.4,3,5,0.0,0,0,96.9,2.3,96.8,,1,Low,0,1,0.0,-1,-0.04052918721436938
32983,Female,Chennai,Tier3,CS,Embedded,No,No,4.97,5.01,5.36,4.31,5.46,5.0,4.49,4.86,9.81,56.8,3,5,1.0,1,0,96.6,1.0,98.1,,0,Low,0,1,0.0,-1,-0.04255897878122439
33111,Female,Bangalore,Tier3,CS,AI,No,No,5.36,6.48,5.78,5.88,6.04,5.79,5.96,5.77,9.71,72.6,3,5,2.0,1,0,96.6,3.5,,40.3,0,Low,1,1,3.23,-1,-0.005802663840343114
33115,Male,Hyderabad,Tier1,Civil,Networking,No,No,8.55,8.63,8.72,8.42,8.54,9.39,8.99,8.25,4.49,53.12652072,1,2,3.0,4,2,37.7,4.5,3.1,79.1,0,High,1,1,18.61,-1,-0.01119574394776457
33121,Male,Hyderabad,Tier3,ECE,Embedded,No,No,4.33,4.62,4.67,4.65,4.42,4.61,4.19,4.98,9.97,61.7,3,5,1.0,1,0,96.7,2.8,95.4,27.4,0,Low,0,1,0.0,-1,-0.05735901931131426
33212,Male,Kolkata,Tier3,CS,Networking,No,Yes,7.29,6.53,6.94,6.71,6.68,7.0,6.92,7.26,9.82,90.0,3,5,2.0,1,0,98.7,2.3,97.9,54.5,1,Mid,0,1,0.0,-1,-0.0006830838538607331
33264,Male,Kochi,Tier1,CS,AI,Yes,No,5.8,5.66,6.11,4.95,4.82,5.63,5.51,5.12,9.86,74.6,3,5,1.0,1,0,96.5,2.2,96.1,51.7,0,Low,1,1,3.33,-1,-0.024012541987345815
33308,Female,Kolkata,Tier2,EE,Networking,No,Yes,7.34,7.88,7.93,7.82,7.57,7.72,7.5,8.3,9.93,71.1,3,5,2.0,2,1,99.5,2.2,,64.0,1,Mid,0,1,0.0,-1,-0.012180128538273549
33341,Male,Kolkata,Tier1,Mechanical,Embedded,Yes,No,9.46,9.76,9.52,9.53,10.0,10.0,10.0,10.0,9.84,81.5,3,5,2.0,4,2,96.8,4.4,99.4,68.9,1,High,1,1,25.69,-1,-0.016460803333465224
33375,Male,Chennai,Tier2,EE,Networking,Yes,No,8.55,8.64,8.47,8.03,9.12,9.48,8.92,9.22,4.41,53.98043821,1,3,2.0,3,0,37.2,3.8,6.1,,1,High,1,1,18.21,-1,-0.02240033821951859
33389,Female,Mumbai,Tier1,CS,DataScience,Yes,No,7.07,7.42,7.15,7.44,7.42,7.31,7.67,7.78,4.2,51.06660388,2,3,3.0,3,1,32.2,3.5,2.0,80.2,1,Mid,1,1,8.64,-1,-0.01618201357182758
33404,Female,Chennai,Tier3,Mechanical,DataScience,Yes,No,6.43,6.34,6.18,6.4,6.17,6.41,6.59,5.99,9.8,77.0,3,5,,1,1,97.6,4.1,,48.8,0,Low,0,1,0.0,-1,-0.006784666493935609
33474,Male,Bangalore,Tier1,ECE,Embedded,No,No,6.31,6.76,6.37,6.42,6.63,6.25,6.59,6.82,4.27,53.69740715,1,3,3.0,3,2,34.0,,7.3,55.3,1,Low,1,1,5.84,-1,-0.02470332628422256
33504,Male,Delhi,Tier2,ECE,Embedded,Yes,No,6.71,6.84,6.98,6.94,6.95,6.55,7.14,7.14,4.06,53.32748218,1,2,1.0,1,1,35.8,1.6,3.1,57.3,1,Mid,0,1,0.0,-1,-0.003336918429901359
33522,Male,Kolkata,Tier1,IT,Networking,No,No,9.36,9.61,10.0,9.49,9.58,9.31,9.45,10.0,4.27,50.21131743,2,4,3.0,3,2,36.6,3.3,7.7,63.0,1,High,1,1,18.95,-1,-0.046254455367581104
33579,Male,Kochi,Tier1,IT,DataScience,No,Yes,7.78,7.15,7.8,7.55,8.04,7.93,7.94,8.34,4.36,52.9378878,2,3,3.0,4,1,31.3,3.4,5.9,77.1,1,Mid,1,1,12.7,-1,-0.019570976729832434
33614,Female,Kolkata,Tier1,CS,Networking,Yes,No,7.95,7.97,8.45,7.98,8.29,8.6,7.86,8.31,4.4,54.80749938,2,3,2.0,4,1,36.9,3.9,8.7,67.7,0,High,1,1,18.43,-1,-0.006551198696358007
33693,Male,Ahmedabad,Tier3,Mechanical,Embedded,Yes,Yes,4.0,4.38,4.0,4.0,4.0,4.0,4.0,4.0,4.01,54.3,0,0,0.0,0,1,50.4,,32.2,32.5,0,Low,0,0,0.0,-1,-0.00806238407509563
33741,Female,Chennai,Tier1,CS,Networking,No,No,7.82,8.05,7.62,7.76,7.89,7.62,7.86,8.18,4.21,51.11101832,2,3,2.0,3,1,37.7,4.6,2.4,72.0,1,Mid,1,1,8.52,-1,-0.009713444794599901
33793,Female,Delhi,Tier2,CS,DataScience,No,No,8.41,8.27,8.6,7.93,8.42,8.45,9.1,9.05,4.4,53.67630552,2,3,3.0,2,1,32.4,4.6,3.6,79.3,0,High,1,1,18.89,-1,-0.019586446779167654
33844,Female,Pune,Tier3,CS,Networking,Yes,No,6.66,7.02,6.85,6.35,6.76,6.34,6.26,6.41,9.93,50.7,3,5,0.0,1,0,99.6,1.3,99.8,26.5,0,Mid,0,1,0.0,-1,-0.03375327691059227
33880,Male,Hyderabad,Tier1,EE,Embedded,No,No,6.44,6.36,6.93,6.26,6.58,6.76,6.48,6.34,9.9,66.2,3,5,1.0,2,1,,2.9,98.7,45.9,1,Low,0,1,0.0,-1,-0.003902363281338861
33910,Male,Bangalore,Tier2,IT,Embedded,Yes,No,9.9,9.67,9.6,10.0,9.27,9.78,10.0,9.61,9.71,65.7,3,5,2.0,2,0,96.6,2.4,98.1,60.8,0,High,1,1,18.49,-1,-0.012153560996807644
33949,Female,Mumbai,Tier1,ECE,Networking,Yes,No,8.07,7.85,8.0,7.75,8.4,8.15,8.12,8.72,4.0,50.40770475,1,2,3.0,2,2,33.5,,4.6,58.8,1,High,1,1,18.1,-1,-0.020258487096199707
33988,Male,Pune,Tier3,ECE,Embedded,Yes,No,4.44,4.08,4.05,4.0,4.42,4.0,4.0,4.0,9.89,68.5,3,5,0.0,1,0,99.9,2.1,98.0,33.8,0,Low,0,1,0.0,-1,-0.07107276724209555
34007,Male,Mumbai,Tier3,CS,DataScience,Yes,Yes,4.34,4.37,4.22,4.0,4.0,4.0,4.35,4.41,9.75,63.2,3,5,0.0,1,0,97.2,1.3,95.5,37.3,0,Low,0,1,0.0,-1,-0.07800113877551829
34078,Female,Pune,Tier1,CS,Networking,No,No,9.11,9.13,8.61,9.12,8.92,9.04,8.82,9.25,4.12,53.3522775,2,4,3.0,3,1,37.6,4.6,8.2,63.2,1,High,1,1,18.48,-1,-0.02573634184091056
34124,Male,Bangalore,Tier2,IT,DataScience,Yes,No,4.0,4.47,4.0,4.29,4.52,4.0,4.71,4.58,9.91,66.8,3,5,2.0,2,1,98.2,3.2,99.8,48.5,1,Low,0,1,0.0,-1,-0.057786667694891825
34129,Male,Kolkata,Tier3,CS,AI,No,No,6.29,6.26,5.86,5.76,6.43,5.6,6.23,6.11,4.21,50.578113,1,2,1.0,1,1,35.3,3.1,1.7,,1,Low,1,1,4.23,-1,-0.007341502451222781
34237,Female,Bangalore,Tier1,CS,AI,No,No,5.12,4.75,4.91,5.05,4.46,4.61,4.86,5.17,9.86,77.6,3,5,2.0,1,1,96.1,3.3,96.4,,0,Low,0,1,0.0,-1,-0.03822018716760367
34299,Female,Bangalore,Tier1,CS,DataScience,No,Yes,7.39,7.62,7.74,7.55,7.94,7.73,7.18,7.76,4.11,53.29921999,1,2,2.0,2,1,37.5,2.4,3.5,54.4,1,Mid,0,1,0.0,-1,-0.009186254903491342
34344,Female,Pune,Tier2,ECE,Embedded,No,No,7.99,7.23,7.77,7.93,8.03,8.46,7.72,7.88,4.09,51.78378451,1,2,1.0,0,1,34.0,2.8,2.8,56.9,0,Mid,1,1,8.49,-1,-0.009423241263317839
34363,Female,Chennai,Tier1,ECE,AI,Yes,No,4.04,4.64,4.28,4.33,4.0,4.63,4.67,4.5,4.29,82.8,1,2,4.0,2,1,,3.4,90.5,70.0,1,Low,1,0,5.58,-1,-0.012788004623569549
34381,Male,Mumbai,Tier2,Mechanical,Embedded,Yes,No,7.94,7.64,7.69,8.52,8.19,8.18,8.03,8.01,4.3,51.10138092,1,1,1.0,2,1,30.0,2.9,2.0,,0,Mid,1,1,8.57,-1,-0.009143545241544815
34427,Male,Jaipur,Tier2,CS,Embedded,Yes,No,9.14,8.92,9.03,9.03,8.84,8.94,9.18,9.42,4.42,54.4837249,2,4,4.0,4,2,36.0,4.4,0.8,83.9,1,High,1,1,18.26,-1,-0.029166048146457513
34715,Male,Hyderabad,Tier2,Civil,AI,No,No,7.36,7.93,8.15,8.2,8.41,7.95,8.5,8.59,4.18,52.11869221,2,2,3.0,4,1,33.0,3.7,7.1,72.5,1,High,1,1,18.73,-1,-0.016898401955595443
34816,Male,Mumbai,Tier2,EE,Embedded,Yes,Yes,5.65,5.94,5.19,5.28,6.01,5.49,5.77,5.85,9.76,74.0,3,5,,2,1,97.5,2.4,95.7,59.8,0,Low,0,1,0.0,-1,-0.01706066721604904
34842,Female,Jaipur,Tier2,CS,AI,No,No,6.09,5.16,6.08,5.14,6.02,6.0,5.99,6.19,4.49,51.03239969,1,3,4.0,3,1,32.2,4.2,2.7,94.6,1,Low,1,1,5.12,-1,-0.0354300031390663
34918,Male,Bangalore,Tier3,ECE,DataScience,No,No,8.57,8.86,8.38,8.44,8.41,8.62,7.63,8.39,4.31,54.29292477,1,3,2.0,3,1,34.5,3.8,7.6,63.2,0,High,1,1,18.54,-1,-0.009344664711507966
34993,Male,Chennai,Tier1,Mechanical,DataScience,No,No,9.83,9.9,9.66,9.91,9.66,9.58,10.0,9.96,4.08,52.03199342,3,2,,3,2,36.7,3.7,2.9,77.7,0,High,1,1,18.85,-1,-0.046023553295060915
35083,Female,Chennai,Tier2,ECE,Networking,No,No,5.84,5.56,5.65,5.47,5.22,5.58,5.41,5.48,9.89,79.1,3,5,1.0,2,1,99.3,3.8,97.6,47.3,0,Low,0,1,0.0,-1,-0.018917282310130235
35137,Male,Kolkata,Tier3,CS,DataScience,Yes,No,4.37,4.47,4.0,4.54,4.39,4.2,4.21,4.0,4.23,50.1,0,1,1.0,0,1,39.2,3.3,,26.8,1,Low,0,0,0.0,-1,-0.027009728375181008
35171,Male,Bangalore,Tier1,ECE,Embedded,Yes,No,8.67,8.67,8.87,9.29,9.13,8.94,8.9,9.04,4.19,53.02020786,2,4,3.0,4,1,36.6,4.6,6.3,84.5,0,High,1,1,18.15,-1,-0.029105025634986292
35197,Male,Jaipur,Tier1,CS,AI,No,No,4.2,4.0,4.0,4.0,4.0,4.0,4.26,4.11,4.0,73.5,1,3,0.0,2,1,62.2,2.5,,40.9,1,Low,0,0,0.0,-1,-0.022233682014798695
35226,Female,Hyderabad,Tier2,ECE,Networking,No,No,4.22,4.0,4.57,4.0,4.0,4.0,4.09,4.48,4.07,86.5,1,1,,2,1,55.1,4.1,44.7,48.2,0,Low,0,0,0.0,-1,-0.0034711781422051002
35261,Male,Ahmedabad,Tier3,ECE,Embedded,No,Yes,4.52,4.74,5.14,4.41,4.4,4.0,5.0,4.12,9.91,60.7,3,5,0.0,1,0,96.9,2.0,99.6,28.5,0,Low,0,1,0.0,-1,-0.05902555554701361
35312,Male,Hyderabad,Tier2,CS,AI,Yes,No,9.0,9.17,9.34,8.86,8.99,8.65,8.74,9.14,4.17,52.611071,2,3,2.0,3,1,32.7,,4.0,82.5,1,High,1,1,18.39,-1,-0.030706548762213903
35332,Female,Mumbai,Tier2,ECE,Embedded,No,No,6.97,7.14,7.19,7.24,7.63,7.34,6.87,7.25,4.47,54.75509547,2,2,3.0,3,1,32.0,4.1,7.5,77.2,0,Mid,1,1,8.7,-1,-0.0045850553372985825
35338,Female,Hyderabad,Tier2,IT,Networking,No,No,5.72,6.34,6.2,6.82,6.1,6.41,6.59,6.28,9.98,78.8,3,5,1.0,2,0,98.0,3.8,96.3,53.8,0,Low,1,1,3.03,-1,-0.008863014229331334
35342,Male,Bangalore,Tier3,Civil,Embedded,Yes,Yes,4.55,4.25,4.0,4.0,4.19,4.0,4.0,4.03,9.83,54.6,3,5,0.0,0,0,97.7,1.6,96.5,28.3,0,Low,0,1,0.0,-1,-0.0816177053183037
35389,Female,Bangalore,Tier2,Mechanical,Embedded,Yes,No,7.84,8.55,8.53,8.01,7.91,8.18,8.23,8.12,4.22,51.6067946,2,3,3.0,1,1,35.7,3.2,7.3,52.7,1,High,1,1,18.34,-1,-0.014869906932366561
35392,Female,Delhi,Tier2,ECE,Networking,Yes,No,4.02,4.0,4.12,4.0,4.0,4.0,4.2,4.0,4.0,56.0,1,2,,0,0,45.7,1.7,,29.9,0,Low,0,0,0.0,-1,-0.0014331613311309166
35423,Female,Hyderabad,Tier2,ECE,DataScience,No,No,5.31,4.99,5.03,5.05,4.65,5.4,4.65,5.6,4.48,50.60162025,1,1,2.0,1,1,35.2,3.2,6.6,47.7,1,Low,0,1,0.0,-1,-0.005474246822710027
35446,Male,Kolkata,Tier3,CS,AI,Yes,No,5.01,5.79,5.51,4.89,5.35,5.41,5.38,5.81,9.83,54.4,3,5,0.0,1,0,99.3,2.5,97.0,25.2,0,Low,0,1,0.0,-1,-0.04647221345060104
35639,Male,Kolkata,Tier1,Mechanical,Embedded,Yes,No,9.83,9.5,9.44,10.0,9.67,10.0,9.6,9.74,4.28,52.13843635,1,3,1.0,4,2,36.0,5.0,5.2,85.5,0,High,1,1,18.18,-1,-0.05290399605551688
35822,Female,Pune,Tier1,ECE,Embedded,No,No,5.15,4.85,5.22,4.89,4.69,5.11,5.78,6.15,5.37,79.2,2,3,3.0,3,2,92.5,5.0,59.0,88.0,0,Low,1,0,3.5,-1,-0.006699504521953448
35947,Male,Pune,Tier2,CS,Networking,Yes,No,6.99,7.18,6.94,7.38,7.39,7.13,6.71,6.83,4.36,53.56399464,1,3,1.0,1,1,31.4,3.4,5.7,63.7,0,Mid,1,1,8.3,-1,-0.005609428736414013
35963,Female,Pune,Tier1,CS,AI,Yes,No,10.0,10.0,9.9,9.92,10.0,10.0,10.0,10.0,4.43,51.19721468,2,3,2.0,3,1,35.2,3.1,4.9,75.8,0,High,1,1,18.0,-1,-0.038397218269665245
35989,Male,Kochi,Tier2,Civil,Embedded,Yes,No,7.83,8.39,8.65,8.05,8.25,8.51,8.37,8.04,4.29,50.56083433,0,1,1.0,2,1,34.0,1.5,0.6,,1,High,0,1,18.15,-1,-0.04418724972006294
36048,Male,Chennai,Tier2,Civil,Embedded,No,No,4.74,5.8,5.37,5.15,4.93,5.32,5.36,5.44,4.04,53.52404524,2,2,3.0,2,1,30.9,3.8,7.6,57.6,1,Low,1,1,5.63,-1,-0.01919351068184849
36210,Female,Pune,Tier1,EE,AI,Yes,No,8.79,8.4,8.45,8.51,8.53,8.69,9.4,9.3,4.15,52.56607138,2,3,3.0,3,2,32.3,4.0,2.7,79.8,0,High,1,1,18.87,-1,-0.02808352545405557
36261,Male,Hyderabad,Tier2,CS,DataScience,No,No,8.02,7.32,8.02,8.19,7.7,8.14,7.86,8.18,4.03,53.57614207,2,3,4.0,2,1,35.5,4.7,4.4,88.0,0,Mid,1,1,8.6,-1,-0.034430121851222295
36327,Male,Delhi,Tier2,CS,AI,No,No,9.56,9.49,9.43,9.7,9.89,9.67,9.2,10.0,9.73,100.0,3,5,2.0,4,1,98.0,4.4,99.5,63.4,0,High,1,1,18.17,-1,-0.007896314297578422
36377,Male,Bangalore,Tier1,ECE,Networking,Yes,Yes,5.76,5.87,5.81,5.79,5.8,6.69,6.08,6.03,9.87,70.8,3,5,1.0,0,1,96.1,2.4,98.2,56.7,1,Low,0,1,0.0,-1,-0.014306140242440812
36416,Female,Pune,Tier2,EE,AI,Yes,No,7.91,8.7,8.32,8.0,8.22,8.23,8.13,8.13,9.75,100.0,3,5,3.0,4,2,96.0,5.0,99.0,71.9,1,High,1,1,25.25,-1,-0.002026805198395376
36453,Female,Ahmedabad,Tier2,CS,DataScience,No,No,9.83,9.97,9.88,9.48,10.0,10.0,9.9,10.0,4.31,52.18734159,1,2,3.0,4,1,32.9,3.3,1.1,90.3,0,High,1,1,18.25,-1,-0.045798630273775065
36461,Female,Ahmedabad,Tier3,Civil,Embedded,No,No,6.38,6.47,6.76,6.61,7.0,6.49,6.49,6.56,4.01,51.10127538,1,2,1.0,2,1,32.3,3.3,8.9,54.8,0,Mid,1,1,8.84,-1,-0.000539033034602121
36539,Female,Kochi,Tier2,Mechanical,Networking,Yes,No,8.82,9.2,9.14,9.31,8.75,9.55,9.24,9.71,4.12,50.63517963,1,3,2.0,3,2,35.9,3.3,,,1,High,1,1,18.5,-1,-0.03435701657260526
36586,Female,Pune,Tier2,Civil,DataScience,Yes,No,9.14,9.25,8.73,8.96,9.48,9.62,10.0,9.33,4.03,50.84458196,1,3,3.0,3,2,34.0,4.8,4.2,90.1,1,High,1,1,18.21,-1,-0.05568534149148707
36594,Male,Jaipur,Tier2,CS,Embedded,Yes,No,9.41,9.72,10.0,10.0,10.0,10.0,10.0,10.0,9.9,80.7,3,5,2.0,3,3,98.3,3.0,97.5,41.5,1,High,1,1,18.33,-1,-0.024953141958934055
36627,Male,Chennai,Tier1,Mechanical,DataScience,No,No,9.17,8.85,9.06,8.68,9.52,8.99,8.95,9.53,4.12,50.86249584,2,5,3.0,3,1,35.6,4.5,3.7,79.2,1,High,1,1,18.75,-1,-0.04253197338122627
36726,Female,Chennai,Tier2,CS,Embedded,Yes,Yes,8.15,7.27,7.73,7.56,7.71,7.95,7.65,8.28,4.2,53.59490435,3,3,2.0,2,1,,4.0,6.4,82.2,1,Mid,1,1,8.2,-1,-0.0040571777955841215
36812,Female,Ahmedabad,Tier2,CS,AI,No,No,5.56,5.39,5.9,6.5,6.43,6.36,5.87,5.93,9.81,94.0,3,5,2.0,3,2,,,98.3,89.8,0,Low,1,1,6.85,-1,-0.03506416617475927
36905,Female,Jaipur,Tier3,ECE,Embedded,No,No,5.41,5.37,5.57,4.95,5.25,5.65,4.91,4.98,9.82,60.7,3,5,0.0,0,0,99.7,1.6,99.7,30.3,0,Low,0,1,0.0,-1,-0.04207627805957603
36943,Male,Ahmedabad,Tier2,ECE,Networking,Yes,No,8.95,8.29,8.86,8.37,9.5,9.11,8.67,9.16,4.4,51.50263959,2,3,,3,2,37.6,3.4,7.4,86.1,0,High,1,1,18.45,-1,-0.03764299214764344
37019,Male,Pune,Tier2,ECE,AI,Yes,No,5.99,6.03,5.66,6.12,5.9,6.03,5.76,6.02,9.86,74.5,3,5,2.0,2,0,99.9,3.1,99.4,36.5,0,Low,0,1,0.0,-1,-0.01043188900449632
37114,Male,Chennai,Tier3,Civil,DataScience,Yes,No,4.0,4.04,4.0,4.0,4.0,4.0,4.0,4.0,4.21,62.9,0,1,,0,1,39.8,1.3,31.8,18.7,0,Low,0,0,0.0,-1,-0.006415368740925964
37326,Female,Kolkata,Tier3,ECE,DataScience,Yes,No,6.68,6.4,6.24,6.39,5.77,5.67,5.83,6.27,9.77,67.7,3,5,0.0,0,0,96.3,2.4,95.5,38.6,0,Low,0,1,0.0,-1,-0.027111025397397848
37391,Male,Mumbai,Tier2,Mechanical,Networking,No,No,4.1,4.0,4.28,4.08,4.0,4.06,4.22,4.08,4.0,84.1,2,2,,2,0,68.7,2.5,61.8,55.6,0,Low,0,0,0.0,-1,-0.009862346537152011
37395,Male,Mumbai,Tier2,Mechanical,Embedded,Yes,Yes,5.8,5.41,5.55,5.26,4.75,5.39,5.17,5.02,9.99,63.5,3,5,0.0,0,0,97.1,2.3,99.0,31.1,1,Low,0,1,0.0,-1,-0.04580794205580452
37547,Female,Kolkata,Tier1,Mechanical,AI,No,No,9.41,9.1,9.33,9.13,9.12,9.71,9.12,9.38,9.78,100.0,3,5,2.0,4,1,97.5,3.5,99.8,84.4,1,High,1,1,25.94,-1,-0.0056384331340294525
37574,Female,Jaipur,Tier1,ECE,AI,No,No,9.43,9.35,9.45,9.42,9.34,9.21,9.26,9.14,4.21,52.61578413,1,4,2.0,3,2,33.7,3.3,2.7,,0,High,1,1,18.14,-1,-0.03878131193288015
37664,Female,Kolkata,Tier2,EE,DataScience,No,Yes,8.64,8.43,8.98,8.3,9.29,8.33,9.15,9.16,4.25,53.38615017,1,1,,1,1,31.9,3.0,1.4,53.6,1,High,1,1,18.89,-1,-0.01275074768152551
37665,Female,Hyderabad,Tier3,ECE,AI,Yes,No,5.95,5.42,5.15,5.57,5.75,5.31,5.27,4.68,9.8,60.9,3,5,0.0,0,0,96.3,1.9,96.9,30.2,1,Low,0,1,0.0,-1,-0.031177517965605306
37714,Female,Bangalore,Tier2,CS,DataScience,Yes,No,7.93,8.17,7.6,7.35,7.34,7.91,8.28,8.2,4.06,52.59470708,3,3,2.0,3,1,36.3,4.3,,69.6,1,Mid,1,1,8.15,-1,-0.005204592040403688
37871,Male,Kochi,Tier2,EE,Networking,No,No,4.6,4.4,4.0,4.29,4.79,4.0,4.33,4.44,4.45,54.63658037,0,1,1.0,1,0,37.0,,3.7,24.4,0,Low,0,1,0.0,-1,-0.0020650703487283817
37896,Male,Delhi,Tier1,ECE,Embedded,Yes,No,7.8,8.24,7.56,8.16,8.27,7.6,8.64,8.48,4.12,52.7625297,2,4,3.0,4,2,33.4,4.3,8.5,76.2,1,High,1,1,18.99,-1,-0.01716745165685285
37909,Male,Hyderabad,Tier3,ECE,Embedded,Yes,No,5.61,4.87,5.75,5.26,5.41,4.72,4.77,4.8,9.93,66.2,3,5,0.0,0,0,98.0,1.3,97.1,30.6,0,Low,0,1,0.0,-1,-0.04413723428337146
37993,Male,Bangalore,Tier1,IT,AI,No,No,8.15,9.02,8.35,8.23,9.16,9.01,9.02,9.16,4.08,50.50777428,1,3,3.0,2,2,33.7,4.6,7.7,88.0,0,High,1,1,18.22,-1,-0.029303621714362738
38001,Male,Delhi,Tier1,ECE,Networking,Yes,No,9.92,10.0,10.0,9.65,10.0,10.0,10.0,10.0,9.96,75.5,3,5,3.0,4,1,97.8,3.2,96.4,70.6,0,High,1,1,18.19,-1,-0.0005367360432936286
38075,Male,Delhi,Tier1,ECE,Networking,Yes,No,4.72,5.23,5.2,4.46,5.22,5.3,5.45,4.73,5.13,99.2,1,4,3.0,3,2,100.0,,83.2,75.3,1,Low,1,0,5.89,-1,-0.013963100493961322
38089,Female,Jaipur,Tier1,EE,AI,No,No,8.68,8.4,8.02,7.8,8.55,8.11,8.73,8.91,4.32,54.22132917,1,2,2.0,1,1,35.3,2.0,9.3,46.4,1,High,1,1,18.45,-1,-0.0025083413534435772
38238,Female,Kochi,Tier2,IT,DataScience,Yes,No,8.54,8.53,8.89,9.26,9.07,8.7,9.29,9.18,4.42,50.01235705,2,4,3.0,2,1,33.1,4.9,4.5,74.8,1,High,1,1,18.59,-1,-0.02765648505181295
38248,Male,Jaipur,Tier2,CS,Embedded,No,No,4.48,4.0,4.0,4.0,4.07,4.0,4.0,4.0,4.21,62.3,1,1,1.0,0,0,43.6,3.0,,24.1,1,Low,0,0,0.0,-1,-0.0028479576284412556
38320,Male,Delhi,Tier1,ECE,Networking,Yes,No,9.38,9.22,8.9,8.73,9.54,9.22,8.94,9.36,4.33,52.86911221,1,2,2.0,1,1,38.0,2.6,4.8,46.2,1,High,1,1,18.16,-1,-0.0167963352884537
38369,Male,Kolkata,Tier3,ECE,Embedded,Yes,No,6.97,6.76,6.55,6.64,6.24,6.93,6.78,6.3,4.07,52.984475,2,2,2.0,1,1,31.5,3.3,4.3,57.0,1,Mid,0,1,0.0,-1,-0.005382033773858597
38384,Female,Bangalore,Tier1,Mechanical,Networking,Yes,Yes,9.67,8.84,8.97,8.55,9.28,8.52,8.91,8.94,9.74,77.4,3,5,2.0,1,1,98.7,3.4,97.5,60.8,1,High,0,1,25.64,-1,-0.02781063097804004
38537,Female,Delhi,Tier1,ECE,DataScience,No,No,9.78,10.0,10.0,9.86,10.0,9.91,10.0,10.0,9.99,88.7,3,5,2.0,4,2,98.6,4.7,95.8,63.8,1,High,1,1,25.26,-1,-0.012229577565421645
38552,Female,Pune,Tier1,ECE,Networking,No,No,4.88,5.03,5.06,4.65,4.85,4.6,4.45,5.29,4.92,83.6,2,4,3.0,3,2,94.7,4.0,73.6,83.7,1,Low,1,0,5.72,-1,-0.0028476631506589856
38680,Male,Kolkata,Tier1,IT,DataScience,No,No,6.47,6.07,5.93,5.25,5.8,6.19,5.98,5.61,9.85,76.8,3,5,,2,1,98.0,2.4,97.6,51.6,0,Low,0,1,0.0,-1,-0.017146101953405934
38721,Female,Mumbai,Tier1,CS,AI,Yes,No,4.0,4.01,4.0,4.0,4.8,4.14,4.46,4.06,4.31,65.3,1,2,2.0,2,1,61.8,3.9,62.8,62.2,1,Low,1,0,5.86,-1,-0.001527977473390174
38735,Female,Ahmedabad,Tier3,ECE,Embedded,No,Yes,7.07,6.83,6.73,6.7,7.15,7.09,7.11,7.23,4.06,52.10073256,1,3,2.0,2,0,33.9,2.9,,45.7,0,Mid,0,1,0.0,-1,-0.0023865611088843552
38819,Male,Kolkata,Tier2,IT,Embedded,Yes,No,4.0,4.0,4.31,4.31,4.0,4.61,4.43,4.46,4.26,79.0,3,4,2.0,1,2,94.2,4.8,70.5,64.6,0,Low,1,0,3.14,-1,-0.03867745377131071
38859,Female,Mumbai,Tier2,CS,Networking,No,No,10.0,10.0,10.0,10.0,9.91,10.0,9.84,10.0,9.98,86.8,3,5,3.0,4,3,99.1,5.0,97.3,68.1,0,High,1,1,18.94,-1,-0.01805705567946958
38861,Male,Ahmedabad,Tier2,ECE,Embedded,Yes,No,9.32,10.0,10.0,10.0,9.77,10.0,10.0,10.0,9.74,99.4,3,5,2.0,3,2,97.1,4.9,97.1,74.3,0,High,1,1,18.83,-1,-0.004087474706944483
38927,Male,Mumbai,Tier3,ECE,Networking,Yes,No,8.38,8.07,8.58,8.25,8.55,7.96,8.27,8.16,4.16,51.46531674,0,2,2.0,1,1,36.7,,9.3,52.3,1,High,1,1,18.56,-1,-0.011670340429965065
38971,Female,Pune,Tier2,IT,DataScience,No,No,4.95,4.0,4.52,5.19,4.8,4.72,5.32,4.9,9.99,88.3,3,5,1.0,1,0,98.0,2.4,96.3,51.6,1,Low,0,1,0.0,-1,-0.053426780381371275
38993,Male,Kolkata,Tier2,EE,Embedded,No,Yes,7.91,7.72,7.71,7.58,7.87,7.29,7.52,7.26,9.99,74.4,3,5,2.0,1,0,,3.5,95.7,56.9,1,Mid,0,1,0.0,-1,-0.004124868976431828
39000,Male,Mumbai,Tier3,IT,AI,Yes,Yes,4.43,4.0,4.0,4.0,4.0,4.41,4.0,4.0,9.88,54.6,3,5,1.0,0,0,99.0,1.9,99.0,28.4,0,Low,0,1,0.0,-1,-0.06931061549456152
39092,Female,Chennai,Tier1,CS,AI,No,No,10.0,9.98,9.99,10.0,10.0,10.0,10.0,9.79,4.25,51.24215069,2,3,2.0,3,1,33.3,4.1,3.6,72.3,1,High,1,1,18.0,-1,-0.03895932439338312
39099,Male,Mumbai,Tier1,CS,AI,Yes,No,5.72,5.46,5.52,5.85,5.48,5.74,5.15,5.66,9.86,69.0,3,5,1.0,2,1,99.7,2.1,97.1,40.9,1,Low,0,1,0.0,-1,-0.019272289920172603
39100,Female,Mumbai,Tier2,ECE,Embedded,No,No,4.35,4.86,4.24,4.4,4.54,4.61,4.72,4.58,4.58,73.6,2,4,3.0,3,2,86.7,3.4,81.4,64.5,0,Low,1,0,5.43,-1,-0.019852984820041497
39137,Male,Hyderabad,Tier2,Civil,Embedded,No,No,6.5,6.81,6.73,6.65,6.55,7.32,6.64,6.6,9.91,72.8,3,5,2.0,2,0,,3.5,98.9,39.1,1,Mid,0,1,0.0,-1,-0.005324096161723579
39230,Female,Bangalore,Tier1,Mechanical,Networking,No,No,4.0,4.61,5.09,4.63,4.58,4.5,4.85,5.14,4.66,85.1,2,3,3.0,3,1,75.5,,66.3,89.0,1,Low,1,0,5.64,-1,-0.0074618929009385715
39241,Female,Ahmedabad,Tier1,CS,Networking,No,No,9.08,10.0,9.76,9.66,9.88,10.0,9.79,9.7,4.08,53.58171413,1,4,4.0,3,1,36.1,3.6,3.5,83.2,1,High,1,1,18.89,-1,-0.045438443519940086
39246,Female,Chennai,Tier1,CS,DataScience,No,No,6.48,6.95,7.01,6.64,7.05,6.84,6.59,6.67,4.11,51.37020797,2,5,2.0,3,2,32.8,4.1,7.9,,1,Mid,1,1,8.58,-1,-0.033017890696464436
39255,Female,Chennai,Tier1,Mechanical,Networking,Yes,No,7.7,8.07,7.85,7.33,7.91,7.65,8.1,8.07,4.06,54.88753905,1,3,1.0,2,0,30.6,2.7,8.5,57.2,1,High,1,1,18.94,-1,-0.006268246383860143
39267,Female,Hyderabad,Tier2,EE,DataScience,No,Yes,6.18,6.18,6.38,5.81,6.2,5.99,5.68,6.57,9.87,81.4,3,5,,2,0,98.4,3.0,98.2,53.9,1,Low,0,1,0.0,-1,-0.014009306512804964
39291,Male,Delhi,Tier1,IT,AI,No,Yes,4.78,4.28,4.0,4.16,4.45,5.28,4.7,4.34,9.86,73.0,3,5,2.0,2,0,99.1,,98.9,43.6,1,Low,0,1,0.0,-1,-0.05424245975910236
39346,Male,Kochi,Tier3,EE,Networking,No,No,6.38,6.05,6.5,6.5,5.43,5.85,6.01,6.05,9.84,50.0,3,5,0.0,0,1,99.1,2.6,99.0,27.6,1,Low,0,1,0.0,-1,-0.041639488000754676
39448,Male,Delhi,Tier2,EE,DataScience,No,No,4.71,4.52,4.6,4.25,4.18,4.46,4.72,5.21,4.5,100.0,2,4,3.0,2,1,70.2,3.9,61.6,82.2,1,Low,1,0,5.99,-1,-0.002300755629146667
39476,Male,Mumbai,Tier2,ECE,DataScience,No,No,6.07,6.5,5.93,5.81,6.29,5.57,5.98,5.97,9.74,74.4,3,5,1.0,2,0,98.1,2.7,95.1,46.8,0,Low,0,1,0.0,-1,-0.00847588435257618
39499,Female,Jaipur,Tier2,CS,AI,Yes,No,8.55,8.17,9.0,8.25,8.48,8.51,8.27,9.29,4.04,50.82966937,1,3,2.0,3,2,30.4,3.9,8.9,78.3,1,High,1,1,18.2,-1,-0.01574674917943708
39501,Female,Ahmedabad,Tier1,ECE,Networking,No,No,10.0,10.0,10.0,10.0,10.0,10.0,10.0,10.0,4.43,51.44325275,1,4,3.0,4,1,37.3,5.0,7.9,70.7,1,High,1,1,18.62,-1,-0.043133125659785665
39531,Male,Kolkata,Tier3,ECE,DataScience,No,Yes,7.92,8.31,7.87,8.15,7.7,7.72,7.88,7.66,9.93,65.6,3,5,0.0,0,0,99.5,2.5,99.2,37.5,0,Mid,0,1,0.0,-1,-0.0388723805315031
39673,Female,Bangalore,Tier2,EE,Embedded,Yes,No,8.97,8.6,9.33,9.62,9.37,9.91,10.0,9.31,4.38,50.81466405,2,3,3.0,3,2,36.1,3.6,6.2,78.9,1,High,1,1,18.14,-1,-0.042288357384248854
39756,Male,Chennai,Tier1,Civil,Embedded,No,Yes,10.0,9.41,10.0,10.0,10.0,9.88,10.0,10.0,4.26,53.57579397,2,3,3.0,3,1,33.5,2.8,5.9,45.3,0,High,1,1,18.26,-1,-0.048193624732069784
39777,Female,Jaipur,Tier1,CS,AI,Yes,No,7.37,7.16,7.78,7.34,7.86,8.08,7.27,7.93,4.36,51.04168864,1,5,4.0,2,2,,3.4,4.6,66.7,0,Mid,1,1,8.43,-1,-0.023364501048826147
39811,Male,Delhi,Tier3,ECE,Embedded,No,No,6.35,6.04,5.94,5.97,6.29,6.47,5.92,5.91,9.88,70.3,3,5,0.0,0,0,,2.0,99.3,29.5,0,Low,0,1,0.0,-1,-0.029390358296611296
39871,Male,Mumbai,Tier1,EE,Networking,Yes,No,9.87,9.67,9.46,9.72,9.5,9.78,9.6,9.59,4.45,50.13358554,1,4,3.0,3,1,37.2,3.9,5.9,75.9,1,High,1,1,18.56,-1,-0.036783081272573126
39874,Male,Delhi,Tier3,Mechanical,Embedded,No,Yes,4.0,4.31,4.19,4.0,4.0,4.0,4.0,4.0,4.01,73.9,0,0,0.0,1,0,,1.0,,35.5,1,Low,0,0,0.0,-1,-0.014737429139672131
39926,Female,Chennai,Tier2,EE,Embedded,Yes,No,9.19,8.77,9.96,9.29,9.49,9.68,9.51,9.76,9.92,93.3,3,5,2.0,3,2,,3.5,98.8,57.0,1,High,1,1,25.2,-1,-0.020454277420970723
39930,Male,Hyderabad,Tier3,CS,Embedded,No,No,6.04,6.42,6.25,6.48,6.34,6.36,5.65,6.98,9.86,87.5,3,5,1.0,2,0,97.2,,99.3,52.9,0,Low,1,1,3.62,-1,-0.012469968587727087
39932,Female,Hyderabad,Tier2,Civil,Embedded,Yes,No,5.44,5.8,5.18,5.32,5.25,5.18,5.27,4.91,9.86,63.5,3,5,0.0,0,1,96.4,2.1,96.3,35.2,1,Low,0,1,0.0,-1,-0.04122938399178455
40065,Female,Chennai,Tier3,CS,DataScience,No,Yes,4.47,4.32,4.0,4.14,4.0,4.0,4.0,4.0,9.81,62.0,3,5,1.0,1,0,96.2,2.1,,32.9,0,Low,0,1,0.0,-1,-0.0658032405938439
40091,Male,Hyderabad,Tier1,CS,DataScience,Yes,No,4.73,5.18,4.68,5.53,5.17,5.32,5.6,5.43,4.43,54.56745458,2,3,3.0,3,1,31.5,5.0,3.4,84.1,0,Low,1,1,6.11,-1,-0.04704695603386799
40151,Male,Pune,Tier1,IT,DataScience,Yes,No,7.86,8.12,7.77,7.92,8.46,8.6,8.21,7.98,4.34,53.92668019,3,2,3.0,2,1,,4.1,0.7,61.1,1,Mid,1,1,8.71,-1,-0.011132750522125257
40232,Female,Kochi,Tier1,Mechanical,DataScience,No,No,5.01,4.29,5.12,4.87,5.04,4.79,4.79,5.25,5.1,83.2,2,4,3.0,4,0,88.5,3.5,84.1,63.4,1,Low,1,0,5.76,-1,-0.008853992663240717
40298,Male,Bangalore,Tier2,ECE,AI,Yes,No,4.88,4.79,4.82,4.43,4.9,4.85,4.88,4.62,4.29,51.78541555,1,1,2.0,3,1,,2.8,0.7,49.6,0,Low,0,1,0.0,-1,-0.0021184022209210784
40301,Male,Chennai,Tier2,ECE,Embedded,No,No,9.13,8.67,9.08,9.8,8.88,9.37,9.55,8.97,4.07,51.07697761,1,2,3.0,3,1,34.9,4.1,5.4,88.2,1,High,1,1,18.15,-1,-0.03185153453719469
40370,Female,Hyderabad,Tier1,IT,AI,Yes,No,9.91,9.83,9.86,9.82,10.0,9.76,9.99,10.0,4.17,50.2629999,2,4,3.0,3,2,36.3,3.4,2.2,67.9,1,High,1,1,18.08,-1,-0.04976907305899392
40392,Male,Mumbai,Tier2,CS,DataScience,Yes,No,9.69,10.0,10.0,9.95,10.0,10.0,9.9,10.0,4.47,51.46275736,2,4,3.0,3,1,35.8,2.0,6.2,74.1,0,High,1,1,18.31,-1,-0.04435460831794302
40423,Female,Delhi,Tier2,Mechanical,DataScience,No,No,6.08,5.6,5.96,5.81,5.62,5.5,6.66,6.04,9.79,68.4,3,5,1.0,2,0,97.2,3.4,98.3,54.9,1,Low,1,1,6.41,-1,-0.004593099499525577
40450,Male,Chennai,Tier2,Mechanical,Networking,No,No,9.63,9.48,9.91,9.29,10.0,9.71,9.68,9.57,9.9,91.7,3,5,1.0,2,0,99.6,2.9,96.7,51.5,1,High,1,1,18.98,-1,-0.022290079335824386
40477,Male,Chennai,Tier3,CS,Networking,No,Yes,4.0,4.45,4.0,4.0,4.0,4.0,4.0,4.0,4.13,53.76795532,0,0,,0,0,35.1,1.3,2.9,35.5,0,Low,0,1,0.0,-1,-0.023055261475304456
40590,Female,Jaipur,Tier2,CS,Networking,Yes,No,8.55,7.85,8.09,8.45,8.37,8.51,8.14,7.97,4.37,50.32802824,1,3,,3,0,37.7,2.6,9.1,50.9,1,High,1,1,18.86,-1,-0.005077452666784721
40765,Male,Chennai,Tier2,ECE,DataScience,No,No,4.25,4.1,4.45,4.41,4.38,4.14,4.87,4.51,4.51,73.3,2,2,3.0,4,1,80.2,4.0,75.5,80.5,1,Low,0,0,0.0,-1,-0.010696353295587158
40792,Female,Kochi,Tier1,Mechanical,Embedded,Yes,No,8.81,9.44,9.18,9.15,8.78,9.81,9.24,9.59,4.39,54.84421732,1,4,4.0,3,1,32.5,5.0,8.8,71.7,1,High,1,1,18.76,-1,-0.027794612686860676
40855,Male,Bangalore,Tier2,ECE,Networking,No,No,9.85,9.88,10.0,10.0,10.0,10.0,9.82,9.63,4.14,54.69903138,3,4,3.0,4,1,31.9,3.2,2.4,77.1,1,High,1,1,18.99,-1,-0.04743719267708302
40889,Male,Pune,Tier2,Mechanical,Embedded,No,No,4.8,4.62,4.6,5.03,4.9,5.06,5.37,4.71,4.39,51.48175166,1,1,2.0,2,1,33.7,3.4,3.1,51.6,0,Low,0,1,0.0,-1,-0.013763266598543211
40981,Male,Hyderabad,Tier2,Civil,Embedded,Yes,No,4.38,4.0,4.87,4.23,5.16,4.16,4.34,4.28,4.43,83.9,1,4,3.0,3,2,75.6,3.6,93.4,,1,Low,1,0,4.32,-1,-0.027903561624463502
41085,Male,Hyderabad,Tier1,ECE,AI,No,No,6.66,6.43,6.94,7.05,7.12,7.18,6.98,6.96,4.06,53.02124222,2,3,3.0,3,1,30.9,4.5,1.8,67.6,0,Mid,1,1,8.91,-1,-0.023453098982050835
41097,Male,Mumbai,Tier3,ECE,Embedded,No,Yes,7.01,6.94,7.09,6.41,6.73,6.98,6.75,7.15,9.89,62.9,3,5,0.0,0,0,96.2,3.0,96.6,35.9,1,Mid,0,1,0.0,-1,-0.018804089007625202
41117,Male,Chennai,Tier2,IT,AI,Yes,No,5.15,4.79,5.37,4.56,4.43,5.05,5.16,4.93,4.93,79.6,2,3,3.0,2,2,92.8,4.4,78.0,83.1,0,Low,1,0,3.91,-1,-0.007637711306058392
41185,Female,Hyderabad,Tier1,Civil,Embedded,Yes,No,8.19,7.67,8.06,7.88,7.96,7.9,8.19,8.65,4.31,52.15414718,2,3,3.0,4,2,35.9,5.0,0.7,88.2,1,High,1,1,18.03,-1,-0.037672891549807797
41220,Male,Hyderabad,Tier2,ECE,DataScience,No,No,4.61,4.23,4.52,4.05,4.71,4.53,4.76,4.8,9.79,55.6,3,5,0.0,0,1,96.5,1.8,98.9,,0,Low,0,1,0.0,-1,-0.06010129666756803
41267,Female,Delhi,Tier2,CS,DataScience,No,No,7.13,7.28,6.98,7.0,6.75,7.23,7.43,7.35,4.02,54.5341017,3,2,4.0,2,1,32.2,3.4,1.4,79.0,1,Mid,1,1,8.36,-1,-0.007369918280969445
41294,Female,Hyderabad,Tier3,CS,AI,Yes,No,4.0,4.0,4.48,4.26,4.64,4.0,4.0,4.24,4.34,66.8,1,2,2.0,3,1,62.4,3.6,,40.6,1,Low,0,0,0.0,-1,-0.019163557429289102
41349,Female,Bangalore,Tier3,IT,Networking,Yes,No,7.1,7.16,6.9,7.02,6.98,6.73,7.03,7.04,4.42,51.78880811,1,1,1.0,0,0,32.1,1.1,2.0,32.7,1,Mid,0,1,0.0,-1,-0.002709859137740245
41359,Female,Bangalore,Tier1,IT,AI,Yes,No,8.99,9.1,9.09,9.37,8.61,8.67,8.85,9.46,4.3,52.24580872,1,3,3.0,3,1,34.7,4.5,3.5,,1,High,1,1,18.24,-1,-0.03605371118033174
41411,Male,Pune,Tier1,CS,Networking,Yes,No,9.19,8.48,8.76,9.09,9.33,9.15,8.79,9.6,9.99,91.6,3,5,4.0,2,3,98.0,3.9,96.8,,1,High,1,1,18.31,-1,-0.016772640897960822
41485,Male,Mumbai,Tier1,CS,AI,No,No,4.29,4.48,5.02,4.2,4.74,4.99,4.71,5.35,4.84,93.0,1,4,3.0,3,2,91.8,2.7,76.1,69.0,0,Low,1,0,3.6,-1,-0.023823195764017813
41491,Male,Ahmedabad,Tier1,ECE,Embedded,No,No,7.32,7.61,7.01,7.67,7.76,7.45,7.92,8.13,4.46,50.63496078,2,4,3.0,3,0,33.3,,4.1,78.8,1,Mid,1,1,8.93,-1,-0.01591892877640977
41513,Female,Delhi,Tier2,CS,AI,Yes,No,8.62,9.33,9.23,9.33,9.48,9.06,8.81,9.29,4.22,54.1577041,1,2,2.0,1,0,33.4,3.1,1.8,69.4,1,High,1,1,18.83,-1,-0.019011600404531093
41538,Male,Hyderabad,Tier2,CS,Networking,Yes,No,5.85,6.08,5.8,5.44,5.56,4.95,6.03,5.51,4.46,53.48333944,1,2,1.0,2,1,35.7,4.2,1.0,48.5,0,Low,1,1,3.56,-1,-0.007037611555934853
41561,Female,Delhi,Tier2,CS,Networking,Yes,No,4.0,4.0,4.0,4.54,4.26,4.71,4.24,4.65,4.3,71.6,2,4,4.0,2,1,85.7,2.9,,76.7,1,Low,1,0,5.22,-1,-0.033184722025516256
41605,Male,Bangalore,Tier2,CS,AI,Yes,No,9.73,9.65,9.36,9.15,9.46,10.0,9.65,9.6,10.0,76.1,3,5,0.0,2,0,99.1,3.0,,64.0,1,High,1,1,18.45,-1,-0.020471336954492325
41616,Male,Kolkata,Tier2,IT,DataScience,No,Yes,9.12,8.96,8.67,9.19,8.86,9.64,9.81,9.14,4.05,52.24632873,1,3,2.0,5,1,35.0,4.4,2.5,74.5,0,High,1,1,18.65,-1,-0.03273675125965714
41650,Male,Bangalore,Tier1,ECE,Embedded,No,No,10.0,10.0,10.0,10.0,10.0,10.0,9.83,10.0,4.13,54.16546705,1,3,3.0,3,2,35.1,3.6,2.9,62.6,1,High,1,1,18.6,-1,-0.05207352578347091
41684,Female,Jaipur,Tier1,IT,Networking,No,Yes,7.22,7.61,7.39,8.02,7.67,7.65,7.45,7.62,4.1,54.54983396,2,3,2.0,3,1,33.4,5.0,8.4,73.6,1,Mid,1,1,8.29,-1,-0.0008891229419037971
41792,Male,Kolkata,Tier1,IT,Networking,Yes,No,9.34,10.0,10.0,9.9,10.0,10.0,10.0,10.0,9.9,83.8,3,5,,2,2,99.4,3.9,100.0,66.3,1,High,1,1,25.23,-1,-0.010290642088673918
41839,Female,Bangalore,Tier2,IT,Embedded,Yes,No,8.19,7.58,8.43,7.29,8.01,8.32,8.54,7.95,4.33,53.46893659,2,4,0.0,2,1,37.2,4.6,3.8,81.7,1,Mid,1,1,9.75,-1,-0.009589166925768278
41925,Female,Bangalore,Tier1,IT,AI,No,No,7.53,7.77,7.3,7.65,8.07,8.06,8.12,8.22,9.72,100.0,3,5,2.0,4,3,98.6,3.3,96.4,,0,Mid,1,1,8.56,-1,-0.00264355506700642
42058,Male,Hyderabad,Tier2,Civil,Networking,Yes,No,6.82,6.19,6.92,7.07,7.16,7.17,7.38,7.4,4.03,53.55309221,2,3,4.0,2,1,36.8,5.0,4.8,57.6,1,Mid,1,1,8.93,-1,-0.023105665409675735
42064,Female,Hyderabad,Tier1,IT,AI,No,Yes,6.14,6.66,7.04,6.9,6.91,6.49,7.01,6.93,9.91,80.2,3,5,4.0,3,2,99.0,4.8,96.1,78.3,0,Mid,1,1,8.69,-1,-0.0030077710501912325
42124,Female,Pune,Tier2,CS,Networking,Yes,No,10.0,10.0,10.0,10.0,10.0,10.0,10.0,10.0,4.07,51.77049562,2,2,2.0,2,1,36.4,4.8,6.8,81.4,1,High,1,1,18.64,-1,-0.03582751167788889
42131,Female,Bangalore,Tier1,ECE,AI,Yes,No,7.64,7.82,7.68,7.99,7.47,7.66,7.94,8.12,4.34,54.42602827,2,4,3.0,2,1,33.4,4.2,0.8,83.6,1,Mid,1,1,8.7,-1,-0.005694403875115883
42200,Female,Hyderabad,Tier3,ECE,AI,No,No,5.36,5.66,5.38,5.65,5.17,5.47,5.73,5.45,9.73,73.4,3,5,0.0,0,0,98.8,1.5,95.3,33.5,1,Low,0,1,0.0,-1,-0.03725837238020713
42255,Male,Hyderabad,Tier1,CS,Networking,No,No,4.4,4.4,4.72,4.88,4.87,5.26,4.61,5.0,4.9,89.2,2,4,3.0,4,0,88.2,5.0,79.8,65.1,0,Low,1,0,3.29,-1,-0.029157655236346502
42659,Male,Jaipur,Tier2,ECE,Networking,No,No,7.53,8.13,7.46,8.12,8.31,8.73,7.84,7.93,4.26,51.95001872,2,4,4.0,3,1,33.4,,5.2,78.9,1,High,1,1,18.48,-1,-0.030877162939412006
42691,Female,Ahmedabad,Tier1,CS,Embedded,Yes,No,6.18,6.51,6.24,6.72,6.4,5.75,6.72,6.7,4.41,54.2360837,2,3,2.0,3,1,32.7,4.4,5.8,83.1,1,Low,1,1,5.49,-1,-0.00815565091836401
42743,Female,Mumbai,Tier3,ECE,Embedded,Yes,Yes,7.55,6.8,7.45,7.12,7.97,7.51,7.57,7.43,9.9,69.7,3,5,1.0,3,0,96.7,1.7,96.9,56.0,0,Mid,0,1,0.0,-1,-0.02426148876034251
42847,Female,Bangalore,Tier2,IT,Networking,No,Yes,7.43,7.66,7.3,7.67,7.48,7.75,7.43,8.06,4.08,50.99390803,1,2,1.0,2,0,31.3,2.9,1.7,52.1,0,Mid,0,1,0.0,-1,-0.01156098064956046
42849,Male,Hyderabad,Tier2,CS,Embedded,No,Yes,6.14,5.88,5.76,6.32,5.99,6.25,6.57,5.84,9.87,89.0,3,5,1.0,2,0,99.2,3.5,98.2,39.2,1,Low,0,1,0.0,-1,-0.018835694329603303
42867,Male,Jaipur,Tier3,ECE,Embedded,No,No,4.21,4.0,4.0,4.46,4.0,4.0,4.0,4.0,4.12,50.0,0,1,0.0,1,0,54.0,,,,0,Low,0,0,0.0,-1,-0.008475477285782573
42953,Male,Bangalore,Tier3,ECE,Networking,No,No,6.71,6.68,6.45,6.26,6.15,6.3,6.59,6.51,9.97,63.0,3,5,1.0,1,0,,2.0,95.3,30.5,0,Low,0,1,0.0,-1,-0.016454050683630816
43016,Female,Bangalore,Tier2,IT,Embedded,Yes,Yes,4.0,4.0,4.0,4.0,4.0,4.0,4.24,4.0,4.17,50.9699134,1,0,,0,0,35.9,2.0,8.4,,0,Low,0,1,0.0,-1,-0.028805939254827218
43048,Male,Hyderabad,Tier3,Mechanical,DataScience,Yes,No,4.0,4.0,4.0,4.0,4.02,4.0,4.0,4.0,9.95,72.6,3,5,1.0,0,0,98.0,,97.9,,0,Low,0,1,0.0,-1,-0.07878414335337292
43073,Male,Mumbai,Tier3,EE,Networking,Yes,No,6.63,6.16,6.47,6.14,6.08,6.16,6.83,6.5,9.97,69.6,3,5,1.0,2,0,97.9,3.2,95.9,41.1,0,Low,0,1,0.0,-1,-0.007794317961895336
43104,Female,Bangalore,Tier2,CS,DataScience,Yes,No,4.83,4.18,4.29,5.18,5.09,4.25,4.65,4.03,9.78,54.7,3,5,1.0,1,0,99.9,2.2,96.4,,0,Low,0,1,0.0,-1,-0.056371482944339135
43107,Male,Ahmedabad,Tier2,ECE,DataScience,No,No,9.1,9.02,9.46,9.48,9.66,9.62,9.69,9.48,9.72,80.8,3,5,3.0,4,1,98.5,3.2,95.7,70.1,1,High,1,1,25.14,-1,-0.0002515805782822289
43142,Male,Kochi,Tier1,ECE,DataScience,No,Yes,8.26,7.78,8.01,8.16,7.85,8.48,8.3,8.76,4.19,50.46388086,1,2,2.0,3,1,31.6,3.0,7.4,88.8,1,Mid,1,1,8.36,-1,-0.007586849014818542
43154,Male,Delhi,Tier3,EE,Networking,Yes,Yes,4.0,4.01,4.38,4.18,4.18,4.0,4.0,4.0,4.18,50.0,1,0,0.0,0,0,51.9,1.4,,31.6,0,Low,0,0,0.0,-1,-0.00834625898651109
43294,Male,Kolkata,Tier1,CS,Networking,Yes,Yes,6.43,6.8,6.85,6.73,6.42,6.56,6.25,7.0,4.32,51.12703083,2,3,3.0,3,2,33.0,4.0,,76.7,1,Mid,1,1,8.32,-1,-0.01166610292117165
43350,Female,Hyderabad,Tier2,ECE,Embedded,Yes,No,7.75,8.0,8.42,7.56,7.76,8.09,7.97,7.87,4.03,50.99773768,2,3,,3,2,32.2,4.6,6.0,67.4,1,Mid,1,1,8.5,-1,-0.022142725264726493
43425,Female,Hyderabad,Tier1,CS,DataScience,No,No,5.9,6.57,6.44,6.8,6.77,6.97,6.64,7.08,4.41,54.33094836,2,3,,3,1,32.8,4.7,0.5,70.3,1,Mid,1,1,8.47,-1,-0.010333229850726267
43482,Male,Ahmedabad,Tier1,IT,DataScience,Yes,No,8.77,9.2,8.76,8.95,8.9,8.73,8.74,8.94,4.45,50.21896582,0,3,1.0,2,0,32.9,2.9,7.9,54.2,0,High,1,1,18.22,-1,-0.023858983527690225
43577,Male,Chennai,Tier3,Civil,Networking,Yes,No,6.21,6.23,5.8,6.27,5.75,5.99,6.01,6.66,9.84,88.3,3,5,1.0,2,1,99.8,2.1,97.2,51.9,0,Low,1,1,3.81,-1,-0.000382330291352706
43582,Female,Kolkata,Tier1,ECE,Networking,Yes,No,8.69,9.16,9.68,9.16,9.42,10.0,9.34,9.79,4.34,54.2114211,1,4,3.0,2,2,38.0,4.7,7.8,,0,High,1,1,18.65,-1,-0.05038541759863635
43606,Male,Mumbai,Tier3,Mechanical,Networking,Yes,No,5.23,5.52,5.05,5.0,5.18,4.78,4.9,4.53,9.78,52.2,3,5,1.0,0,0,,2.4,97.2,33.0,1,Low,0,1,0.0,-1,-0.045664865085894846
43630,Male,Chennai,Tier2,IT,AI,Yes,No,6.36,6.41,6.22,6.65,6.16,6.51,6.17,6.21,9.93,65.4,3,5,0.0,0,0,99.7,2.1,96.4,,0,Low,0,1,0.0,-1,-0.029391104837897197
43695,Female,Chennai,Tier3,Civil,Embedded,Yes,Yes,7.99,7.76,8.26,7.94,7.98,7.43,7.88,8.13,4.09,52.69078122,1,1,1.0,2,1,33.0,,0.7,53.2,0,Mid,1,1,8.49,-1,-0.00911906614925706
43709,Male,Jaipur,Tier3,Civil,Networking,Yes,No,4.78,4.87,4.3,4.22,4.37,4.18,4.23,4.87,4.07,53.54014933,0,1,1.0,1,0,32.7,2.6,5.5,25.7,0,Low,0,1,0.0,-1,-0.0004647166665597835
43765,Male,Jaipur,Tier2,ECE,DataScience,Yes,Yes,4.28,4.0,4.09,4.27,4.0,4.04,4.0,4.0,9.9,58.0,3,5,0.0,1,0,99.4,2.1,95.9,30.1,0,Low,0,1,0.0,-1,-0.07565610457805205
43866,Male,Bangalore,Tier3,IT,Networking,Yes,No,4.0,4.28,4.11,4.0,4.31,4.0,4.02,4.0,4.1,87.4,2,2,1.0,2,1,62.3,3.5,53.3,52.6,1,Low,0,0,0.0,-1,-0.005222239172667842
43896,Male,Chennai,Tier2,Mechanical,DataScience,No,No,4.0,4.09,4.38,4.25,4.53,4.33,4.52,4.75,4.36,91.4,3,4,3.0,4,2,76.6,2.8,75.2,69.8,1,Low,1,0,5.5,-1,-0.04201984202891229
43939,Male,Hyderabad,Tier2,ECE,Networking,Yes,No,4.33,4.12,4.12,4.53,4.0,4.03,4.01,4.0,4.21,72.0,0,2,2.0,2,1,82.8,,40.4,47.9,1,Low,0,0,0.0,-1,-0.002863623788933789
44073,Female,Ahmedabad,Tier1,CS,Networking,No,No,9.33,9.58,9.82,9.5,9.93,10.0,10.0,9.57,4.5,53.02691302,0,1,1.0,1,0,37.0,,0.1,46.8,1,High,1,1,18.74,-1,-0.05310754361152614
44087,Male,Bangalore,Tier3,IT,DataScience,No,Yes,5.27,5.25,5.6,5.52,5.82,5.01,5.8,5.46,9.87,50.0,3,5,0.0,0,0,96.7,2.0,95.2,32.8,0,Low,0,1,0.0,-1,-0.04307657982956081
44090,Male,Kolkata,Tier3,Civil,Networking,Yes,No,4.59,4.87,4.38,4.47,4.82,4.38,4.59,4.75,4.08,54.51287445,1,1,2.0,2,0,32.0,2.3,4.3,53.5,0,Low,0,1,0.0,-1,-0.0005653110552159557
44113,Male,Delhi,Tier1,CS,DataScience,Yes,Yes,9.17,8.93,9.62,8.78,9.46,9.04,9.16,9.8,9.75,68.3,3,5,2.0,1,1,98.9,3.5,95.2,51.9,1,High,1,1,25.24,-1,-0.005205422460500486
44177,Male,Chennai,Tier3,IT,Networking,Yes,No,4.0,4.07,4.55,4.0,4.0,4.0,4.0,4.0,4.0,50.0,0,0,0.0,0,0,59.3,1.2,,37.8,0,Low,0,0,0.0,-1,-0.006547877286789405
44186,Female,Ahmedabad,Tier1,EE,AI,No,No,10.0,9.98,9.55,10.0,10.0,10.0,10.0,10.0,9.85,96.5,3,5,3.0,4,1,,3.1,95.5,80.6,1,High,1,1,25.58,-1,-0.017464637375463887
44202,Female,Bangalore,Tier3,Civil,AI,No,Yes,5.58,5.41,5.88,4.93,4.67,4.86,5.19,4.71,9.85,63.2,3,5,0.0,0,1,,2.0,96.7,29.5,0,Low,0,1,0.0,-1,-0.04533048594477829
44230,Male,Hyderabad,Tier2,Mechanical,DataScience,Yes,No,4.77,4.67,5.47,4.61,4.63,4.72,4.72,4.74,9.87,66.2,3,5,0.0,1,0,97.2,,97.6,36.3,0,Low,0,1,0.0,-1,-0.050422282850067446
44275,Female,Mumbai,Tier1,IT,DataScience,Yes,No,6.48,6.52,6.72,6.32,6.53,6.82,6.32,6.7,4.36,54.84154313,2,3,3.0,4,2,35.7,3.2,0.9,83.9,1,Mid,1,1,9.38,-1,-0.016329662473579032
44294,Male,Jaipur,Tier2,ECE,Networking,No,No,10.0,9.32,10.0,9.72,10.0,9.92,9.54,9.75,9.88,84.2,3,5,1.0,2,1,96.8,2.6,99.4,53.5,0,High,1,1,18.4,-1,-0.01004096774257357
44297,Male,Ahmedabad,Tier3,ECE,Networking,Yes,No,4.29,4.47,4.28,4.57,4.17,4.34,4.57,4.0,9.86,77.6,3,5,2.0,1,0,97.8,4.5,98.5,,1,Low,0,1,0.0,-1,-0.06629677785863597
44309,Male,Delhi,Tier2,IT,DataScience,No,No,6.03,6.48,6.16,7.13,6.01,6.29,6.89,6.42,9.88,69.4,3,5,3.0,2,1,96.0,3.0,95.4,61.1,0,Low,0,1,0.0,-1,-0.005882335334794764
44314,Male,Hyderabad,Tier2,CS,Networking,Yes,No,6.56,6.49,5.88,6.21,6.46,7.04,6.86,6.33,4.37,50.69009125,1,2,2.0,1,0,32.3,3.7,7.4,61.5,0,Low,1,1,3.02,-1,-0.0036161671200994894
44337,Male,Kolkata,Tier1,Mechanical,AI,Yes,No,6.46,6.3,5.99,6.34,5.98,5.75,6.85,6.14,9.93,88.1,3,5,3.0,4,0,,2.9,99.3,58.6,1,Low,0,1,0.0,-1,-0.01599381159165547
44397,Male,Mumbai,Tier3,Mechanical,Networking,Yes,No,4.07,4.0,4.22,4.08,4.07,4.0,4.06,4.3,9.83,66.4,3,5,0.0,1,0,97.7,1.5,96.5,38.1,1,Low,0,1,0.0,-1,-0.08235172981442118
44542,Male,Hyderabad,Tier1,CS,Networking,Yes,No,9.35,9.18,9.51,9.51,10.0,9.89,9.5,9.53,9.95,92.5,3,5,3.0,4,2,98.7,,98.3,75.3,1,High,1,1,18.72,-1,-0.016121519367222725
44552,Male,Bangalore,Tier3,ECE,Networking,Yes,No,5.57,5.86,5.54,5.84,5.05,5.22,4.53,4.78,4.11,53.85393387,0,0,0.0,0,1,34.2,1.3,9.6,,1,Low,0,1,0.0,-1,-0.006690161689476115
44571,Male,Chennai,Tier3,CS,Embedded,Yes,No,4.22,4.54,4.71,4.48,4.51,4.0,4.13,4.14,4.32,50.0,1,0,1.0,0,1,52.7,1.3,23.6,27.7,1,Low,0,0,0.0,-1,-0.0007918479121320487
44663,Male,Kochi,Tier1,IT,AI,No,No,9.1,10.0,9.4,9.87,10.0,9.68,9.75,9.39,9.74,69.0,3,5,1.0,2,1,96.5,,97.0,54.3,0,High,1,1,18.69,-1,-0.016043942386242183
44785,Female,Ahmedabad,Tier3,ECE,Networking,Yes,Yes,9.08,9.17,9.5,9.09,9.03,9.22,8.92,9.24,9.99,84.3,3,5,3.0,1,0,98.9,2.1,98.5,47.5,0,High,0,1,0.0,-1,-0.05699816821067061
44801,Female,Delhi,Tier3,EE,Embedded,Yes,No,4.44,4.0,4.98,4.44,4.25,4.47,4.85,4.8,9.88,65.5,3,5,1.0,0,0,99.4,1.0,98.6,32.2,0,Low,0,1,0.0,-1,-0.055194304242649594
44852,Female,Hyderabad,Tier2,EE,Networking,Yes,No,6.99,6.72,7.64,6.96,7.1,6.84,7.42,7.37,4.1,50.87346948,2,2,3.0,1,0,32.0,2.7,7.9,53.9,0,Mid,0,1,0.0,-1,-0.01379337169062056
44855,Male,Hyderabad,Tier1,Civil,DataScience,No,No,7.4,7.72,7.57,8.06,7.76,8.19,7.91,7.86,4.24,54.97674062,3,4,3.0,3,1,33.2,3.3,3.6,86.9,0,Mid,1,1,8.85,-1,-0.022097867931144988
44962,Female,Bangalore,Tier1,Mechanical,DataScience,No,No,4.36,4.37,4.52,4.51,4.24,4.6,4.69,4.75,4.48,93.0,1,3,3.0,3,1,82.8,4.9,71.4,85.6,1,Low,1,0,5.53,-1,-0.002559400824797886
44974,Male,Delhi,Tier2,CS,AI,No,No,9.08,8.59,8.73,8.76,8.76,9.19,9.15,9.48,4.16,54.44056775,2,3,4.0,3,1,30.2,3.3,0.7,,1,High,1,1,18.64,-1,-0.025491621001841214
45007,Female,Delhi,Tier2,ECE,Embedded,Yes,Yes,6.69,7.41,6.73,7.47,6.98,7.31,7.01,6.84,9.83,89.0,3,5,,2,1,98.4,2.5,97.8,51.5,0,Mid,0,1,0.0,-1,-0.004296726852140442
45023,Female,Mumbai,Tier1,Mechanical,Embedded,Yes,No,9.61,9.37,8.74,8.78,9.38,9.31,8.93,8.98,4.3,52.5811563,2,4,2.0,2,2,,4.2,,81.4,1,High,1,1,18.17,-1,-0.017611619459528827
45169,Male,Ahmedabad,Tier3,EE,Embedded,Yes,Yes,6.76,6.53,6.05,6.25,6.4,5.55,6.05,6.64,9.77,68.3,3,5,1.0,1,0,97.5,1.8,97.4,30.0,0,Low,0,1,0.0,-1,-0.017007652058058764
45190,Male,Pune,Tier3,ECE,AI,Yes,Yes,4.08,4.19,4.0,4.0,4.28,4.06,4.35,4.05,9.81,60.5,3,5,1.0,1,0,98.9,1.9,97.1,32.8,0,Low,0,1,0.0,-1,-0.07446339025752713
45279,Male,Ahmedabad,Tier2,IT,AI,No,No,8.51,8.31,8.81,8.67,8.47,8.96,8.64,7.98,4.44,53.92181649,1,2,1.0,1,1,36.9,2.1,8.8,,0,High,1,1,18.48,-1,-0.014351297017198394
45329,Female,Delhi,Tier2,Civil,Embedded,Yes,No,5.9,5.11,5.45,5.18,6.06,5.46,5.74,5.91,4.1,50.8782924,1,2,,2,1,37.2,4.2,3.5,57.5,1,Low,0,1,0.0,-1,-0.019778205434888396
45354,Male,Mumbai,Tier3,CS,Embedded,No,Yes,5.92,6.56,6.35,5.88,6.02,5.81,6.1,6.31,9.94,53.5,3,5,0.0,0,0,99.8,1.7,97.1,28.2,0,Low,0,1,0.0,-1,-0.03834603217546073
45373,Male,Kolkata,Tier2,Mechanical,AI,Yes,Yes,6.62,7.04,7.03,6.51,6.74,6.37,5.89,6.67,9.9,67.6,3,5,1.0,1,1,98.0,1.6,96.1,36.2,0,Mid,0,1,0.0,-1,-0.0186923397762655
45420,Female,Jaipur,Tier3,Civil,Embedded,Yes,No,8.54,9.08,8.17,8.56,8.5,8.78,8.58,8.84,9.96,76.2,3,5,2.0,3,0,97.9,2.2,99.1,53.6,0,High,1,1,18.18,-1,-0.0012519485837433342
45492,Male,Ahmedabad,Tier2,ECE,Embedded,Yes,No,7.27,6.89,7.5,6.96,7.69,7.07,7.56,7.11,4.27,53.23908207,2,2,3.0,3,1,30.4,4.2,4.6,75.1,1,Mid,1,1,8.14,-1,-0.005872536427119823
45515,Male,Mumbai,Tier1,Civil,Embedded,Yes,No,4.2,5.2,4.15,4.74,4.8,4.97,5.08,5.11,4.7,76.2,3,4,2.0,4,1,88.8,3.1,78.4,79.1,1,Low,1,0,6.47,-1,-0.0036002932747511984
45583,Male,Jaipur,Tier2,IT,Networking,No,No,5.36,5.4,5.4,5.57,5.78,5.24,5.53,5.38,9.93,84.1,3,5,2.0,2,1,98.7,2.5,96.3,44.6,0,Low,0,1,0.0,-1,-0.02384906240504936
45589,Male,Pune,Tier3,ECE,AI,Yes,Yes,6.59,6.42,6.22,6.17,5.98,5.95,5.59,6.05,9.9,58.5,3,5,1.0,0,0,99.6,1.9,98.4,29.4,1,Low,0,1,0.0,-1,-0.024660311952935055
45606,Male,Hyderabad,Tier1,ECE,Networking,No,No,4.78,4.44,4.42,5.05,5.16,4.72,5.57,5.04,4.9,91.6,1,4,2.0,4,1,91.5,5.0,83.2,,1,Low,1,0,4.15,-1,-0.003760187379660218
45616,Female,Jaipur,Tier3,CS,DataScience,No,No,6.1,6.19,5.68,5.85,5.79,5.77,5.75,5.67,9.81,89.4,3,5,,2,0,97.1,2.2,96.1,,1,Low,0,1,0.0,-1,-0.02516174245136149
45642,Female,Chennai,Tier3,CS,Embedded,No,Yes,7.3,6.58,6.73,6.75,6.91,6.97,6.32,7.5,9.81,70.5,3,5,3.0,2,0,97.8,4.1,97.7,41.7,1,Mid,0,1,0.0,-1,-0.00879217369991625
45688,Female,Ahmedabad,Tier2,CS,Networking,Yes,No,8.92,8.69,8.62,10.0,9.34,9.39,9.72,9.24,9.84,97.3,3,5,2.0,3,1,99.2,3.2,98.1,83.6,1,High,1,1,25.56,-1,-0.005023430980951038
45765,Female,Delhi,Tier2,IT,DataScience,No,No,9.0,8.6,8.57,9.09,8.42,9.19,8.73,8.58,4.08,51.00968701,0,2,2.0,2,0,33.0,1.8,9.0,55.7,1,High,0,1,18.35,-1,-0.03631019635450039
45787,Male,Bangalore,Tier2,Mechanical,Networking,No,No,4.59,4.63,4.0,4.11,4.0,4.46,4.61,4.33,4.42,89.8,2,3,2.0,4,1,83.2,3.3,72.0,89.9,1,Low,0,0,0.0,-1,-0.024752845265082146
45808,Male,Mumbai,Tier2,ECE,Networking,Yes,Yes,5.79,5.89,6.08,5.91,6.07,6.8,6.0,6.63,4.12,52.77681419,2,4,3.0,3,2,36.0,3.5,7.5,,1,Low,1,1,4.94,-1,-0.03198483510307204
45868,Male,Hyderabad,Tier1,IT,AI,No,No,8.36,8.78,8.8,9.23,8.28,9.03,8.68,9.01,4.16,53.09183688,3,4,2.0,3,2,30.6,4.5,2.7,80.4,1,High,1,1,18.63,-1,-0.02309658121099656
45876,Female,Hyderabad,Tier1,IT,Networking,Yes,No,6.42,6.07,6.11,6.28,5.86,6.08,6.36,6.59,9.8,68.9,3,5,2.0,1,0,97.6,2.3,96.7,,1,Low,0,1,0.0,-1,-0.011201405883353388
45881,Female,Pune,Tier1,CS,AI,Yes,No,4.0,4.0,4.0,4.04,4.05,4.2,4.95,4.54,4.26,87.4,2,4,,2,2,86.9,3.9,90.7,,1,Low,1,0,4.89,-1,-0.03169428890529036
45898,Male,Bangalore,Tier2,ECE,AI,Yes,Yes,7.61,7.88,7.87,7.53,7.57,7.69,7.01,7.99,9.79,67.1,3,5,2.0,2,0,98.7,2.6,98.1,64.0,0,Mid,0,1,0.0,-1,-0.0026471521824519284
45975,Female,Kochi,Tier2,Mechanical,Embedded,No,No,10.0,10.0,10.0,9.8,9.61,9.5,10.0,10.0,9.96,78.3,3,5,2.0,3,1,98.3,3.4,96.5,72.0,1,High,1,1,25.39,-1,-0.003370595150471556
46016,Male,Bangalore,Tier2,ECE,AI,Yes,No,8.44,8.08,8.25,8.2,7.37,8.46,8.67,8.24,4.44,54.84114985,1,1,,2,1,30.7,2.5,7.6,,0,High,1,1,18.18,-1,-0.016496974143307863
46126,Male,Kochi,Tier2,CS,DataScience,No,Yes,8.63,8.08,8.31,8.55,9.05,8.49,8.84,8.5,4.33,52.5971643,1,4,2.0,3,1,35.4,3.5,4.5,,1,High,1,1,18.49,-1,-0.02476824824941304
46131,Female,Delhi,Tier1,CS,Networking,No,No,6.94,7.48,7.03,7.14,6.99,7.05,7.26,7.44,4.48,52.7821298,1,4,2.0,3,1,33.6,4.1,3.3,75.2,1,Mid,1,1,8.36,-1,-0.00031644051227674996
46134,Male,Chennai,Tier1,IT,DataScience,Yes,No,9.05,9.17,9.65,9.18,9.56,9.7,9.78,9.47,4.36,54.41751787,2,2,2.0,2,1,33.4,3.7,9.1,48.7,0,High,1,1,18.16,-1,-0.021808926769607218
46201,Female,Ahmedabad,Tier2,ECE,Networking,No,No,6.07,5.31,5.53,6.12,6.17,6.12,5.76,5.79,9.85,67.5,3,5,2.0,1,1,98.6,3.4,96.9,52.8,1,Low,0,1,0.0,-1,-0.0037023452998690143
46256,Male,Mumbai,Tier2,CS,AI,No,No,4.69,4.54,4.48,4.21,4.86,4.98,4.87,4.49,9.72,73.3,3,5,2.0,2,1,99.8,3.6,96.7,54.3,0,Low,1,1,3.07,-1,-0.05025573796080729
46268,Male,Bangalore,Tier3,Mechanical,Embedded,Yes,No,5.81,6.33,5.77,5.75,5.75,6.33,6.15,5.58,9.73,80.5,3,5,2.0,1,1,96.1,2.6,,54.1,0,Low,0,1,0.0,-1,-0.007519685574527868
46284,Male,Hyderabad,Tier3,CS,Embedded,No,No,5.61,6.05,5.84,6.02,5.41,5.58,5.68,5.32,9.85,61.7,3,5,0.0,1,0,97.0,2.0,96.8,31.2,1,Low,0,1,0.0,-1,-0.03504667493468261
46363,Female,Mumbai,Tier1,CS,Embedded,Yes,Yes,8.32,8.65,8.5,8.49,7.66,8.33,8.3,8.21,9.71,65.5,3,5,1.0,2,0,99.6,2.8,96.0,,0,High,1,1,18.17,-1,-0.002196830791867055
46496,Male,Bangalore,Tier3,CS,AI,No,No,4.0,4.25,4.31,4.23,4.0,4.0,4.0,4.0,4.29,51.3,1,0,0.0,0,1,46.3,2.3,26.6,31.8,1,Low,0,0,0.0,-1,-0.008356880195777072
46508,Male,Pune,Tier2,IT,AI,No,No,7.38,8.08,8.27,7.84,7.74,7.63,8.1,7.65,4.2,51.55310572,2,1,1.0,1,1,34.1,2.6,1.7,40.8,0,Mid,1,1,8.37,-1,-0.018730091762565904
46533,Male,Hyderabad,Tier2,CS,DataScience,No,Yes,5.2,5.2,5.44,5.3,5.76,5.55,5.46,5.15,10.0,81.0,3,5,2.0,4,1,96.1,2.8,98.5,67.0,1,Low,0,1,0.0,-1,-0.03707397293009307
46548,Male,Delhi,Tier3,CS,Networking,Yes,Yes,7.02,7.29,6.74,7.12,7.52,7.09,6.95,7.19,4.24,54.70946373,0,0,,1,0,32.2,2.1,9.7,30.2,0,Mid,0,1,0.0,-1,-0.000783967857256429
46554,Male,Bangalore,Tier1,CS,AI,Yes,No,8.73,9.11,8.9,8.93,9.46,9.09,9.56,9.33,9.97,100.0,3,5,,3,3,97.7,4.1,,86.5,1,High,1,1,18.32,-1,-0.024654398552533263
46600,Female,Kochi,Tier3,Mechanical,Networking,Yes,No,9.28,8.49,9.23,8.38,8.83,9.3,9.0,8.94,4.48,51.02467696,1,1,1.0,2,1,32.6,3.6,1.7,49.2,0,High,1,1,18.83,-1,-0.013965763946533594
46673,Female,Hyderabad,Tier1,CS,DataScience,No,No,10.0,10.0,9.5,10.0,9.89,10.0,10.0,10.0,4.08,50.84394462,2,3,3.0,3,1,30.6,,2.7,,1,High,1,1,18.6,-1,-0.058862442748488286
46740,Male,Mumbai,Tier2,ECE,Networking,No,No,7.41,8.44,8.63,8.46,8.19,8.1,8.47,8.28,4.21,51.62779454,2,2,2.0,2,1,33.2,3.2,3.2,43.6,0,High,1,1,18.79,-1,-0.00873063981473099
46757,Female,Bangalore,Tier2,Mechanical,DataScience,Yes,Yes,4.61,5.01,5.17,4.71,4.75,4.69,4.16,4.77,4.38,50.50240197,1,0,0.0,0,0,31.0,1.1,3.8,27.2,1,Low,0,1,0.0,-1,-0.0053479060877237306
46767,Male,Bangalore,Tier3,CS,Embedded,No,No,4.58,4.0,4.0,4.0,4.0,4.0,4.0,4.0,4.07,59.0,1,0,0.0,0,1,41.9,,31.4,28.0,0,Low,0,0,0.0,-1,-0.0003087867831174096
46791,Male,Hyderabad,Tier2,IT,Networking,Yes,No,4.1,4.0,4.0,4.27,4.0,4.0,4.0,4.41,4.23,73.5,0,1,2.0,1,1,74.8,2.7,56.2,63.5,0,Low,0,0,0.0,-1,-0.003430293902481174
46830,Female,Hyderabad,Tier2,CS,Embedded,No,No,5.94,6.3,5.82,6.22,5.78,6.12,6.23,6.26,9.71,72.9,3,5,2.0,2,1,98.9,2.4,95.5,63.1,1,Low,0,1,0.0,-1,-0.0028850456966365012
46932,Male,Chennai,Tier1,Mechanical,Embedded,No,No,9.6,9.48,9.45,10.0,9.63,10.0,10.0,9.84,9.93,81.7,3,5,4.0,3,1,99.0,4.5,99.5,82.3,1,High,1,1,25.96,-1,-0.004681678536651579
46974,Female,Bangalore,Tier2,EE,Embedded,No,No,5.17,5.18,5.58,5.7,5.44,5.14,5.27,5.21,4.4,52.25920555,1,2,2.0,1,0,36.7,,8.5,53.8,0,Low,1,1,3.61,-1,-0.01320035821023613
47017,Female,Kolkata,Tier3,IT,Networking,No,Yes,7.19,7.21,7.04,7.25,7.54,7.44,7.53,7.68,4.4,52.40051016,1,2,2.0,1,1,36.7,2.7,9.6,,0,Mid,0,1,0.0,-1,-0.005270672211319272
47031,Male,Pune,Tier1,CS,AI,No,No,6.23,6.12,6.59,6.61,6.23,6.78,6.24,6.78,4.05,51.32946124,2,5,3.0,2,2,33.6,4.7,2.2,74.4,0,Mid,1,1,8.16,-1,-0.053165942352425
47055,Female,Chennai,Tier2,Mechanical,Embedded,No,No,5.55,5.56,5.58,6.21,5.93,5.95,5.86,5.97,4.13,54.01607183,1,3,4.0,2,3,36.7,4.0,8.4,65.8,1,Low,1,1,5.56,-1,-0.03953566632478378
47086,Male,Hyderabad,Tier2,CS,DataScience,No,No,7.97,7.67,7.9,7.91,7.73,8.09,8.13,7.88,4.29,54.05209668,1,2,4.0,3,2,,4.6,4.5,60.8,1,Mid,1,1,8.57,-1,-0.014794008213391385
47201,Female,Mumbai,Tier1,CS,AI,Yes,No,7.31,7.44,7.91,7.95,8.18,7.89,7.76,8.13,4.33,51.97872573,1,3,3.0,4,1,32.0,4.0,6.5,,0,Mid,1,1,8.35,-1,-0.027968884417145956
47216,Male,Mumbai,Tier3,Mechanical,Embedded,Yes,Yes,4.56,4.66,4.28,4.87,4.18,4.67,4.88,4.1,9.77,70.2,3,5,,2,0,97.6,2.1,99.6,52.8,1,Low,0,1,0.0,-1,-0.06369714242910252
47270,Male,Chennai,Tier2,CS,AI,Yes,Yes,8.69,7.07,8.19,7.7,8.03,7.91,7.4,7.96,9.9,64.8,3,5,,2,0,97.8,1.8,97.4,51.1,0,Mid,0,1,0.0,-1,-0.02441981257040049
47301,Male,Kolkata,Tier3,Mechanical,Embedded,No,No,6.12,5.82,6.16,6.11,6.41,6.29,7.18,5.96,9.85,54.4,3,5,1.0,1,0,,2.6,98.7,36.4,0,Low,0,1,0.0,-1,-0.027636598987473948
47340,Male,Chennai,Tier1,ECE,DataScience,No,No,8.21,8.1,8.06,8.11,8.36,8.18,8.02,8.66,4.49,53.11793625,2,3,1.0,2,1,33.8,3.5,9.2,76.9,0,Mid,1,1,8.6,-1,-0.024081375041737796
47407,Male,Kolkata,Tier2,ECE,AI,No,No,7.44,8.41,7.13,7.58,7.99,7.81,8.05,7.44,4.01,51.97938025,1,1,1.0,2,1,35.8,3.0,4.6,55.9,1,Mid,1,1,8.2,-1,-0.007273019413157944
47449,Male,Hyderabad,Tier2,CS,Embedded,Yes,No,5.43,5.22,5.21,5.67,4.91,4.95,5.11,4.82,9.71,57.3,3,5,0.0,0,0,99.1,1.3,99.8,34.7,0,Low,0,1,0.0,-1,-0.03639481506274489
47454,Female,Mumbai,Tier2,ECE,DataScience,Yes,No,9.88,10.0,10.0,10.0,10.0,10.0,10.0,10.0,9.81,87.5,3,5,4.0,4,2,97.5,3.7,97.0,72.4,0,High,1,1,18.45,-1,-0.011811002474289123
47462,Male,Bangalore,Tier2,IT,AI,Yes,No,9.06,9.03,8.84,9.71,9.51,9.5,9.34,9.83,4.14,53.07146857,2,3,3.0,3,1,31.6,3.4,7.2,73.8,1,High,1,1,18.91,-1,-0.029496068347352633
47466,Male,Jaipur,Tier1,ECE,AI,Yes,Yes,5.85,6.3,5.75,6.19,6.54,5.62,6.05,6.2,4.14,53.30695645,1,3,2.0,2,0,37.9,3.1,0.1,54.4,0,Low,0,1,0.0,-1,-0.0013766480745345255
47523,Male,Chennai,Tier2,ECE,Networking,No,No,6.24,5.97,6.45,5.19,5.46,5.59,6.29,5.96,4.14,53.6812376,0,0,1.0,0,1,33.7,3.4,1.5,28.6,0,Low,0,1,0.0,-1,-0.006983252620183289
47527,Female,Kochi,Tier1,ECE,Networking,No,No,4.88,5.37,4.94,5.34,5.11,5.36,5.26,5.6,9.86,81.5,3,5,2.0,1,1,98.8,3.1,96.2,63.8,1,Low,0,1,0.0,-1,-0.03091247264903829
47567,Male,Chennai,Tier2,CS,DataScience,No,No,7.51,7.87,7.83,7.38,8.22,8.17,7.66,8.29,9.93,100.0,3,5,,3,2,97.3,4.9,,74.9,1,Mid,1,1,8.98,-1,-0.0022617927222177148
47698,Female,Hyderabad,Tier2,CS,DataScience,No,No,6.07,6.58,6.46,6.6,5.88,6.55,6.11,6.02,9.74,65.6,3,5,1.0,1,1,96.1,,96.7,53.5,0,Low,0,1,0.0,-1,-0.024395698874754235
47715,Female,Pune,Tier2,ECE,Embedded,No,No,8.84,8.59,8.66,9.32,9.49,8.48,9.56,9.36,9.8,90.8,3,5,3.0,3,1,98.5,4.2,99.7,92.1,1,High,1,1,25.28,-1,-0.002171525317100853
47845,Male,Ahmedabad,Tier3,CS,DataScience,Yes,No,4.65,4.51,4.55,4.67,4.2,4.56,4.94,4.65,4.29,50.2844676,0,0,1.0,0,0,33.3,2.4,8.1,33.7,0,Low,0,1,0.0,-1,-0.0008901774645994065
47869,Male,Chennai,Tier3,ECE,Networking,Yes,Yes,4.0,4.0,4.0,4.0,4.0,4.37,4.0,4.0,9.87,61.2,3,5,0.0,1,0,99.8,2.2,96.8,24.7,1,Low,0,1,0.0,-1,-0.08620361579494107
48002,Female,Chennai,Tier3,CS,AI,Yes,No,4.14,4.11,4.04,4.17,4.32,4.0,4.32,4.71,4.16,85.2,1,2,,1,1,73.7,3.4,49.4,48.7,1,Low,0,0,0.0,-1,-0.0018997291984895748
48029,Female,Ahmedabad,Tier3,Mechanical,Embedded,Yes,Yes,4.64,4.38,4.5,4.4,4.3,4.09,4.11,4.0,4.38,51.09951205,0,1,1.0,0,0,32.0,2.1,,,0,Low,0,1,0.0,-1,-0.014437186972592442
48053,Male,Chennai,Tier1,EE,Networking,No,No,8.56,8.82,9.25,8.87,9.13,9.5,9.09,9.9,9.94,93.0,3,5,2.0,3,2,,3.5,96.8,,0,High,1,1,18.02,-1,-0.0036975707823651005
48083,Female,Pune,Tier1,CS,DataScience,Yes,No,9.53,9.6,10.0,9.34,10.0,10.0,10.0,10.0,4.06,50.76604618,2,3,3.0,3,2,32.7,4.3,4.2,77.1,1,High,1,1,18.43,-1,-0.05502001369199172
48105,Female,Delhi,Tier3,CS,AI,Yes,No,5.79,5.3,5.42,4.91,5.01,5.41,4.63,4.6,10.0,71.3,3,5,1.0,1,0,98.8,1.7,97.5,27.9,1,Low,0,1,0.0,-1,-0.04135732215824928
48148,Female,Mumbai,Tier3,ECE,Embedded,Yes,Yes,4.0,4.0,4.0,4.0,4.0,4.0,4.03,4.0,9.72,57.3,3,5,0.0,0,0,97.2,2.1,96.5,34.5,1,Low,0,1,0.0,-1,-0.08742575953633358
48176,Male,Hyderabad,Tier3,ECE,Embedded,No,No,8.6,9.0,8.86,8.9,8.77,8.89,8.82,8.29,8.8,56.0,0,1,0.0,0,0,56.1,1.0,,24.7,0,High,0,0,0.0,-1,-0.006871121137426273
48177,Male,Hyderabad,Tier2,IT,Embedded,No,No,4.51,4.32,4.46,4.09,4.16,4.03,4.41,4.0,4.28,54.80758647,1,2,1.0,2,0,33.6,3.7,5.5,46.0,1,Low,0,1,0.0,-1,-0.04123356333463324
48306,Male,Bangalore,Tier2,CS,DataScience,Yes,No,6.16,6.01,6.56,6.14,6.46,6.63,6.4,7.19,9.77,85.3,3,5,1.0,1,0,97.3,3.0,,,0,Mid,1,1,8.66,-1,-0.014592905721192428
48377,Male,Pune,Tier2,EE,Networking,Yes,No,7.91,8.73,7.67,8.16,8.55,8.24,8.17,8.13,4.13,53.4140186,1,2,3.0,3,2,31.3,4.6,9.6,83.2,1,High,1,1,18.68,-1,-0.013219384880877927
48469,Female,Ahmedabad,Tier3,CS,DataScience,Yes,No,6.96,6.82,6.89,6.98,6.95,6.64,6.9,7.41,4.27,51.60604168,0,2,,1,1,32.3,3.4,3.2,56.3,0,Mid,0,1,0.0,-1,-0.011895881148580756
48517,Female,Ahmedabad,Tier2,Mechanical,Networking,Yes,No,4.82,4.45,5.11,4.78,4.0,4.68,4.34,4.83,4.1,51.79978802,1,2,2.0,1,1,37.9,3.3,3.4,55.1,1,Low,1,1,5.84,-1,-0.047326437806386124
48544,Male,Kochi,Tier3,EE,DataScience,No,Yes,5.12,4.11,4.5,4.64,4.32,4.46,4.37,4.0,4.26,52.36110397,0,0,0.0,0,0,32.8,2.5,,26.9,0,Low,0,1,0.0,-1,-0.013555427933590769
48591,Male,Bangalore,Tier2,EE,DataScience,No,No,8.56,8.63,8.83,8.04,8.77,8.62,8.93,8.85,4.33,53.50279515,1,2,2.0,2,0,35.5,2.4,,47.2,1,High,1,1,18.53,-1,-0.0010825720356646418
48652,Female,Ahmedabad,Tier2,IT,DataScience,Yes,No,9.79,9.61,10.0,9.85,10.0,9.9,10.0,10.0,4.4,50.90350943,2,5,,4,2,35.9,3.4,,77.6,1,High,1,1,18.03,-1,-0.058462965993707816
48672,Female,Jaipur,Tier2,CS,Embedded,No,No,4.92,4.53,5.87,5.07,4.84,4.58,4.51,5.26,9.74,50.0,3,5,0.0,0,0,99.6,2.6,97.2,34.0,0,Low,0,1,0.0,-1,-0.0638118994342165
48699,Male,Kolkata,Tier3,IT,AI,No,No,4.0,4.0,4.27,4.33,4.1,4.0,4.0,4.0,4.16,50.0,1,0,1.0,1,0,63.6,1.0,25.5,,1,Low,0,0,0.0,-1,-0.015307860197678047
48724,Male,Pune,Tier1,CS,DataScience,Yes,No,4.19,4.51,4.58,4.47,4.3,4.74,4.89,4.86,4.56,94.0,2,4,3.0,4,1,79.4,3.7,62.5,63.8,1,Low,1,0,6.16,-1,-0.005542770264650554
48787,Male,Pune,Tier1,CS,DataScience,Yes,No,8.88,9.12,8.76,9.41,8.78,8.94,9.06,8.83,4.04,53.19327,2,3,1.0,4,2,35.9,5.0,3.9,72.1,0,High,1,1,18.1,-1,-0.033537807681594534
48799,Male,Ahmedabad,Tier2,EE,AI,Yes,No,9.13,9.1,8.79,8.65,9.36,9.79,9.44,9.92,4.34,54.16719276,2,3,3.0,3,0,37.7,3.8,1.9,84.1,1,High,1,1,18.97,-1,-0.03292588278177089
48821,Female,Mumbai,Tier1,EE,AI,Yes,No,6.45,6.75,6.48,6.72,7.12,6.66,7.42,6.82,4.5,50.90876683,0,2,3.0,1,0,34.3,2.7,0.4,52.7,0,Mid,1,1,9.99,-1,-0.009686042507885628
48906,Male,Ahmedabad,Tier2,EE,DataScience,No,No,7.88,8.43,7.96,7.86,8.51,8.09,7.97,8.54,9.8,79.7,3,5,,5,2,99.2,4.4,98.7,74.3,1,High,1,1,25.25,-1,-0.016868890715834306
49029,Male,Bangalore,Tier2,CS,AI,Yes,No,4.77,6.0,4.68,5.45,5.06,5.19,4.82,4.85,9.97,65.4,3,5,1.0,1,0,97.6,2.0,99.2,36.1,0,Low,0,1,0.0,-1,-0.043917491214340076
49031,Male,Jaipur,Tier2,ECE,DataScience,Yes,No,4.44,4.86,4.57,4.3,4.9,4.0,4.36,4.45,4.0,54.2440863,0,0,1.0,0,1,30.9,2.4,5.5,32.4,0,Low,0,1,0.0,-1,-0.02902996589339646
49045,Female,Pune,Tier2,Mechanical,Embedded,No,No,5.2,4.65,4.87,4.54,4.0,4.73,4.0,4.48,9.81,54.4,3,5,1.0,0,0,99.5,1.6,98.1,36.2,1,Low,0,1,0.0,-1,-0.06863326836492345
49054,Female,Pune,Tier2,Mechanical,Embedded,Yes,No,4.83,4.85,4.51,4.68,4.88,4.98,5.04,5.11,9.75,69.0,3,5,2.0,2,0,,,99.4,50.2,0,Low,0,1,0.0,-1,-0.047553513063834485
49084,Female,Bangalore,Tier2,ECE,Embedded,No,No,9.39,9.61,10.0,10.0,10.0,9.49,9.57,9.61,4.46,50.34622962,3,3,3.0,3,1,,4.2,5.0,73.0,1,High,1,1,18.89,-1,-0.03946362390422642
49093,Male,Chennai,Tier1,CS,DataScience,Yes,No,8.85,9.17,8.87,9.24,9.4,9.23,9.44,9.62,9.8,93.1,3,5,1.0,3,2,96.9,4.2,98.0,65.7,1,High,1,1,25.42,-1,-0.0005143148873922865
49113,Female,Delhi,Tier3,ECE,Embedded,No,No,4.38,4.72,4.81,4.32,4.0,4.0,4.18,4.25,9.77,58.6,3,5,1.0,1,0,99.1,1.0,98.4,28.6,0,Low,0,1,0.0,-1,-0.07190309473662504
49130,Male,Chennai,Tier1,CS,Embedded,Yes,No,8.96,8.27,9.27,9.61,9.68,9.32,8.95,9.58,9.98,82.7,3,5,3.0,3,2,99.6,3.7,96.2,79.0,1,High,1,1,25.1,-1,-0.008822572028054698
49217,Male,Hyderabad,Tier3,Civil,Embedded,Yes,No,4.0,4.0,4.32,4.0,4.53,4.12,4.19,4.0,4.13,77.0,0,2,2.0,1,1,79.4,2.7,60.2,49.1,1,Low,0,0,0.0,-1,-0.002956406070790507
49397,Male,Hyderabad,Tier2,EE,DataScience,No,Yes,10.0,9.86,10.0,9.96,10.0,10.0,10.0,10.0,4.28,50.89791386,2,3,2.0,3,2,,4.2,6.2,59.0,1,High,1,1,18.57,-1,-0.05628835611530891
49425,Male,Delhi,Tier3,CS,DataScience,Yes,No,8.02,8.83,8.74,8.81,8.96,9.22,8.85,8.86,4.18,50.70735353,1,1,2.0,2,0,31.6,2.5,9.4,43.6,0,High,1,1,18.71,-1,-0.02279117703425204
49465,Male,Delhi,Tier1,CS,DataScience,No,No,8.54,8.63,8.34,8.94,8.83,8.74,8.87,9.18,9.81,92.7,3,5,2.0,4,1,97.2,,,75.9,1,High,1,1,18.33,-1,-0.0012949747269492828
49481,Male,Chennai,Tier3,IT,Networking,No,Yes,4.57,4.91,5.07,5.2,5.45,4.25,4.6,5.02,9.85,57.0,3,5,1.0,0,0,,2.2,96.9,29.3,0,Low,0,1,0.0,-1,-0.04284795594737956
49504,Female,Hyderabad,Tier3,CS,DataScience,No,Yes,4.0,4.0,4.0,4.0,4.0,4.0,4.0,4.04,4.0,72.0,0,2,,2,0,74.3,2.9,,53.1,0,Low,0,0,0.0,-1,-0.018908035009368995
49513,Female,Kochi,Tier2,ECE,DataScience,Yes,No,9.31,10.0,10.0,9.43,10.0,9.71,9.73,9.81,9.86,73.2,3,5,1.0,2,0,96.6,3.7,98.1,55.3,1,High,1,1,25.99,-1,-0.020232825858491732
49535,Male,Delhi,Tier1,CS,Networking,Yes,No,7.23,7.96,7.36,7.94,8.03,7.8,8.05,7.79,4.38,50.63986692,3,5,3.0,3,1,,3.7,6.5,80.5,1,Mid,1,1,9.22,-1,-0.03164518921190462
49559,Male,Bangalore,Tier1,ECE,Networking,Yes,No,8.59,9.02,8.58,8.5,8.29,9.14,8.67,8.67,4.36,52.40714259,1,3,2.0,4,2,30.3,4.5,6.8,66.6,1,High,1,1,18.84,-1,-0.01715229788031103
49564,Female,Pune,Tier2,ECE,AI,Yes,No,7.23,6.96,7.46,7.17,7.39,7.64,7.57,7.59,4.06,52.18463084,1,3,2.0,2,1,35.4,3.3,5.3,45.3,0,Mid,1,1,8.53,-1,-0.009642005948069854
49621,Female,Delhi,Tier2,ECE,Embedded,Yes,Yes,8.28,8.26,9.01,8.5,8.64,8.33,8.7,8.49,9.71,50.0,3,5,,2,0,,3.2,95.6,54.3,1,High,1,1,25.8,-1,-0.012531648811512919
49633,Female,Delhi,Tier1,Mechanical,AI,Yes,No,6.82,7.4,7.22,8.08,7.79,7.06,7.85,7.64,9.95,88.6,3,5,3.0,4,1,99.7,3.3,97.0,95.3,0,Mid,1,1,8.81,-1,-0.004969282327259572
49657,Female,Jaipur,Tier3,CS,DataScience,Yes,Yes,5.16,5.27,5.19,5.0,4.84,5.2,4.63,5.58,9.86,62.0,3,5,0.0,0,0,98.5,1.5,97.2,34.7,0,Low,0,1,0.0,-1,-0.051432951629709844
49660,Male,Delhi,Tier1,CS,DataScience,Yes,No,8.47,8.9,8.69,8.85,9.0,8.96,8.84,9.33,4.01,54.88459172,2,3,3.0,3,1,30.1,4.4,6.3,79.5,1,High,1,1,18.85,-1,-0.021219449165754245
49679,Male,Chennai,Tier3,IT,DataScience,Yes,No,8.7,8.71,8.46,8.48,8.66,8.87,8.88,8.75,4.12,52.07629868,1,2,2.0,2,1,32.1,,7.1,45.6,0,High,1,1,18.07,-1,-0.006292835595036794
49699,Male,Delhi,Tier3,CS,Embedded,Yes,No,5.67,5.7,5.77,6.11,6.64,5.56,5.61,6.01,4.03,54.95358972,1,3,2.0,2,0,31.6,3.2,1.4,44.2,1,Low,1,1,4.36,-1,-0.007722367490404891
49867,Male,Pune,Tier1,Civil,Embedded,Yes,No,9.33,9.45,9.43,9.04,9.29,9.08,9.36,9.33,9.8,69.0,3,5,1.0,1,0,99.9,,,35.4,1,High,1,1,18.29,-1,-0.03210789393364932
49979,Female,Bangalore,Tier3,Mechanical,Networking,No,No,9.78,9.77,9.08,9.8,9.83,9.43,9.99,9.79,9.86,83.7,3,5,1.0,2,1,98.8,1.9,97.0,48.1,1,High,1,1,18.17,-1,-0.014948142439767165
49980,Male,Pune,Tier2,Civil,Embedded,Yes,Yes,6.16,6.62,6.58,6.23,6.45,6.88,6.63,6.49,9.96,91.8,3,5,1.0,2,1,99.7,3.3,99.8,42.9,1,Mid,1,1,8.63,-1,-0.004333726121732995
