StudentID,SGPA_Sem1,SGPA_Sem2,SGPA_Sem3,SGPA_Sem4,SGPA_Sem5,SGPA_Sem6,SGPA_Sem7,SGPA_Sem8,CGPA,AttendancePercent,Internships,Projects,Workshops,Certifications,Publications,AptitudeTestScore,SoftSkillsRating,CodingTestScore,MockInterviewScore,ExtraCurricular,DBSCAN_Cluster,Point_Type,PlacementStatus
33554,8.6,8.69,9.19,8.47,9.04,8.7,8.97,9.13,8.79,93.6,2.0,4.0,3.0,3.0,1.0,83.2,3.5,57.6,76.8,0.0,0,Core,1
9428,5.19,4.71,4.76,4.64,4.83,4.67,5.19,4.68,4.78,67.9,0.0,0.0,1.0,1.0,0.0,37.0,1.7,24.8,28.3,1.0,0,Core,0
200,6.4,6.94,6.82,6.38,6.92,6.79,7.29,7.28,6.81,77.7,1.0,2.0,2.0,2.0,0.0,73.4,3.0,60.1,45.5,1.0,0,Core,0
12448,5.91,6.44,5.58,5.82,5.7,5.68,6.18,5.35,5.91,61.8,0.0,1.0,1.0,1.0,0.0,56.0,1.3,22.5,31.9,1.0,0,Core,0
39490,5.72,5.55,6.38,6.2,5.79,5.78,5.75,5.47,5.89,94.1,1.0,2.0,2.0,2.0,0.0,60.5,3.0,59.2,36.1,0.0,0,Core,1
42725,5.82,5.89,6.06,5.94,6.2,5.85,6.4,6.44,6.05,71.6,0.0,2.0,2.0,1.0,0.0,67.7,3.2,51.4,59.8,0.0,0,Core,0
10823,6.94,6.99,6.77,6.98,6.96,7.27,6.66,6.72,7.07,51.6,0.0,1.0,1.0,1.0,0.0,45.1,1.7,26.2,29.7,0.0,0,Core,0
49499,6.81,5.9,6.36,6.57,6.68,6.38,6.13,6.79,6.37,79.1,1.0,2.0,1.0,2.0,1.0,68.1,3.3,58.7,48.5,1.0,0,Core,0
4145,4.7,5.12,4.77,4.86,4.83,4.94,4.39,4.87,4.93,54.5,1.0,1.0,1.0,0.0,0.0,51.5,1.9,25.4,22.8,0.0,0,Core,0
36959,7.7,7.55,7.06,7.61,7.54,7.15,7.84,7.96,7.5,60.6,2.0,4.0,3.0,2.0,2.0,89.4,4.2,79.4,61.6,1.0,0,Core,1
43107,9.1,9.02,9.46,9.48,9.66,9.62,9.69,9.48,9.72,80.8,3.0,5.0,3.0,4.0,1.0,98.5,3.2,95.7,70.1,1.0,0,Core,1
38696,6.39,6.47,6.55,6.35,5.76,6.58,6.31,6.32,6.29,60.5,0.0,1.0,0.0,0.0,0.0,51.5,2.3,31.7,28.0,0.0,0,Core,0
6189,8.39,8.78,8.51,8.58,7.92,8.74,8.86,8.41,8.5,85.2,2.0,2.0,2.0,1.0,2.0,79.7,4.8,91.6,68.1,1.0,0,Core,1
1415,6.71,6.71,7.23,6.61,6.63,6.87,6.81,7.17,6.93,85.9,1.0,1.0,2.0,2.0,0.0,64.9,3.1,57.2,37.9,0.0,0,Core,0
18472,5.1,5.09,5.26,5.6,5.25,4.7,5.37,4.79,5.18,60.2,1.0,0.0,0.0,1.0,0.0,51.2,1.7,26.3,28.3,1.0,0,Core,0
29283,7.01,7.38,7.13,6.63,6.43,7.49,6.61,6.85,6.83,63.7,1.0,1.0,0.0,1.0,0.0,51.7,2.2,34.9,54.9,0.0,0,Core,0
15178,8.67,8.62,9.17,9.75,9.38,8.78,9.21,8.87,9.03,97.1,2.0,4.0,3.0,3.0,1.0,73.6,4.8,67.8,86.8,1.0,0,Core,1
34305,6.53,5.65,6.48,5.75,6.33,6.05,6.06,5.79,6.16,56.1,0.0,1.0,0.0,1.0,0.0,38.0,2.5,27.9,30.4,0.0,0,Core,0
12610,4.0,4.31,4.09,4.0,4.06,4.0,4.0,4.0,4.09,61.5,1.0,1.0,1.0,0.0,0.0,45.3,2.8,20.1,36.6,1.0,0,Core,0
12145,5.94,5.98,5.5,5.22,5.75,5.84,5.98,5.68,5.48,90.8,0.0,2.0,1.0,2.0,0.0,69.7,2.4,46.2,47.0,0.0,0,Core,0
6114,7.55,7.09,7.84,7.71,7.92,7.51,7.31,7.84,7.47,85.1,1.0,3.0,1.0,1.0,1.0,64.9,3.2,54.5,47.4,1.0,0,Core,1
15909,7.83,8.03,8.25,8.01,8.37,7.83,8.22,7.7,4.43,54.74264263,2.0,2.0,2.0,3.0,2.0,32.3,3.1,8.7,73.0,1.0,-1,Noise,1
822,9.71,10.0,10.0,10.0,10.0,10.0,10.0,10.0,9.96,98.2,2.0,3.0,2.0,4.0,1.0,87.6,5.0,72.3,79.9,0.0,0,Core,1
15119,8.7,8.15,8.62,8.5,8.51,8.2,8.64,8.64,8.52,81.8,2.0,3.0,2.0,2.0,2.0,80.0,4.0,72.8,75.1,1.0,0,Core,1
13467,8.07,8.16,8.92,8.65,9.18,8.56,8.55,8.16,8.43,81.6,1.0,2.0,1.0,1.0,0.0,74.5,3.0,47.4,53.3,1.0,0,Core,1
26498,7.06,7.41,7.31,7.25,7.14,7.17,7.55,7.72,7.45,89.5,2.0,4.0,3.0,3.0,2.0,83.8,5.0,91.8,73.3,1.0,0,Core,1
42112,5.85,6.44,5.97,6.07,6.46,6.45,6.57,6.5,6.17,89.3,1.0,2.0,2.0,2.0,0.0,69.6,4.1,64.2,46.3,0.0,0,Core,0
30189,6.98,7.19,7.28,8.07,7.84,7.92,7.92,7.52,7.47,76.7,0.0,1.0,2.0,2.0,0.0,72.9,2.7,43.2,53.1,0.0,0,Core,1
37238,8.01,7.63,7.3,7.75,8.24,6.97,7.51,7.2,7.46,72.0,1.0,2.0,2.0,2.0,1.0,64.6,3.6,67.1,53.5,0.0,0,Core,1
33110,4.83,4.27,4.36,4.0,4.08,4.0,4.43,4.0,4.34,66.8,0.0,1.0,0.0,0.0,0.0,56.8,1.1,33.8,31.2,0.0,0,Core,0
36481,5.61,5.49,5.58,5.55,5.72,5.41,5.33,5.4,5.53,57.7,0.0,0.0,1.0,0.0,0.0,52.1,2.3,23.2,34.1,0.0,0,Core,0
24149,7.47,7.18,7.47,7.9,7.66,7.96,7.27,7.78,7.53,100.0,2.0,4.0,2.0,3.0,2.0,62.7,3.0,57.6,80.8,1.0,0,Core,1
5504,6.72,7.16,6.84,6.8,7.39,6.92,7.44,7.53,7.18,71.0,1.0,1.0,3.0,2.0,0.0,55.5,2.1,54.1,59.2,1.0,0,Core,1
3919,7.0,7.16,6.54,7.07,6.79,6.82,6.75,6.36,6.86,78.7,0.0,2.0,2.0,2.0,0.0,63.6,3.7,54.3,54.9,1.0,0,Core,0
38479,7.78,7.15,7.84,7.26,7.11,7.94,7.39,7.97,7.71,75.3,1.0,1.0,1.0,1.0,1.0,81.5,4.3,48.0,43.3,0.0,0,Core,1
21124,6.45,5.78,6.45,6.08,6.99,6.49,6.19,6.19,6.44,66.7,1.0,2.0,2.0,1.0,1.0,55.7,3.2,51.6,46.4,0.0,0,Core,0
49718,10.0,9.94,10.0,10.0,10.0,10.0,10.0,10.0,9.98,100.0,2.0,2.0,3.0,4.0,2.0,83.7,3.6,77.7,78.5,1.0,0,Core,1
42295,6.39,6.23,6.8,6.11,5.92,6.16,5.76,6.22,6.13,86.7,2.0,2.0,1.0,2.0,0.0,75.4,3.2,58.1,50.3,1.0,0,Core,0
47610,6.6,6.6,7.31,6.31,6.29,6.68,5.95,6.89,6.63,95.2,1.0,2.0,2.0,1.0,0.0,77.6,3.2,62.0,54.6,0.0,0,Core,1
11077,6.5,6.39,6.22,6.47,6.46,5.87,6.49,6.81,6.22,65.6,1.0,2.0,2.0,1.0,1.0,65.1,2.7,53.5,55.4,1.0,0,Core,1
41515,8.58,7.62,8.44,8.56,8.07,8.46,8.44,8.26,8.35,82.8,2.0,3.0,2.0,4.0,1.0,92.3,5.0,59.7,57.7,1.0,0,Core,1
22063,8.73,9.16,9.35,9.17,9.59,9.86,9.87,9.2,9.47,78.4,2.0,4.0,3.0,3.0,2.0,61.4,4.7,75.0,62.3,1.0,0,Core,1
9414,7.76,8.29,7.54,7.87,7.59,8.1,8.47,8.08,8.04,95.3,2.0,4.0,2.0,3.0,2.0,98.1,2.5,70.1,70.9,1.0,0,Core,1
38341,8.39,8.37,8.8,8.21,8.88,8.51,9.1,9.1,9.79,84.6,3.0,5.0,3.0,3.0,2.0,98.2,4.1,96.0,74.7,1.0,0,Core,1
30264,7.72,7.79,8.19,7.93,8.14,7.76,8.2,8.09,8.06,75.2,0.0,2.0,3.0,1.0,1.0,72.3,2.7,41.4,55.0,1.0,0,Core,0
41253,5.71,6.01,5.83,6.02,6.23,6.47,6.46,6.16,6.13,78.2,0.0,2.0,2.0,3.0,1.0,83.9,3.3,56.4,57.2,1.0,0,Core,0
14645,6.49,6.8,6.89,6.78,6.9,7.49,6.72,7.14,4.32,51.7125302,1.0,1.0,0.0,2.0,1.0,30.2,1.9,2.3,54.9,0.0,0,Border,1
26336,5.18,5.35,5.57,4.94,5.2,5.6,5.0,5.96,4.17,53.66600049,1.0,1.0,0.0,0.0,0.0,37.2,2.7,2.7,26.8,0.0,0,Core,0
28103,7.32,7.89,7.04,7.24,7.71,7.45,7.81,8.42,7.63,87.5,1.0,2.0,2.0,2.0,1.0,62.9,4.0,54.3,52.5,1.0,0,Core,1
17524,5.81,4.96,4.85,5.48,5.09,5.38,4.8,5.36,5.13,59.6,1.0,0.0,1.0,1.0,1.0,69.6,1.2,27.9,28.8,1.0,0,Core,0
24713,7.15,7.29,6.95,6.73,6.7,7.05,6.41,6.09,6.51,67.1,1.0,1.0,2.0,2.0,1.0,72.2,3.4,53.4,52.1,1.0,0,Core,1
40486,6.57,6.05,5.9,6.48,6.39,6.62,6.47,6.31,6.2,75.5,1.0,3.0,2.0,2.0,1.0,69.6,3.0,51.0,47.5,0.0,0,Core,1
3851,8.72,8.57,8.59,8.56,8.74,8.57,8.32,8.3,8.52,62.4,1.0,2.0,2.0,1.0,0.0,64.3,3.0,47.2,44.8,1.0,0,Core,1
40041,6.04,6.56,5.84,6.42,7.01,6.6,6.92,6.26,6.4,79.7,1.0,1.0,2.0,1.0,1.0,66.5,3.4,53.8,51.5,0.0,0,Core,0
15268,4.9,5.61,5.05,5.11,5.5,5.23,5.21,5.11,5.14,93.5,1.0,2.0,1.0,2.0,1.0,64.5,2.6,47.4,49.3,0.0,0,Core,0
49147,6.05,5.91,6.09,5.64,6.33,5.78,6.25,5.99,5.92,80.0,1.0,2.0,2.0,1.0,1.0,69.6,2.7,65.3,59.5,0.0,0,Core,1
30002,7.32,7.56,7.52,7.51,7.52,7.09,7.78,7.91,7.59,82.1,1.0,2.0,1.0,1.0,1.0,66.8,3.2,42.3,51.9,1.0,0,Core,1
45927,7.68,7.57,7.54,8.05,7.52,8.5,7.77,8.06,7.76,82.9,2.0,4.0,2.0,4.0,2.0,69.9,3.2,90.9,84.2,1.0,0,Core,1
43825,9.32,9.67,9.14,8.96,8.94,9.54,9.14,9.06,9.16,76.0,1.0,2.0,2.0,2.0,0.0,66.1,3.2,60.2,47.7,0.0,0,Core,1
17241,7.78,8.25,8.45,8.31,8.2,8.62,8.56,8.9,8.49,82.3,1.0,2.0,3.0,4.0,2.0,89.0,5.0,75.8,74.1,1.0,0,Core,1
4893,5.27,5.49,5.74,5.79,5.78,5.45,6.14,6.46,5.57,69.6,2.0,1.0,2.0,1.0,1.0,73.6,3.0,43.5,52.5,0.0,0,Core,1
726,7.89,8.19,7.88,7.29,8.36,8.29,8.06,7.49,7.89,59.8,1.0,1.0,1.0,0.0,1.0,41.7,1.9,36.5,34.1,0.0,0,Core,0
22950,5.11,4.99,4.82,4.36,4.68,4.86,4.8,4.66,4.84,63.0,0.0,1.0,1.0,0.0,0.0,44.8,1.8,25.7,25.2,1.0,0,Core,0
34658,6.29,5.98,6.34,6.38,6.05,6.34,6.18,6.02,6.32,53.3,0.0,1.0,1.0,1.0,0.0,47.8,1.8,21.2,23.9,1.0,0,Core,0
37214,5.82,6.39,6.6,6.62,6.02,6.17,5.52,6.08,6.04,58.1,0.0,1.0,0.0,0.0,0.0,51.4,1.4,28.7,32.9,0.0,0,Core,0
20305,7.25,7.24,7.17,6.81,7.18,6.9,7.12,6.77,7.34,82.2,1.0,2.0,1.0,1.0,1.0,75.4,2.8,49.4,49.2,1.0,0,Core,1
15270,9.45,9.8,9.89,9.57,9.72,10.0,9.96,10.0,9.78,88.5,2.0,4.0,2.0,4.0,2.0,82.2,3.2,84.0,92.0,1.0,0,Core,1
22368,7.65,7.35,7.52,6.82,7.55,7.81,8.04,7.63,9.81,80.5,3.0,5.0,2.0,3.0,1.0,96.4,4.8,99.1,86.6,1.0,0,Core,1
42685,7.38,7.36,7.58,7.25,6.91,7.2,7.15,6.81,7.28,65.8,0.0,2.0,1.0,1.0,1.0,77.6,3.0,66.8,47.3,1.0,0,Core,1
46735,8.17,7.89,7.7,8.29,8.56,8.49,8.61,8.6,8.43,90.3,2.0,3.0,4.0,2.0,2.0,80.7,3.7,64.5,81.7,1.0,0,Core,1
11733,8.83,8.57,8.48,8.13,8.6,8.34,8.39,9.07,8.57,92.1,2.0,4.0,2.0,4.0,1.0,99.0,4.3,73.9,80.7,1.0,0,Core,1
18620,9.96,9.77,10.0,10.0,10.0,10.0,10.0,10.0,10.0,90.6,2.0,3.0,4.0,3.0,0.0,80.2,5.0,85.9,64.7,0.0,0,Core,1
48493,9.2,9.0,9.88,9.88,9.57,9.05,8.87,9.21,9.31,88.7,2.0,4.0,3.0,4.0,1.0,75.8,3.3,83.0,55.5,1.0,0,Core,1
26804,7.49,6.89,8.09,7.23,7.68,7.28,7.98,7.46,9.9,65.4,3.0,5.0,1.0,2.0,0.0,97.2,3.3,57.6,54.3,1.0,0,Border,1
44306,7.67,7.52,8.21,7.5,7.55,7.44,7.4,7.55,7.79,81.4,1.0,1.0,1.0,1.0,0.0,62.7,2.4,60.6,54.9,0.0,0,Core,1
47523,6.24,5.97,6.45,5.19,5.46,5.59,6.29,5.96,4.14,53.6812376,0.0,0.0,1.0,0.0,1.0,33.7,3.4,1.5,28.6,0.0,0,Core,0
32208,9.76,9.5,10.0,10.0,9.79,9.48,10.0,10.0,9.86,75.3,1.0,4.0,3.0,2.0,2.0,74.4,3.4,67.0,76.0,1.0,0,Core,1
2531,6.11,5.19,5.56,5.72,6.1,5.83,5.57,5.24,5.73,77.1,1.0,1.0,2.0,1.0,1.0,65.1,2.4,68.6,54.2,0.0,0,Core,0
17747,6.08,5.55,5.63,5.93,5.44,5.4,5.5,5.88,5.77,63.8,0.0,1.0,1.0,1.0,0.0,45.5,3.2,30.3,29.3,0.0,0,Core,0
8271,8.62,8.23,7.95,7.64,8.06,8.09,8.4,8.93,8.24,81.9,2.0,3.0,3.0,3.0,2.0,64.8,4.2,70.9,90.3,0.0,0,Core,1
15080,7.81,7.35,7.49,7.77,7.9,7.53,7.81,7.41,7.73,74.8,1.0,2.0,1.0,2.0,0.0,75.4,2.3,48.3,40.4,1.0,0,Core,1
13625,6.97,8.25,7.37,7.55,6.9,7.43,7.48,7.58,7.43,71.3,2.0,1.0,2.0,2.0,0.0,66.1,2.9,47.6,46.6,0.0,0,Core,0
30639,10.0,9.96,9.94,9.95,9.97,9.9,9.81,10.0,10.0,92.2,2.0,4.0,3.0,3.0,2.0,90.6,4.5,67.2,81.4,1.0,0,Core,1
30441,6.96,6.98,7.47,7.52,7.04,7.24,7.06,7.26,7.3,67.5,0.0,2.0,2.0,2.0,1.0,67.3,3.2,67.2,46.6,0.0,0,Core,0
36057,6.42,6.83,6.7,6.99,6.85,6.27,7.12,6.92,6.79,69.2,1.0,2.0,2.0,2.0,1.0,63.1,3.3,55.7,59.2,0.0,0,Core,1
42652,8.46,8.36,9.06,8.87,8.89,7.69,8.53,8.92,8.48,77.0,2.0,1.0,2.0,1.0,1.0,67.9,2.2,56.4,50.5,1.0,0,Core,1
36804,7.21,6.79,6.98,7.23,6.64,7.49,7.29,7.63,7.1,84.9,2.0,2.0,3.0,4.0,1.0,71.9,4.5,78.4,63.0,1.0,0,Core,1
48225,10.0,10.0,9.6,10.0,10.0,10.0,10.0,10.0,10.0,63.7,2.0,4.0,2.0,4.0,1.0,91.0,2.8,71.2,75.3,0.0,0,Core,1
29227,9.02,8.75,8.78,8.79,9.16,8.57,8.36,9.01,8.85,60.7,1.0,2.0,2.0,1.0,0.0,58.2,3.3,56.5,51.2,1.0,0,Core,1
5634,10.0,10.0,9.4,9.72,10.0,9.65,9.85,10.0,9.76,99.9,1.0,3.0,2.0,3.0,1.0,85.3,3.5,67.0,54.9,0.0,0,Core,1
5988,6.13,5.67,6.01,5.5,5.05,5.59,5.61,5.15,5.58,62.4,0.0,1.0,1.0,0.0,0.0,52.3,1.8,30.4,28.1,1.0,0,Core,0
48064,5.98,5.29,5.8,4.9,5.66,5.97,6.05,5.81,5.56,71.3,1.0,1.0,2.0,3.0,1.0,71.1,3.3,60.6,39.3,1.0,0,Core,0
1813,8.16,8.07,7.8,8.36,8.84,8.55,8.38,8.56,8.44,80.0,2.0,4.0,2.0,2.0,1.0,67.1,3.6,84.5,73.8,1.0,0,Core,1
27579,5.98,5.98,5.41,5.64,6.36,6.14,6.18,5.72,5.95,63.3,1.0,2.0,2.0,2.0,1.0,71.0,3.4,52.0,57.4,0.0,0,Core,1
16824,9.42,9.22,9.32,9.63,9.61,9.79,9.83,9.7,9.57,81.7,2.0,2.0,2.0,4.0,2.0,82.8,4.5,83.2,55.1,1.0,0,Core,1
3929,4.72,4.97,5.05,4.73,5.03,4.67,5.48,5.23,5.09,83.9,0.0,3.0,1.0,1.0,0.0,72.7,1.9,43.7,52.9,0.0,0,Core,0
37287,5.79,5.61,5.98,5.6,6.03,5.98,5.38,5.48,5.65,69.5,0.0,0.0,0.0,0.0,0.0,69.6,3.2,26.7,54.9,0.0,0,Core,0
25046,8.65,8.31,8.0,8.22,8.4,8.42,8.92,8.59,4.09,52.46145699,2.0,3.0,3.0,3.0,1.0,35.0,4.9,57.6,78.5,0.0,-1,Noise,1
15728,5.04,5.37,5.12,5.83,5.52,5.63,5.5,5.13,5.38,68.7,1.0,2.0,2.0,2.0,0.0,58.8,3.4,55.4,47.3,0.0,0,Core,0
29601,10.0,10.0,9.95,9.83,9.68,9.85,10.0,10.0,4.07,51.6305795,1.0,4.0,2.0,3.0,2.0,34.8,4.4,4.9,70.2,1.0,-1,Noise,1
10431,7.51,7.78,7.98,8.22,8.42,8.33,8.25,8.19,8.14,87.0,2.0,3.0,2.0,3.0,2.0,74.0,3.9,90.8,78.7,1.0,0,Core,1
25769,5.77,5.5,5.49,4.96,5.43,5.43,5.03,5.14,5.35,85.3,1.0,1.0,1.0,2.0,1.0,72.1,3.5,49.6,50.7,1.0,0,Core,0
29104,7.35,7.7,7.46,7.54,7.26,7.49,7.44,7.44,7.27,57.0,1.0,2.0,2.0,0.0,0.0,69.6,2.3,53.3,49.1,0.0,0,Core,1
36538,8.86,8.81,8.8,9.52,9.26,8.47,8.65,9.32,8.98,74.4,2.0,2.0,2.0,2.0,1.0,69.6,2.9,56.8,63.9,0.0,0,Core,1
39329,5.81,5.06,5.15,5.49,6.22,5.5,5.45,5.78,5.51,56.9,1.0,0.0,1.0,1.0,0.0,50.8,1.7,23.5,36.4,0.0,0,Core,0
35540,7.68,8.27,7.97,8.57,8.64,7.82,8.2,8.13,9.76,88.5,3.0,5.0,2.0,3.0,2.0,69.6,4.1,96.5,54.9,1.0,0,Core,1
28076,7.77,8.43,7.81,8.12,8.1,8.15,7.98,8.27,8.23,76.8,0.0,2.0,2.0,2.0,1.0,72.6,2.5,57.1,45.6,0.0,0,Core,1
17841,5.44,4.99,5.28,4.91,5.03,4.54,4.93,4.63,4.98,51.8,0.0,1.0,0.0,0.0,0.0,37.0,1.9,57.6,54.9,0.0,0,Core,0
27803,10.0,9.88,10.0,9.78,10.0,9.61,10.0,10.0,9.99,95.8,1.0,3.0,3.0,3.0,1.0,69.6,3.0,87.6,76.9,1.0,0,Core,1
7683,9.27,8.55,9.02,9.04,9.06,8.6,9.3,8.65,8.98,87.6,1.0,2.0,1.0,1.0,1.0,63.5,3.4,50.6,57.0,1.0,0,Core,1
24280,5.83,6.48,5.39,5.82,6.11,6.05,6.4,6.62,6.12,72.0,1.0,2.0,1.0,2.0,1.0,74.2,3.6,65.4,59.7,0.0,0,Core,1
33071,6.3,6.06,5.9,6.73,6.49,6.28,7.0,6.73,6.57,62.1,1.0,1.0,2.0,1.0,1.0,67.0,3.1,49.6,51.2,0.0,0,Core,0
35558,7.6,7.57,8.16,7.38,7.91,8.18,8.18,7.9,7.63,97.4,3.0,3.0,3.0,4.0,1.0,72.0,4.5,80.4,72.1,1.0,0,Core,1
37190,8.78,8.34,8.45,7.97,8.19,8.32,8.7,8.28,8.27,83.8,1.0,2.0,2.0,2.0,1.0,68.4,3.2,47.9,54.9,0.0,0,Core,1
47150,9.8,9.03,9.79,10.0,10.0,9.5,9.68,9.35,9.72,90.7,2.0,2.0,3.0,3.0,2.0,98.3,2.4,60.7,70.1,0.0,0,Core,1
46916,5.8,4.91,5.8,5.28,5.25,5.61,5.66,5.98,5.5,50.7,0.0,0.0,1.0,1.0,0.0,54.1,2.0,27.0,28.9,0.0,0,Core,0
9802,7.38,7.59,7.72,7.53,7.23,7.54,8.11,7.3,7.61,86.6,1.0,4.0,2.0,3.0,1.0,76.1,4.1,55.0,75.8,0.0,0,Core,1
38801,6.04,6.46,5.8,5.49,6.44,6.23,5.51,5.47,5.86,51.1,0.0,1.0,2.0,0.0,0.0,69.6,1.9,33.3,30.1,1.0,0,Core,0
24670,5.44,4.42,4.78,5.07,4.38,5.01,4.68,4.61,4.64,67.0,0.0,1.0,0.0,0.0,0.0,51.4,2.4,57.6,32.5,0.0,0,Core,0
44234,5.65,6.57,5.85,6.27,6.25,6.58,6.13,6.03,6.1,50.0,1.0,1.0,1.0,0.0,0.0,42.8,2.6,32.8,38.3,0.0,0,Core,0
31920,5.73,5.14,4.91,5.14,4.88,5.04,4.69,4.52,4.88,59.8,0.0,1.0,1.0,1.0,0.0,47.6,2.1,25.5,37.8,0.0,0,Core,0
7135,7.39,7.89,7.99,7.7,7.8,8.18,8.38,8.02,7.97,71.8,1.0,2.0,1.0,1.0,0.0,76.8,3.2,53.4,49.9,0.0,0,Core,1
33705,7.28,6.87,6.59,7.1,7.22,7.05,7.38,7.45,7.2,98.0,2.0,3.0,3.0,3.0,2.0,76.3,3.6,83.2,67.7,0.0,0,Core,1
29661,7.53,7.31,7.74,7.43,7.24,7.36,8.24,7.75,7.38,99.0,1.0,3.0,3.0,4.0,2.0,84.2,3.3,76.3,69.9,0.0,0,Core,1
17894,8.79,9.4,9.11,9.42,9.76,9.05,9.38,9.27,9.09,67.4,1.0,2.0,1.0,2.0,1.0,75.8,2.3,58.4,54.9,1.0,0,Core,1
22019,6.32,7.02,6.16,6.76,5.97,6.13,6.42,6.03,6.45,70.7,0.0,0.0,1.0,0.0,0.0,55.0,1.6,19.3,23.6,0.0,0,Core,0
13539,5.96,6.15,5.87,6.17,5.4,5.57,5.63,5.73,5.77,59.2,0.0,1.0,0.0,0.0,0.0,55.5,2.5,23.5,29.3,0.0,0,Core,0
43119,6.84,6.88,6.4,6.58,6.29,6.3,6.58,6.65,6.42,67.9,0.0,0.0,1.0,0.0,0.0,53.2,1.6,37.5,33.2,0.0,0,Core,0
36421,4.71,5.02,4.8,4.58,4.0,4.45,4.72,4.16,4.65,67.0,0.0,1.0,0.0,0.0,0.0,54.6,1.6,28.5,25.4,1.0,0,Core,0
9406,6.97,7.26,6.81,6.78,7.24,7.1,7.12,6.91,6.88,65.9,1.0,2.0,2.0,2.0,1.0,76.0,2.5,46.4,44.5,0.0,0,Core,1
13414,8.95,9.18,8.04,8.33,8.61,9.09,8.68,8.95,8.79,100.0,2.0,2.0,2.0,3.0,1.0,85.7,4.5,72.0,54.9,1.0,0,Core,1
6721,7.04,6.84,7.22,7.23,7.33,6.96,7.35,7.01,7.25,64.0,1.0,3.0,2.0,2.0,1.0,65.6,2.8,57.7,54.9,1.0,0,Core,1
15602,4.81,4.07,4.0,4.27,4.0,4.68,4.44,4.09,4.31,67.4,0.0,1.0,0.0,1.0,0.0,45.5,1.7,28.6,28.8,1.0,0,Core,0
44744,5.03,4.0,4.15,4.41,4.39,4.58,4.61,4.73,4.62,54.0,0.0,1.0,2.0,1.0,0.0,42.5,1.7,23.0,37.3,0.0,0,Core,0
31139,6.39,6.32,6.29,6.22,6.23,6.09,5.89,6.07,6.18,75.9,1.0,3.0,2.0,1.0,0.0,62.4,4.1,56.4,58.7,0.0,0,Core,1
2730,5.83,5.53,5.78,5.63,5.24,5.61,5.33,5.52,5.66,75.6,1.0,2.0,2.0,2.0,0.0,72.4,2.1,60.2,49.8,0.0,0,Core,0
38243,7.19,7.62,8.21,8.23,8.22,8.04,8.45,8.27,8.07,83.8,2.0,4.0,3.0,3.0,1.0,57.1,4.7,97.2,77.4,1.0,0,Core,1
29626,5.26,5.73,5.16,6.12,6.06,6.03,5.81,5.69,5.69,69.0,1.0,2.0,2.0,1.0,0.0,78.9,2.8,56.2,54.9,0.0,0,Core,1
47895,8.3,8.5,8.43,8.35,8.71,8.15,8.77,8.15,8.38,94.3,2.0,3.0,3.0,2.0,2.0,85.8,3.1,72.8,79.8,1.0,0,Core,1
42091,5.86,5.39,5.09,6.01,5.97,5.9,5.79,5.56,5.76,52.4,1.0,0.0,1.0,0.0,0.0,69.6,1.7,25.7,27.5,0.0,0,Core,0
36400,4.98,5.23,5.56,5.68,5.29,5.31,5.78,5.61,5.55,72.8,1.0,1.0,1.0,2.0,0.0,68.1,3.4,61.7,46.0,1.0,0,Core,0
6245,7.13,6.87,6.74,7.16,7.19,6.93,7.0,6.96,7.05,87.3,1.0,1.0,1.0,2.0,0.0,65.1,3.1,49.4,52.3,0.0,0,Core,1
5546,8.63,8.73,9.16,8.91,9.13,9.44,9.28,9.71,9.0,100.0,1.0,4.0,3.0,2.0,2.0,72.9,3.6,65.6,82.1,1.0,0,Core,1
4065,6.21,5.49,5.71,4.97,5.78,5.63,5.52,5.8,5.65,63.4,0.0,0.0,0.0,1.0,0.0,46.5,2.4,57.6,33.0,0.0,0,Core,0
12852,7.38,8.07,6.73,7.46,6.61,7.53,7.64,7.2,7.35,78.6,1.0,1.0,2.0,2.0,1.0,68.1,3.2,55.8,57.4,1.0,0,Core,1
21803,7.05,7.59,7.15,6.92,7.24,7.2,7.4,7.11,6.91,74.6,2.0,2.0,1.0,2.0,1.0,75.1,2.1,62.8,63.4,1.0,0,Core,0
41164,4.69,4.46,4.34,4.22,4.47,4.25,4.14,4.0,4.23,62.8,1.0,0.0,0.0,1.0,1.0,50.9,1.9,27.0,30.5,1.0,0,Core,0
6233,7.76,7.13,7.47,6.89,7.43,7.24,7.58,8.18,7.5,89.0,1.0,1.0,2.0,1.0,0.0,77.3,3.1,66.1,57.8,0.0,0,Core,1
3863,5.92,5.71,6.06,6.16,5.91,6.33,6.07,5.95,5.92,72.1,1.0,3.0,1.0,2.0,1.0,73.9,2.3,51.1,51.1,1.0,0,Core,1
35095,9.35,9.93,10.0,9.69,9.75,9.46,10.0,10.0,9.63,78.9,1.0,0.0,1.0,0.0,1.0,73.1,2.7,65.2,50.4,0.0,0,Core,1
40196,7.01,6.95,7.2,6.95,7.26,7.13,7.28,7.58,7.21,73.6,1.0,2.0,2.0,2.0,0.0,59.5,2.7,46.4,67.8,1.0,0,Core,1
39251,5.63,5.38,5.35,5.35,5.9,5.84,5.96,5.7,5.61,69.6,1.0,1.0,1.0,2.0,0.0,59.8,2.0,56.8,48.4,0.0,0,Core,0
6218,7.82,7.21,7.92,8.08,7.13,7.96,7.57,7.74,7.52,67.7,1.0,2.0,2.0,1.0,1.0,69.6,2.4,51.7,54.3,1.0,0,Core,1
36776,6.6,6.45,7.29,6.12,6.65,6.43,5.87,6.54,6.54,73.0,1.0,2.0,2.0,1.0,0.0,65.3,2.4,48.4,51.0,0.0,0,Core,1
42977,7.5,6.71,7.45,7.96,7.34,7.77,7.7,7.76,7.35,72.3,1.0,2.0,2.0,2.0,1.0,84.9,2.9,45.1,66.1,1.0,0,Core,0
48468,10.0,10.0,10.0,9.81,10.0,10.0,10.0,10.0,10.0,81.6,1.0,3.0,3.0,4.0,1.0,79.3,4.4,95.6,55.5,1.0,0,Core,1
14832,8.18,8.17,7.78,8.47,8.05,7.86,8.1,8.62,8.12,53.2,1.0,2.0,1.0,2.0,0.0,68.4,2.6,59.9,51.9,1.0,0,Core,1
30093,9.32,8.45,9.07,8.91,9.51,9.18,9.27,9.38,9.1,85.4,2.0,3.0,3.0,4.0,1.0,92.1,2.8,88.1,77.1,0.0,0,Core,1
8894,9.62,9.96,9.65,9.7,9.89,9.86,9.09,10.0,9.86,73.5,1.0,2.0,2.0,2.0,0.0,67.6,2.3,67.3,47.2,0.0,0,Core,1
6021,6.94,7.62,6.74,6.92,7.23,7.62,7.15,7.78,7.26,73.9,1.0,2.0,1.0,2.0,0.0,53.9,2.7,56.2,49.1,0.0,0,Core,0
46089,5.62,5.26,5.49,5.33,5.33,5.68,5.34,5.84,5.49,76.2,1.0,2.0,3.0,2.0,0.0,68.8,2.6,58.0,57.2,1.0,0,Core,0
15243,8.44,8.21,8.08,8.02,7.6,8.64,8.34,8.25,8.26,63.8,0.0,1.0,2.0,3.0,1.0,82.7,2.2,54.4,43.4,1.0,0,Core,1
45308,4.57,4.0,4.01,4.0,4.19,4.0,4.0,4.0,4.04,58.7,0.0,0.0,1.0,0.0,0.0,54.1,2.0,30.9,26.4,0.0,0,Core,0
26551,6.28,6.07,6.15,6.46,6.29,6.27,6.58,6.34,6.26,79.1,1.0,2.0,2.0,2.0,0.0,69.8,3.1,57.6,55.9,1.0,0,Core,1
6035,9.03,8.67,8.65,8.61,8.42,8.69,8.83,8.7,8.76,75.9,1.0,2.0,1.0,2.0,0.0,65.2,3.2,50.8,54.9,1.0,0,Core,1
7906,6.34,6.18,5.87,6.15,6.18,6.05,5.87,5.77,5.95,57.0,0.0,0.0,0.0,1.0,0.0,42.5,1.2,25.4,28.8,0.0,0,Core,0
32226,8.17,8.11,8.47,8.09,8.53,8.18,9.07,8.07,8.37,69.8,1.0,1.0,2.0,2.0,0.0,66.2,3.1,47.8,53.6,0.0,0,Core,1
6018,8.32,7.46,7.76,8.05,7.85,7.71,8.01,7.98,7.8,74.8,1.0,2.0,2.0,1.0,0.0,77.5,3.1,53.1,39.3,1.0,0,Core,1
21880,6.48,7.24,6.95,6.95,6.94,7.38,7.2,7.43,7.06,84.2,2.0,2.0,3.0,4.0,1.0,80.5,3.2,78.3,54.9,1.0,0,Core,1
2792,4.95,5.22,5.13,5.55,4.49,4.67,4.78,5.26,4.91,71.3,0.0,1.0,0.0,1.0,0.0,44.3,2.1,29.6,35.2,0.0,0,Core,0
42606,7.53,7.31,7.58,7.89,6.56,7.51,7.62,7.48,7.48,95.9,2.0,4.0,3.0,3.0,2.0,69.6,4.4,62.6,54.9,1.0,0,Core,1
5824,6.05,5.59,5.83,5.8,4.92,5.67,5.72,5.29,5.47,74.1,1.0,1.0,1.0,2.0,0.0,65.4,1.9,61.0,69.7,1.0,0,Core,0
15388,8.12,8.39,8.48,9.01,8.82,8.94,8.61,8.78,8.6,65.7,2.0,3.0,3.0,4.0,1.0,91.2,4.4,77.7,84.1,1.0,0,Core,1
29562,6.92,7.3,6.78,7.65,7.58,7.84,7.57,6.3,7.26,93.7,2.0,3.0,3.0,3.0,1.0,69.6,4.4,73.7,71.0,1.0,0,Core,1
39476,6.07,6.5,5.93,5.81,6.29,5.57,5.98,5.97,9.74,74.4,3.0,5.0,1.0,2.0,0.0,98.1,2.7,95.1,46.8,0.0,1,Core,0
293,5.73,5.81,5.65,5.62,5.3,5.99,5.65,5.44,5.65,67.2,1.0,1.0,0.0,0.0,0.0,41.3,2.0,29.1,25.0,0.0,0,Core,0
16958,7.41,7.73,6.99,8.1,7.63,7.34,7.19,7.3,7.5,80.1,1.0,4.0,2.0,3.0,1.0,87.4,3.9,81.6,87.6,1.0,0,Core,1
30861,10.0,9.89,10.0,9.76,10.0,9.87,10.0,10.0,9.98,93.0,2.0,4.0,2.0,3.0,1.0,82.6,4.4,84.5,77.2,1.0,0,Core,1
14074,4.0,4.0,4.0,4.0,4.0,4.0,4.0,4.0,4.0,65.5,0.0,1.0,1.0,1.0,0.0,45.3,2.0,31.4,29.6,0.0,0,Core,0
21857,10.0,10.0,10.0,10.0,10.0,10.0,10.0,10.0,10.0,100.0,1.0,2.0,3.0,3.0,2.0,76.3,4.2,68.9,76.6,1.0,0,Core,1
22080,7.91,7.19,7.66,7.51,7.74,7.62,8.26,7.31,7.6,83.0,3.0,3.0,2.0,2.0,1.0,82.4,3.0,95.1,54.9,1.0,0,Core,1
17024,6.29,6.68,6.5,6.71,6.73,6.7,7.04,6.9,6.66,100.0,2.0,3.0,3.0,3.0,2.0,100.0,3.2,91.6,64.7,0.0,0,Core,1
8740,8.09,8.29,8.2,8.16,8.79,8.3,8.41,8.38,8.28,72.3,1.0,2.0,2.0,1.0,0.0,66.5,2.5,56.3,51.2,0.0,0,Core,1
15826,9.81,9.71,9.74,9.64,9.63,9.99,10.0,9.77,9.98,100.0,2.0,2.0,3.0,2.0,1.0,75.5,3.9,77.4,75.8,0.0,0,Core,1
2742,9.55,10.0,10.0,10.0,10.0,10.0,10.0,10.0,9.79,90.5,1.0,3.0,2.0,3.0,2.0,83.2,4.1,62.7,79.5,1.0,0,Core,1
18049,8.52,8.07,8.7,8.36,8.29,8.37,8.56,8.23,8.37,74.2,2.0,3.0,4.0,3.0,1.0,85.5,4.4,92.9,66.5,1.0,0,Core,1
49937,8.47,8.78,9.49,8.98,9.23,8.81,9.51,8.86,9.06,86.2,3.0,3.0,2.0,4.0,1.0,61.6,4.8,69.5,65.3,1.0,0,Core,1
17373,8.77,8.99,9.11,8.67,9.16,9.64,9.41,9.42,4.31,53.87401666,2.0,3.0,2.0,3.0,1.0,34.8,4.9,1.9,66.7,1.0,-1,Noise,1
22022,8.69,7.62,8.5,8.44,8.26,7.94,8.67,8.4,8.2,89.3,1.0,2.0,1.0,1.0,1.0,58.8,2.6,58.6,59.0,1.0,0,Core,1
46365,6.81,7.21,7.9,7.18,7.3,7.36,6.92,7.26,7.14,84.7,1.0,2.0,2.0,1.0,1.0,65.0,3.2,56.3,54.9,1.0,0,Core,0
23538,5.54,5.75,5.61,5.28,5.51,4.97,5.29,5.37,5.47,61.5,0.0,0.0,1.0,0.0,0.0,48.3,2.1,26.5,40.8,1.0,0,Core,0
45500,6.69,6.61,6.86,6.22,6.9,7.04,7.07,6.82,6.87,67.7,1.0,2.0,1.0,2.0,1.0,89.6,2.1,58.9,58.9,0.0,0,Core,1
40186,4.54,4.77,4.9,4.41,5.02,4.39,4.85,4.02,4.4,72.9,0.0,0.0,2.0,0.0,0.0,49.6,1.9,22.9,28.3,1.0,0,Core,0
9614,7.78,7.92,8.01,8.06,8.25,7.72,8.53,8.77,8.07,85.3,2.0,4.0,2.0,3.0,2.0,87.8,5.0,71.5,54.9,1.0,0,Core,1
43282,5.41,5.14,5.5,5.38,5.58,4.99,5.03,5.01,5.21,58.4,0.0,1.0,1.0,1.0,1.0,54.7,2.0,57.6,30.3,0.0,0,Core,0
37892,8.14,8.26,8.6,8.33,8.13,8.27,8.38,8.74,8.54,100.0,2.0,4.0,2.0,3.0,2.0,82.9,4.0,81.1,67.5,1.0,0,Core,1
26179,7.38,7.46,7.24,7.28,7.59,7.82,7.55,7.51,7.62,73.0,0.0,2.0,1.0,2.0,0.0,75.2,2.8,51.6,47.8,1.0,0,Core,0
45893,7.08,7.01,6.9,6.99,6.26,7.12,6.82,7.35,7.18,86.7,1.0,2.0,1.0,2.0,1.0,54.5,1.5,52.4,57.6,0.0,0,Core,0
20934,7.73,7.58,7.99,7.82,8.04,7.99,7.63,7.84,7.71,65.0,1.0,3.0,2.0,2.0,0.0,63.6,2.1,58.1,50.4,1.0,0,Core,1
40972,7.89,8.24,8.19,8.01,8.25,8.4,8.49,8.18,8.18,87.2,2.0,4.0,3.0,3.0,2.0,73.1,3.6,75.0,69.9,1.0,0,Core,1
22225,6.12,6.23,6.09,6.2,6.02,5.66,5.96,6.43,6.13,66.1,1.0,3.0,1.0,2.0,0.0,79.5,2.8,62.5,53.1,0.0,0,Core,1
24382,4.91,5.36,4.71,4.82,5.31,5.04,4.8,5.06,5.1,64.2,0.0,1.0,2.0,1.0,0.0,46.4,3.0,23.8,33.4,0.0,0,Core,0
34856,7.77,7.75,8.25,8.18,8.03,8.16,8.41,8.16,8.14,72.2,1.0,2.0,2.0,2.0,0.0,81.1,3.1,56.7,57.3,0.0,0,Core,1
48578,5.15,5.18,5.01,4.42,4.54,4.58,4.58,4.28,4.87,58.6,0.0,0.0,0.0,1.0,1.0,69.6,1.6,33.2,37.4,0.0,0,Core,0
38537,9.78,10.0,10.0,9.86,10.0,9.91,10.0,10.0,9.99,88.7,3.0,5.0,2.0,4.0,2.0,98.6,4.7,95.8,63.8,1.0,0,Core,1
31756,8.75,8.76,8.31,8.93,8.32,8.76,8.13,8.46,8.69,98.1,3.0,3.0,3.0,4.0,2.0,71.0,3.0,75.5,65.5,1.0,0,Core,1
7754,7.27,7.2,7.49,6.94,7.18,7.67,7.35,7.71,7.42,75.4,1.0,2.0,1.0,1.0,0.0,63.5,2.8,52.3,56.3,1.0,0,Core,1
46639,6.64,6.18,6.37,6.31,6.68,6.31,5.84,6.14,6.45,63.2,0.0,0.0,2.0,0.0,0.0,44.1,2.3,23.8,35.2,0.0,0,Core,0
43835,6.69,6.6,6.94,6.94,6.94,7.08,6.98,7.07,6.84,73.4,1.0,2.0,2.0,3.0,1.0,71.6,4.2,55.0,51.8,0.0,0,Core,1
26236,4.6,4.0,4.0,4.0,4.0,4.0,4.0,4.0,4.0,66.5,0.0,1.0,0.0,0.0,0.0,55.9,1.8,28.3,33.9,0.0,0,Core,0
44230,4.77,4.67,5.47,4.61,4.63,4.72,4.72,4.74,9.87,66.2,3.0,5.0,0.0,1.0,0.0,97.2,3.2,97.6,36.3,0.0,1,Border,0
49597,6.81,6.95,7.38,6.75,7.22,6.86,7.16,7.55,7.1,77.6,2.0,2.0,3.0,3.0,1.0,90.8,4.8,73.9,54.9,0.0,0,Core,1
18553,5.37,5.5,5.39,5.74,5.65,5.76,5.39,5.67,5.63,73.4,1.0,1.0,1.0,2.0,0.0,56.1,3.2,58.9,53.3,1.0,0,Core,0
43137,4.0,4.43,4.16,4.0,4.04,4.3,4.0,4.08,4.18,65.3,0.0,2.0,1.0,0.0,0.0,51.9,1.4,27.3,34.6,0.0,0,Core,0
36673,8.81,8.83,9.24,8.44,9.01,8.72,8.4,8.21,8.85,87.3,1.0,3.0,3.0,3.0,1.0,84.3,3.9,88.0,68.4,1.0,0,Core,1
43650,6.35,5.17,5.98,5.95,6.3,6.0,6.65,5.92,6.03,63.5,1.0,0.0,2.0,2.0,1.0,65.4,2.9,52.4,48.6,0.0,0,Core,0
3941,6.97,6.3,6.48,6.26,6.77,6.9,6.56,6.77,6.6,71.5,1.0,1.0,2.0,1.0,0.0,61.5,3.2,41.6,53.9,0.0,0,Core,0
31497,5.98,5.8,6.03,6.01,6.15,5.56,5.92,6.16,5.93,65.9,1.0,1.0,2.0,2.0,0.0,56.5,3.5,57.5,43.0,1.0,0,Core,0
26594,6.13,6.18,6.69,6.43,5.9,6.65,6.48,5.84,6.29,72.7,1.0,2.0,1.0,1.0,1.0,76.2,1.6,55.1,46.5,0.0,0,Core,0
23922,8.65,8.73,8.94,9.22,8.68,9.76,9.03,9.12,9.19,99.7,1.0,2.0,3.0,4.0,2.0,67.8,3.4,76.1,72.2,1.0,0,Core,1
26403,6.88,6.72,7.62,7.56,7.38,7.5,7.78,7.42,7.39,69.9,0.0,2.0,2.0,1.0,0.0,71.2,3.4,50.5,52.9,1.0,0,Core,1
45943,4.85,4.65,5.54,4.94,5.21,4.72,5.27,5.23,4.39,54.10285968,0.0,1.0,1.0,0.0,0.0,36.1,3.2,57.6,35.0,0.0,0,Core,0
48526,5.01,4.99,5.63,4.83,5.16,5.22,5.0,4.27,5.1,55.0,1.0,1.0,0.0,1.0,0.0,45.1,1.1,29.0,54.9,0.0,0,Core,0
18316,8.45,8.03,8.13,7.76,8.4,8.41,8.68,8.58,8.35,61.7,1.0,2.0,1.0,1.0,1.0,66.4,3.3,51.9,49.2,0.0,0,Core,1
36894,8.65,9.03,8.79,8.67,8.73,8.99,8.6,9.51,8.88,82.6,3.0,3.0,2.0,4.0,2.0,71.8,4.4,64.3,60.7,0.0,0,Core,1
26696,7.56,7.51,7.18,7.28,7.28,7.8,7.91,7.45,7.48,100.0,1.0,4.0,4.0,2.0,2.0,75.3,3.2,71.1,68.1,1.0,0,Core,1
42128,8.74,9.07,8.69,8.76,9.19,8.5,8.56,8.86,8.73,75.2,2.0,2.0,2.0,1.0,0.0,59.1,3.2,63.8,49.0,1.0,0,Core,1
14171,7.7,7.71,7.23,7.07,7.73,7.78,7.26,7.18,7.6,86.1,1.0,2.0,2.0,2.0,0.0,58.3,2.9,51.5,50.0,1.0,0,Core,1
3733,4.0,4.28,4.32,4.0,4.47,4.54,4.31,4.0,4.28,81.8,0.0,2.0,2.0,1.0,0.0,60.5,2.4,48.2,60.7,1.0,0,Core,0
7882,7.35,6.83,7.48,7.27,6.99,7.74,7.1,6.93,7.29,68.5,1.0,3.0,1.0,2.0,0.0,69.4,2.3,57.3,51.5,1.0,0,Core,1
6017,8.47,8.23,8.33,8.19,8.06,8.92,8.07,8.68,8.34,92.9,2.0,2.0,2.0,5.0,1.0,86.9,3.4,74.7,64.9,1.0,0,Core,1
23030,7.96,8.01,7.8,8.04,7.78,8.1,7.7,7.67,7.89,78.5,1.0,4.0,3.0,3.0,1.0,69.6,3.8,68.2,81.0,0.0,0,Core,1
35474,9.87,10.0,9.82,9.94,10.0,10.0,10.0,10.0,9.92,99.4,2.0,2.0,3.0,4.0,2.0,82.2,4.4,57.6,78.9,1.0,0,Core,1
49686,8.38,8.31,8.8,8.16,8.46,8.97,8.26,8.16,8.46,84.3,0.0,2.0,1.0,2.0,1.0,60.7,2.1,54.9,60.4,1.0,0,Core,1
4818,4.52,4.9,4.94,4.64,4.63,4.55,4.28,4.51,4.63,70.0,1.0,0.0,0.0,1.0,0.0,44.4,2.2,23.6,30.6,0.0,0,Core,0
41694,5.8,5.9,5.78,6.1,5.54,5.62,5.83,5.69,5.7,54.9,0.0,1.0,0.0,1.0,0.0,47.7,1.4,24.8,25.0,0.0,0,Core,0
12008,5.36,5.9,6.2,5.81,5.8,5.7,5.38,6.12,5.73,60.8,0.0,1.0,0.0,0.0,0.0,60.1,1.8,31.5,28.1,1.0,0,Core,0
41328,6.93,7.58,7.63,7.35,7.27,7.84,7.51,7.84,7.54,99.2,3.0,4.0,2.0,3.0,1.0,84.2,3.8,74.9,80.0,1.0,0,Core,1
9507,7.36,7.56,7.8,8.37,8.14,8.08,7.67,8.52,8.1,90.0,1.0,3.0,3.0,4.0,1.0,80.3,3.0,57.6,79.6,0.0,0,Core,1
44799,4.28,4.03,4.0,4.27,4.0,4.53,4.31,4.17,4.28,87.3,1.0,2.0,2.0,2.0,0.0,66.0,2.9,56.1,54.9,1.0,0,Core,0
34063,6.72,7.53,7.45,7.01,7.14,7.28,7.23,6.7,7.21,85.5,1.0,2.0,2.0,1.0,1.0,65.5,3.2,67.7,55.7,0.0,0,Core,1
27475,8.04,8.05,7.93,8.46,7.93,8.67,8.28,8.24,8.21,88.8,2.0,4.0,4.0,2.0,1.0,65.1,3.2,59.1,67.5,0.0,0,Core,1
31144,7.76,8.39,7.41,8.27,8.56,8.24,8.24,8.05,8.06,91.0,1.0,4.0,2.0,4.0,2.0,77.5,3.6,78.3,64.3,1.0,0,Core,1
21236,7.78,7.99,8.07,8.48,8.37,8.41,7.28,8.06,7.93,100.0,1.0,2.0,2.0,4.0,2.0,95.7,3.2,77.8,78.4,1.0,0,Core,1
1391,8.71,8.85,9.0,9.4,9.23,9.01,9.15,9.32,9.17,81.2,2.0,5.0,4.0,4.0,1.0,78.3,3.1,71.5,68.7,0.0,0,Core,1
38250,7.77,7.53,7.25,7.35,7.49,7.78,7.46,8.13,7.73,79.6,1.0,2.0,1.0,2.0,0.0,59.8,2.7,42.2,53.7,1.0,0,Core,1
37625,6.32,6.3,6.66,6.44,6.81,6.91,6.63,6.03,6.47,70.7,0.0,2.0,1.0,2.0,1.0,48.5,1.7,52.2,45.4,1.0,0,Core,0
42029,8.88,8.73,9.24,8.68,8.78,8.47,8.69,9.08,8.97,85.2,2.0,2.0,3.0,3.0,2.0,82.4,4.1,57.6,62.7,0.0,0,Core,1
20835,9.86,9.88,10.0,10.0,10.0,10.0,10.0,10.0,9.82,69.8,1.0,3.0,3.0,2.0,2.0,100.0,4.2,100.0,63.6,1.0,0,Core,1
14758,5.68,6.81,6.13,6.29,6.27,6.33,6.48,6.29,6.2,82.2,0.0,0.0,2.0,1.0,0.0,75.2,2.3,54.4,53.5,0.0,0,Core,0
26397,8.73,8.83,8.76,8.71,8.41,9.0,8.89,8.56,8.75,85.2,1.0,2.0,4.0,3.0,1.0,69.5,3.3,78.3,78.3,1.0,0,Core,1
6809,8.6,8.51,7.85,7.87,7.71,8.05,8.37,8.56,8.15,73.1,1.0,3.0,2.0,3.0,1.0,92.3,4.2,87.1,69.6,1.0,0,Core,1
9226,5.82,5.82,5.6,5.66,4.89,5.18,5.25,5.12,5.46,68.0,0.0,1.0,1.0,0.0,0.0,53.5,2.4,30.6,29.6,1.0,0,Core,0
48395,8.69,9.78,8.7,8.44,9.15,9.08,8.99,9.09,8.94,83.6,1.0,3.0,2.0,2.0,1.0,75.9,3.6,45.9,49.8,1.0,0,Core,1
5396,7.84,8.37,7.65,8.19,8.02,8.21,8.03,8.13,7.87,77.6,0.0,3.0,2.0,1.0,0.0,63.4,3.2,56.7,57.7,1.0,0,Core,1
6944,9.73,10.0,9.89,9.68,10.0,10.0,10.0,10.0,9.97,82.4,2.0,2.0,3.0,3.0,1.0,85.3,4.8,80.6,71.4,1.0,0,Core,1
23871,6.56,6.82,6.19,6.79,6.55,6.76,6.78,7.29,6.82,90.9,1.0,1.0,2.0,3.0,1.0,65.6,2.1,59.7,54.7,1.0,0,Core,0
32493,9.61,9.39,9.61,8.75,9.33,9.33,9.29,9.73,9.29,75.6,1.0,2.0,2.0,1.0,1.0,62.1,3.2,50.7,39.9,1.0,0,Core,1
36346,8.56,8.86,8.98,9.0,8.84,9.54,9.47,8.65,8.98,93.6,3.0,4.0,3.0,2.0,2.0,92.7,4.7,71.8,70.4,0.0,0,Core,1
10756,7.04,6.48,6.5,6.84,7.0,6.65,6.95,7.22,6.76,73.9,0.0,1.0,2.0,2.0,1.0,70.2,2.6,51.1,50.4,1.0,0,Core,0
12302,6.44,6.5,6.1,6.7,6.74,6.53,6.67,7.11,6.54,73.3,1.0,2.0,2.0,1.0,2.0,69.0,2.6,57.2,54.9,1.0,0,Core,1
48387,6.43,6.31,6.14,6.77,6.3,6.53,6.37,6.69,6.39,85.9,2.0,5.0,3.0,5.0,2.0,84.5,3.9,86.3,76.6,0.0,0,Core,1
42746,9.02,8.18,8.51,8.64,8.92,8.67,8.8,8.99,8.67,80.8,1.0,4.0,2.0,3.0,2.0,69.7,4.5,88.6,72.9,1.0,0,Core,1
29090,6.69,6.74,6.73,5.96,6.56,6.27,7.08,6.45,6.67,67.0,1.0,1.0,1.0,0.0,1.0,77.3,2.9,47.5,49.7,0.0,0,Core,1
44713,5.72,5.98,6.28,5.83,6.41,5.82,5.89,6.28,6.07,82.1,2.0,3.0,1.0,4.0,1.0,75.0,4.0,52.7,61.0,1.0,0,Core,1
14344,5.43,5.94,6.02,5.74,6.14,5.93,5.68,5.61,5.57,68.4,1.0,0.0,0.0,0.0,0.0,69.6,1.3,57.6,29.0,0.0,0,Core,0
38173,6.44,6.45,6.39,6.6,7.34,7.0,6.57,6.59,6.68,69.6,1.0,2.0,2.0,1.0,0.0,76.4,3.2,51.6,53.9,0.0,0,Core,1
5072,6.76,6.87,6.84,6.49,7.45,6.93,6.83,7.13,7.01,78.8,1.0,3.0,1.0,2.0,0.0,66.5,3.0,53.6,54.9,0.0,0,Core,1
24122,6.2,6.05,6.57,6.05,6.4,6.36,6.23,6.38,6.24,77.5,1.0,1.0,1.0,2.0,0.0,59.1,2.7,58.1,50.0,0.0,0,Core,0
48810,5.32,4.97,5.4,5.22,5.36,4.99,5.5,5.26,5.08,74.0,0.0,1.0,0.0,0.0,0.0,44.3,3.2,57.6,24.8,0.0,0,Core,0
17821,4.0,4.0,4.37,4.26,4.32,4.0,4.4,4.0,4.0,57.8,0.0,0.0,2.0,0.0,0.0,40.9,1.7,27.4,28.9,1.0,0,Core,0
1123,5.61,5.83,5.83,4.91,5.63,5.65,5.86,5.25,5.34,59.6,0.0,1.0,1.0,1.0,0.0,57.6,1.5,29.6,27.4,0.0,0,Core,0
11265,6.8,6.5,6.92,6.37,6.14,6.55,6.8,6.28,6.32,83.8,1.0,2.0,1.0,2.0,0.0,67.6,3.0,54.1,60.3,1.0,0,Core,1
30580,7.24,8.23,7.49,7.76,7.61,7.63,7.88,8.19,7.77,81.7,1.0,1.0,1.0,3.0,0.0,69.6,3.7,63.6,54.9,1.0,0,Core,1
45465,6.81,6.81,7.06,6.59,7.16,7.23,6.9,6.99,6.89,85.9,2.0,3.0,1.0,3.0,2.0,89.2,4.5,71.0,54.9,1.0,0,Core,1
48217,8.92,8.76,9.59,8.64,9.88,9.07,8.92,9.39,9.19,75.3,1.0,3.0,2.0,2.0,1.0,76.4,3.8,70.8,72.9,0.0,0,Core,1
43045,6.35,5.81,6.07,5.93,5.58,6.2,5.63,5.82,5.87,57.1,0.0,1.0,1.0,1.0,0.0,54.1,1.2,26.9,25.3,0.0,0,Core,0
15657,5.91,6.18,6.16,5.88,6.29,6.37,6.21,5.99,6.07,68.1,1.0,2.0,2.0,2.0,1.0,54.1,3.3,63.8,48.2,1.0,0,Core,0
1901,7.5,7.43,8.1,7.77,7.97,7.62,7.87,7.63,7.71,74.9,0.0,1.0,2.0,1.0,1.0,65.8,2.4,52.5,67.6,0.0,0,Core,1
148,7.77,7.36,7.4,7.17,7.22,7.56,7.08,7.59,7.55,80.0,0.0,1.0,1.0,2.0,1.0,72.1,2.8,54.0,40.8,1.0,0,Core,0
29643,6.33,5.92,6.69,7.0,6.8,6.82,6.59,6.68,6.7,82.5,0.0,2.0,1.0,2.0,0.0,65.1,2.6,52.0,54.9,0.0,0,Core,1
3212,8.41,7.68,8.32,7.9,8.04,8.56,7.68,8.19,8.18,85.2,1.0,1.0,2.0,1.0,1.0,59.9,2.6,47.6,54.9,1.0,0,Core,1
43851,8.62,8.82,8.49,8.58,8.84,8.71,7.71,8.78,8.5,77.2,0.0,2.0,2.0,1.0,0.0,62.3,2.1,50.7,41.3,0.0,0,Core,1
2355,5.67,5.77,6.29,6.36,5.99,6.6,6.03,6.16,6.03,66.8,1.0,2.0,2.0,1.0,0.0,65.1,2.8,60.7,48.1,0.0,0,Core,0
31521,7.54,7.62,7.45,6.96,7.21,7.06,7.42,7.32,7.24,66.3,1.0,2.0,2.0,1.0,1.0,69.6,3.2,57.0,53.7,0.0,0,Core,1
42584,5.55,5.12,5.53,5.34,5.18,5.06,5.43,4.95,5.29,55.2,1.0,0.0,2.0,0.0,0.0,49.8,2.4,24.7,33.1,0.0,0,Core,0
43338,6.33,6.25,5.84,6.28,6.57,6.44,6.02,6.23,6.3,84.8,1.0,2.0,1.0,1.0,0.0,76.0,1.8,57.6,45.2,0.0,0,Core,1
45285,5.61,5.23,6.13,6.0,5.51,5.48,5.19,6.22,5.56,79.8,2.0,2.0,2.0,2.0,0.0,66.3,3.0,47.3,54.9,0.0,0,Core,0
46957,6.06,6.58,6.63,6.39,6.97,6.4,6.99,6.53,6.62,73.4,1.0,2.0,2.0,3.0,0.0,55.1,1.9,42.9,52.1,1.0,0,Core,0
48791,5.74,6.31,6.15,6.91,6.69,6.05,6.21,5.86,5.92,70.6,1.0,1.0,1.0,1.0,1.0,75.5,2.4,54.6,43.6,1.0,0,Core,0
36586,9.14,9.25,8.73,8.96,9.48,9.62,10.0,9.33,4.03,50.84458196,1.0,3.0,3.0,3.0,2.0,34.0,4.8,4.2,90.1,1.0,-1,Noise,1
10466,8.88,8.67,8.74,9.36,9.22,9.1,9.57,9.52,9.2,73.2,2.0,2.0,1.0,2.0,1.0,77.5,2.7,57.0,54.9,1.0,0,Core,1
7822,7.19,6.45,6.94,6.8,6.93,7.33,6.95,6.84,6.82,80.1,1.0,2.0,2.0,2.0,1.0,69.6,3.8,55.7,58.0,0.0,0,Core,1
7206,4.64,5.22,5.81,5.5,5.37,5.5,5.33,5.16,5.29,87.1,2.0,4.0,3.0,4.0,2.0,67.2,5.0,80.8,59.0,1.0,0,Border,1
6414,5.79,5.99,6.07,5.69,5.5,5.96,5.97,5.47,5.89,74.9,1.0,2.0,2.0,1.0,0.0,66.6,3.1,63.7,47.0,1.0,0,Core,0
34047,7.18,6.57,6.45,7.09,5.82,6.4,7.1,7.39,6.86,78.7,0.0,1.0,1.0,1.0,1.0,67.9,2.4,49.6,53.7,1.0,0,Core,0
12729,7.13,7.87,7.53,7.61,7.48,6.92,7.08,7.63,7.44,68.4,0.0,2.0,2.0,1.0,0.0,57.5,3.8,50.4,67.6,0.0,0,Core,0
6926,10.0,9.99,10.0,10.0,10.0,10.0,10.0,10.0,10.0,88.8,2.0,4.0,2.0,4.0,1.0,79.2,4.5,67.5,63.9,0.0,0,Core,1
27996,9.31,8.69,8.87,9.4,9.0,8.91,8.74,8.66,8.74,84.9,2.0,2.0,3.0,2.0,1.0,81.9,2.4,69.5,60.1,0.0,0,Core,1
37613,6.06,6.13,6.05,6.91,5.77,6.14,5.66,5.54,6.14,59.3,0.0,1.0,1.0,1.0,0.0,69.6,1.7,22.1,29.6,0.0,0,Core,0
39484,8.97,9.03,9.16,8.63,8.77,9.19,9.16,9.26,9.19,87.3,1.0,3.0,3.0,4.0,1.0,77.6,4.3,58.5,79.6,0.0,0,Core,1
3017,5.82,5.34,5.75,5.89,5.49,5.69,5.52,5.74,5.64,82.9,1.0,1.0,2.0,2.0,0.0,71.0,3.2,54.1,62.4,1.0,0,Core,0
1641,8.58,7.97,8.91,8.69,8.47,8.1,8.84,7.99,8.29,75.2,0.0,1.0,2.0,1.0,1.0,65.1,2.6,57.7,42.9,1.0,0,Core,1
8884,6.56,6.96,6.81,6.92,6.96,6.98,7.25,7.28,7.04,87.9,1.0,2.0,2.0,4.0,2.0,85.6,4.3,57.6,54.9,0.0,0,Core,1
37602,6.43,7.01,6.36,5.91,7.0,5.87,6.24,6.41,6.38,73.2,0.0,0.0,2.0,1.0,0.0,41.8,1.5,34.4,30.0,0.0,0,Core,0
12970,9.19,9.23,9.3,9.88,9.08,9.07,9.62,9.08,9.18,92.7,2.0,3.0,3.0,4.0,2.0,98.1,4.0,84.8,87.5,0.0,0,Core,1
23464,8.85,8.86,8.98,9.65,9.15,9.58,8.94,9.27,9.24,72.8,2.0,3.0,3.0,2.0,2.0,69.6,3.9,78.7,82.3,1.0,0,Core,1
15758,7.78,7.75,7.5,8.04,7.86,7.56,8.48,8.07,7.85,77.6,3.0,3.0,2.0,2.0,2.0,83.9,2.9,91.5,72.8,1.0,0,Core,1
44077,5.91,5.74,5.93,5.84,5.62,6.31,5.94,6.25,4.21,50.76365791,1.0,1.0,2.0,1.0,1.0,34.6,2.0,9.5,54.6,1.0,0,Core,0
4087,9.68,10.0,9.49,9.55,10.0,10.0,10.0,9.92,9.95,87.4,2.0,3.0,4.0,3.0,1.0,73.2,2.7,80.7,70.5,1.0,0,Core,1
509,5.29,4.23,4.9,4.71,4.41,5.15,5.0,4.43,4.75,53.4,0.0,1.0,1.0,0.0,0.0,48.8,2.1,29.4,26.4,0.0,0,Core,0
6355,6.32,6.33,6.3,6.52,6.3,6.46,6.29,5.76,6.39,54.5,1.0,1.0,1.0,1.0,0.0,44.9,1.5,29.1,25.4,1.0,0,Core,0
29645,9.26,9.07,9.42,9.02,9.58,9.54,9.92,9.36,9.16,84.5,1.0,2.0,2.0,2.0,1.0,77.2,4.7,87.9,70.3,1.0,0,Core,1
20816,9.37,9.4,9.88,9.58,9.51,9.86,9.3,9.65,9.44,80.8,1.0,1.0,2.0,1.0,1.0,58.1,3.0,55.0,50.9,0.0,0,Core,1
6235,7.42,7.01,7.25,7.24,7.03,6.69,7.09,7.14,7.05,75.6,1.0,2.0,3.0,2.0,0.0,71.9,3.0,57.6,54.9,0.0,0,Core,1
31990,8.73,8.44,8.75,8.84,9.3,8.58,8.59,8.86,8.8,69.3,2.0,1.0,2.0,2.0,0.0,77.9,3.2,41.0,52.7,0.0,0,Core,1
12996,5.39,5.3,5.0,5.35,5.17,5.24,5.29,5.51,5.34,61.6,0.0,1.0,0.0,1.0,1.0,47.0,2.9,23.8,34.4,0.0,0,Core,0
42502,7.63,7.38,7.36,7.79,7.66,7.86,7.82,7.53,7.58,87.4,2.0,4.0,3.0,2.0,1.0,95.9,3.7,56.6,69.0,1.0,0,Core,1
38921,9.17,9.51,9.76,9.35,9.47,9.09,9.09,9.41,9.3,100.0,2.0,3.0,2.0,3.0,2.0,80.7,4.3,75.1,81.7,1.0,0,Core,1
263,9.39,9.31,9.25,9.55,9.17,9.87,9.45,9.44,9.42,86.1,2.0,3.0,3.0,4.0,1.0,81.4,3.1,73.8,67.8,0.0,0,Core,1
7892,7.96,8.1,8.06,8.42,8.61,8.28,7.79,8.39,8.16,81.0,2.0,2.0,2.0,2.0,0.0,63.2,4.2,36.6,54.9,1.0,0,Core,1
10528,9.3,9.53,9.46,9.35,9.46,9.26,9.9,8.86,9.26,89.2,2.0,3.0,3.0,4.0,1.0,69.6,4.6,57.6,77.8,1.0,0,Core,1
18601,9.68,9.44,9.63,9.72,9.32,10.0,9.89,9.66,9.65,91.4,2.0,4.0,2.0,2.0,1.0,84.4,3.6,66.4,60.1,1.0,0,Core,1
24115,9.92,10.0,9.85,10.0,10.0,10.0,10.0,10.0,10.0,84.2,2.0,3.0,3.0,4.0,1.0,97.1,4.7,63.6,77.3,1.0,0,Core,1
33499,6.49,6.71,6.58,7.12,6.82,7.12,6.52,6.32,6.84,87.3,1.0,1.0,1.0,1.0,0.0,85.3,3.2,65.8,69.5,0.0,0,Core,0
13472,7.4,7.57,7.91,7.32,7.43,7.57,7.34,6.77,7.28,75.0,1.0,2.0,2.0,1.0,0.0,68.0,3.1,56.8,63.8,0.0,0,Core,1
31726,6.86,6.35,6.4,6.47,5.87,6.05,6.58,5.76,6.45,64.3,0.0,1.0,1.0,0.0,0.0,69.6,1.9,31.8,26.1,1.0,0,Core,0
23691,6.86,6.92,7.01,6.61,6.64,6.74,6.5,6.97,6.91,84.4,0.0,3.0,1.0,1.0,1.0,69.6,2.5,46.4,54.9,1.0,0,Core,0
10558,5.71,5.52,5.54,5.28,5.27,5.38,5.7,5.4,5.61,65.4,1.0,1.0,1.0,1.0,0.0,44.1,1.9,34.7,26.6,0.0,0,Core,0
6557,9.49,9.2,9.02,8.86,8.89,8.64,9.07,8.65,9.11,65.9,0.0,1.0,2.0,0.0,0.0,67.6,3.3,55.8,43.6,0.0,0,Core,1
45578,8.12,8.2,8.17,8.27,8.2,8.51,8.21,8.8,8.31,76.2,2.0,3.0,3.0,4.0,2.0,89.4,5.0,79.6,68.8,1.0,0,Core,1
41504,5.92,6.65,6.14,6.59,6.35,6.22,6.68,6.25,9.94,85.2,3.0,5.0,2.0,2.0,1.0,99.8,2.7,97.2,51.7,1.0,0,Border,1
27873,4.44,4.64,4.53,4.13,4.67,4.41,4.93,4.11,4.61,76.0,0.0,2.0,2.0,2.0,0.0,70.1,4.1,49.7,42.9,1.0,0,Core,0
10811,6.24,6.22,5.82,6.09,5.9,6.03,6.22,6.24,6.1,74.7,1.0,2.0,3.0,2.0,0.0,73.5,3.6,56.1,51.5,0.0,0,Core,0
38215,8.3,8.52,8.52,9.22,8.75,8.65,8.73,9.25,8.76,79.9,1.0,2.0,2.0,0.0,1.0,75.9,2.2,46.1,55.4,1.0,0,Core,1
11731,6.51,6.93,6.63,6.96,6.88,7.54,7.0,6.82,6.8,71.7,1.0,1.0,2.0,1.0,1.0,71.2,2.2,58.9,52.3,1.0,0,Core,1
27439,6.5,6.3,6.47,6.19,6.41,6.46,6.08,6.41,6.15,86.6,1.0,2.0,2.0,1.0,1.0,69.5,3.8,56.5,56.1,0.0,0,Core,1
21780,9.57,10.0,10.0,9.61,9.81,10.0,10.0,9.48,9.69,84.7,1.0,3.0,1.0,3.0,1.0,73.3,3.3,63.7,74.3,1.0,0,Core,1
34080,5.51,5.63,5.28,5.69,5.89,5.26,6.1,6.07,5.74,68.8,1.0,3.0,2.0,1.0,1.0,65.8,2.5,65.5,58.7,1.0,0,Core,0
22916,8.41,7.89,8.26,8.63,8.27,8.68,8.38,8.38,8.38,68.3,0.0,2.0,1.0,2.0,0.0,65.7,3.4,52.7,49.3,1.0,0,Core,1
8086,6.76,6.09,6.28,5.82,6.15,7.1,6.36,6.75,6.52,79.8,1.0,1.0,2.0,2.0,1.0,77.7,4.3,46.0,48.4,0.0,0,Core,1
43468,8.2,9.12,8.72,8.38,9.06,8.93,9.18,8.78,8.74,86.8,2.0,4.0,3.0,3.0,1.0,82.2,4.6,85.5,87.1,1.0,0,Core,1
14710,9.44,9.37,9.99,9.2,9.31,9.6,10.0,9.51,9.57,90.7,2.0,4.0,2.0,4.0,1.0,75.4,3.2,80.6,67.5,1.0,0,Core,1
15467,6.39,5.63,5.72,5.84,5.75,5.45,5.5,5.57,5.8,66.7,0.0,1.0,1.0,0.0,0.0,59.2,1.5,26.5,38.3,0.0,0,Core,0
37173,7.36,7.65,7.48,7.68,7.36,7.16,7.53,7.73,7.52,70.4,1.0,3.0,1.0,1.0,0.0,69.6,4.2,51.1,61.0,0.0,0,Core,1
28749,7.22,7.07,7.16,7.37,7.41,7.25,6.95,7.52,9.86,88.3,3.0,5.0,2.0,4.0,1.0,100.0,3.8,95.7,61.4,0.0,0,Core,1
3105,9.07,9.09,9.63,9.35,9.76,9.67,9.88,9.54,9.7,84.4,3.0,3.0,3.0,2.0,1.0,85.6,4.3,73.2,89.8,1.0,0,Core,1
709,7.13,6.82,7.35,7.13,7.42,7.06,7.79,7.36,7.09,99.9,1.0,5.0,2.0,3.0,2.0,88.1,5.0,78.1,69.6,1.0,0,Core,1
38386,8.09,8.17,7.61,7.82,7.77,8.28,7.64,8.2,7.97,91.2,2.0,2.0,3.0,3.0,1.0,72.0,3.8,69.1,74.0,1.0,0,Core,1
23445,5.82,5.58,5.9,5.69,5.7,6.14,5.56,5.74,5.79,71.5,0.0,1.0,1.0,0.0,0.0,54.1,1.8,57.6,30.6,0.0,0,Core,0
26511,9.05,8.78,9.27,9.29,9.18,8.43,8.93,9.02,9.27,100.0,1.0,3.0,3.0,4.0,1.0,74.0,2.9,75.8,77.0,0.0,0,Core,1
8467,7.67,7.64,7.41,7.38,7.49,7.47,7.36,7.38,7.6,87.2,1.0,2.0,2.0,2.0,0.0,60.4,2.2,58.1,55.5,1.0,0,Core,1
6231,6.62,6.93,7.23,7.02,6.84,6.97,6.51,6.71,6.86,87.1,0.0,2.0,1.0,1.0,0.0,68.8,2.2,71.3,47.2,0.0,0,Core,0
46359,6.31,6.57,5.77,6.73,5.75,6.09,5.82,6.32,5.97,61.2,0.0,1.0,2.0,0.0,0.0,69.6,2.4,26.7,28.8,0.0,0,Core,0
39358,7.36,8.03,8.14,7.6,8.06,7.45,7.68,7.95,7.92,69.0,1.0,1.0,2.0,0.0,1.0,73.2,3.2,57.6,45.4,0.0,0,Core,1
16387,8.28,8.77,8.27,9.0,8.75,9.01,8.26,8.66,8.52,95.4,2.0,4.0,3.0,2.0,2.0,73.0,5.0,76.6,78.2,1.0,0,Core,1
34166,8.43,8.85,8.73,8.61,8.66,8.21,8.61,9.27,8.86,88.8,2.0,4.0,2.0,3.0,1.0,73.1,4.2,88.5,54.9,0.0,0,Core,1
4169,9.58,9.54,8.97,9.25,9.36,9.42,9.17,9.45,9.35,81.1,2.0,2.0,3.0,4.0,2.0,69.2,4.7,81.8,81.9,1.0,0,Core,1
5804,4.85,5.33,5.31,5.48,5.83,5.8,4.95,5.11,5.33,65.4,0.0,1.0,0.0,1.0,0.0,55.2,2.1,26.5,27.1,0.0,0,Core,0
12754,9.08,9.41,9.46,9.12,9.53,9.29,10.0,9.77,9.24,85.4,1.0,3.0,4.0,3.0,2.0,87.5,5.0,80.5,85.7,1.0,0,Core,1
2190,7.63,7.47,7.85,7.97,7.75,7.68,7.23,7.47,7.89,77.2,0.0,2.0,2.0,1.0,0.0,69.6,3.3,47.1,54.7,1.0,0,Core,1
12188,6.7,6.89,7.43,6.53,6.81,7.34,6.62,6.69,6.85,77.8,1.0,2.0,2.0,1.0,0.0,69.6,2.8,55.7,49.4,1.0,0,Core,1
31728,6.03,6.88,6.31,6.1,7.06,7.01,6.77,6.4,6.6,72.3,3.0,3.0,3.0,3.0,2.0,79.3,5.0,72.3,72.8,1.0,0,Core,1
19246,5.19,6.65,5.5,5.73,5.02,5.57,5.35,5.72,9.85,60.1,3.0,5.0,0.0,1.0,0.0,99.3,1.9,95.8,33.1,0.0,1,Border,0
37867,6.02,6.17,6.25,6.26,6.05,5.8,6.38,5.9,6.12,68.6,1.0,0.0,0.0,0.0,0.0,37.9,2.7,31.3,28.3,0.0,0,Core,0
43515,7.87,7.93,7.73,7.84,7.93,8.25,8.73,8.45,8.14,80.3,2.0,4.0,3.0,3.0,1.0,61.6,3.6,87.5,81.0,1.0,0,Core,1
8719,6.38,6.67,6.21,6.11,6.87,6.32,6.61,6.64,6.43,61.6,0.0,1.0,0.0,1.0,0.0,47.4,2.5,25.9,27.5,1.0,0,Core,0
28825,6.85,6.79,6.56,7.13,6.86,6.78,7.03,6.49,6.82,78.8,2.0,2.0,2.0,2.0,1.0,74.1,3.6,51.8,54.9,0.0,0,Core,1
24469,6.81,7.21,6.89,7.02,7.13,7.66,6.86,6.66,7.17,73.1,1.0,2.0,2.0,1.0,1.0,69.6,2.1,59.4,53.5,0.0,0,Core,1
48253,10.0,10.0,10.0,10.0,10.0,10.0,10.0,10.0,9.8,86.1,1.0,4.0,1.0,4.0,2.0,89.0,2.9,87.3,73.3,1.0,0,Core,1
7202,8.39,8.66,8.63,8.16,9.03,8.79,8.99,8.48,8.68,85.8,3.0,1.0,4.0,3.0,1.0,75.6,4.7,83.4,84.6,1.0,0,Core,1
9283,6.33,6.04,6.04,6.35,5.44,6.25,5.54,5.62,5.88,71.7,1.0,2.0,2.0,2.0,0.0,80.5,3.5,43.9,41.5,1.0,0,Core,0
26821,7.11,8.14,7.9,7.93,8.1,7.64,8.31,7.55,7.98,90.1,1.0,3.0,3.0,4.0,1.0,74.9,3.2,80.5,62.4,1.0,0,Core,1
27374,7.14,7.16,7.59,7.58,8.51,7.39,7.82,7.42,7.69,79.4,1.0,2.0,1.0,2.0,1.0,60.6,2.2,61.7,46.4,0.0,0,Core,0
22493,5.27,5.7,5.9,5.03,5.53,4.89,5.27,5.71,9.74,63.7,3.0,5.0,0.0,0.0,0.0,97.4,1.9,98.1,54.9,0.0,1,Border,0
45638,8.92,8.79,8.68,8.47,9.82,8.9,9.06,8.94,8.89,88.1,2.0,3.0,2.0,3.0,0.0,86.2,4.6,81.6,81.4,1.0,0,Core,1
45880,8.44,8.15,8.48,8.31,8.14,8.76,8.14,9.14,8.34,83.9,1.0,3.0,2.0,5.0,1.0,82.9,3.8,78.0,49.2,0.0,0,Core,1
29340,7.92,7.8,8.04,7.31,7.67,7.75,7.48,7.44,7.67,76.0,1.0,2.0,3.0,2.0,0.0,62.0,2.4,60.8,53.3,0.0,0,Core,1
46548,7.02,7.29,6.74,7.12,7.52,7.09,6.95,7.19,4.24,54.70946373,0.0,0.0,2.0,1.0,0.0,32.2,2.1,9.7,30.2,0.0,0,Core,0
10804,5.03,6.13,5.37,5.36,5.13,4.82,4.76,5.15,5.21,59.3,1.0,1.0,0.0,1.0,0.0,40.2,1.5,29.5,27.6,0.0,0,Core,0
20965,6.25,5.96,6.33,6.22,6.05,4.99,5.96,5.41,5.99,61.7,0.0,0.0,0.0,1.0,0.0,39.5,2.2,30.8,38.8,1.0,0,Core,0
30033,6.84,6.95,7.46,6.48,7.4,7.0,6.77,6.25,6.89,61.2,1.0,1.0,0.0,1.0,0.0,46.4,1.1,25.3,29.4,0.0,0,Core,0
5223,9.32,9.8,9.32,9.83,9.91,9.46,9.76,9.65,9.58,97.5,1.0,3.0,3.0,3.0,2.0,69.6,3.4,84.6,70.2,0.0,0,Core,1
660,7.22,7.71,7.88,7.68,6.98,7.47,7.71,7.54,7.68,83.3,1.0,2.0,1.0,1.0,1.0,53.6,1.9,60.9,50.6,0.0,0,Core,1
33246,6.98,6.7,7.42,7.02,7.42,6.93,7.54,7.63,7.17,65.9,1.0,2.0,2.0,2.0,1.0,58.2,2.9,55.2,56.4,1.0,0,Core,1
5866,7.08,6.95,6.64,7.0,6.94,7.55,6.96,7.12,9.99,67.1,3.0,5.0,1.0,2.0,0.0,99.7,3.8,95.7,49.8,1.0,0,Border,1
48872,5.16,5.27,5.55,5.03,4.77,5.56,5.0,5.37,5.16,58.1,1.0,1.0,1.0,0.0,0.0,46.2,1.5,26.9,54.9,1.0,0,Core,0
22986,6.55,6.23,6.4,6.48,6.6,6.18,6.13,6.25,6.42,70.8,1.0,2.0,0.0,1.0,0.0,69.6,3.3,58.0,54.5,1.0,0,Core,1
28881,6.8,6.7,6.63,7.04,6.98,7.15,7.1,7.39,6.89,97.7,1.0,3.0,2.0,2.0,0.0,63.1,2.9,55.3,46.3,1.0,0,Core,1
47088,8.3,7.93,7.94,8.07,8.26,8.24,7.95,8.39,8.12,84.9,0.0,2.0,2.0,2.0,0.0,66.6,3.7,49.4,53.7,0.0,0,Core,1
26528,5.33,5.14,4.76,5.05,5.22,5.0,4.95,5.0,9.72,52.3,3.0,5.0,0.0,0.0,0.0,98.6,2.2,96.5,31.5,0.0,1,Border,0
9648,6.85,6.39,6.81,6.67,6.85,6.97,6.78,7.17,6.74,68.5,1.0,2.0,2.0,2.0,0.0,68.3,3.5,55.2,44.5,0.0,0,Core,1
49546,7.87,8.39,7.95,8.41,9.2,8.4,8.12,8.71,8.46,77.5,2.0,3.0,2.0,3.0,2.0,92.1,4.1,81.3,54.9,1.0,0,Core,1
32375,6.28,5.84,6.1,5.6,5.57,4.97,5.81,5.2,5.58,61.3,0.0,1.0,1.0,0.0,0.0,53.0,1.9,21.8,54.9,0.0,0,Core,0
26159,6.38,5.8,5.71,5.93,5.96,6.04,5.85,6.29,5.96,59.9,0.0,1.0,0.0,0.0,0.0,45.7,2.1,25.6,54.9,0.0,0,Core,0
11712,6.89,7.12,6.64,7.0,6.83,7.17,7.49,7.8,7.18,84.8,3.0,3.0,4.0,2.0,2.0,66.5,3.9,63.8,86.2,1.0,0,Core,1
27239,5.12,5.3,5.36,5.4,5.47,5.04,5.23,5.52,5.37,80.4,0.0,2.0,1.0,1.0,1.0,69.6,4.0,53.7,58.3,0.0,0,Core,0
18354,4.34,4.7,4.51,4.73,4.98,4.59,5.28,4.65,4.98,53.5,1.0,0.0,0.0,0.0,0.0,51.3,1.2,25.6,28.9,0.0,0,Core,0
49515,8.86,8.47,8.13,7.7,8.19,8.37,8.21,8.24,8.25,82.8,1.0,2.0,2.0,1.0,0.0,64.6,2.9,54.0,63.4,1.0,0,Core,1
21725,6.27,6.21,6.47,6.68,5.88,6.96,6.95,6.73,6.65,71.9,0.0,3.0,1.0,1.0,1.0,61.8,1.7,44.2,54.9,1.0,0,Core,0
25925,6.94,7.61,7.17,7.25,6.9,7.1,6.97,7.41,7.12,83.6,1.0,3.0,2.0,1.0,0.0,73.1,2.9,45.5,58.9,0.0,0,Core,1
41390,9.78,9.87,10.0,9.8,10.0,10.0,9.79,9.79,9.8,62.0,1.0,5.0,2.0,4.0,2.0,82.5,4.3,77.5,79.2,1.0,0,Core,1
4773,9.88,9.85,10.0,10.0,9.98,10.0,10.0,10.0,9.77,94.7,2.0,3.0,4.0,2.0,1.0,65.2,4.7,92.1,89.5,1.0,0,Core,1
35205,8.78,9.84,9.1,9.65,9.54,9.33,9.24,9.94,9.45,100.0,2.0,3.0,4.0,4.0,1.0,78.4,5.0,91.1,54.9,1.0,0,Core,1
27879,9.6,9.54,8.9,8.79,9.62,9.85,9.48,9.5,9.22,86.6,2.0,4.0,2.0,2.0,2.0,92.4,3.0,84.0,83.8,0.0,0,Core,1
5875,7.9,7.33,7.63,7.59,8.22,7.8,7.66,8.25,4.31,53.43910707,1.0,3.0,1.0,2.0,0.0,32.3,2.6,0.3,48.2,1.0,0,Border,1
17805,6.78,7.34,6.41,6.56,7.14,6.74,6.21,6.26,6.58,68.2,0.0,1.0,0.0,1.0,0.0,51.4,1.5,21.0,29.2,0.0,0,Core,0
34224,7.18,7.52,7.46,7.34,7.68,8.1,8.38,8.22,7.73,88.8,2.0,3.0,3.0,3.0,1.0,84.6,2.8,77.7,57.0,1.0,0,Core,1
7842,5.43,5.65,5.39,5.27,5.34,5.86,5.52,5.06,5.55,85.3,0.0,1.0,1.0,2.0,0.0,61.3,3.1,52.3,48.1,1.0,0,Core,0
15923,8.74,7.83,8.33,8.86,9.29,8.91,8.83,9.1,8.66,94.4,2.0,4.0,4.0,3.0,1.0,85.7,4.8,66.9,71.1,0.0,0,Core,1
28367,5.36,4.44,4.86,4.51,5.28,5.2,5.64,4.89,4.81,79.8,0.0,2.0,2.0,2.0,1.0,75.4,3.2,52.7,56.6,0.0,0,Core,0
12084,6.57,6.99,7.31,7.18,7.4,7.4,7.5,7.41,7.34,91.5,2.0,5.0,2.0,2.0,1.0,72.8,2.7,87.1,54.9,1.0,0,Core,1
20034,4.81,5.03,5.18,5.42,5.38,5.71,5.0,4.81,5.2,77.3,1.0,2.0,2.0,2.0,1.0,55.4,2.5,55.8,51.5,1.0,0,Core,0
14488,5.66,6.1,5.56,5.13,5.87,5.84,5.54,5.54,5.78,56.0,0.0,1.0,0.0,0.0,0.0,43.0,1.3,25.4,21.1,0.0,0,Core,0
20819,9.0,8.64,8.26,8.55,8.67,8.72,8.88,8.32,8.65,71.4,1.0,1.0,2.0,3.0,0.0,64.2,3.4,57.6,51.8,0.0,0,Core,1
37518,6.47,5.77,6.07,5.91,6.7,6.02,6.34,6.48,6.15,68.9,1.0,2.0,2.0,2.0,2.0,57.6,3.1,45.0,44.6,0.0,0,Core,0
44236,7.95,6.85,7.04,7.58,7.53,7.54,7.68,6.74,7.39,83.3,1.0,2.0,2.0,2.0,0.0,65.9,2.6,64.7,40.8,0.0,0,Core,1
48651,6.2,5.74,6.25,6.64,6.55,5.76,6.56,5.36,6.01,71.2,1.0,1.0,1.0,2.0,1.0,64.4,2.5,62.5,52.0,1.0,0,Core,0
36236,7.58,7.53,7.82,8.11,7.84,8.4,7.91,8.06,7.93,81.7,1.0,1.0,1.0,2.0,0.0,67.5,2.2,57.6,62.6,1.0,0,Core,1
21070,6.64,7.11,6.88,7.27,7.17,6.77,6.73,7.24,7.0,77.1,1.0,2.0,1.0,2.0,1.0,68.2,3.8,51.0,56.9,0.0,0,Core,1
9524,9.76,9.89,10.0,10.0,9.66,9.63,10.0,9.65,9.79,62.8,1.0,1.0,2.0,1.0,1.0,60.3,3.7,54.9,54.9,1.0,0,Core,1
32756,8.94,8.93,9.09,9.18,8.79,9.25,9.74,9.22,9.27,88.8,2.0,5.0,3.0,2.0,2.0,86.5,5.0,83.5,75.8,1.0,0,Core,1
12054,6.78,7.18,6.41,7.6,6.65,6.94,7.18,6.83,7.01,81.4,1.0,2.0,1.0,3.0,1.0,65.1,3.8,57.4,62.0,1.0,0,Core,1
23594,8.97,9.23,9.2,9.31,9.31,9.13,9.62,9.34,9.3,93.5,1.0,3.0,3.0,2.0,1.0,91.6,3.2,73.5,89.0,1.0,0,Core,1
8038,4.86,4.57,4.29,4.08,4.32,4.42,4.5,4.38,4.36,64.8,0.0,1.0,2.0,0.0,0.0,44.5,1.7,29.6,26.1,0.0,0,Core,0
46977,8.52,8.45,8.48,8.47,8.37,8.9,8.77,8.87,8.58,61.2,1.0,2.0,2.0,2.0,1.0,63.1,2.7,45.9,40.5,1.0,0,Core,1
16400,6.5,6.5,6.47,6.41,6.26,6.65,6.4,6.01,6.42,65.8,0.0,1.0,1.0,1.0,0.0,54.5,1.6,30.9,29.5,1.0,0,Core,0
45786,8.29,8.37,8.55,7.7,8.85,8.67,8.69,9.01,8.56,63.3,1.0,2.0,2.0,1.0,0.0,69.6,3.5,58.4,57.4,0.0,0,Core,1
34616,4.95,5.18,4.62,5.2,5.36,4.92,5.14,4.74,4.92,73.4,1.0,2.0,2.0,2.0,1.0,65.0,3.5,44.0,51.0,1.0,0,Core,0
7625,7.77,7.6,7.68,8.33,8.35,7.31,7.57,8.47,8.09,75.6,1.0,2.0,1.0,2.0,1.0,68.9,2.3,56.1,55.5,0.0,0,Core,1
13662,8.92,9.13,8.72,8.34,8.95,9.28,8.63,8.73,8.77,88.6,1.0,3.0,3.0,4.0,2.0,73.6,2.4,79.7,84.5,1.0,0,Core,1
37737,6.21,5.56,5.37,5.8,5.53,6.75,5.89,6.03,5.72,91.3,2.0,2.0,2.0,3.0,1.0,84.9,3.7,76.0,54.9,1.0,0,Core,1
26542,6.86,6.81,6.63,6.66,6.19,6.51,6.92,6.58,6.47,77.9,1.0,1.0,2.0,3.0,1.0,69.6,2.8,57.1,54.9,1.0,0,Core,0
13268,6.32,7.0,6.39,6.34,6.58,6.69,6.13,6.76,6.39,67.6,1.0,0.0,1.0,2.0,1.0,76.6,2.0,51.7,63.0,1.0,0,Core,0
18083,7.15,7.59,7.49,6.58,7.08,7.61,7.55,7.0,7.18,78.6,1.0,2.0,2.0,1.0,1.0,66.3,3.4,60.5,44.4,0.0,0,Core,1
48086,6.59,6.99,6.9,6.9,6.8,7.19,7.32,7.53,6.98,93.0,1.0,4.0,3.0,3.0,1.0,86.8,3.2,81.9,62.9,1.0,0,Core,1
42768,6.12,5.38,5.58,6.14,5.85,6.11,6.11,5.52,5.81,77.1,1.0,2.0,2.0,2.0,1.0,76.9,2.7,56.8,51.9,1.0,0,Core,0
4071,7.53,7.53,7.91,7.77,7.8,8.6,8.78,7.48,7.95,93.9,2.0,4.0,4.0,4.0,1.0,89.5,5.0,69.6,69.9,0.0,0,Core,1
16287,5.57,5.72,5.97,5.64,6.01,5.77,5.72,5.31,5.75,53.8,0.0,1.0,0.0,0.0,1.0,69.6,3.2,34.0,26.9,0.0,0,Core,0
1119,7.53,7.77,8.27,7.76,7.33,7.67,8.78,8.45,7.97,70.3,2.0,3.0,2.0,2.0,2.0,69.6,3.5,74.8,72.9,1.0,0,Core,1
10075,4.43,4.49,4.27,4.3,4.62,4.39,4.21,4.13,4.5,50.0,0.0,0.0,0.0,0.0,0.0,44.8,1.6,25.9,23.9,1.0,0,Core,0
11374,8.48,8.78,8.65,8.56,8.79,8.41,8.32,8.44,8.48,78.1,2.0,1.0,2.0,2.0,0.0,54.2,4.0,51.7,69.0,1.0,0,Core,1
32685,5.98,6.44,6.36,6.19,6.28,6.09,6.05,6.6,4.2,54.55335576,1.0,2.0,1.0,2.0,1.0,30.8,2.9,1.2,54.9,1.0,0,Border,0
46434,7.2,6.56,6.82,6.71,6.74,6.41,6.45,6.4,6.73,85.2,1.0,2.0,2.0,2.0,1.0,69.7,2.9,55.4,45.0,0.0,0,Core,1
25350,9.22,9.59,9.32,9.42,9.02,9.24,9.33,9.53,9.29,92.3,2.0,3.0,4.0,4.0,2.0,85.5,4.1,66.3,72.0,1.0,0,Core,1
6716,6.94,7.02,6.93,7.01,6.89,6.8,6.9,6.75,6.86,73.9,1.0,1.0,2.0,1.0,1.0,72.6,3.4,55.7,49.0,1.0,0,Core,0
34568,6.73,7.6,7.28,6.84,7.35,7.04,6.69,7.03,6.97,73.3,1.0,2.0,2.0,1.0,1.0,65.3,3.5,57.6,44.1,0.0,0,Core,1
1031,9.59,10.0,10.0,10.0,10.0,10.0,10.0,10.0,9.64,91.7,2.0,3.0,3.0,3.0,2.0,82.2,2.3,71.4,65.5,0.0,0,Core,1
22754,5.31,5.75,5.7,6.06,6.01,6.18,5.93,5.32,5.69,74.3,1.0,2.0,1.0,2.0,0.0,58.1,3.2,62.9,57.0,1.0,0,Core,0
11762,7.97,8.02,7.48,8.06,8.25,8.42,7.86,8.34,8.15,96.5,1.0,3.0,4.0,3.0,1.0,94.8,5.0,65.3,74.7,1.0,0,Core,1
35897,8.82,9.31,9.22,8.5,8.89,9.46,9.53,9.15,8.97,91.2,1.0,4.0,3.0,4.0,1.0,85.7,4.3,73.8,69.4,1.0,0,Core,1
14493,9.17,8.7,8.69,8.87,9.62,9.03,9.07,9.48,8.83,98.8,2.0,3.0,3.0,4.0,2.0,77.1,3.2,91.4,68.1,1.0,0,Core,1
25086,4.88,5.42,4.34,5.42,4.72,4.62,4.66,4.52,4.87,67.8,1.0,2.0,2.0,1.0,1.0,74.3,2.6,55.7,54.9,1.0,0,Core,0
20396,6.18,5.97,6.17,5.62,6.38,6.47,6.44,7.01,6.21,76.5,1.0,2.0,1.0,1.0,0.0,66.9,2.2,56.3,52.2,1.0,0,Core,0
4814,7.88,7.32,7.9,7.94,7.88,7.79,7.83,7.66,7.71,86.3,0.0,2.0,2.0,3.0,0.0,71.7,3.4,62.3,60.2,1.0,0,Core,0
8995,8.99,9.01,9.29,9.08,9.52,9.61,9.48,9.25,9.26,87.1,1.0,3.0,2.0,3.0,2.0,86.1,4.6,83.0,79.7,1.0,0,Core,1
49692,8.26,7.04,7.81,8.13,8.08,7.81,7.63,7.09,7.94,83.3,2.0,2.0,3.0,3.0,1.0,69.6,5.0,78.8,68.0,1.0,0,Core,1
21375,9.06,9.38,9.06,9.29,8.42,9.3,9.2,8.81,9.2,68.6,1.0,2.0,2.0,2.0,0.0,70.3,2.1,58.5,51.7,0.0,0,Core,1
30243,6.84,6.95,6.5,6.24,6.55,6.8,7.0,7.14,6.71,53.3,0.0,0.0,0.0,0.0,0.0,47.8,2.0,23.5,28.4,0.0,0,Core,0
47579,6.41,6.18,6.51,6.5,6.46,6.19,6.71,5.75,6.33,71.0,1.0,1.0,1.0,2.0,1.0,71.8,2.8,65.2,55.0,0.0,0,Core,1
1165,9.0,9.04,9.19,8.83,9.29,9.4,8.95,8.98,9.03,80.1,1.0,2.0,3.0,2.0,1.0,82.3,3.2,71.4,75.9,0.0,0,Core,1
24811,10.0,10.0,9.9,10.0,9.96,10.0,10.0,10.0,10.0,95.0,2.0,4.0,3.0,3.0,2.0,72.9,5.0,73.3,76.3,0.0,0,Core,1
21110,5.96,5.87,6.46,5.72,6.08,5.72,6.08,6.21,5.97,82.7,1.0,2.0,2.0,2.0,1.0,63.2,2.0,40.1,51.8,0.0,0,Core,0
3698,7.34,7.29,7.48,7.44,7.93,6.95,7.14,7.11,7.16,71.2,1.0,2.0,2.0,2.0,1.0,58.3,3.3,42.9,58.0,1.0,0,Core,1
11439,4.53,4.81,4.54,4.44,4.02,4.45,4.4,4.44,4.37,52.5,0.0,1.0,1.0,1.0,0.0,59.3,2.6,32.7,54.9,0.0,0,Core,0
4470,6.19,5.41,4.95,5.38,5.74,5.77,5.38,5.17,5.53,50.0,0.0,0.0,0.0,0.0,0.0,51.6,2.2,36.2,27.4,0.0,0,Core,0
9808,7.93,8.18,7.59,7.17,7.99,7.42,8.18,7.63,7.66,72.5,1.0,2.0,2.0,2.0,1.0,78.8,3.8,39.5,58.3,0.0,0,Core,1
47768,9.51,9.98,9.86,10.0,10.0,9.88,9.69,10.0,9.86,77.8,1.0,1.0,1.0,2.0,0.0,63.9,3.2,57.1,54.9,1.0,0,Core,1
6749,5.37,5.74,5.65,5.42,5.52,5.48,5.04,5.38,5.51,65.0,0.0,0.0,0.0,0.0,0.0,56.9,1.6,28.1,36.9,0.0,0,Core,0
49185,7.09,7.01,7.07,7.32,6.87,7.34,7.43,6.74,7.04,91.9,1.0,1.0,2.0,2.0,0.0,62.0,2.7,64.1,50.7,0.0,0,Core,0
17379,4.25,4.0,4.0,4.0,4.0,4.33,4.0,4.0,4.0,52.3,0.0,0.0,0.0,0.0,0.0,38.8,2.3,30.9,54.9,1.0,0,Core,0
36885,5.78,6.13,6.25,5.48,5.8,5.59,5.74,5.66,5.73,54.1,0.0,1.0,1.0,1.0,0.0,45.0,1.4,31.4,21.8,0.0,0,Core,0
13357,5.84,5.84,6.27,6.55,6.0,6.69,6.73,5.96,6.17,82.4,1.0,3.0,3.0,2.0,2.0,96.0,4.2,66.7,54.9,1.0,0,Core,1
32405,7.69,7.16,7.53,8.02,7.95,7.7,7.49,7.95,9.95,67.8,3.0,5.0,2.0,2.0,0.0,98.3,3.1,96.3,38.9,0.0,0,Border,1
42455,6.18,5.94,5.55,6.22,6.04,6.28,5.7,6.13,5.83,67.3,1.0,2.0,1.0,2.0,1.0,64.9,2.5,62.6,59.6,1.0,0,Core,0
46066,5.85,5.93,6.3,6.03,5.82,6.14,6.26,6.21,5.98,85.9,1.0,2.0,2.0,2.0,0.0,69.4,3.1,39.3,57.8,0.0,0,Core,0
11539,4.39,5.08,4.76,5.11,4.99,4.37,4.6,4.8,4.82,71.1,1.0,2.0,2.0,1.0,0.0,69.4,2.4,51.6,47.4,0.0,0,Core,0
2009,9.92,9.56,10.0,9.78,10.0,10.0,10.0,9.61,9.84,95.4,1.0,4.0,2.0,3.0,2.0,89.1,4.3,69.1,71.6,1.0,0,Core,1
3222,6.77,7.55,7.66,7.24,7.45,7.22,7.16,7.22,7.35,87.4,2.0,3.0,3.0,3.0,2.0,76.8,5.0,74.7,62.1,1.0,0,Core,1
44997,8.13,7.82,8.59,8.37,8.64,8.74,8.92,8.75,8.47,92.0,2.0,2.0,4.0,3.0,2.0,89.4,3.8,68.5,72.5,1.0,0,Core,1
18763,6.76,5.75,5.81,5.41,6.5,6.03,6.16,6.11,6.12,79.2,1.0,2.0,1.0,2.0,1.0,58.4,2.2,63.3,52.0,0.0,0,Core,0
14166,5.1,5.45,5.82,5.52,5.47,5.31,5.7,5.56,5.48,67.9,1.0,1.0,2.0,2.0,1.0,73.3,3.2,71.3,57.6,0.0,0,Core,0
40684,9.97,10.0,10.0,10.0,10.0,10.0,10.0,10.0,9.85,100.0,3.0,5.0,3.0,2.0,1.0,69.6,3.9,85.2,68.3,0.0,0,Core,1
25081,4.95,4.49,4.71,4.65,4.5,4.87,4.44,4.6,4.59,58.0,1.0,1.0,1.0,1.0,0.0,43.6,1.7,29.0,26.0,1.0,0,Core,0
1823,6.87,6.97,7.15,7.67,7.54,7.0,6.87,6.96,7.11,70.8,0.0,2.0,3.0,2.0,1.0,77.3,2.0,54.9,51.5,1.0,0,Core,1
44662,6.88,6.33,6.82,6.62,6.9,7.47,6.97,6.81,6.96,73.3,0.0,2.0,1.0,1.0,0.0,69.4,3.2,61.4,48.5,0.0,0,Core,1
6849,7.92,8.32,8.01,8.24,7.84,8.22,8.1,8.25,8.08,74.0,0.0,3.0,2.0,1.0,1.0,56.4,2.8,55.3,46.7,1.0,0,Core,1
12636,8.74,8.58,8.73,9.01,8.99,9.1,8.45,9.24,8.95,100.0,2.0,4.0,2.0,3.0,1.0,69.6,3.4,72.5,79.1,1.0,0,Core,1
37669,5.25,4.88,4.95,5.15,5.05,5.56,5.23,5.09,5.27,77.4,1.0,2.0,1.0,2.0,0.0,65.8,2.5,53.1,54.9,0.0,0,Core,0
6096,7.43,6.78,7.76,7.26,7.36,7.55,7.18,6.92,7.36,71.9,1.0,2.0,2.0,2.0,1.0,78.1,2.2,56.2,50.1,0.0,0,Core,1
39249,9.33,9.31,9.04,8.83,8.5,8.96,9.67,8.77,9.07,85.1,2.0,1.0,1.0,2.0,1.0,73.7,3.4,56.7,45.2,1.0,0,Core,1
10578,4.96,4.91,5.37,4.92,5.0,4.71,4.92,5.16,4.93,60.5,1.0,0.0,1.0,0.0,1.0,38.5,1.6,30.2,25.5,0.0,0,Core,0
31075,6.64,6.52,6.8,7.11,6.47,7.08,6.82,6.64,6.83,70.7,2.0,1.0,2.0,1.0,0.0,78.1,2.9,54.4,45.6,0.0,0,Core,1
29113,8.08,8.05,7.81,8.3,8.46,8.45,8.23,8.05,8.15,95.3,2.0,4.0,2.0,4.0,1.0,71.4,3.9,76.8,81.7,1.0,0,Core,1
10193,7.69,7.93,7.55,8.12,8.07,7.62,8.14,7.9,7.93,83.7,2.0,3.0,3.0,4.0,2.0,77.9,3.0,73.0,72.1,1.0,0,Core,1
315,5.01,4.98,4.41,5.25,4.54,4.69,4.87,4.53,4.8,61.8,1.0,1.0,1.0,1.0,0.0,41.2,1.5,27.2,32.7,0.0,0,Core,0
11450,6.01,6.65,5.99,5.84,6.48,5.85,5.86,5.63,6.08,68.5,1.0,0.0,2.0,0.0,0.0,53.2,2.1,28.2,28.7,0.0,0,Core,0
30746,6.8,6.25,5.92,6.45,6.77,6.39,6.01,6.19,6.15,57.7,0.0,1.0,0.0,0.0,0.0,47.6,2.2,30.3,38.3,0.0,0,Core,0
29703,6.19,6.5,6.65,6.35,6.41,6.31,6.74,6.45,6.32,88.1,1.0,2.0,2.0,2.0,1.0,69.6,3.2,59.6,45.6,1.0,0,Core,0
27659,5.08,5.07,4.71,4.99,4.76,5.09,4.9,5.43,9.96,59.7,3.0,5.0,1.0,1.0,0.0,96.5,2.0,95.7,26.6,0.0,1,Border,0
23686,10.0,10.0,10.0,10.0,10.0,10.0,10.0,9.97,9.91,78.1,2.0,3.0,3.0,2.0,2.0,63.3,3.2,79.6,63.0,1.0,0,Core,1
28376,5.85,6.42,6.73,7.19,6.99,7.01,6.35,6.68,6.73,82.8,1.0,3.0,3.0,3.0,1.0,78.5,3.6,79.5,71.4,1.0,0,Core,1
3086,6.94,6.36,6.68,6.93,6.6,6.83,7.03,6.78,6.87,62.3,1.0,1.0,2.0,1.0,1.0,64.3,3.3,70.7,47.3,1.0,0,Core,1
49372,6.68,6.99,6.92,6.99,7.13,7.06,7.14,7.59,6.96,67.1,1.0,2.0,2.0,2.0,1.0,61.1,2.6,56.6,46.9,0.0,0,Core,0
3752,4.63,5.83,5.59,5.88,5.82,4.88,6.2,4.72,5.34,51.9,0.0,0.0,1.0,1.0,0.0,48.7,2.1,28.4,26.2,0.0,0,Core,0
5049,9.37,9.75,9.53,9.57,9.75,9.54,9.49,9.85,9.74,86.0,2.0,3.0,3.0,3.0,1.0,93.8,3.2,97.4,82.7,0.0,0,Core,1
29187,6.98,7.05,7.23,7.8,7.19,7.02,7.32,6.92,6.95,73.0,1.0,1.0,2.0,2.0,1.0,57.5,2.5,45.7,50.8,0.0,0,Core,1
30709,6.76,7.39,7.54,6.59,7.06,7.05,6.76,6.74,6.99,74.1,1.0,3.0,1.0,2.0,0.0,72.5,3.9,51.5,47.5,0.0,0,Core,1
20147,6.27,6.79,6.58,6.25,5.55,6.39,6.31,6.2,6.24,66.5,0.0,0.0,0.0,1.0,0.0,44.6,1.2,31.1,31.9,1.0,0,Core,0
32250,7.52,8.17,8.06,8.4,8.39,8.42,8.25,8.15,8.06,82.5,1.0,3.0,3.0,3.0,1.0,92.7,4.4,70.5,69.4,1.0,0,Core,1
4970,4.08,4.28,4.08,4.0,4.24,4.29,4.63,4.0,4.13,68.4,1.0,1.0,2.0,0.0,0.0,56.5,2.6,48.8,55.5,1.0,0,Core,0
30526,5.11,5.28,5.03,5.17,5.06,5.13,5.74,6.23,5.25,80.6,1.0,1.0,2.0,3.0,0.0,60.9,3.1,62.8,44.2,0.0,0,Core,0
18495,7.25,7.48,7.4,7.5,7.64,7.82,7.48,7.28,7.56,75.6,1.0,2.0,2.0,2.0,1.0,61.8,3.3,57.6,63.8,0.0,0,Core,1
38065,6.08,6.66,6.49,6.94,6.96,6.9,6.71,6.19,6.48,74.8,0.0,2.0,2.0,2.0,1.0,65.5,3.3,57.6,58.5,1.0,0,Core,1
41837,6.0,6.2,5.75,6.21,6.63,6.09,6.34,5.74,6.15,53.0,0.0,1.0,0.0,0.0,0.0,54.9,1.8,32.3,27.4,0.0,0,Core,0
32753,4.9,4.33,4.56,4.46,4.56,4.22,4.62,4.53,4.5,56.9,0.0,1.0,0.0,1.0,0.0,54.0,1.3,32.6,30.1,0.0,0,Core,0
20074,9.74,9.96,10.0,9.98,9.51,9.8,10.0,10.0,9.81,81.1,0.0,2.0,2.0,2.0,1.0,67.1,3.5,52.3,49.4,1.0,0,Core,1
26274,8.63,8.26,8.43,8.28,8.59,8.86,8.27,8.77,8.78,85.6,2.0,3.0,2.0,5.0,3.0,79.4,4.5,65.9,86.5,1.0,0,Core,1
13650,8.86,8.79,8.31,8.05,8.98,9.06,8.46,8.97,8.61,66.2,1.0,2.0,2.0,2.0,1.0,75.2,3.2,37.6,54.9,1.0,0,Core,0
25534,9.86,10.0,10.0,9.94,10.0,9.71,10.0,10.0,9.8,83.3,3.0,5.0,3.0,4.0,1.0,98.8,4.3,96.0,61.8,1.0,0,Core,1
17522,6.52,6.7,6.57,6.32,5.98,6.86,6.58,6.08,6.5,82.2,1.0,1.0,1.0,2.0,0.0,65.4,3.2,58.1,52.8,0.0,0,Core,1
25481,8.23,7.93,7.93,8.11,7.98,8.54,8.62,8.54,8.21,82.9,2.0,4.0,3.0,3.0,0.0,99.4,4.5,66.8,54.9,1.0,0,Core,1
48235,8.49,8.62,8.59,7.58,8.83,8.53,8.76,8.44,8.77,87.5,0.0,2.0,3.0,2.0,1.0,82.3,3.6,79.5,54.9,1.0,0,Core,1
48788,7.55,7.37,7.35,7.88,7.86,7.08,7.53,7.34,7.49,78.7,2.0,2.0,2.0,2.0,0.0,68.8,3.3,57.3,43.0,1.0,0,Core,1
32390,7.79,7.39,6.93,7.43,7.52,7.81,7.29,7.82,7.53,89.9,2.0,3.0,3.0,3.0,1.0,90.7,3.1,93.2,54.9,0.0,0,Core,1
5087,8.17,8.45,8.11,8.68,8.42,8.71,8.87,9.14,8.42,76.1,1.0,2.0,1.0,2.0,0.0,55.0,3.3,52.7,54.0,0.0,0,Core,1
17253,5.81,5.82,6.33,6.56,6.39,6.14,5.72,6.2,6.17,78.1,1.0,2.0,2.0,2.0,0.0,76.7,2.8,38.8,46.4,1.0,0,Core,0
4040,7.94,8.07,8.69,8.72,8.23,8.42,8.73,8.47,8.48,83.9,2.0,2.0,1.0,2.0,1.0,65.5,3.3,56.5,60.2,0.0,0,Core,1
18387,7.15,7.09,6.68,7.08,7.12,6.3,7.36,7.09,6.93,62.8,1.0,2.0,1.0,1.0,1.0,77.9,2.6,54.0,52.8,1.0,0,Core,1
4247,8.22,7.8,8.38,8.8,8.4,8.6,8.77,8.52,8.3,90.9,2.0,3.0,3.0,4.0,2.0,69.2,4.6,66.7,54.9,0.0,0,Core,1
18628,9.4,9.55,9.49,9.55,10.0,10.0,9.67,9.52,9.7,83.0,1.0,3.0,2.0,3.0,2.0,72.9,3.9,76.7,68.1,0.0,0,Core,1
880,9.85,9.96,10.0,10.0,10.0,10.0,10.0,10.0,10.0,80.7,1.0,2.0,3.0,2.0,2.0,75.2,4.7,62.8,73.0,0.0,0,Core,1
23299,8.28,8.54,8.37,9.04,8.83,9.36,8.64,9.24,8.84,84.6,2.0,3.0,4.0,3.0,2.0,97.5,4.1,68.8,66.6,1.0,0,Core,1
29753,5.87,6.08,5.55,5.56,5.67,5.92,5.31,5.07,5.82,57.5,0.0,1.0,1.0,0.0,0.0,53.1,1.8,27.0,28.5,0.0,0,Core,0
30173,6.8,5.84,6.39,6.63,6.78,6.6,6.68,6.55,6.54,73.0,1.0,2.0,1.0,2.0,1.0,56.4,2.3,46.9,47.1,1.0,0,Core,1
28560,6.81,7.1,7.08,7.24,7.71,6.88,7.46,7.22,7.23,73.1,2.0,3.0,2.0,2.0,2.0,91.7,4.7,62.4,54.9,1.0,0,Core,1
18864,7.23,7.09,6.99,7.68,7.09,7.25,7.25,7.8,7.2,70.5,2.0,3.0,3.0,3.0,2.0,68.5,5.0,73.0,69.9,0.0,0,Core,1
43344,5.19,5.65,5.95,5.4,6.04,6.43,5.59,5.35,5.75,68.2,1.0,1.0,2.0,2.0,0.0,62.5,3.0,61.9,51.8,0.0,0,Core,0
34211,7.37,7.65,7.63,7.33,7.56,7.42,7.29,7.25,7.53,80.8,0.0,2.0,1.0,2.0,1.0,53.1,3.0,53.4,63.9,1.0,0,Core,1
26084,4.19,4.07,4.29,4.55,4.0,4.15,4.0,4.0,4.05,64.8,0.0,1.0,0.0,0.0,0.0,54.7,2.8,32.1,30.0,0.0,0,Core,0
1942,8.63,8.55,8.62,8.07,8.69,8.58,8.62,9.07,8.44,83.5,2.0,3.0,3.0,5.0,1.0,78.7,4.3,60.1,54.9,1.0,0,Core,1
22226,6.5,5.84,5.91,6.58,6.27,5.89,6.33,5.81,6.08,63.7,1.0,2.0,1.0,1.0,1.0,67.3,2.8,52.3,45.6,1.0,0,Core,0
44692,6.28,6.66,6.72,6.76,6.4,6.93,6.59,6.45,6.61,75.3,1.0,2.0,1.0,2.0,0.0,75.6,2.5,47.5,54.2,0.0,0,Core,1
43240,7.3,6.81,7.2,7.6,6.69,7.02,7.32,7.08,7.12,79.9,2.0,3.0,3.0,3.0,1.0,73.1,2.1,74.0,84.9,0.0,0,Core,1
23860,9.95,9.91,9.95,10.0,9.77,10.0,10.0,9.76,9.8,93.0,3.0,3.0,4.0,2.0,2.0,93.0,4.8,70.9,89.1,0.0,0,Core,1
14159,6.71,6.58,6.0,6.71,5.79,6.46,6.09,6.1,6.21,67.2,0.0,1.0,0.0,1.0,0.0,43.1,1.7,27.4,54.9,1.0,0,Core,0
33876,10.0,10.0,10.0,9.66,10.0,10.0,10.0,9.89,9.96,78.4,1.0,2.0,1.0,2.0,1.0,69.8,3.1,55.5,56.5,0.0,0,Core,1
48105,5.79,5.3,5.42,4.91,5.01,5.41,4.63,4.6,10.0,71.3,3.0,5.0,1.0,1.0,0.0,98.8,1.7,97.5,27.9,1.0,1,Border,0
23450,10.0,9.84,9.48,9.49,9.71,9.45,9.87,10.0,9.6,94.0,2.0,4.0,2.0,3.0,2.0,80.7,4.5,74.5,75.0,1.0,0,Core,1
6624,8.46,7.85,8.13,8.48,8.25,8.59,8.15,8.33,8.28,73.1,0.0,2.0,2.0,2.0,1.0,66.8,2.5,49.9,57.1,0.0,0,Core,1
38265,6.94,7.17,6.82,7.21,6.61,6.85,7.05,7.15,6.87,66.5,1.0,1.0,2.0,2.0,0.0,78.2,2.9,49.7,45.5,1.0,0,Core,1
26242,6.17,6.04,6.71,5.94,6.17,6.28,6.87,6.62,6.52,71.9,2.0,2.0,1.0,1.0,0.0,75.1,3.4,65.9,36.9,1.0,0,Core,1
47592,8.36,8.03,8.05,8.28,8.46,8.72,8.44,8.48,8.31,88.1,2.0,3.0,2.0,3.0,1.0,81.1,4.1,84.5,59.7,0.0,0,Core,1
24156,10.0,9.83,10.0,10.0,10.0,10.0,9.85,9.83,9.85,77.7,1.0,3.0,3.0,3.0,0.0,72.7,4.1,90.2,59.2,0.0,0,Core,1
32059,6.22,5.84,6.3,6.1,6.31,5.95,5.49,5.77,5.96,63.0,0.0,1.0,1.0,1.0,0.0,52.2,1.5,29.7,35.1,0.0,0,Core,0
9332,7.06,7.34,6.37,6.69,6.58,6.88,6.61,6.65,6.83,79.5,1.0,2.0,2.0,2.0,1.0,68.7,2.9,45.7,60.0,0.0,0,Core,1
43565,8.51,8.32,8.18,8.22,8.54,8.49,8.06,8.72,8.31,83.4,1.0,4.0,4.0,2.0,1.0,77.2,5.0,83.4,90.0,1.0,0,Core,1
3494,5.27,5.22,5.55,5.66,4.88,4.79,5.52,4.92,5.32,55.2,1.0,1.0,1.0,0.0,0.0,42.4,1.5,22.0,54.9,0.0,0,Core,0
4879,9.41,9.52,8.97,8.89,9.32,9.63,9.42,9.22,9.45,79.4,1.0,1.0,2.0,2.0,1.0,65.0,3.2,51.9,54.9,0.0,0,Core,1
47063,8.19,8.11,8.87,8.61,8.36,8.95,8.7,8.4,8.67,89.7,3.0,4.0,3.0,3.0,2.0,68.4,4.5,64.3,84.0,1.0,0,Core,1
999,5.24,6.05,5.66,5.49,5.38,5.31,6.01,5.7,5.71,67.5,1.0,0.0,1.0,0.0,0.0,46.7,2.4,24.5,29.6,0.0,0,Core,0
37087,8.03,7.57,7.69,7.29,7.89,7.76,7.39,8.06,7.81,95.8,2.0,3.0,2.0,3.0,1.0,99.1,4.0,91.6,64.8,0.0,0,Core,1
36438,8.94,8.52,8.43,8.86,8.77,8.93,8.78,8.6,8.73,97.6,2.0,3.0,3.0,3.0,2.0,68.5,2.9,82.3,68.5,1.0,0,Core,1
34750,7.27,7.62,7.69,6.59,6.77,7.64,7.68,7.39,7.37,87.1,1.0,1.0,1.0,2.0,1.0,62.0,2.9,57.3,54.9,0.0,0,Core,1
28617,9.0,9.18,8.15,9.25,9.21,9.09,9.0,8.7,8.96,78.2,2.0,3.0,3.0,3.0,1.0,90.8,3.2,94.3,54.9,0.0,0,Core,1
37096,7.1,7.55,7.35,7.51,7.56,7.55,7.21,7.64,7.31,68.8,1.0,2.0,2.0,2.0,0.0,62.6,2.0,53.3,54.9,1.0,0,Core,1
22811,7.49,7.23,7.5,7.58,8.03,7.27,7.93,8.05,7.84,66.4,1.0,1.0,1.0,2.0,1.0,60.0,3.7,47.3,49.2,0.0,0,Core,1
7143,6.08,5.33,5.59,5.75,5.94,6.02,5.52,5.69,5.99,71.8,1.0,2.0,2.0,2.0,1.0,83.2,3.8,56.6,58.2,0.0,0,Core,1
21559,5.92,5.86,5.61,5.71,5.83,5.29,5.37,5.16,5.76,72.6,0.0,1.0,0.0,1.0,0.0,47.1,1.4,57.6,39.3,0.0,0,Core,0
9936,9.84,9.47,9.49,9.62,10.0,10.0,9.77,9.67,9.91,82.6,2.0,3.0,2.0,3.0,1.0,88.1,4.3,66.0,90.6,0.0,0,Core,1
4789,8.37,8.45,8.5,8.96,8.17,8.19,8.4,8.74,8.33,82.2,0.0,2.0,2.0,2.0,0.0,66.7,2.3,54.3,55.3,1.0,0,Core,0
30511,8.3,8.82,8.7,8.89,8.95,8.98,9.15,8.84,8.85,86.0,2.0,4.0,3.0,3.0,1.0,93.1,4.5,68.3,54.9,1.0,0,Core,1
31190,10.0,9.86,10.0,10.0,10.0,10.0,10.0,10.0,9.83,99.9,2.0,3.0,2.0,3.0,2.0,100.0,3.6,57.6,60.8,1.0,0,Core,1
20084,6.93,6.88,7.24,6.67,6.84,6.45,6.66,6.26,6.78,71.3,1.0,2.0,2.0,2.0,0.0,60.9,3.3,62.3,50.0,1.0,0,Core,0
10824,8.02,7.58,7.55,7.98,8.23,8.36,8.04,7.65,7.8,85.1,2.0,4.0,2.0,3.0,1.0,81.7,3.9,73.3,83.2,1.0,0,Core,1
673,7.74,8.27,8.39,7.97,8.01,8.55,8.61,8.17,8.14,96.4,3.0,3.0,3.0,4.0,1.0,86.6,4.4,89.3,54.9,1.0,0,Core,1
15595,8.18,8.15,7.9,7.86,8.22,7.66,8.19,8.0,8.04,89.9,2.0,3.0,4.0,3.0,2.0,66.6,4.3,83.2,64.9,1.0,0,Core,1
43049,5.73,6.02,5.31,5.28,6.01,6.2,5.51,5.33,5.46,70.3,1.0,2.0,2.0,2.0,1.0,69.1,2.5,59.5,36.4,0.0,0,Core,1
21912,8.82,8.85,8.91,8.31,8.55,8.49,8.41,8.73,8.63,91.0,2.0,3.0,2.0,4.0,2.0,76.2,4.5,89.6,90.7,1.0,0,Core,1
11869,6.38,6.21,5.99,6.04,6.45,6.11,6.77,6.43,6.25,93.6,1.0,2.0,2.0,2.0,0.0,62.3,3.2,61.7,52.2,0.0,0,Core,0
34691,9.36,9.94,9.8,10.0,9.73,10.0,9.43,10.0,9.67,91.4,1.0,2.0,2.0,3.0,2.0,75.2,4.9,82.7,69.8,1.0,0,Core,1
11322,9.29,8.7,8.65,8.67,8.79,8.84,8.74,8.98,8.82,78.6,0.0,2.0,1.0,1.0,1.0,63.9,3.5,60.1,63.5,1.0,0,Core,1
44212,9.65,9.14,9.3,9.42,10.0,9.56,9.85,9.65,9.5,99.4,2.0,4.0,2.0,3.0,2.0,71.2,3.6,70.3,73.8,0.0,0,Core,1
24615,5.53,5.67,5.72,5.42,5.55,5.78,6.08,5.97,5.65,83.2,1.0,2.0,2.0,2.0,1.0,60.5,3.4,65.4,44.8,1.0,0,Core,1
12006,6.32,6.85,6.38,6.1,6.72,5.78,6.9,6.47,6.44,69.9,1.0,1.0,0.0,1.0,0.0,46.7,1.1,24.3,30.9,1.0,0,Core,0
3940,7.41,6.32,6.6,7.0,6.77,6.92,6.8,7.01,6.74,85.7,0.0,2.0,2.0,2.0,1.0,75.6,3.3,55.4,55.7,1.0,0,Core,1
4614,9.58,9.16,9.11,10.0,8.96,9.76,9.4,9.74,9.54,64.8,2.0,2.0,3.0,3.0,1.0,89.2,4.8,71.0,100.0,1.0,0,Core,1
36760,8.57,8.33,8.31,8.69,8.52,8.96,8.81,9.45,8.75,84.4,2.0,4.0,3.0,3.0,1.0,96.4,5.0,78.5,86.1,1.0,0,Core,1
31459,7.88,7.43,8.16,7.99,7.81,7.79,7.29,8.17,7.84,75.6,1.0,1.0,1.0,2.0,1.0,56.3,4.3,54.4,59.9,1.0,0,Core,1
44953,7.8,8.11,8.29,7.72,8.2,7.52,8.15,8.16,8.07,64.6,1.0,1.0,2.0,2.0,1.0,79.5,2.2,55.3,47.9,1.0,0,Core,1
4348,7.57,7.26,7.16,7.06,7.82,7.28,7.47,7.75,7.37,69.6,1.0,2.0,2.0,2.0,1.0,70.8,1.7,52.0,53.3,1.0,0,Core,1
39328,9.01,8.82,8.27,8.77,8.34,9.27,8.49,9.07,8.66,93.2,2.0,2.0,3.0,2.0,1.0,95.2,4.3,79.6,84.1,1.0,0,Core,1
49923,10.0,10.0,10.0,10.0,10.0,10.0,9.9,10.0,9.86,95.3,2.0,4.0,4.0,3.0,1.0,85.1,3.5,57.2,89.7,1.0,0,Core,1
22394,8.12,7.99,7.86,8.94,8.07,8.38,9.38,8.82,8.5,86.2,1.0,4.0,4.0,3.0,2.0,89.0,3.8,90.5,79.4,0.0,0,Core,1
3157,5.94,5.85,5.53,6.37,6.16,5.9,5.92,5.75,5.78,60.5,0.0,0.0,1.0,1.0,0.0,50.2,1.6,22.6,26.9,0.0,0,Core,0
29918,4.68,4.47,4.53,4.44,4.63,4.41,5.02,4.43,4.44,84.6,1.0,5.0,3.0,5.0,1.0,71.1,3.7,58.4,54.9,0.0,-1,Noise,0
37224,5.53,4.86,5.25,5.0,5.02,4.97,5.11,5.21,5.25,61.2,0.0,1.0,0.0,0.0,0.0,41.9,1.3,31.9,31.6,0.0,0,Core,0
13479,5.89,5.74,6.58,5.9,5.98,5.78,5.12,5.28,5.64,74.0,1.0,1.0,2.0,2.0,1.0,67.4,3.3,46.5,50.8,1.0,0,Core,0
13872,8.73,9.09,9.18,9.6,8.81,9.43,9.01,9.46,9.29,100.0,1.0,3.0,3.0,3.0,2.0,100.0,3.1,74.9,68.6,1.0,0,Core,1
38556,9.79,9.74,9.73,10.0,9.87,10.0,9.74,10.0,9.84,84.8,2.0,3.0,2.0,4.0,2.0,69.6,3.8,87.0,77.5,1.0,0,Core,1
25330,7.08,7.49,7.64,7.94,7.27,7.49,7.17,7.11,7.54,79.5,1.0,2.0,1.0,2.0,1.0,87.2,1.4,48.5,49.1,0.0,0,Core,1
44685,6.86,6.33,6.86,6.8,6.74,6.62,6.98,6.97,6.88,76.7,1.0,2.0,2.0,2.0,0.0,67.3,3.7,59.1,61.3,0.0,0,Core,0
986,5.85,6.31,6.36,5.99,6.13,6.34,6.4,6.43,6.39,82.5,1.0,2.0,1.0,2.0,0.0,55.3,3.2,53.8,51.8,1.0,0,Core,1
37140,6.0,6.81,6.55,6.02,6.67,6.45,6.66,6.16,6.32,61.2,1.0,2.0,2.0,2.0,1.0,79.9,3.7,50.9,54.9,0.0,0,Core,1
35034,7.97,8.26,8.0,7.86,7.74,7.66,8.58,7.8,7.9,82.9,1.0,1.0,2.0,1.0,0.0,50.5,2.5,41.8,52.4,1.0,0,Core,0
23731,4.45,4.58,4.32,4.51,4.55,4.68,4.76,4.47,4.38,51.1,0.0,0.0,2.0,0.0,1.0,45.3,2.6,23.8,29.1,0.0,0,Core,0
7531,7.61,8.02,7.89,7.52,7.88,7.9,8.2,7.64,7.83,79.4,1.0,4.0,4.0,3.0,1.0,71.4,3.6,78.7,66.4,1.0,0,Core,1
44395,8.19,9.02,8.28,8.56,9.36,8.51,9.04,9.18,8.77,87.1,2.0,2.0,2.0,4.0,1.0,91.1,3.2,97.4,68.7,1.0,0,Core,1
32949,8.56,8.85,8.6,8.4,8.46,8.73,8.83,8.76,8.65,79.2,2.0,2.0,1.0,2.0,0.0,61.8,2.6,55.3,45.9,1.0,0,Core,1
30878,7.02,7.02,7.75,7.24,7.21,7.6,7.47,7.07,7.3,97.9,2.0,3.0,3.0,3.0,2.0,72.0,3.5,57.0,78.4,0.0,0,Core,1
29931,5.52,6.01,5.57,6.05,5.57,5.33,6.08,5.7,4.42,50.73290824,0.0,2.0,1.0,2.0,1.0,31.2,2.7,1.7,52.5,0.0,0,Core,0
23416,7.5,7.19,7.14,6.81,7.3,7.37,7.07,6.88,7.04,81.5,1.0,2.0,2.0,3.0,0.0,60.2,3.8,51.3,45.1,0.0,0,Core,1
6060,5.33,4.94,5.15,5.01,4.79,4.78,4.81,4.84,5.08,59.7,0.0,0.0,0.0,0.0,0.0,54.8,2.5,29.3,29.6,0.0,0,Core,0
23680,8.71,8.59,9.0,8.59,8.54,9.24,8.78,9.31,8.91,83.5,2.0,2.0,3.0,3.0,2.0,97.2,3.6,80.3,78.1,0.0,0,Core,1
15941,6.65,7.16,6.54,6.3,6.64,6.75,6.28,6.15,6.55,73.4,1.0,1.0,2.0,2.0,0.0,69.6,3.0,57.1,60.1,0.0,0,Core,1
6949,5.23,5.0,5.04,5.51,5.36,4.57,4.46,4.81,9.79,69.3,3.0,5.0,1.0,0.0,0.0,96.9,2.4,99.7,28.2,1.0,-1,Noise,0
30096,5.84,5.91,6.01,6.45,5.94,5.89,5.75,5.47,5.87,69.3,0.0,0.0,0.0,0.0,0.0,52.1,1.8,28.4,25.2,0.0,0,Core,0
41340,10.0,9.98,9.77,10.0,10.0,10.0,10.0,10.0,9.85,79.0,2.0,4.0,2.0,3.0,1.0,69.6,3.7,83.7,80.2,1.0,0,Core,1
49599,7.65,7.19,7.06,7.69,7.66,8.21,7.47,7.2,9.9,83.3,3.0,5.0,2.0,1.0,1.0,99.1,2.1,99.8,56.3,1.0,0,Border,1
33184,5.96,5.54,5.5,5.81,5.55,6.39,6.11,5.68,5.86,78.2,1.0,2.0,1.0,2.0,0.0,69.6,2.8,59.4,44.5,0.0,0,Core,0
16581,6.48,5.58,6.62,6.88,6.4,6.61,6.76,6.95,6.55,70.4,1.0,1.0,1.0,2.0,0.0,69.6,3.3,46.0,57.9,0.0,0,Core,0
1389,6.96,7.15,6.52,6.35,6.7,6.59,7.01,7.1,6.89,56.4,0.0,0.0,0.0,0.0,0.0,50.4,3.7,27.8,54.9,1.0,0,Core,0
21351,7.67,7.6,8.12,7.64,8.01,7.19,8.07,7.81,7.8,87.5,2.0,4.0,3.0,2.0,2.0,84.4,5.0,64.5,74.4,1.0,0,Core,1
49751,9.95,9.6,10.0,10.0,10.0,10.0,10.0,10.0,9.97,96.1,2.0,3.0,4.0,3.0,1.0,85.0,3.9,82.2,74.9,1.0,0,Core,1
34432,4.69,4.37,5.17,4.62,4.29,4.54,4.0,4.57,4.55,61.9,0.0,0.0,1.0,0.0,0.0,50.2,1.5,28.0,33.7,1.0,0,Core,0
24455,7.74,7.27,8.12,7.66,7.06,7.62,7.21,7.89,7.55,64.2,0.0,2.0,2.0,1.0,0.0,55.2,3.6,50.5,52.7,0.0,0,Core,1
40360,6.63,6.28,6.09,6.04,6.33,6.76,6.31,6.61,6.48,100.0,2.0,3.0,3.0,4.0,1.0,69.6,3.9,67.8,89.1,1.0,0,Core,1
18578,6.43,6.77,6.66,6.34,6.55,7.35,6.76,6.83,6.63,65.6,1.0,1.0,1.0,2.0,1.0,82.9,3.3,52.2,63.3,1.0,0,Core,1
33452,5.83,6.56,5.65,5.99,6.31,5.77,6.15,6.42,6.2,56.6,0.0,1.0,2.0,1.0,1.0,55.6,2.1,23.7,31.9,0.0,0,Core,0
47853,9.3,9.37,9.63,9.81,9.17,9.76,9.87,10.0,9.38,87.8,2.0,4.0,2.0,3.0,1.0,91.4,3.8,70.5,59.4,0.0,0,Core,1
5,8.14,8.97,8.36,8.55,8.55,8.38,9.1,8.86,8.65,95.8,2.0,3.0,2.0,4.0,1.0,73.1,2.1,71.7,61.7,1.0,0,Core,1
29183,8.73,8.25,8.2,7.9,8.57,8.01,8.0,8.39,8.38,67.6,1.0,2.0,1.0,1.0,0.0,64.6,2.0,55.5,54.1,0.0,0,Core,0
8231,7.55,7.78,7.91,8.02,8.23,8.22,8.09,8.34,8.01,90.0,2.0,4.0,4.0,4.0,1.0,84.8,4.3,91.1,54.9,0.0,0,Core,1
5947,5.55,5.72,5.44,5.63,5.26,5.81,5.9,5.71,5.58,100.0,1.0,3.0,4.0,3.0,2.0,71.8,4.7,78.6,61.7,1.0,0,Core,1
7823,5.58,5.42,5.7,6.02,5.2,5.7,6.24,6.34,5.59,84.6,1.0,1.0,2.0,2.0,0.0,67.3,3.3,56.2,57.2,1.0,0,Core,0
19487,5.94,5.87,5.77,6.25,5.58,5.42,5.99,6.12,5.68,57.9,0.0,1.0,1.0,0.0,0.0,57.2,2.3,34.7,32.7,0.0,0,Core,0
15385,4.73,4.44,4.56,5.1,4.66,4.0,4.45,4.48,4.58,63.1,0.0,1.0,0.0,0.0,0.0,46.0,2.2,24.1,26.0,0.0,0,Core,0
41100,5.88,6.65,6.51,5.95,5.81,6.51,6.17,6.46,4.37,51.37479403,1.0,2.0,2.0,2.0,1.0,31.9,3.8,2.1,43.4,0.0,0,Border,1
18184,7.56,7.57,7.06,7.54,7.46,8.2,7.19,8.01,7.46,91.5,2.0,3.0,2.0,2.0,1.0,69.6,5.0,90.2,74.4,1.0,0,Core,1
27162,6.37,5.72,6.14,6.43,6.72,5.9,6.19,6.34,6.17,75.0,2.0,2.0,2.0,1.0,0.0,65.7,2.6,52.8,59.9,0.0,0,Core,1
11646,9.09,9.23,8.37,8.48,9.0,8.7,8.41,8.89,8.71,84.5,2.0,2.0,4.0,4.0,2.0,100.0,3.9,77.3,78.7,0.0,0,Core,1
24391,5.32,4.95,4.63,5.08,5.71,5.13,4.78,4.67,4.95,72.9,0.0,1.0,0.0,0.0,0.0,50.9,2.2,21.8,24.4,1.0,0,Core,0
4851,4.44,4.49,4.08,4.65,4.1,4.2,4.0,4.75,4.28,62.8,1.0,1.0,0.0,0.0,0.0,50.5,3.2,26.2,34.9,0.0,0,Core,0
47436,6.4,6.13,6.94,6.95,6.92,6.76,6.64,7.23,6.78,100.0,3.0,3.0,3.0,2.0,1.0,84.4,4.8,77.0,69.2,1.0,0,Core,1
42207,7.9,7.49,7.69,7.65,7.32,7.99,7.47,7.57,7.51,95.1,2.0,3.0,4.0,3.0,1.0,69.6,3.8,90.8,78.7,1.0,0,Core,1
45341,6.32,6.43,6.19,6.02,6.49,5.97,6.36,6.0,6.26,78.4,1.0,2.0,1.0,2.0,0.0,58.5,3.5,57.7,55.1,0.0,0,Core,1
28170,8.0,7.66,7.63,8.16,8.11,8.32,7.8,7.83,8.01,86.2,2.0,4.0,3.0,1.0,1.0,88.6,3.8,85.1,54.9,0.0,0,Core,1
3420,10.0,9.73,9.83,9.81,10.0,10.0,9.82,10.0,9.9,75.9,2.0,2.0,2.0,1.0,2.0,69.6,4.3,79.8,87.4,1.0,0,Core,1
42591,6.71,6.99,6.65,6.95,7.34,7.23,7.29,7.63,7.15,95.4,2.0,2.0,3.0,3.0,2.0,89.0,5.0,74.3,88.3,1.0,0,Core,1
38735,7.07,6.83,6.73,6.7,7.15,7.09,7.11,7.23,4.06,52.10073256,1.0,3.0,2.0,2.0,0.0,33.9,2.9,57.6,45.7,0.0,0,Border,0
36720,5.26,5.09,5.62,5.66,5.77,5.39,5.69,5.93,5.66,62.7,1.0,2.0,1.0,1.0,1.0,69.5,2.4,44.3,54.9,0.0,0,Core,0
29498,9.08,9.56,8.66,9.44,8.84,9.01,9.73,9.79,9.22,87.2,2.0,5.0,4.0,3.0,1.0,79.4,3.3,82.9,75.6,1.0,0,Core,1
4363,7.97,7.76,8.04,7.85,7.83,8.15,8.14,8.1,8.08,85.7,1.0,1.0,2.0,2.0,0.0,77.4,3.6,45.1,61.6,0.0,0,Core,1
4029,5.58,5.22,4.96,5.65,5.72,5.44,5.19,5.55,5.47,74.4,2.0,1.0,1.0,1.0,1.0,73.3,3.4,57.6,47.9,1.0,0,Core,0
3427,8.18,7.77,7.95,7.65,7.81,7.7,8.04,8.1,7.9,65.6,1.0,2.0,2.0,2.0,0.0,83.1,3.7,51.8,57.4,1.0,0,Core,1
20269,7.25,7.83,8.09,7.93,7.64,7.71,6.81,7.71,7.57,78.7,1.0,3.0,2.0,2.0,0.0,68.9,3.3,62.0,57.9,0.0,0,Core,1
20058,6.36,7.28,6.89,7.37,7.06,7.53,7.74,6.88,7.08,93.8,2.0,3.0,4.0,4.0,0.0,71.4,3.5,57.6,81.5,0.0,0,Core,1
11479,7.87,7.8,8.17,8.25,7.62,7.64,8.17,7.88,7.87,76.6,2.0,4.0,2.0,4.0,1.0,75.0,3.7,100.0,75.5,1.0,0,Core,1
47945,6.66,6.75,7.07,6.89,6.85,7.03,7.25,6.07,6.76,67.3,2.0,1.0,2.0,2.0,1.0,62.8,3.5,59.5,47.8,1.0,0,Core,1
29393,8.97,8.75,8.93,9.32,8.77,8.7,9.44,8.85,8.84,83.5,2.0,3.0,3.0,4.0,1.0,82.8,3.8,87.8,73.3,0.0,0,Core,1
29047,6.63,6.55,6.61,7.04,6.52,6.49,6.86,6.6,6.57,100.0,2.0,3.0,3.0,2.0,1.0,83.1,4.0,75.5,72.4,1.0,0,Core,1
8565,7.73,7.78,8.01,7.77,7.26,7.58,8.39,7.67,7.87,81.7,1.0,2.0,2.0,2.0,0.0,69.6,3.3,62.1,42.9,0.0,0,Core,1
39507,7.72,8.11,7.65,8.01,8.31,8.43,8.52,8.08,8.1,73.9,2.0,2.0,2.0,2.0,0.0,74.9,1.9,57.6,52.5,0.0,0,Core,1
49805,6.71,5.82,6.63,6.57,6.18,6.63,6.52,6.76,6.37,63.3,1.0,2.0,1.0,2.0,1.0,73.8,4.3,55.9,58.1,0.0,0,Core,0
25450,7.07,6.75,7.09,6.9,7.24,6.55,7.26,6.49,6.99,58.0,0.0,0.0,1.0,0.0,0.0,49.4,1.9,57.6,35.6,0.0,0,Core,0
34922,8.13,8.17,7.89,7.51,7.64,7.87,7.89,8.27,7.91,82.9,1.0,2.0,2.0,2.0,0.0,68.2,3.0,57.6,52.3,1.0,0,Core,1
30478,6.69,6.39,6.84,6.72,6.63,7.15,7.02,7.01,6.65,76.1,1.0,1.0,1.0,1.0,0.0,61.1,3.3,52.6,55.6,1.0,0,Core,0
13520,8.96,9.62,9.51,9.55,9.58,9.82,10.0,9.98,9.67,88.3,2.0,4.0,4.0,3.0,1.0,66.3,5.0,57.6,72.0,1.0,0,Core,1
34008,9.48,9.12,9.24,9.67,9.19,9.22,10.0,10.0,9.5,94.3,1.0,5.0,3.0,4.0,1.0,72.7,4.4,84.3,79.0,0.0,0,Core,1
21316,9.02,8.7,9.22,8.74,9.86,8.51,8.71,9.03,9.12,76.9,3.0,1.0,2.0,1.0,1.0,81.3,3.2,61.5,50.0,1.0,0,Core,1
42425,5.53,6.41,6.62,6.23,6.71,6.07,6.57,6.32,6.13,70.9,1.0,3.0,2.0,1.0,1.0,84.3,3.2,49.6,50.9,0.0,0,Core,1
48901,8.5,8.55,9.22,8.75,8.1,8.36,9.21,9.07,8.64,77.2,3.0,2.0,3.0,3.0,1.0,90.0,4.5,67.6,76.3,1.0,0,Core,1
47633,8.99,8.88,9.58,8.93,9.31,9.41,9.37,9.14,9.32,79.0,1.0,1.0,2.0,3.0,0.0,78.2,4.1,51.2,59.6,1.0,0,Core,1
49789,8.32,8.22,8.52,8.5,8.77,8.38,8.74,8.59,8.43,85.2,1.0,5.0,1.0,2.0,0.0,91.5,4.5,63.2,76.7,0.0,0,Core,1
44232,8.81,8.81,8.69,9.09,9.56,9.23,9.41,9.05,9.09,92.9,2.0,3.0,3.0,2.0,2.0,100.0,3.8,57.6,67.7,1.0,0,Core,1
10724,6.22,6.12,5.93,5.49,5.6,6.0,5.72,5.5,5.66,53.4,0.0,1.0,0.0,0.0,1.0,60.5,2.3,33.1,26.5,0.0,0,Core,0
13155,9.88,9.8,10.0,10.0,10.0,10.0,10.0,10.0,9.89,100.0,3.0,2.0,3.0,3.0,0.0,85.4,3.3,88.5,84.8,1.0,0,Core,1
13763,7.84,7.71,7.18,7.85,7.66,7.73,7.53,7.74,7.7,93.1,2.0,4.0,3.0,2.0,1.0,90.2,4.4,80.7,86.2,1.0,0,Core,1
42812,7.52,6.96,7.4,7.15,6.93,6.62,7.56,7.04,7.22,90.1,1.0,2.0,2.0,2.0,1.0,73.1,2.2,55.6,46.4,0.0,0,Core,1
30804,5.78,5.24,5.47,5.57,5.22,5.55,5.78,5.99,5.47,87.6,1.0,3.0,1.0,2.0,0.0,80.9,3.6,57.6,51.6,1.0,0,Core,1
36261,8.02,7.32,8.02,8.19,7.7,8.14,7.86,8.18,4.03,53.57614207,2.0,3.0,4.0,2.0,1.0,35.5,4.7,4.4,88.0,0.0,-1,Noise,1
21437,8.04,8.04,7.48,8.09,7.94,7.42,8.23,8.43,7.95,71.0,0.0,2.0,2.0,2.0,0.0,67.5,3.8,58.3,64.1,1.0,0,Core,1
25971,5.41,5.37,5.53,5.79,5.45,5.56,5.43,6.06,5.58,79.5,1.0,1.0,2.0,2.0,0.0,69.6,3.3,57.6,44.1,0.0,0,Core,0
32204,6.52,6.04,6.34,5.74,6.13,6.46,6.47,6.18,6.31,79.0,3.0,3.0,3.0,3.0,1.0,98.8,4.2,95.3,76.7,1.0,0,Core,1
7181,8.99,8.84,8.76,9.12,9.49,9.11,9.47,9.65,8.87,100.0,2.0,3.0,3.0,1.0,1.0,89.5,4.8,98.2,81.8,1.0,0,Core,1
41281,4.27,4.97,5.16,4.32,4.99,5.0,4.98,4.05,4.71,83.0,0.0,1.0,1.0,1.0,0.0,57.2,1.1,28.5,28.2,0.0,0,Core,0
28087,6.86,6.21,6.75,6.81,6.78,7.1,7.45,7.13,7.14,94.6,2.0,3.0,4.0,4.0,1.0,84.7,2.8,86.9,63.4,1.0,0,Core,1
13702,6.38,6.4,6.91,6.54,6.33,6.83,7.09,6.37,6.58,75.9,1.0,2.0,1.0,2.0,0.0,65.0,2.8,57.8,51.9,0.0,0,Core,1
1004,7.3,6.59,6.65,6.06,6.73,6.89,6.46,6.68,6.71,86.2,0.0,2.0,2.0,1.0,1.0,70.7,3.1,61.6,55.4,0.0,0,Core,1
9059,8.75,9.2,9.55,9.51,9.33,9.7,9.13,9.66,9.44,85.6,1.0,2.0,2.0,3.0,2.0,87.4,5.0,74.0,75.8,1.0,0,Core,1
44235,8.8,9.33,9.51,9.28,9.68,8.95,9.33,9.56,9.36,82.0,0.0,2.0,2.0,2.0,0.0,69.6,2.6,53.0,59.4,0.0,0,Core,1
25675,5.97,5.9,6.16,5.79,5.84,6.02,5.93,5.73,5.98,78.2,0.0,1.0,2.0,2.0,1.0,67.2,2.3,50.0,54.9,0.0,0,Core,0
45056,9.53,10.0,10.0,10.0,10.0,10.0,10.0,10.0,9.93,83.4,1.0,4.0,2.0,4.0,1.0,83.4,3.1,57.6,54.9,0.0,0,Core,1
35144,7.49,7.29,7.17,6.91,7.22,7.33,7.13,7.18,7.16,82.4,1.0,1.0,2.0,2.0,0.0,69.6,3.1,57.6,56.0,0.0,0,Core,1
38163,6.74,6.34,7.04,6.81,6.39,6.38,6.89,6.75,6.67,79.6,0.0,1.0,2.0,1.0,1.0,69.6,4.2,71.4,53.0,0.0,0,Core,0
22477,7.9,8.28,8.46,8.36,8.34,8.14,8.29,8.19,8.45,81.9,3.0,3.0,3.0,3.0,2.0,89.3,3.9,75.6,80.3,1.0,0,Core,1
23007,8.64,7.77,8.68,8.22,8.96,8.23,8.87,9.26,8.52,78.3,3.0,4.0,3.0,2.0,1.0,89.9,4.6,85.1,55.4,1.0,0,Core,1
45344,4.77,5.03,5.11,4.99,4.65,4.92,4.92,5.68,4.96,64.6,1.0,1.0,3.0,2.0,1.0,64.0,2.1,55.2,39.9,0.0,0,Core,0
36128,9.63,9.56,9.51,9.6,9.41,9.54,9.57,9.71,9.56,79.9,2.0,3.0,3.0,4.0,2.0,87.8,2.7,57.6,72.8,1.0,0,Core,1
49710,8.28,8.26,8.17,8.04,8.77,7.86,7.6,8.25,8.05,100.0,1.0,3.0,3.0,2.0,2.0,74.7,3.7,75.1,86.9,1.0,0,Core,1
13099,7.4,7.82,8.22,8.29,8.12,8.35,7.7,8.2,8.05,75.1,2.0,2.0,3.0,2.0,1.0,71.4,3.3,68.1,73.6,1.0,0,Core,1
37196,8.07,8.4,8.46,8.94,8.7,8.35,9.06,8.64,8.63,100.0,2.0,4.0,4.0,3.0,2.0,91.2,4.7,70.6,74.5,0.0,0,Core,1
4108,7.33,8.46,7.47,7.65,7.77,7.72,8.01,8.28,7.96,100.0,3.0,3.0,4.0,2.0,1.0,92.2,4.3,98.1,73.5,0.0,0,Core,1
41336,8.55,9.19,9.19,9.49,9.64,9.6,9.22,9.32,9.08,82.9,2.0,3.0,2.0,3.0,2.0,72.4,4.8,94.3,82.5,1.0,0,Core,1
25223,6.4,7.06,6.63,6.89,7.09,6.65,6.85,7.35,6.69,69.5,1.0,4.0,2.0,3.0,2.0,92.5,3.3,85.2,67.6,1.0,0,Core,1
35840,8.04,7.58,7.51,7.3,7.55,6.87,7.43,6.96,7.52,77.3,1.0,1.0,1.0,2.0,1.0,58.6,1.9,53.7,45.1,1.0,0,Core,0
29719,5.8,6.27,5.87,6.53,6.78,6.16,6.54,5.8,6.07,56.7,2.0,2.0,1.0,3.0,1.0,63.7,2.9,51.8,50.0,0.0,0,Core,1
46953,6.0,6.4,6.31,6.61,6.15,5.86,6.64,6.57,6.17,59.5,0.0,2.0,1.0,1.0,0.0,69.3,3.5,54.8,63.7,0.0,0,Core,0
29828,7.21,6.99,6.71,7.15,7.57,7.27,7.59,7.25,7.31,85.5,3.0,2.0,2.0,4.0,2.0,89.9,3.5,80.5,82.5,1.0,0,Core,1
17543,8.81,9.21,9.25,9.15,8.96,9.53,9.19,8.96,9.05,75.6,0.0,2.0,1.0,2.0,1.0,78.2,2.5,52.4,50.8,1.0,0,Core,1
24916,7.93,7.72,7.1,6.96,7.75,7.63,7.16,6.91,7.41,76.6,1.0,2.0,1.0,2.0,0.0,70.8,3.5,51.2,57.2,0.0,0,Core,1
4514,6.27,6.31,6.27,6.59,6.44,6.53,6.37,6.74,6.47,70.2,1.0,2.0,1.0,2.0,1.0,63.2,2.1,41.5,60.3,0.0,0,Core,0
19937,5.05,4.89,4.89,5.28,4.98,5.22,4.85,4.76,4.95,84.2,1.0,1.0,2.0,2.0,1.0,73.7,3.5,52.4,46.3,1.0,0,Core,0
46525,6.11,6.25,6.43,6.85,6.23,6.23,6.24,6.91,6.27,83.4,1.0,1.0,2.0,1.0,0.0,67.2,3.5,41.4,54.4,0.0,0,Core,0
24511,6.24,6.31,6.64,6.43,6.2,5.98,6.21,6.08,6.27,91.1,1.0,2.0,2.0,1.0,1.0,62.9,2.4,61.1,57.4,1.0,0,Core,0
27442,5.81,6.13,5.79,5.68,6.41,5.51,6.24,6.05,6.03,80.4,1.0,2.0,1.0,1.0,0.0,58.8,2.5,57.6,44.0,1.0,0,Core,0
12002,9.9,10.0,10.0,9.6,10.0,10.0,10.0,10.0,9.85,93.7,3.0,5.0,3.0,3.0,1.0,97.0,4.4,98.5,76.2,1.0,0,Core,1
23354,9.89,10.0,9.93,10.0,9.69,10.0,10.0,10.0,9.98,94.7,2.0,2.0,2.0,3.0,2.0,89.3,5.0,88.0,73.0,1.0,0,Core,1
27293,5.54,5.91,5.63,5.51,5.48,5.67,5.22,4.97,5.52,62.6,0.0,0.0,0.0,0.0,0.0,56.0,2.0,32.8,29.0,0.0,0,Core,0
34204,5.8,6.31,6.43,6.03,6.62,5.38,5.91,6.14,6.07,75.7,2.0,1.0,2.0,2.0,0.0,65.9,1.6,54.4,53.5,0.0,0,Core,0
12148,8.99,9.17,9.77,9.1,9.25,9.05,9.64,8.78,9.23,88.3,3.0,3.0,4.0,2.0,1.0,69.6,4.2,84.8,54.9,0.0,0,Core,1
15292,5.22,5.6,4.91,5.61,5.18,5.08,5.46,5.14,5.22,66.6,0.0,1.0,0.0,1.0,0.0,46.6,1.6,29.6,31.3,1.0,0,Core,0
46880,6.81,6.14,6.6,6.08,6.77,5.84,6.51,5.95,6.26,84.9,1.0,2.0,1.0,3.0,0.0,61.8,3.4,56.4,44.2,0.0,0,Core,0
8691,5.62,5.79,5.61,5.84,5.61,5.99,5.77,5.53,5.85,55.4,1.0,3.0,2.0,1.0,0.0,67.6,3.1,62.3,60.9,1.0,0,Core,1
12654,6.81,6.67,7.21,6.9,7.27,6.92,6.88,6.91,6.89,77.5,1.0,3.0,2.0,1.0,0.0,66.1,2.6,47.1,36.9,0.0,0,Core,1
31470,9.08,9.16,9.15,9.4,9.39,9.0,9.9,9.35,9.41,71.7,1.0,3.0,3.0,3.0,2.0,75.4,4.0,76.8,68.5,1.0,0,Core,1
2955,7.3,7.05,7.3,7.08,6.93,7.6,7.44,7.42,7.27,66.4,0.0,0.0,1.0,1.0,0.0,51.7,2.7,22.5,54.9,1.0,0,Core,0
3004,6.26,5.22,5.55,6.02,5.39,5.35,5.34,5.66,5.75,92.1,1.0,2.0,2.0,1.0,0.0,78.7,2.4,36.1,51.5,1.0,0,Core,0
15814,7.92,8.31,7.22,7.72,7.06,7.93,7.8,7.37,7.61,79.1,1.0,1.0,2.0,1.0,1.0,66.6,3.3,61.2,55.2,0.0,0,Core,1
6657,7.47,7.06,7.54,7.02,7.46,7.71,6.95,7.72,7.26,80.4,1.0,3.0,2.0,3.0,1.0,91.0,4.4,74.9,70.1,0.0,0,Core,1
12774,8.95,9.85,9.34,10.0,9.52,9.65,9.92,9.81,9.79,71.7,1.0,2.0,1.0,1.0,1.0,61.0,2.1,69.5,54.9,0.0,0,Core,1
39531,7.92,8.31,7.87,8.15,7.7,7.72,7.88,7.66,9.93,65.6,3.0,5.0,0.0,0.0,0.0,99.5,2.5,99.2,37.5,0.0,-1,Noise,0
34408,5.98,5.54,5.68,5.66,5.22,5.79,6.27,5.75,5.59,69.8,1.0,2.0,1.0,2.0,0.0,69.6,4.0,53.0,44.7,1.0,0,Core,1
8837,6.7,7.22,7.44,6.81,7.17,7.05,7.5,6.86,7.08,54.4,1.0,2.0,2.0,1.0,0.0,65.7,2.8,58.3,58.5,1.0,0,Core,1
14618,7.68,7.08,7.53,7.02,7.18,7.14,7.19,6.84,7.3,74.2,1.0,2.0,2.0,2.0,0.0,70.0,1.8,70.1,45.9,1.0,0,Core,1
22836,8.77,8.55,8.34,8.53,8.97,8.14,8.44,8.97,8.63,78.2,1.0,0.0,1.0,1.0,1.0,70.8,2.8,44.0,61.6,1.0,0,Core,0
15981,5.57,5.57,5.18,5.7,5.7,5.45,5.59,5.61,5.46,88.2,0.0,2.0,2.0,2.0,1.0,52.9,2.6,66.0,51.1,1.0,0,Core,0
37916,8.19,7.87,7.6,8.44,8.38,8.05,8.85,8.16,8.08,79.3,0.0,2.0,2.0,2.0,0.0,82.2,3.3,62.7,54.9,1.0,0,Core,0
1571,5.87,5.64,6.07,6.13,5.39,5.64,5.67,6.81,5.82,74.9,1.0,2.0,1.0,2.0,1.0,71.2,3.4,57.2,46.1,1.0,0,Core,0
35908,7.81,7.92,7.32,8.45,7.99,7.59,7.85,7.67,7.78,76.7,1.0,2.0,2.0,1.0,0.0,57.7,3.0,44.6,57.2,1.0,0,Core,1
26090,9.41,9.9,9.28,9.06,9.73,9.34,9.43,9.75,9.47,100.0,2.0,4.0,3.0,5.0,1.0,87.3,4.0,54.9,85.0,0.0,0,Core,1
20914,9.89,9.94,10.0,9.69,10.0,10.0,10.0,10.0,10.0,94.7,3.0,4.0,1.0,4.0,1.0,73.3,4.6,57.6,70.4,1.0,0,Core,1
9958,6.27,6.78,6.28,6.22,6.55,6.61,6.01,6.08,6.31,78.6,1.0,2.0,2.0,2.0,1.0,79.9,3.2,48.3,54.9,0.0,0,Core,0
18276,6.82,7.25,7.0,7.56,7.21,7.26,6.5,7.25,7.31,85.0,0.0,2.0,1.0,0.0,0.0,71.6,2.1,44.7,51.4,1.0,0,Core,1
15432,4.39,5.03,4.51,4.55,4.51,4.55,4.0,4.53,4.5,65.9,0.0,1.0,1.0,0.0,0.0,46.8,1.7,27.0,28.7,0.0,0,Core,0
23494,7.95,7.88,7.53,8.43,7.57,7.73,8.37,8.07,8.01,87.5,2.0,2.0,2.0,1.0,0.0,57.7,2.2,51.0,46.0,0.0,0,Core,1
15790,5.94,5.52,5.48,5.68,5.87,5.71,6.02,5.36,5.74,62.2,0.0,0.0,0.0,0.0,0.0,50.9,2.4,28.3,30.4,1.0,0,Core,0
35780,9.68,10.0,10.0,10.0,9.82,10.0,10.0,10.0,9.83,94.4,2.0,2.0,4.0,3.0,3.0,90.0,4.3,68.3,54.9,1.0,0,Core,1
11981,7.98,7.11,7.6,7.6,7.33,8.04,7.71,7.65,7.63,82.3,2.0,3.0,4.0,3.0,1.0,89.0,3.9,83.1,68.0,1.0,0,Core,1
44906,6.88,6.57,6.84,6.19,6.84,6.82,6.37,7.08,6.75,88.6,2.0,4.0,3.0,3.0,2.0,82.1,3.0,91.7,57.3,0.0,0,Core,1
35763,7.37,6.84,7.3,6.91,7.22,7.08,7.99,7.45,7.16,72.6,2.0,4.0,2.0,4.0,1.0,98.7,3.8,66.1,74.0,0.0,0,Core,1
27093,5.28,5.79,5.36,5.12,5.97,5.19,5.8,5.61,5.4,59.9,0.0,1.0,0.0,2.0,0.0,49.0,1.9,57.6,27.3,0.0,0,Core,0
46835,7.23,7.39,6.53,7.53,6.81,7.45,7.03,6.93,7.19,58.0,1.0,2.0,1.0,1.0,0.0,66.1,2.9,53.8,63.4,1.0,0,Core,0
33438,6.07,5.51,5.55,5.65,5.56,5.09,5.38,5.57,5.57,50.0,0.0,1.0,1.0,1.0,0.0,47.1,3.2,20.3,34.2,0.0,0,Core,0
47381,8.9,8.54,9.04,8.15,8.78,8.71,8.42,8.69,8.83,66.6,1.0,2.0,2.0,2.0,0.0,62.6,2.8,57.6,46.6,0.0,0,Core,1
1591,7.68,7.18,7.99,7.97,7.97,7.27,7.32,7.86,7.71,75.8,2.0,2.0,2.0,1.0,1.0,56.6,2.8,65.1,54.9,1.0,0,Core,1
26756,5.89,5.98,6.45,6.07,6.08,6.0,6.27,6.3,6.35,75.1,1.0,2.0,2.0,2.0,0.0,55.6,3.6,60.3,58.1,0.0,0,Core,0
21759,7.15,6.69,7.59,7.66,7.07,7.55,6.95,7.71,7.29,94.8,2.0,4.0,3.0,2.0,1.0,74.0,2.8,57.6,79.9,1.0,0,Core,1
3002,6.05,6.45,7.18,5.81,5.69,6.22,6.07,6.38,6.38,78.8,1.0,3.0,1.0,2.0,0.0,65.2,3.6,57.6,57.2,0.0,0,Core,1
44112,8.18,8.47,8.33,8.2,8.26,8.18,8.0,8.58,8.16,70.2,1.0,3.0,1.0,1.0,0.0,68.2,3.4,57.4,53.9,0.0,0,Core,1
43520,7.04,7.06,6.93,6.98,6.18,7.33,6.72,7.16,6.68,82.6,0.0,1.0,3.0,1.0,1.0,74.8,1.6,52.6,60.4,1.0,0,Core,0
629,9.17,9.27,8.83,9.24,9.47,9.55,9.66,9.06,9.17,100.0,1.0,5.0,3.0,3.0,2.0,83.6,4.6,87.8,71.3,1.0,0,Core,1
20737,8.71,8.74,7.87,8.47,8.06,8.4,8.18,8.6,8.34,85.9,1.0,2.0,2.0,1.0,1.0,67.2,2.3,70.3,54.9,0.0,0,Core,1
11903,5.74,5.88,5.3,5.68,5.99,5.91,5.98,6.28,6.04,88.0,1.0,1.0,1.0,2.0,1.0,67.8,3.3,50.5,60.9,1.0,0,Core,0
6367,6.16,5.95,5.83,6.61,5.9,5.87,6.3,6.47,6.24,81.8,0.0,1.0,2.0,2.0,0.0,67.7,3.4,50.8,54.9,0.0,0,Core,0
17133,5.07,4.25,4.32,4.52,4.34,4.58,4.91,4.81,4.88,70.4,1.0,1.0,0.0,2.0,0.0,69.6,2.6,52.2,44.1,1.0,0,Core,0
9479,8.63,8.38,8.4,9.37,8.28,8.02,8.15,8.58,8.48,85.4,1.0,4.0,2.0,2.0,1.0,95.7,3.9,60.2,71.0,1.0,0,Core,1
41871,7.08,7.03,7.09,7.11,6.64,6.84,7.13,6.81,6.83,61.7,0.0,1.0,1.0,0.0,0.0,51.1,1.5,24.4,35.8,1.0,0,Core,0
12933,7.26,7.46,7.44,7.39,7.5,7.84,7.61,7.29,7.31,69.6,1.0,2.0,1.0,2.0,0.0,60.6,3.2,57.1,47.3,0.0,0,Core,1
13642,7.2,6.85,7.27,7.31,7.27,7.05,7.26,6.85,7.09,75.8,1.0,1.0,1.0,2.0,1.0,70.8,3.8,54.2,60.8,0.0,0,Core,0
19627,8.14,8.37,8.79,8.42,7.71,8.85,9.11,8.37,8.48,75.0,1.0,2.0,2.0,3.0,1.0,71.0,2.4,75.1,71.1,0.0,0,Core,1
9952,7.01,7.06,7.4,7.18,7.07,7.35,6.97,6.63,7.29,75.3,1.0,1.0,2.0,1.0,1.0,56.8,2.8,57.6,64.7,0.0,0,Core,0
28963,7.15,7.15,6.94,7.42,7.08,6.77,7.14,6.63,7.13,79.8,1.0,1.0,2.0,2.0,0.0,69.8,2.9,66.1,49.4,1.0,0,Core,1
28446,6.98,6.46,6.25,6.61,6.96,6.89,6.95,5.89,6.83,73.3,1.0,2.0,2.0,2.0,0.0,67.2,3.1,57.6,60.7,1.0,0,Core,1
19699,8.66,7.7,8.06,8.15,8.28,8.29,8.21,8.15,8.23,92.9,1.0,3.0,2.0,4.0,1.0,80.2,4.7,57.6,54.9,0.0,0,Core,1
44224,8.49,8.48,8.71,8.47,8.53,8.47,8.65,8.99,8.46,82.4,1.0,5.0,3.0,4.0,2.0,84.1,3.2,82.3,76.6,1.0,0,Core,1
2997,7.06,7.6,7.28,7.87,7.58,7.5,7.78,7.89,7.52,93.8,1.0,4.0,4.0,2.0,1.0,74.0,3.9,80.8,62.3,1.0,0,Core,1
13638,6.47,6.7,6.48,6.72,6.34,6.78,6.91,6.54,6.71,66.0,1.0,2.0,2.0,1.0,1.0,61.6,2.5,69.0,40.4,0.0,0,Core,1
22471,6.93,7.18,7.61,8.04,7.43,7.75,7.72,7.94,7.66,65.5,1.0,0.0,2.0,2.0,1.0,71.0,3.0,61.1,49.9,0.0,0,Core,1
36087,8.31,7.77,8.12,7.71,8.48,8.24,8.45,8.12,8.29,85.7,2.0,4.0,3.0,5.0,2.0,100.0,3.5,72.2,76.7,0.0,0,Core,1
28918,7.84,8.36,8.7,9.12,8.64,9.27,8.95,9.34,4.45,50.58168587,2.0,4.0,2.0,2.0,1.0,32.6,4.1,6.8,79.6,1.0,-1,Noise,1
17650,4.87,4.67,4.95,4.86,4.33,4.69,4.77,4.53,4.77,62.3,1.0,1.0,1.0,1.0,0.0,53.6,1.2,57.6,29.0,1.0,0,Core,0
27956,8.03,8.03,8.63,8.56,8.45,8.86,8.79,9.27,8.49,86.5,2.0,4.0,3.0,2.0,1.0,93.4,4.7,57.6,79.5,1.0,0,Core,1
2855,8.86,8.64,9.35,9.21,8.7,9.18,9.22,9.04,9.04,93.8,1.0,2.0,3.0,3.0,1.0,85.8,3.4,77.6,68.4,1.0,0,Core,1
13390,9.16,9.62,9.46,9.14,10.0,9.41,9.36,9.74,9.4,80.9,2.0,2.0,2.0,4.0,2.0,100.0,5.0,57.6,84.4,1.0,0,Core,1
13049,5.14,4.79,4.57,4.64,4.65,4.89,4.99,4.5,4.75,60.3,0.0,0.0,1.0,0.0,0.0,43.4,1.9,31.5,29.7,0.0,0,Core,0
22333,7.53,7.55,7.41,7.29,7.49,7.74,6.83,7.27,7.26,74.5,1.0,2.0,1.0,2.0,1.0,66.4,3.3,62.9,55.9,1.0,0,Core,1
30578,7.04,7.01,6.97,6.92,6.92,7.58,7.62,7.2,7.11,87.3,2.0,3.0,2.0,3.0,2.0,69.6,3.2,67.7,74.7,1.0,0,Core,1
34735,5.09,5.64,5.67,5.44,5.64,6.01,5.49,5.45,5.46,71.0,0.0,1.0,2.0,2.0,1.0,63.2,3.2,40.8,52.5,1.0,0,Core,0
19539,8.63,8.35,8.71,8.89,9.29,8.33,9.08,8.47,8.83,91.2,1.0,4.0,4.0,4.0,2.0,88.4,4.6,64.6,83.4,1.0,0,Core,1
39587,5.35,5.73,5.54,5.31,5.81,5.65,5.58,5.48,5.67,63.5,1.0,1.0,2.0,2.0,1.0,59.6,3.2,54.8,54.9,1.0,0,Core,1
5573,5.32,4.76,5.32,4.73,5.05,4.28,5.14,4.93,4.87,65.9,1.0,0.0,0.0,0.0,0.0,41.6,1.7,26.9,32.8,1.0,0,Core,0
47751,5.12,4.93,4.81,5.36,5.27,6.13,6.0,5.1,5.3,59.6,1.0,0.0,1.0,0.0,0.0,51.0,1.5,57.6,29.6,0.0,0,Core,0
30964,8.35,8.75,8.18,8.85,8.49,8.83,8.45,8.65,8.56,89.1,1.0,3.0,2.0,3.0,1.0,74.5,2.8,73.3,87.2,1.0,0,Core,1
35496,4.0,4.0,4.14,4.0,4.18,4.16,4.23,4.0,4.16,66.0,0.0,1.0,0.0,0.0,0.0,51.3,3.3,30.7,28.7,1.0,0,Core,0
20263,5.94,5.57,5.51,5.37,5.24,5.6,5.21,5.84,5.61,71.2,1.0,2.0,2.0,1.0,0.0,80.0,2.9,50.9,49.2,1.0,0,Core,0
44660,6.96,6.02,6.59,6.74,6.48,6.46,6.05,6.38,6.4,74.6,2.0,2.0,1.0,1.0,0.0,66.8,2.1,62.9,59.2,1.0,0,Core,1
21746,5.58,5.35,5.44,5.8,5.84,5.4,5.39,5.3,5.51,57.9,0.0,1.0,1.0,0.0,0.0,55.7,1.2,30.3,54.9,0.0,0,Core,0
47249,8.07,7.89,7.7,7.78,8.16,7.32,7.67,7.93,7.78,63.7,1.0,3.0,2.0,1.0,0.0,66.5,2.8,50.8,62.2,1.0,0,Core,1
36228,6.8,6.68,6.58,6.06,6.78,6.39,5.66,6.52,6.48,61.1,1.0,1.0,1.0,0.0,0.0,47.9,2.4,29.5,24.3,1.0,0,Core,0
28787,7.58,7.55,6.82,7.06,6.72,7.09,7.21,7.29,7.25,74.6,1.0,2.0,2.0,2.0,0.0,69.6,4.0,56.3,53.6,1.0,0,Core,1
35620,7.77,8.08,7.83,8.03,7.75,8.2,8.64,8.27,8.13,76.2,2.0,2.0,2.0,4.0,2.0,82.3,5.0,78.1,69.2,1.0,0,Core,1
46000,8.06,7.93,7.24,8.14,7.89,7.71,8.04,7.9,7.85,82.3,0.0,1.0,1.0,2.0,0.0,59.5,2.6,64.7,43.1,0.0,0,Core,1
49513,9.31,10.0,10.0,9.43,10.0,9.71,9.73,9.81,9.86,73.2,3.0,5.0,1.0,2.0,0.0,96.6,3.7,98.1,55.3,1.0,0,Border,1
44515,8.84,9.11,8.92,9.32,9.07,9.38,9.49,9.51,9.33,89.7,2.0,3.0,3.0,3.0,2.0,82.8,5.0,74.5,74.0,1.0,0,Core,1
28684,5.71,6.21,6.06,5.91,6.23,6.64,6.04,6.31,6.29,64.6,1.0,2.0,2.0,2.0,1.0,80.7,2.7,51.3,54.9,1.0,0,Core,0
31549,4.74,4.87,4.36,4.27,5.05,4.52,4.26,4.48,4.59,63.4,0.0,1.0,0.0,0.0,0.0,54.4,2.1,30.2,25.3,0.0,0,Core,0
31965,6.84,6.89,6.62,6.76,6.65,6.47,6.49,7.08,6.76,77.5,1.0,2.0,1.0,1.0,1.0,70.2,2.6,61.7,50.7,0.0,0,Core,1
9434,9.77,10.0,9.86,10.0,10.0,10.0,10.0,10.0,9.95,89.5,1.0,4.0,4.0,3.0,2.0,87.3,4.7,100.0,83.8,0.0,0,Core,1
22374,4.93,4.64,4.76,4.94,5.18,4.69,4.0,4.41,4.66,50.0,0.0,1.0,0.0,1.0,0.0,40.7,1.3,31.7,33.9,1.0,0,Core,0
21623,4.7,5.09,4.75,4.88,4.22,4.62,4.58,4.0,4.46,65.6,1.0,0.0,0.0,1.0,0.0,47.3,3.0,34.1,31.6,0.0,0,Core,0
12452,6.82,6.59,6.71,7.08,7.47,7.0,7.28,7.56,7.03,75.3,0.0,2.0,2.0,1.0,0.0,57.4,3.4,47.4,45.8,1.0,0,Core,1
11800,7.48,6.99,7.37,7.24,6.96,7.3,7.1,7.27,7.21,80.7,1.0,1.0,2.0,2.0,0.0,69.0,3.5,56.8,46.6,0.0,0,Core,1
31389,8.69,8.08,8.34,7.98,8.6,8.53,8.28,8.81,8.33,75.5,0.0,2.0,1.0,2.0,0.0,78.6,3.1,61.7,45.6,0.0,0,Core,1
20769,7.09,7.24,7.11,6.68,6.71,7.81,7.24,7.76,7.31,71.4,1.0,1.0,2.0,1.0,1.0,61.8,3.0,48.4,61.5,0.0,0,Core,1
4829,8.39,8.59,8.71,8.43,8.12,8.72,8.18,8.53,8.42,100.0,2.0,3.0,2.0,3.0,1.0,87.9,5.0,70.7,88.0,0.0,0,Core,1
14590,9.77,9.29,9.84,9.61,9.85,9.81,9.47,9.87,9.81,92.6,2.0,4.0,3.0,3.0,1.0,75.8,3.4,57.6,75.2,1.0,0,Core,1
1508,6.32,5.77,5.93,5.44,6.29,5.38,5.96,6.01,5.93,80.6,1.0,2.0,1.0,1.0,0.0,75.4,3.3,49.7,54.9,0.0,0,Core,1
18613,7.61,7.01,7.59,7.56,7.75,7.74,7.52,7.94,7.68,87.0,2.0,3.0,1.0,1.0,0.0,60.5,2.6,51.0,49.0,0.0,0,Core,1
19303,5.5,5.03,5.72,5.03,5.38,5.45,5.2,4.83,5.45,62.8,0.0,0.0,2.0,1.0,1.0,43.6,2.2,27.6,30.8,1.0,0,Core,0
38310,6.16,7.25,6.62,6.82,7.04,6.8,7.22,6.59,6.9,85.3,1.0,2.0,1.0,2.0,0.0,64.5,2.6,48.5,37.8,1.0,0,Core,1
1739,8.6,8.47,8.84,8.67,9.1,9.51,9.26,8.88,8.92,91.3,1.0,2.0,2.0,2.0,0.0,66.8,2.9,59.1,47.9,0.0,0,Core,1
35876,7.92,7.86,7.55,7.6,7.4,7.89,7.79,7.44,7.57,78.2,0.0,1.0,2.0,2.0,0.0,69.6,2.6,43.0,49.8,0.0,0,Core,0
47068,6.97,7.37,7.3,6.76,6.34,7.16,6.81,6.67,6.9,75.6,0.0,2.0,2.0,1.0,1.0,62.5,4.0,53.4,50.9,0.0,0,Core,1
5115,9.84,10.0,10.0,9.8,10.0,10.0,10.0,10.0,10.0,86.2,3.0,4.0,2.0,2.0,2.0,65.2,4.4,57.6,68.3,0.0,0,Core,1
24907,6.07,6.22,5.72,5.89,5.87,6.1,5.89,6.0,5.9,58.8,0.0,0.0,0.0,1.0,0.0,45.6,1.0,23.9,24.4,1.0,0,Core,0
7636,10.0,9.94,9.94,9.76,9.81,9.75,10.0,10.0,9.83,89.7,2.0,2.0,3.0,3.0,2.0,72.8,3.9,95.9,74.5,1.0,0,Core,1
14399,7.02,7.37,7.09,7.55,7.16,7.4,7.28,7.55,7.34,74.9,0.0,1.0,1.0,2.0,0.0,48.5,3.4,57.5,55.2,0.0,0,Core,0
36171,7.77,8.1,8.02,8.1,8.12,7.92,8.37,8.27,7.97,99.0,1.0,4.0,3.0,3.0,1.0,72.5,4.3,80.5,55.1,1.0,0,Core,1
9184,6.85,7.12,7.21,7.13,7.21,7.09,7.07,7.26,7.0,79.2,1.0,2.0,2.0,2.0,0.0,70.1,3.3,48.8,43.4,0.0,0,Core,1
36797,6.24,5.83,6.23,6.07,6.17,5.84,6.09,6.29,6.17,79.6,1.0,2.0,2.0,2.0,1.0,69.6,3.1,60.9,44.8,0.0,0,Core,0
37623,7.57,6.91,7.75,7.65,6.95,7.53,7.51,7.08,7.34,91.1,1.0,3.0,4.0,3.0,1.0,81.3,4.5,89.9,73.2,1.0,0,Core,1
1656,4.04,4.19,4.48,4.0,4.12,4.37,4.0,4.0,4.18,60.1,0.0,1.0,0.0,0.0,0.0,45.3,1.7,26.4,34.1,0.0,0,Core,0
4327,8.66,9.15,9.05,8.7,9.46,9.33,9.57,9.65,9.12,88.0,1.0,3.0,3.0,3.0,2.0,84.3,3.7,77.1,71.3,1.0,0,Core,1
27378,6.89,6.81,6.45,6.62,6.74,6.38,6.89,6.81,6.67,74.5,1.0,1.0,1.0,2.0,1.0,70.5,3.4,59.7,47.6,1.0,0,Core,1
19045,8.01,7.4,7.92,7.54,8.1,7.98,7.43,8.03,7.8,74.9,1.0,2.0,1.0,1.0,0.0,64.9,2.2,54.3,54.9,0.0,0,Core,1
44329,9.94,9.45,9.32,9.15,9.83,9.36,9.59,9.94,9.55,86.6,2.0,3.0,3.0,4.0,2.0,64.6,5.0,85.0,83.2,1.0,0,Core,1
9662,5.66,6.02,5.79,6.26,6.36,6.92,5.96,6.17,6.05,91.9,2.0,3.0,3.0,3.0,1.0,85.3,4.1,73.1,90.7,1.0,0,Core,1
15915,6.44,6.49,5.72,6.31,5.91,5.76,6.33,5.44,6.08,65.7,0.0,1.0,0.0,1.0,1.0,54.3,1.7,57.6,26.7,0.0,0,Core,0
25467,7.97,8.17,8.3,9.01,8.81,8.45,8.18,8.53,8.49,92.3,2.0,3.0,4.0,3.0,2.0,98.1,3.2,57.6,54.9,1.0,0,Core,1
13611,5.58,5.85,6.3,6.07,5.95,6.05,6.23,6.91,6.15,80.4,1.0,2.0,2.0,3.0,0.0,73.1,4.1,58.9,58.0,1.0,0,Core,1
11671,9.42,9.21,9.1,9.44,9.64,9.71,9.73,9.79,9.55,83.9,2.0,3.0,3.0,2.0,2.0,74.9,5.0,76.8,74.1,0.0,0,Core,1
1220,7.31,7.22,6.99,7.25,7.34,7.47,7.15,7.39,7.3,70.5,2.0,2.0,4.0,4.0,1.0,90.4,3.8,82.1,63.8,0.0,0,Core,1
38864,6.75,6.83,7.05,6.75,7.78,6.75,7.48,7.08,7.18,91.9,1.0,2.0,2.0,3.0,1.0,72.7,5.0,69.4,72.5,1.0,0,Core,1
12558,8.2,8.55,8.37,8.15,8.11,8.7,7.98,8.56,8.15,72.0,0.0,2.0,2.0,2.0,1.0,72.7,3.2,40.7,58.7,1.0,0,Core,1
39144,6.25,6.17,6.3,6.04,6.31,6.71,5.76,5.56,6.32,81.3,2.0,2.0,1.0,2.0,1.0,59.2,3.6,57.2,51.9,1.0,0,Core,1
35509,8.78,8.52,8.55,8.83,9.49,8.64,8.2,8.89,8.81,96.8,1.0,2.0,2.0,3.0,1.0,82.4,4.3,84.6,80.8,1.0,0,Core,1
11853,6.56,6.49,6.68,5.93,6.32,5.97,5.86,6.01,6.44,52.2,1.0,1.0,2.0,1.0,0.0,44.1,3.2,30.8,24.2,0.0,0,Core,0
13239,4.83,4.49,4.92,4.92,4.18,4.56,4.66,4.09,9.8,66.6,3.0,5.0,1.0,1.0,0.0,99.0,2.1,57.6,34.5,0.0,-1,Noise,0
29951,8.04,8.44,8.67,9.02,8.87,8.34,9.25,9.34,8.76,96.6,2.0,3.0,3.0,3.0,1.0,73.1,4.9,83.7,54.9,1.0,0,Core,1
27985,10.0,9.6,10.0,10.0,10.0,10.0,10.0,10.0,10.0,83.1,1.0,4.0,3.0,3.0,1.0,100.0,3.6,89.0,87.0,1.0,0,Core,1
22091,7.55,7.45,7.73,7.54,8.29,8.19,8.06,7.97,7.84,76.8,1.0,1.0,2.0,2.0,1.0,69.6,3.2,44.5,49.2,1.0,0,Core,0
48990,8.78,8.55,8.79,8.98,8.64,8.46,8.77,8.76,8.65,82.4,3.0,4.0,2.0,4.0,1.0,75.5,4.8,81.1,91.7,0.0,0,Core,1
40640,8.11,7.46,7.7,7.69,7.8,7.42,7.7,7.67,7.53,84.0,1.0,2.0,2.0,3.0,1.0,69.0,3.1,47.4,61.8,1.0,0,Core,1
28912,9.99,10.0,9.46,10.0,10.0,10.0,10.0,10.0,9.97,81.9,2.0,4.0,3.0,2.0,2.0,90.7,4.8,62.7,81.3,1.0,0,Core,1
8571,7.8,7.69,7.8,7.54,8.38,8.16,7.84,8.41,7.93,85.3,1.0,1.0,2.0,1.0,0.0,82.5,3.0,47.4,55.8,0.0,0,Core,1
38432,6.1,6.3,6.26,6.59,6.59,6.57,5.99,6.65,6.43,83.0,0.0,1.0,1.0,2.0,1.0,72.1,2.3,65.1,54.9,1.0,0,Core,0
40526,5.89,6.71,6.46,5.72,5.78,6.08,5.66,5.33,6.04,50.0,0.0,1.0,0.0,1.0,0.0,46.4,1.6,57.6,31.8,0.0,0,Core,0
35550,8.88,7.73,8.52,8.62,9.51,8.94,8.85,8.97,8.78,88.3,2.0,2.0,3.0,4.0,1.0,83.8,3.3,67.8,81.3,1.0,0,Core,1
29488,5.54,5.75,5.07,4.86,5.39,4.84,4.94,5.17,5.19,55.3,0.0,1.0,0.0,0.0,0.0,42.0,1.0,57.6,25.3,0.0,0,Core,0
26038,6.69,7.23,6.89,7.57,6.38,7.34,7.23,7.14,7.11,100.0,2.0,2.0,4.0,2.0,0.0,93.4,4.3,77.5,81.1,1.0,0,Core,1
19371,10.0,9.26,9.63,10.0,9.95,9.39,9.84,10.0,9.72,100.0,2.0,3.0,3.0,3.0,0.0,76.4,4.6,57.6,81.8,1.0,0,Core,1
44735,9.98,9.52,9.42,9.55,9.18,9.61,9.75,9.83,9.42,88.2,3.0,3.0,3.0,4.0,1.0,60.8,5.0,57.6,61.5,1.0,0,Core,1
6916,8.88,8.91,8.72,9.25,8.82,8.9,9.0,9.25,9.01,76.3,1.0,4.0,3.0,4.0,3.0,88.0,4.2,77.4,54.9,1.0,0,Core,1
14999,6.08,6.25,6.0,6.58,6.46,5.93,6.46,5.84,6.31,67.2,1.0,2.0,2.0,2.0,0.0,69.0,3.7,48.8,58.5,0.0,0,Core,1
16751,6.17,5.82,5.87,5.79,5.93,5.92,5.83,6.29,6.0,63.5,0.0,0.0,1.0,0.0,0.0,48.1,2.2,25.1,25.9,0.0,0,Core,0
29960,6.18,6.54,6.77,7.0,6.3,6.79,6.16,7.01,6.7,78.0,1.0,2.0,1.0,2.0,1.0,71.8,2.7,54.5,59.5,0.0,0,Core,1
28857,7.76,8.16,7.84,7.62,8.02,8.51,7.7,7.86,7.98,70.1,1.0,2.0,2.0,2.0,0.0,69.6,2.5,48.3,51.5,0.0,0,Core,1
38912,9.07,8.05,8.16,8.52,8.36,8.8,7.94,8.53,8.35,86.4,1.0,3.0,1.0,2.0,1.0,61.2,3.9,55.0,54.9,0.0,0,Core,1
5844,10.0,9.62,10.0,10.0,10.0,10.0,10.0,9.66,10.0,77.9,1.0,4.0,2.0,3.0,2.0,98.0,3.2,86.7,87.9,1.0,0,Core,1
15770,8.1,8.67,8.78,8.78,8.67,9.26,9.32,9.43,8.96,95.9,3.0,3.0,4.0,4.0,2.0,72.6,3.8,87.9,83.0,1.0,0,Core,1
27099,5.82,5.69,5.39,4.99,5.13,5.25,4.99,5.05,5.2,63.1,0.0,0.0,0.0,0.0,0.0,53.9,1.3,25.5,29.1,0.0,0,Core,0
34727,9.74,9.44,10.0,9.37,9.65,9.66,10.0,10.0,9.79,76.4,2.0,2.0,3.0,4.0,1.0,81.8,3.1,77.3,71.4,0.0,0,Core,1
20931,8.76,8.39,8.4,8.11,7.95,8.26,8.08,7.87,8.4,74.3,1.0,2.0,1.0,1.0,1.0,78.8,2.4,70.0,48.8,1.0,0,Core,1
12314,8.67,8.96,9.47,9.27,9.24,9.39,9.25,9.46,9.21,78.1,2.0,4.0,3.0,4.0,1.0,82.8,3.3,94.8,71.9,1.0,0,Core,1
8294,8.34,8.82,8.9,8.37,8.81,8.54,8.78,8.66,8.8,84.3,2.0,4.0,3.0,3.0,2.0,90.7,3.0,57.6,60.2,1.0,0,Core,1
49409,7.26,8.37,7.99,7.61,7.46,7.9,8.24,8.44,7.75,83.4,2.0,3.0,4.0,3.0,2.0,79.5,2.8,78.8,54.9,1.0,0,Core,1
22320,7.71,8.11,7.74,7.67,8.55,8.38,8.33,8.18,8.13,85.7,2.0,3.0,2.0,2.0,2.0,82.2,3.2,73.1,83.8,1.0,0,Core,1
20487,7.21,6.79,7.18,7.19,7.57,6.97,7.21,7.47,7.27,80.0,2.0,4.0,2.0,3.0,2.0,100.0,4.4,63.6,70.6,1.0,0,Core,1
22611,6.25,7.13,6.51,7.07,6.66,6.98,6.77,6.56,6.63,73.8,1.0,2.0,3.0,2.0,1.0,66.0,2.6,48.0,50.1,1.0,0,Core,0
12466,7.76,7.46,7.48,7.86,7.57,7.74,7.22,8.23,7.68,79.7,2.0,2.0,4.0,4.0,1.0,75.9,4.0,57.6,54.9,0.0,0,Core,1
41513,8.62,9.33,9.23,9.33,9.48,9.06,8.81,9.29,4.22,54.1577041,1.0,2.0,2.0,1.0,0.0,33.4,3.1,1.8,69.4,1.0,-1,Noise,1
48610,5.2,5.17,5.58,5.76,5.23,5.31,4.87,4.99,5.34,62.1,0.0,1.0,1.0,1.0,0.0,46.3,1.9,27.2,24.1,1.0,0,Core,0
17673,5.69,5.93,6.44,6.25,6.06,6.51,6.91,6.42,6.31,68.8,0.0,2.0,2.0,2.0,0.0,81.3,3.3,51.1,56.6,0.0,0,Core,1
8566,6.33,6.47,6.51,6.57,6.18,6.44,6.62,6.13,6.45,83.9,1.0,1.0,1.0,1.0,1.0,68.5,2.9,57.6,54.9,0.0,0,Core,0
42906,6.12,6.22,5.62,5.97,5.63,6.41,6.25,5.74,6.12,100.0,2.0,3.0,2.0,2.0,1.0,83.5,3.8,73.0,67.3,1.0,0,Core,1
33295,5.8,4.85,5.99,4.92,5.83,5.23,5.21,5.54,5.32,63.5,0.0,1.0,1.0,1.0,1.0,51.3,1.9,24.0,30.4,0.0,0,Core,0
12929,6.83,6.36,6.55,6.97,6.5,6.75,6.54,6.68,6.66,73.7,1.0,1.0,2.0,1.0,1.0,61.6,2.8,51.7,46.2,0.0,0,Core,1
8384,5.48,5.55,6.07,6.13,5.83,5.88,5.93,5.61,5.75,59.1,0.0,1.0,2.0,0.0,0.0,54.3,2.1,29.4,27.3,0.0,0,Core,0
26547,5.22,4.95,4.71,4.88,4.87,4.67,4.57,4.46,4.9,55.0,0.0,1.0,2.0,1.0,0.0,42.6,1.7,25.3,54.9,1.0,0,Core,0
21161,8.13,8.43,8.3,7.72,7.85,8.55,8.35,8.53,8.48,82.3,3.0,4.0,3.0,3.0,1.0,87.4,5.0,95.2,92.0,1.0,0,Core,1
25332,7.74,8.19,7.31,7.38,7.21,8.45,7.84,7.89,7.77,75.6,1.0,2.0,2.0,2.0,0.0,67.0,3.5,47.6,56.0,0.0,0,Core,1
417,9.84,10.0,9.5,10.0,9.42,9.81,10.0,9.99,9.84,85.2,1.0,4.0,2.0,5.0,1.0,85.8,4.6,78.4,63.6,1.0,0,Core,1
38314,8.24,7.8,8.22,7.91,7.77,8.84,8.59,8.7,8.3,100.0,3.0,3.0,3.0,4.0,2.0,90.7,4.1,66.0,69.0,1.0,0,Core,1
40759,6.06,5.85,6.57,6.03,5.74,5.88,5.61,6.25,6.13,56.6,0.0,1.0,1.0,0.0,0.0,52.8,1.6,30.7,26.1,0.0,0,Core,0
1407,4.48,4.33,4.29,4.16,4.33,4.65,4.08,4.54,4.44,55.4,0.0,1.0,1.0,0.0,0.0,47.6,1.6,30.0,29.4,0.0,0,Core,0
27989,4.73,5.21,5.25,5.62,5.36,5.26,5.38,4.97,5.19,71.2,1.0,2.0,3.0,2.0,1.0,60.0,3.1,52.4,56.7,0.0,0,Core,0
20658,8.98,9.12,8.35,9.43,8.9,8.64,9.0,8.9,9.05,64.9,1.0,1.0,2.0,2.0,1.0,52.8,3.3,56.0,57.4,0.0,0,Core,1
46982,7.29,7.42,7.59,7.45,7.26,7.34,7.26,7.28,7.2,86.5,1.0,2.0,1.0,1.0,0.0,66.6,1.6,46.3,47.5,0.0,0,Core,0
29902,7.27,7.08,7.18,6.81,7.43,6.63,7.26,7.04,7.05,73.5,0.0,2.0,2.0,2.0,0.0,74.0,3.4,47.4,45.1,1.0,0,Core,0
32870,6.29,6.32,5.84,6.15,5.99,6.02,5.43,5.63,5.98,58.4,0.0,1.0,0.0,0.0,0.0,39.4,1.6,32.7,25.0,0.0,0,Core,0
21614,5.62,6.18,5.94,5.57,6.02,5.66,5.82,5.73,5.88,63.1,0.0,1.0,0.0,1.0,0.0,44.9,2.6,57.6,30.6,0.0,0,Core,0
18693,6.22,6.41,6.04,5.78,5.4,5.98,6.08,5.49,5.97,77.5,1.0,1.0,2.0,2.0,1.0,79.3,3.6,62.9,57.6,1.0,0,Core,0
14463,6.77,7.15,7.03,7.44,7.09,7.22,7.81,7.46,7.44,74.5,1.0,4.0,4.0,4.0,2.0,69.6,3.7,77.9,69.8,1.0,0,Core,1
13530,7.22,7.44,7.78,7.74,7.71,7.73,7.67,7.81,7.71,94.9,2.0,4.0,3.0,3.0,2.0,67.8,5.0,69.0,83.6,1.0,0,Core,1
29805,8.74,8.83,8.96,8.8,9.28,9.53,9.66,9.4,9.01,82.0,2.0,3.0,3.0,3.0,1.0,84.9,4.1,71.0,73.7,1.0,0,Core,1
1445,5.03,5.54,5.12,5.06,4.79,4.98,6.01,5.2,5.02,64.1,1.0,1.0,1.0,1.0,0.0,44.7,2.3,19.2,33.4,0.0,0,Core,0
18219,7.32,7.74,7.54,7.53,7.38,8.48,8.05,8.16,7.75,83.0,2.0,2.0,3.0,3.0,3.0,63.2,5.0,60.8,84.9,1.0,0,Core,1
45064,8.01,7.31,7.78,7.49,7.51,8.03,7.94,7.86,7.71,83.6,2.0,2.0,2.0,3.0,2.0,87.9,4.3,94.0,68.8,0.0,0,Core,1
30647,9.17,9.29,9.52,9.94,8.94,9.29,9.61,9.18,9.44,82.3,2.0,4.0,3.0,3.0,2.0,70.1,4.1,92.8,73.0,1.0,0,Core,1
49168,5.99,5.62,4.7,5.81,5.64,6.02,6.1,5.58,5.73,88.8,1.0,3.0,3.0,3.0,2.0,90.3,4.9,69.0,81.0,0.0,0,Core,1
39990,7.41,6.76,7.62,7.3,7.16,6.9,7.04,6.83,7.31,61.7,0.0,1.0,1.0,1.0,0.0,45.5,2.4,28.6,42.1,0.0,0,Core,0
44756,7.32,8.08,7.72,7.99,7.75,7.51,8.06,8.3,7.69,71.3,0.0,2.0,2.0,3.0,0.0,69.7,3.4,57.3,57.6,0.0,0,Core,1
48346,4.68,5.43,4.78,4.78,5.17,5.16,5.17,5.6,5.18,78.7,1.0,1.0,2.0,1.0,0.0,75.9,3.5,62.5,54.7,1.0,0,Core,0
42970,8.08,8.49,8.16,7.95,8.07,8.72,8.34,8.73,8.3,71.2,1.0,1.0,1.0,2.0,1.0,82.2,3.6,58.6,53.9,0.0,0,Core,1
20420,9.76,9.86,9.6,10.0,10.0,9.74,10.0,10.0,9.9,93.7,3.0,3.0,3.0,3.0,1.0,76.2,5.0,81.8,79.3,1.0,0,Core,1
10897,9.47,9.37,9.02,9.43,9.85,9.91,9.67,9.48,9.45,64.9,2.0,3.0,3.0,3.0,0.0,73.1,5.0,68.6,73.6,1.0,0,Core,1
45621,9.8,10.0,10.0,10.0,10.0,10.0,10.0,10.0,9.82,90.7,2.0,4.0,2.0,3.0,1.0,87.3,4.2,75.0,54.9,1.0,0,Core,1
36350,6.33,6.48,6.88,6.34,5.83,6.58,6.31,6.37,6.28,87.3,1.0,1.0,2.0,1.0,0.0,80.9,2.7,62.9,47.7,1.0,0,Core,0
19313,8.66,9.01,8.88,8.81,8.52,9.5,8.88,9.56,8.94,100.0,1.0,4.0,4.0,4.0,1.0,74.1,4.9,73.3,61.9,1.0,0,Core,1
5583,5.0,4.66,4.84,4.49,4.42,4.0,4.6,4.0,4.53,64.7,0.0,1.0,1.0,1.0,0.0,47.0,1.8,28.2,34.9,0.0,0,Core,0
6683,5.68,5.55,5.39,5.48,5.51,5.41,5.22,5.04,5.46,58.0,0.0,0.0,1.0,1.0,0.0,46.2,2.2,20.8,25.7,0.0,0,Core,0
30680,5.88,6.59,6.85,6.83,6.61,5.76,6.33,6.21,6.31,78.7,1.0,2.0,1.0,3.0,1.0,73.2,1.9,40.1,49.2,1.0,0,Core,0
28389,9.03,8.81,8.56,9.34,8.91,9.43,9.5,8.77,9.06,93.0,2.0,3.0,3.0,4.0,2.0,89.4,4.2,57.6,82.4,0.0,0,Core,1
6848,8.75,8.88,9.29,8.53,8.57,8.52,8.47,8.54,8.7,68.1,2.0,3.0,3.0,2.0,1.0,59.7,3.3,55.0,54.4,0.0,0,Core,1
15982,6.55,6.34,6.81,6.16,6.72,6.22,7.3,5.86,6.23,57.1,0.0,0.0,0.0,1.0,0.0,47.7,1.5,23.5,23.6,0.0,0,Core,0
33676,5.89,5.77,6.16,6.42,5.89,5.53,6.05,5.95,5.88,68.2,0.0,1.0,0.0,1.0,0.0,42.4,2.3,29.3,29.3,1.0,0,Core,0
47504,7.12,7.67,8.35,8.36,7.5,7.92,8.22,8.05,7.75,84.5,1.0,2.0,1.0,2.0,1.0,69.6,3.8,48.5,54.9,1.0,0,Core,1
7566,4.55,4.3,4.4,4.6,4.28,4.4,4.0,4.0,4.3,70.1,1.0,0.0,0.0,0.0,0.0,43.1,1.9,23.6,29.4,0.0,0,Core,0
20729,6.39,6.64,6.27,5.8,5.95,5.8,5.88,5.69,6.14,59.0,0.0,1.0,1.0,1.0,0.0,69.6,1.3,29.5,54.9,0.0,0,Core,0
7412,5.09,5.26,4.97,4.96,5.51,5.2,5.32,5.13,5.19,70.4,1.0,2.0,1.0,2.0,1.0,55.5,2.3,66.4,52.7,1.0,0,Core,0
25355,8.55,8.58,9.01,8.55,8.74,8.49,8.18,9.1,8.6,78.7,0.0,2.0,1.0,2.0,1.0,65.9,2.9,65.9,50.1,1.0,0,Core,1
47739,9.48,9.31,9.01,9.11,9.17,9.04,9.21,9.41,9.17,85.3,1.0,2.0,0.0,3.0,0.0,76.8,3.6,55.6,43.5,0.0,0,Core,1
9759,8.08,9.1,8.46,8.86,9.14,8.61,8.22,8.82,8.61,85.2,2.0,3.0,3.0,3.0,2.0,71.9,3.6,72.5,70.7,1.0,0,Core,1
9768,6.14,6.1,7.01,6.35,6.94,6.71,6.14,6.7,6.59,81.8,0.0,2.0,2.0,2.0,0.0,68.7,3.1,58.3,53.0,1.0,0,Core,0
7134,4.71,4.71,4.32,4.14,5.2,4.86,4.74,4.55,4.73,76.2,2.0,4.0,4.0,3.0,2.0,93.4,5.0,81.9,54.9,1.0,0,Border,1
28594,6.15,6.12,6.97,6.68,6.94,6.05,6.63,5.74,6.42,61.7,1.0,0.0,0.0,1.0,0.0,47.2,1.8,57.6,54.9,1.0,0,Core,0
41210,6.98,7.53,7.81,7.3,7.6,7.08,7.47,7.19,7.33,90.0,2.0,3.0,3.0,2.0,1.0,95.2,4.7,57.6,78.0,1.0,0,Core,1
23112,7.37,8.15,7.46,8.16,7.82,7.75,8.18,7.87,7.7,67.1,2.0,4.0,3.0,3.0,1.0,94.5,4.4,70.9,67.6,1.0,0,Core,1
44347,4.0,4.0,4.0,4.0,4.0,4.0,4.0,4.0,4.09,51.4,1.0,1.0,1.0,0.0,0.0,49.1,2.0,26.4,33.2,1.0,0,Core,0
22810,7.58,7.65,7.51,7.27,7.62,7.88,7.51,7.44,7.38,68.3,2.0,2.0,1.0,1.0,1.0,76.2,3.2,55.1,47.8,0.0,0,Core,1
20508,10.0,9.55,9.99,10.0,10.0,10.0,10.0,10.0,10.0,88.3,1.0,3.0,3.0,1.0,1.0,92.2,4.2,81.5,82.1,1.0,0,Core,1
45706,5.49,5.44,5.95,5.88,5.8,6.43,5.51,6.5,5.77,79.9,1.0,2.0,2.0,2.0,0.0,64.3,3.1,48.4,56.7,1.0,0,Core,1
21762,6.73,7.0,7.18,6.49,6.91,7.11,7.24,7.24,6.78,90.0,1.0,2.0,2.0,2.0,0.0,68.7,2.8,52.4,69.8,1.0,0,Core,1
21496,9.69,8.91,9.45,9.04,9.27,9.23,9.34,9.44,9.23,89.2,1.0,2.0,1.0,2.0,0.0,65.5,3.4,53.5,52.7,0.0,0,Core,1
11505,8.3,7.54,8.38,8.07,7.92,8.11,8.27,7.81,8.16,70.7,1.0,2.0,1.0,1.0,0.0,69.6,2.1,52.2,49.9,1.0,0,Core,1
32457,6.09,6.33,6.16,6.08,6.14,6.73,6.22,6.59,6.14,85.5,1.0,2.0,2.0,2.0,0.0,77.4,3.7,51.8,59.0,0.0,0,Core,0
44210,5.05,5.13,5.03,5.06,5.38,4.98,5.5,4.58,5.14,55.6,0.0,1.0,2.0,1.0,0.0,48.1,1.9,25.5,24.9,0.0,0,Core,0
43813,8.36,7.92,7.75,8.17,8.2,8.13,8.42,8.2,8.21,89.2,3.0,4.0,2.0,2.0,1.0,91.4,3.6,90.4,61.4,1.0,0,Core,1
18265,7.49,7.57,7.23,7.76,7.71,8.01,7.46,7.76,7.6,68.6,1.0,2.0,3.0,2.0,0.0,69.6,3.6,49.8,52.0,1.0,0,Core,1
41115,10.0,10.0,10.0,10.0,10.0,10.0,10.0,10.0,9.97,100.0,2.0,3.0,2.0,3.0,1.0,71.8,4.0,76.5,56.2,1.0,0,Core,1
20035,8.87,8.68,8.58,7.76,8.62,8.55,8.72,8.33,8.39,100.0,3.0,5.0,1.0,3.0,2.0,81.3,4.9,85.6,74.3,1.0,0,Core,1
10076,7.86,8.14,8.35,8.43,8.31,8.25,8.72,8.23,8.33,100.0,2.0,4.0,3.0,3.0,2.0,73.5,3.6,90.6,62.8,1.0,0,Core,1
37297,7.45,7.5,7.16,7.43,7.55,7.12,7.14,7.49,7.28,74.7,1.0,2.0,2.0,1.0,1.0,68.2,3.2,51.9,55.1,1.0,0,Core,1
14277,8.28,9.18,8.73,8.73,8.46,8.91,9.03,9.33,9.03,78.9,2.0,1.0,3.0,5.0,1.0,87.8,4.5,73.1,80.4,1.0,0,Core,1
35781,8.06,7.86,7.79,7.67,8.18,7.77,7.56,8.19,7.75,72.8,1.0,2.0,2.0,1.0,0.0,71.5,3.5,51.6,56.5,1.0,0,Core,1
16871,9.01,9.04,8.93,9.51,9.18,9.11,8.83,9.07,8.94,66.1,1.0,2.0,1.0,3.0,0.0,73.5,3.9,47.9,59.1,1.0,0,Core,1
4230,10.0,10.0,9.93,9.68,9.71,9.81,9.84,10.0,9.94,88.6,2.0,4.0,2.0,3.0,2.0,74.9,4.3,72.6,54.9,1.0,0,Core,1
49030,5.06,5.09,5.5,5.28,5.2,5.39,4.99,5.22,5.12,69.9,2.0,1.0,2.0,1.0,0.0,70.5,3.2,46.1,49.8,1.0,0,Core,0
168,8.41,9.67,9.05,9.1,9.07,9.71,9.52,9.77,9.45,93.1,3.0,2.0,3.0,4.0,2.0,83.8,4.0,57.6,88.8,1.0,0,Core,1
14447,5.22,5.43,5.18,5.42,5.09,5.23,4.59,5.46,5.12,65.4,0.0,0.0,1.0,1.0,1.0,44.9,2.5,31.5,31.9,1.0,0,Core,0
36717,4.41,4.31,4.3,4.51,4.53,4.97,4.51,4.22,4.55,58.6,0.0,1.0,1.0,1.0,0.0,46.7,1.5,25.1,33.4,1.0,0,Core,0
36165,10.0,10.0,10.0,10.0,10.0,9.91,10.0,10.0,9.75,71.2,2.0,4.0,3.0,3.0,2.0,77.7,3.6,88.5,64.0,1.0,0,Core,1
14474,6.92,7.23,7.48,7.67,8.43,7.08,7.47,7.17,7.67,67.3,0.0,0.0,0.0,0.0,0.0,48.9,1.9,24.9,30.7,0.0,0,Core,0
44427,7.69,7.83,8.17,7.61,8.12,7.99,7.98,8.16,7.81,78.3,1.0,2.0,1.0,1.0,0.0,67.6,3.2,56.8,48.3,0.0,0,Core,1
46117,7.63,7.93,7.25,7.21,8.38,7.64,7.51,7.44,7.63,76.0,0.0,1.0,1.0,2.0,1.0,62.9,3.9,57.2,45.7,0.0,0,Core,1
30626,7.22,7.35,7.19,7.71,7.99,7.13,7.27,7.61,7.17,63.7,1.0,2.0,1.0,1.0,0.0,71.8,3.0,48.2,56.1,1.0,0,Core,1
9961,7.15,6.96,7.12,6.63,6.99,6.7,6.96,6.49,6.85,81.2,2.0,2.0,1.0,2.0,0.0,69.6,2.4,56.5,63.2,0.0,0,Core,1
38723,10.0,10.0,10.0,9.51,10.0,10.0,10.0,10.0,10.0,78.6,1.0,4.0,3.0,3.0,2.0,90.7,4.1,77.1,61.9,0.0,0,Core,1
28345,6.8,6.76,6.57,6.59,6.22,5.97,6.21,6.67,6.48,76.7,1.0,1.0,1.0,2.0,0.0,64.4,3.4,60.6,49.1,0.0,0,Core,0
16438,7.14,6.81,6.36,6.88,6.79,6.34,6.82,7.53,6.84,86.0,1.0,2.0,1.0,3.0,1.0,57.7,2.3,63.2,53.1,1.0,0,Core,0
8854,5.52,6.22,6.12,6.22,6.2,5.78,5.79,6.17,5.96,81.5,1.0,2.0,2.0,2.0,0.0,58.4,2.0,52.9,63.5,1.0,0,Core,0
17364,8.85,9.24,9.46,9.85,9.71,9.51,9.69,9.53,9.27,100.0,2.0,2.0,1.0,2.0,2.0,72.2,4.5,57.6,73.7,1.0,0,Core,1
4581,5.29,5.28,5.0,4.7,5.06,4.43,5.22,4.48,4.82,58.3,0.0,0.0,1.0,0.0,0.0,43.3,1.2,27.2,30.9,0.0,0,Core,0
47304,6.86,7.12,6.6,6.55,6.16,6.25,6.93,6.73,6.7,58.6,0.0,1.0,0.0,0.0,0.0,39.7,1.5,25.4,37.3,0.0,0,Core,0
44680,6.92,7.25,6.79,6.84,6.82,6.55,6.38,6.43,6.79,65.5,0.0,1.0,2.0,0.0,0.0,35.9,2.4,27.0,25.2,0.0,0,Core,0
15193,9.28,9.65,9.65,10.0,9.99,9.66,9.75,10.0,9.65,97.5,2.0,2.0,4.0,3.0,2.0,69.7,3.3,83.7,73.7,0.0,0,Core,1
31448,6.28,5.96,6.13,6.01,6.47,6.44,6.69,5.62,6.2,61.6,0.0,0.0,0.0,1.0,1.0,69.6,2.0,29.4,27.5,0.0,0,Core,0
5526,8.29,8.08,8.06,7.45,8.24,8.1,8.75,8.11,8.13,85.2,2.0,3.0,2.0,4.0,2.0,82.2,4.7,84.0,63.4,1.0,0,Core,1
39228,8.42,9.12,8.9,8.19,9.04,9.16,8.87,8.55,8.8,70.3,1.0,2.0,1.0,2.0,0.0,70.6,2.6,68.5,40.1,0.0,0,Core,1
3468,7.2,6.87,7.16,7.4,7.65,7.21,7.57,7.08,7.26,66.7,1.0,1.0,1.0,2.0,0.0,72.6,2.3,57.7,58.9,1.0,0,Core,0
15074,9.65,9.71,10.0,10.0,10.0,10.0,10.0,10.0,9.88,85.3,2.0,4.0,2.0,4.0,1.0,89.6,3.9,96.3,66.7,1.0,0,Core,1
48706,8.98,9.05,8.86,9.22,9.64,9.32,9.57,9.27,9.05,71.1,2.0,3.0,3.0,4.0,1.0,84.6,3.2,77.2,78.6,1.0,0,Core,1
13610,9.19,9.03,9.45,9.62,9.19,9.7,9.45,9.64,9.32,84.2,1.0,2.0,2.0,2.0,0.0,63.1,3.1,58.9,46.7,0.0,0,Core,1
18786,6.39,5.83,6.06,6.13,5.56,6.02,6.35,6.3,6.05,70.9,1.0,2.0,2.0,2.0,0.0,54.5,2.0,48.9,54.9,1.0,0,Core,0
39758,5.97,5.78,5.91,5.87,5.58,5.83,6.03,5.68,5.84,74.8,1.0,2.0,2.0,1.0,1.0,89.6,1.8,43.0,47.2,0.0,0,Core,1
24217,5.64,5.74,5.8,5.52,5.84,5.96,6.03,5.86,5.88,72.4,2.0,2.0,1.0,1.0,1.0,61.9,3.2,51.1,58.8,0.0,0,Core,1
33986,5.78,5.41,5.71,6.12,6.46,6.01,6.2,6.11,6.1,64.3,1.0,1.0,1.0,2.0,0.0,69.6,2.6,44.3,40.7,1.0,0,Core,0
11626,7.93,8.69,8.16,8.31,7.82,8.92,8.83,8.32,8.54,79.1,1.0,5.0,3.0,2.0,1.0,76.2,3.3,79.9,73.4,1.0,0,Core,1
12137,5.82,6.43,6.87,6.25,6.66,6.72,6.36,6.63,6.51,75.8,1.0,2.0,2.0,1.0,1.0,80.3,2.2,57.6,53.4,0.0,0,Core,1
12629,7.2,7.57,7.83,7.17,7.83,7.21,7.28,7.24,7.3,75.1,1.0,2.0,1.0,1.0,0.0,77.1,2.8,54.5,51.9,0.0,0,Core,1
28348,7.54,7.65,7.01,7.0,6.87,6.89,7.01,7.31,7.0,71.7,0.0,1.0,1.0,0.0,0.0,69.6,1.5,28.8,35.1,0.0,0,Core,0
43512,6.03,5.7,5.62,5.97,6.04,6.03,5.62,6.63,5.86,100.0,1.0,4.0,3.0,4.0,1.0,90.2,3.5,57.6,81.6,1.0,0,Core,1
5873,7.08,7.0,6.91,7.17,6.63,6.74,6.59,6.79,6.65,77.0,1.0,2.0,1.0,1.0,1.0,70.2,2.7,60.6,45.9,0.0,0,Core,1
48244,7.61,8.59,8.33,8.17,8.57,8.45,7.69,8.33,8.28,79.6,1.0,2.0,2.0,1.0,1.0,74.4,3.2,52.5,55.3,1.0,0,Core,1
33982,7.77,7.6,7.23,7.15,7.93,7.99,7.87,7.8,7.68,69.5,2.0,3.0,3.0,3.0,2.0,84.7,4.3,80.4,75.9,1.0,0,Core,1
31261,7.6,7.58,7.78,7.68,7.51,8.14,7.7,8.29,7.85,86.9,2.0,3.0,3.0,3.0,1.0,83.6,4.5,82.7,66.3,1.0,0,Core,1
12293,4.51,4.07,4.55,4.54,4.43,4.24,4.35,5.33,4.4,50.0,0.0,0.0,2.0,0.0,0.0,40.3,1.0,27.5,25.9,0.0,0,Core,0
42287,5.74,6.39,6.24,6.31,6.78,6.23,6.93,6.71,6.54,69.5,1.0,2.0,1.0,2.0,0.0,65.2,3.2,67.8,61.5,1.0,0,Core,0
13665,8.13,8.55,8.84,8.29,8.75,9.32,8.42,7.97,8.48,73.7,1.0,2.0,2.0,1.0,0.0,76.3,1.7,60.1,45.2,1.0,0,Core,1
12951,6.49,7.66,7.37,7.13,7.15,7.07,7.71,7.21,7.41,76.4,0.0,2.0,2.0,2.0,0.0,62.4,2.9,53.4,57.6,1.0,0,Core,1
31757,6.94,6.75,6.08,6.67,6.46,6.35,6.44,6.9,6.62,75.5,1.0,1.0,2.0,2.0,1.0,57.2,3.0,57.6,55.5,0.0,0,Core,0
14514,5.92,5.49,5.66,5.8,5.38,5.16,5.69,5.67,5.65,90.8,2.0,4.0,3.0,3.0,1.0,69.6,4.6,71.6,69.6,1.0,0,Core,1
20458,5.61,5.36,5.61,5.71,5.41,5.55,5.98,5.85,5.88,70.7,1.0,2.0,2.0,2.0,1.0,69.6,2.7,63.8,49.2,0.0,0,Core,0
41547,8.42,8.25,7.77,8.31,7.65,8.09,8.19,8.51,8.08,84.2,1.0,2.0,2.0,2.0,0.0,57.9,2.7,50.1,51.9,1.0,0,Core,1
851,9.42,9.5,9.86,9.18,9.3,9.26,9.65,9.78,9.56,68.4,2.0,2.0,2.0,3.0,2.0,88.2,4.2,86.4,71.8,0.0,0,Core,1
34768,8.24,8.25,8.14,8.31,8.46,8.38,8.76,8.53,8.38,65.2,1.0,2.0,2.0,1.0,0.0,69.7,2.7,52.7,45.3,1.0,0,Core,1
24913,8.74,8.53,7.64,7.49,8.32,8.32,7.77,8.09,9.92,95.7,3.0,5.0,2.0,5.0,2.0,97.3,3.5,96.9,82.8,1.0,0,Core,1
17970,6.46,7.24,7.46,6.03,6.72,7.43,6.37,7.36,6.81,89.9,2.0,2.0,3.0,1.0,1.0,76.4,3.8,64.4,58.6,1.0,0,Core,1
28377,6.05,6.86,6.41,6.59,6.58,5.91,6.11,6.33,6.19,51.8,0.0,0.0,1.0,0.0,0.0,44.8,1.5,32.8,24.8,0.0,0,Core,0
9890,6.84,7.54,7.09,7.55,7.4,7.86,7.0,7.53,7.46,86.6,2.0,2.0,4.0,3.0,2.0,88.2,4.7,76.2,54.9,1.0,0,Core,1
46456,6.07,6.72,6.2,5.96,6.11,6.14,5.87,5.86,6.29,86.9,1.0,1.0,2.0,2.0,0.0,81.1,3.4,55.3,63.6,1.0,0,Core,1
38500,8.27,8.32,7.86,8.62,7.88,8.35,8.01,8.41,8.32,83.9,0.0,2.0,3.0,1.0,0.0,79.1,3.3,46.0,52.1,1.0,0,Core,1
16248,7.18,7.67,7.45,7.6,6.79,7.42,7.25,7.65,7.32,61.7,0.0,2.0,1.0,1.0,1.0,73.7,2.7,47.7,60.4,0.0,0,Core,0
8787,6.16,5.98,5.79,6.17,6.33,6.32,5.6,5.79,6.19,80.8,0.0,1.0,2.0,2.0,0.0,62.6,3.0,51.1,49.9,1.0,0,Core,0
35430,7.92,7.81,7.81,8.26,7.97,7.95,8.33,8.31,8.08,79.9,2.0,4.0,4.0,4.0,2.0,80.1,3.2,72.2,68.9,1.0,0,Core,1
19104,9.03,9.15,9.47,9.61,9.64,9.62,9.87,9.65,9.43,91.2,1.0,5.0,2.0,3.0,1.0,77.8,3.7,84.4,68.0,1.0,0,Core,1
44143,8.75,9.09,8.48,9.21,8.99,9.2,9.19,9.29,9.19,90.4,1.0,2.0,3.0,1.0,2.0,75.0,3.4,85.4,70.3,1.0,0,Core,1
14787,7.44,7.89,7.8,7.95,7.67,7.32,7.71,7.7,7.72,86.5,1.0,1.0,2.0,3.0,0.0,80.2,4.1,43.7,49.6,1.0,0,Core,0
18217,8.03,6.82,7.65,7.73,7.66,7.89,7.45,7.3,7.64,82.9,1.0,2.0,2.0,2.0,0.0,67.5,3.0,61.8,54.0,0.0,0,Core,1
29737,8.92,8.79,8.75,8.49,8.63,9.73,8.97,8.98,9.02,97.6,3.0,2.0,2.0,2.0,2.0,91.8,4.5,90.2,54.9,1.0,0,Core,1
18195,7.21,7.32,7.04,7.21,7.36,6.77,6.5,7.12,7.05,68.6,1.0,3.0,2.0,2.0,1.0,78.3,2.9,54.8,54.9,1.0,0,Core,1
42356,8.67,9.19,9.05,8.54,8.76,9.15,9.07,9.11,9.13,94.9,2.0,4.0,4.0,4.0,1.0,89.5,4.2,82.0,57.6,1.0,0,Core,1
20186,8.78,8.35,8.92,8.8,8.72,8.9,9.26,8.92,8.91,80.7,2.0,3.0,4.0,3.0,1.0,90.8,4.5,76.4,75.2,1.0,0,Core,1
38611,9.77,9.8,10.0,10.0,9.94,10.0,10.0,10.0,10.0,95.5,3.0,4.0,2.0,4.0,2.0,82.0,3.0,57.6,74.4,1.0,0,Core,1
22656,9.18,8.71,8.89,8.94,9.62,9.48,9.35,8.98,9.08,82.7,1.0,3.0,2.0,3.0,1.0,88.3,3.5,67.4,54.9,1.0,0,Core,1
31786,5.31,6.06,6.01,5.83,6.12,6.09,5.73,5.2,5.69,56.3,0.0,1.0,1.0,1.0,1.0,47.4,2.2,34.7,25.4,0.0,0,Core,0
36667,10.0,9.58,9.36,10.0,10.0,10.0,10.0,9.97,9.92,88.5,2.0,3.0,4.0,3.0,2.0,69.6,3.2,77.3,66.4,1.0,0,Core,1
44905,6.92,7.76,8.0,8.2,7.06,8.32,8.38,8.57,8.06,84.1,2.0,3.0,2.0,3.0,3.0,95.5,3.2,57.6,72.2,0.0,0,Core,1
6080,8.02,6.83,7.27,7.56,7.64,7.35,7.46,7.57,7.37,73.1,0.0,1.0,2.0,1.0,0.0,69.5,3.9,57.6,69.7,0.0,0,Core,0
15556,6.63,7.09,6.69,6.54,6.32,6.28,6.54,6.75,6.58,73.3,0.0,1.0,0.0,1.0,0.0,47.1,1.9,28.4,54.9,1.0,0,Core,0
48062,7.32,6.88,7.51,7.0,7.57,6.83,6.97,7.15,7.31,80.7,1.0,3.0,2.0,3.0,1.0,77.6,3.7,80.3,66.9,1.0,0,Core,1
24408,4.89,4.0,4.2,4.0,4.0,4.0,4.0,4.31,4.21,64.0,1.0,1.0,1.0,1.0,1.0,69.6,1.8,24.0,54.9,1.0,0,Core,0
44889,6.3,7.05,6.97,6.74,6.78,7.5,7.13,6.88,6.79,59.7,0.0,1.0,2.0,3.0,0.0,63.4,3.2,54.5,51.1,0.0,0,Core,1
6425,8.4,8.86,8.65,8.54,8.55,8.49,8.65,8.65,8.73,70.9,1.0,1.0,1.0,2.0,1.0,62.6,3.3,61.9,53.0,1.0,0,Core,1
46203,6.01,6.12,5.57,6.18,5.66,5.88,5.5,5.17,5.93,67.1,0.0,1.0,1.0,0.0,0.0,49.1,1.0,33.7,35.7,1.0,0,Core,0
42285,7.36,7.24,7.41,7.21,7.23,7.19,7.56,7.56,7.28,67.8,0.0,2.0,2.0,2.0,0.0,68.8,2.5,55.8,46.1,1.0,0,Core,0
45699,7.68,7.93,7.94,7.62,8.36,7.99,8.18,7.9,7.89,91.4,2.0,3.0,3.0,5.0,1.0,96.2,3.9,88.8,65.9,1.0,0,Core,1
41461,5.9,5.71,6.54,6.75,6.39,6.44,6.54,6.71,6.5,71.7,1.0,3.0,1.0,1.0,1.0,66.1,2.0,52.0,54.9,1.0,0,Core,1
28418,7.3,7.04,7.17,7.59,7.23,6.89,7.02,7.85,7.36,83.0,2.0,3.0,3.0,3.0,1.0,82.5,3.2,78.0,80.2,1.0,0,Core,1
18151,8.4,8.62,8.42,8.65,8.71,8.65,8.13,7.81,8.52,87.4,1.0,2.0,1.0,3.0,0.0,67.7,2.6,56.0,53.7,1.0,0,Core,1
30624,9.35,9.47,9.24,8.99,9.08,9.4,10.0,9.26,9.96,81.5,3.0,5.0,3.0,3.0,1.0,99.4,4.6,96.3,86.7,0.0,0,Core,1
3151,8.11,8.77,8.6,7.83,8.25,8.47,8.72,8.24,8.38,83.8,1.0,2.0,2.0,2.0,0.0,67.9,1.8,57.6,36.2,0.0,0,Core,1
18185,10.0,10.0,9.98,10.0,9.69,10.0,10.0,10.0,9.94,94.2,3.0,1.0,4.0,4.0,0.0,63.5,3.3,93.4,63.5,0.0,0,Border,1
26731,7.44,7.56,7.25,7.36,7.28,8.23,7.65,7.47,7.5,70.2,1.0,0.0,1.0,3.0,1.0,64.2,2.8,62.2,37.5,0.0,0,Core,1
12515,6.19,6.14,6.79,6.38,6.23,6.54,5.61,6.27,6.17,85.3,1.0,2.0,2.0,1.0,1.0,74.1,3.5,64.1,57.0,1.0,0,Core,1
36056,5.18,5.1,4.22,5.3,5.67,5.57,5.26,5.6,5.35,78.1,1.0,2.0,2.0,1.0,0.0,66.7,2.0,58.5,58.8,0.0,0,Core,0
40833,5.37,5.13,5.48,5.45,5.23,4.93,4.66,4.71,5.0,60.4,0.0,1.0,1.0,1.0,0.0,45.0,2.4,21.9,31.4,0.0,0,Core,0
34374,7.73,7.81,7.84,7.49,7.67,7.42,8.05,7.0,7.59,98.2,2.0,2.0,3.0,3.0,1.0,89.7,3.2,73.9,87.3,0.0,0,Core,1
45453,10.0,9.99,9.89,10.0,10.0,9.65,10.0,10.0,9.9,96.1,3.0,4.0,4.0,4.0,2.0,77.4,4.4,89.1,69.1,1.0,0,Core,1
34308,6.23,5.84,6.46,6.22,6.56,6.25,6.76,6.02,6.32,71.0,1.0,3.0,1.0,2.0,0.0,78.8,3.9,45.3,57.1,0.0,0,Core,1
46162,6.56,6.79,6.95,7.13,6.54,7.42,6.82,7.05,7.04,74.2,1.0,2.0,1.0,1.0,1.0,74.7,3.4,48.9,55.2,0.0,0,Core,1
37976,4.12,4.11,4.04,4.0,4.12,4.11,4.0,4.0,4.01,54.1,0.0,1.0,0.0,0.0,0.0,69.6,2.1,24.2,36.4,0.0,0,Core,0
21233,6.66,7.32,7.27,7.33,6.99,6.99,7.19,7.54,7.19,78.6,1.0,1.0,2.0,2.0,0.0,74.0,3.1,52.2,50.7,0.0,0,Core,1
20327,8.99,8.76,9.1,8.79,9.33,9.13,9.12,9.14,8.98,77.3,2.0,3.0,3.0,2.0,0.0,68.8,4.7,72.3,54.9,0.0,0,Core,1
27005,7.96,7.97,7.92,8.37,8.4,8.09,8.31,8.1,8.31,70.2,1.0,2.0,2.0,1.0,1.0,55.3,3.4,64.1,54.4,1.0,0,Core,0
45594,5.71,5.61,6.56,6.41,6.28,5.95,6.14,5.76,6.08,75.6,1.0,3.0,1.0,4.0,2.0,69.6,2.8,62.1,80.0,1.0,0,Core,1
25848,8.4,8.47,8.55,8.88,8.91,9.05,8.91,9.23,8.83,94.1,2.0,4.0,2.0,3.0,1.0,77.5,4.3,92.5,62.2,0.0,0,Core,1
7440,6.16,6.11,6.23,6.32,6.48,6.07,6.57,6.14,6.23,90.5,3.0,3.0,3.0,3.0,2.0,84.3,3.5,60.1,80.8,1.0,0,Core,1
37341,9.36,8.89,8.71,9.33,9.16,9.13,9.13,8.77,9.08,73.6,2.0,3.0,3.0,4.0,0.0,95.6,4.0,77.7,85.3,1.0,0,Core,1
10027,4.6,5.08,4.0,5.19,4.75,4.39,4.78,4.52,4.61,65.8,0.0,1.0,0.0,1.0,0.0,59.8,1.6,57.6,30.8,0.0,0,Core,0
20966,10.0,9.4,9.32,9.61,10.0,9.47,9.25,9.86,9.48,81.0,1.0,2.0,3.0,3.0,2.0,69.6,2.6,69.6,55.1,0.0,0,Core,1
7285,9.18,9.44,10.0,10.0,10.0,10.0,10.0,10.0,9.98,79.7,2.0,5.0,3.0,3.0,1.0,83.1,2.5,93.7,93.8,1.0,0,Core,1
30275,6.37,5.78,6.48,6.05,6.13,6.43,5.88,6.93,6.04,77.3,1.0,2.0,2.0,2.0,0.0,73.9,4.0,57.6,53.2,1.0,0,Core,1
49968,8.46,7.49,8.36,8.09,8.08,7.73,7.71,8.09,8.07,100.0,2.0,3.0,2.0,4.0,2.0,92.3,2.9,77.4,69.4,1.0,0,Core,1
31159,7.66,7.28,7.27,7.12,7.04,6.91,7.29,6.81,7.18,83.3,1.0,2.0,1.0,1.0,1.0,71.6,4.3,57.6,55.4,0.0,0,Core,0
15618,7.84,7.99,8.34,8.57,8.01,7.77,8.34,8.29,8.32,85.6,2.0,2.0,2.0,2.0,0.0,71.2,2.6,50.5,56.0,0.0,0,Core,1
9619,7.27,7.22,8.02,7.7,7.56,7.88,7.79,7.55,7.58,74.7,1.0,2.0,1.0,2.0,0.0,83.8,3.2,54.1,65.7,0.0,0,Core,1
28873,6.78,6.35,6.25,6.97,6.6,6.29,6.03,6.51,6.43,76.7,1.0,2.0,2.0,1.0,1.0,70.1,2.6,43.7,61.8,1.0,0,Core,0
37268,7.35,8.14,7.95,7.61,7.82,8.27,8.01,7.96,7.99,91.9,3.0,4.0,4.0,4.0,1.0,91.9,3.7,66.0,79.7,1.0,0,Core,1
18811,7.3,6.81,6.95,6.66,6.7,7.17,6.74,6.64,7.02,75.0,1.0,1.0,2.0,2.0,1.0,74.1,3.2,65.7,45.6,1.0,0,Core,1
32954,7.38,7.51,8.28,7.32,7.39,7.65,8.07,8.21,7.73,75.4,2.0,3.0,2.0,3.0,2.0,90.6,5.0,65.6,67.4,1.0,0,Core,1
29894,7.68,7.7,7.59,8.04,7.92,8.0,7.79,7.77,9.91,72.9,3.0,5.0,2.0,1.0,0.0,97.2,3.0,95.7,45.5,1.0,0,Border,1
32505,5.79,6.1,5.38,5.25,5.67,6.03,5.21,5.53,5.67,53.7,1.0,1.0,0.0,0.0,0.0,62.2,2.1,20.3,34.9,0.0,0,Core,0
27732,9.04,8.8,9.32,8.84,9.48,8.88,9.42,9.43,9.09,81.4,2.0,3.0,2.0,4.0,2.0,92.1,5.0,75.4,59.7,1.0,0,Core,1
31314,8.18,7.5,7.95,7.9,7.94,8.33,8.57,8.82,8.12,92.6,2.0,3.0,3.0,3.0,2.0,74.8,3.2,82.0,54.9,1.0,0,Core,1
31845,6.1,6.7,6.8,6.34,6.44,6.81,6.67,6.84,6.45,70.0,0.0,2.0,1.0,1.0,1.0,67.6,2.8,63.8,54.0,1.0,0,Core,0
4274,7.69,7.71,7.69,8.04,7.29,7.37,7.44,7.12,7.52,79.5,2.0,3.0,1.0,2.0,1.0,64.9,3.4,54.9,50.9,0.0,0,Core,1
47404,9.89,9.63,9.63,10.0,9.18,10.0,9.8,10.0,9.74,95.0,3.0,5.0,2.0,2.0,2.0,85.9,2.9,79.6,88.9,0.0,0,Core,1
23362,6.44,6.21,6.41,6.56,6.76,6.75,6.4,6.56,9.82,99.1,3.0,5.0,3.0,3.0,2.0,98.1,4.1,96.1,61.3,1.0,0,Border,1
2323,6.31,6.82,6.05,6.04,6.28,6.24,6.55,5.84,6.12,69.3,1.0,2.0,1.0,1.0,0.0,62.0,2.5,49.4,35.9,1.0,0,Core,0
14973,7.37,7.03,7.2,7.93,7.32,7.49,7.97,7.35,7.54,100.0,2.0,3.0,2.0,3.0,2.0,75.3,2.9,81.4,76.2,0.0,0,Core,1
16452,9.66,9.05,9.22,10.0,10.0,9.79,9.62,9.62,9.76,79.7,2.0,3.0,3.0,2.0,2.0,80.6,3.1,74.6,60.4,1.0,0,Core,1
14546,7.18,7.56,7.27,7.04,7.44,7.27,7.83,7.72,7.51,74.0,2.0,3.0,1.0,1.0,1.0,74.5,1.5,62.6,57.5,1.0,0,Core,1
19314,9.99,10.0,10.0,9.77,10.0,10.0,10.0,10.0,10.0,81.6,2.0,3.0,4.0,3.0,1.0,72.4,4.7,69.3,80.0,0.0,0,Core,1
23671,7.96,7.64,7.89,8.01,7.93,8.1,7.45,8.18,8.04,76.0,1.0,2.0,1.0,2.0,1.0,70.6,2.9,51.3,48.6,1.0,0,Core,1
37050,8.62,8.81,8.54,9.31,9.07,8.81,8.5,9.48,8.88,91.1,2.0,4.0,2.0,3.0,1.0,81.2,3.7,90.3,82.2,0.0,0,Core,1
45913,5.65,5.87,5.61,5.8,5.31,5.67,5.3,5.99,5.64,60.1,0.0,0.0,0.0,0.0,0.0,46.4,1.6,31.4,30.2,0.0,0,Core,0
26320,5.17,5.52,5.38,5.27,5.29,4.58,5.51,4.85,5.14,66.7,1.0,1.0,1.0,1.0,0.0,42.8,1.4,31.4,31.1,0.0,0,Core,0
33922,9.42,9.41,9.35,8.96,9.75,9.43,9.74,9.78,9.53,94.5,2.0,3.0,4.0,3.0,1.0,78.4,4.8,85.6,71.9,0.0,0,Core,1
6323,7.19,7.3,7.58,7.32,7.11,7.33,6.71,7.05,7.16,81.5,1.0,2.0,2.0,2.0,0.0,77.5,2.4,57.6,62.9,1.0,0,Core,1
466,7.93,8.33,8.23,7.23,7.65,7.93,7.72,7.68,7.97,69.9,1.0,2.0,2.0,2.0,1.0,66.6,3.2,60.3,54.9,1.0,0,Core,1
3254,7.64,8.09,7.69,8.32,7.97,8.27,8.69,9.07,8.2,93.5,1.0,3.0,3.0,3.0,2.0,74.9,3.2,80.1,74.8,1.0,0,Core,1
10987,7.39,7.68,8.0,7.74,8.02,7.65,8.26,8.4,7.83,100.0,2.0,2.0,2.0,5.0,2.0,76.3,5.0,86.1,74.3,1.0,0,Core,1
14751,8.92,9.49,9.14,9.16,9.16,9.76,9.17,9.14,9.19,74.7,2.0,5.0,2.0,3.0,1.0,80.3,4.5,83.0,54.9,0.0,0,Core,1
14785,5.05,4.31,4.66,4.33,4.86,4.61,4.34,5.18,4.76,69.2,1.0,2.0,2.0,1.0,1.0,62.5,2.7,65.5,59.1,1.0,0,Core,0
565,4.52,5.15,4.67,4.3,4.57,5.02,5.04,4.41,4.6,71.1,1.0,2.0,2.0,2.0,0.0,69.6,3.5,48.2,53.9,1.0,0,Core,0
43127,8.51,8.03,8.85,8.07,8.04,7.98,8.29,8.0,8.31,89.0,1.0,2.0,2.0,2.0,1.0,60.5,3.1,43.3,50.9,1.0,0,Core,1
12725,7.48,7.47,7.06,7.13,7.37,7.89,7.23,7.21,7.52,81.9,1.0,1.0,1.0,2.0,1.0,72.3,2.6,58.3,54.9,1.0,0,Core,1
33808,8.15,7.77,7.98,7.87,7.66,8.12,8.39,8.29,8.18,86.1,1.0,3.0,1.0,3.0,1.0,76.5,2.8,61.8,48.3,1.0,0,Core,1
7299,4.59,4.93,4.82,4.51,4.62,4.99,4.64,4.32,4.84,76.6,1.0,2.0,2.0,2.0,1.0,69.3,2.9,62.9,50.5,1.0,0,Core,0
25389,5.06,4.74,4.91,5.42,4.31,4.51,4.81,4.81,4.94,76.1,1.0,2.0,2.0,1.0,0.0,82.3,3.5,50.9,54.9,1.0,0,Core,0
19686,6.85,6.65,6.5,6.83,6.98,6.89,7.2,6.98,6.82,85.0,1.0,2.0,2.0,3.0,1.0,68.3,3.2,61.9,59.0,1.0,0,Core,1
34489,9.59,9.99,10.0,10.0,10.0,9.76,10.0,10.0,9.92,92.6,2.0,3.0,3.0,2.0,1.0,70.3,3.2,78.5,71.8,1.0,0,Core,1
37828,6.8,6.03,5.9,6.26,6.34,6.5,6.27,6.16,6.43,73.7,0.0,2.0,2.0,1.0,1.0,73.3,3.2,52.9,46.0,1.0,0,Core,0
3594,7.37,7.44,7.68,7.83,8.0,8.0,7.17,7.48,7.6,67.8,1.0,2.0,2.0,2.0,1.0,63.7,2.9,57.6,64.1,1.0,0,Core,1
12401,7.08,6.74,6.43,6.25,6.85,5.93,6.24,6.27,6.59,76.0,1.0,2.0,2.0,1.0,0.0,53.3,2.5,61.2,48.1,0.0,0,Core,1
29940,5.88,5.96,6.58,5.72,6.02,6.39,5.47,6.01,6.02,73.5,1.0,1.0,2.0,1.0,1.0,69.6,3.2,40.2,39.4,0.0,0,Core,0
24855,10.0,9.7,10.0,10.0,10.0,10.0,10.0,10.0,9.95,87.7,2.0,3.0,3.0,4.0,2.0,75.4,3.2,70.2,74.1,1.0,0,Core,1
21776,8.55,8.62,8.32,8.56,8.3,8.64,8.82,8.84,8.67,71.5,1.0,3.0,1.0,2.0,0.0,75.9,3.3,57.5,54.9,1.0,0,Core,1
38919,8.7,9.0,9.05,8.88,9.18,9.03,9.14,8.34,8.84,93.5,2.0,3.0,4.0,3.0,1.0,69.6,4.7,87.8,78.1,1.0,0,Core,1
7526,7.31,7.24,7.39,6.7,7.59,7.54,7.33,7.58,7.35,69.8,2.0,2.0,1.0,2.0,0.0,58.6,3.2,63.8,48.6,1.0,0,Core,1
8902,5.2,4.79,5.86,4.89,5.46,5.02,5.65,4.97,5.38,64.1,0.0,1.0,0.0,0.0,0.0,50.3,2.5,24.0,23.6,0.0,0,Core,0
24779,7.21,7.62,6.72,7.23,7.14,7.39,7.7,7.17,7.35,72.8,0.0,2.0,2.0,1.0,0.0,71.1,3.6,61.7,68.4,0.0,0,Core,1
40304,7.94,8.11,8.19,7.65,7.73,7.96,7.94,8.07,8.08,50.0,1.0,2.0,2.0,2.0,0.0,67.2,3.1,65.5,40.4,0.0,0,Core,1
39666,6.28,6.36,6.92,6.54,5.88,6.42,6.02,6.6,4.39,52.42525124,0.0,1.0,1.0,0.0,0.0,34.1,2.7,0.1,28.3,0.0,0,Core,0
31513,9.05,9.4,9.51,9.85,9.44,9.28,9.42,9.61,9.42,76.8,0.0,1.0,3.0,2.0,0.0,67.7,2.7,55.3,51.3,1.0,0,Core,1
26723,7.37,7.31,8.01,7.63,7.8,7.31,7.95,7.94,7.52,100.0,1.0,3.0,4.0,4.0,1.0,89.9,4.2,85.1,54.9,1.0,0,Core,1
11905,6.76,6.71,6.87,7.02,7.17,7.0,6.81,7.78,7.11,69.9,1.0,2.0,1.0,1.0,0.0,77.2,3.1,53.4,52.6,1.0,0,Core,1
32150,5.26,5.34,5.88,6.44,5.75,6.36,5.93,6.1,5.98,66.5,1.0,2.0,1.0,1.0,0.0,74.3,3.0,56.3,54.9,1.0,0,Core,0
48832,6.24,6.69,7.0,6.95,7.33,7.06,7.17,6.89,6.9,74.8,0.0,1.0,2.0,2.0,0.0,68.9,2.4,38.4,53.8,1.0,0,Core,0
21258,5.56,5.38,5.2,4.35,5.26,4.97,5.09,5.69,4.98,88.1,1.0,4.0,3.0,2.0,1.0,90.0,3.6,64.2,75.3,1.0,0,Core,1
43773,8.49,8.17,7.83,8.15,7.94,8.37,7.98,8.57,8.24,72.9,1.0,1.0,2.0,1.0,0.0,76.6,2.2,71.6,49.3,0.0,0,Core,1
42847,7.43,7.66,7.3,7.67,7.48,7.75,7.43,8.06,4.08,50.99390803,1.0,2.0,1.0,2.0,0.0,31.3,2.9,1.7,52.1,0.0,0,Border,0
32749,5.71,5.66,5.58,6.05,5.62,5.87,5.8,5.73,5.72,92.0,0.0,2.0,2.0,1.0,0.0,65.2,3.7,56.0,54.0,0.0,0,Core,0
34536,7.03,7.21,6.89,6.88,6.74,6.81,6.6,6.82,6.93,61.8,0.0,0.0,1.0,0.0,0.0,44.2,2.1,31.2,26.9,1.0,0,Core,0
31921,9.13,9.37,8.69,9.46,9.16,9.61,9.43,9.88,9.57,82.6,2.0,3.0,3.0,5.0,2.0,78.7,4.4,76.8,60.6,1.0,0,Core,1
34537,10.0,10.0,10.0,9.52,10.0,10.0,10.0,10.0,9.9,89.5,2.0,3.0,3.0,4.0,1.0,78.6,4.9,85.9,75.0,1.0,0,Core,1
9074,5.11,6.3,5.73,5.52,5.82,5.94,6.11,5.53,5.69,57.2,0.0,2.0,1.0,2.0,1.0,72.8,3.2,57.5,54.9,0.0,0,Core,0
2339,7.53,8.02,7.57,7.48,7.92,7.51,8.15,8.02,7.76,91.2,1.0,3.0,4.0,4.0,3.0,81.1,4.3,75.8,71.3,1.0,0,Core,1
17027,4.85,4.88,4.79,4.57,5.42,5.0,5.03,4.89,4.89,63.6,0.0,1.0,2.0,0.0,0.0,69.6,1.2,28.8,27.3,0.0,0,Core,0
20215,7.03,6.61,6.8,6.6,7.2,6.39,6.46,6.62,6.6,58.4,0.0,0.0,1.0,0.0,0.0,43.4,2.1,24.3,30.1,1.0,0,Core,0
10993,6.46,6.69,5.69,5.92,5.76,5.47,5.97,5.98,5.89,65.8,0.0,1.0,1.0,0.0,0.0,69.6,1.3,23.7,27.4,0.0,0,Core,0
16340,6.91,7.31,7.38,7.78,7.42,6.78,7.38,7.08,7.31,82.5,1.0,3.0,2.0,1.0,1.0,61.7,3.3,55.3,55.8,1.0,0,Core,1
49127,9.56,9.15,8.59,8.04,9.0,9.18,8.94,9.27,9.14,82.3,1.0,3.0,3.0,3.0,1.0,81.2,3.6,75.3,72.6,1.0,0,Core,1
42628,5.56,6.18,5.98,5.81,6.09,6.02,5.96,6.04,5.74,58.0,1.0,2.0,2.0,2.0,1.0,79.1,2.5,63.7,48.9,1.0,0,Core,0
43377,6.41,5.89,5.72,5.99,5.81,5.99,6.07,6.0,6.04,70.6,1.0,1.0,2.0,2.0,1.0,59.8,3.1,50.5,54.8,1.0,0,Core,0
7271,7.22,7.04,7.25,7.27,7.49,7.88,7.37,7.67,7.26,80.3,2.0,3.0,3.0,2.0,2.0,90.5,3.9,86.3,77.8,0.0,0,Core,1
26458,7.87,8.43,8.53,8.64,8.58,8.61,8.19,8.46,8.39,90.2,3.0,3.0,3.0,3.0,0.0,88.1,3.4,75.0,82.0,1.0,0,Core,1
16282,5.96,6.55,6.35,6.46,6.77,6.27,6.77,6.47,6.51,79.1,1.0,1.0,1.0,2.0,1.0,71.0,3.1,50.1,44.1,1.0,0,Core,0
8727,5.08,5.74,5.34,5.2,5.97,5.12,5.57,5.24,5.37,71.7,1.0,2.0,2.0,2.0,1.0,79.7,2.9,68.2,49.4,1.0,0,Core,1
24193,7.79,7.79,7.2,7.76,7.81,7.89,7.93,7.69,7.81,70.9,1.0,3.0,1.0,1.0,0.0,69.6,3.3,60.6,52.3,0.0,0,Core,1
29728,7.11,7.4,7.44,7.73,7.42,6.84,7.23,7.49,7.29,72.5,3.0,4.0,2.0,3.0,0.0,87.2,3.5,78.1,54.9,1.0,0,Core,1
1567,6.35,6.35,6.51,5.81,6.44,6.19,6.17,6.14,6.4,73.2,1.0,2.0,2.0,2.0,1.0,70.7,2.7,54.9,55.7,1.0,0,Core,1
43977,7.24,7.25,7.44,7.59,6.85,7.25,7.2,7.65,7.28,60.0,1.0,3.0,2.0,1.0,1.0,62.6,2.1,67.0,63.3,1.0,0,Core,1
11754,8.12,8.56,8.82,8.53,8.64,9.15,9.13,8.69,8.65,87.5,2.0,3.0,2.0,3.0,2.0,77.3,3.3,76.9,87.4,0.0,0,Core,1
37023,5.33,5.7,5.65,5.78,6.02,5.83,6.18,5.61,5.98,97.1,1.0,2.0,1.0,1.0,1.0,80.0,2.1,57.8,38.3,0.0,0,Core,0
34921,7.21,7.09,7.54,7.5,7.44,7.79,8.07,8.08,7.58,87.6,1.0,3.0,4.0,3.0,1.0,93.8,4.9,82.0,67.3,0.0,0,Core,1
13366,8.22,7.97,7.78,7.59,7.77,7.31,7.86,7.63,7.78,68.6,1.0,1.0,1.0,1.0,0.0,69.0,2.8,52.4,54.5,0.0,0,Core,1
37399,7.57,7.34,7.64,7.14,8.11,8.09,7.49,7.95,7.52,84.2,2.0,3.0,2.0,3.0,1.0,96.7,4.3,76.4,79.9,1.0,0,Core,1
36169,5.6,4.65,5.41,4.85,5.17,5.41,5.49,5.08,5.23,71.6,0.0,2.0,1.0,1.0,0.0,66.9,2.5,56.4,54.9,0.0,0,Core,0
12426,7.64,7.47,6.86,6.74,7.12,7.12,6.97,7.1,7.24,54.5,1.0,1.0,0.0,1.0,0.0,48.0,2.7,26.5,33.7,1.0,0,Core,0
645,7.28,8.21,7.14,7.6,7.86,8.11,8.08,7.87,7.73,86.0,1.0,4.0,2.0,4.0,1.0,86.6,4.7,84.5,64.2,0.0,0,Core,1
1040,9.73,9.85,9.22,9.56,9.68,9.87,9.85,10.0,9.76,83.1,2.0,4.0,2.0,2.0,3.0,82.5,3.2,74.2,76.7,0.0,0,Core,1
28077,9.36,9.01,9.51,9.23,9.48,9.59,9.21,9.61,9.5,83.9,1.0,5.0,2.0,4.0,2.0,85.2,3.7,85.3,82.4,1.0,0,Core,1
11215,6.98,6.15,6.29,5.43,5.8,6.14,5.83,5.65,5.99,58.5,0.0,1.0,1.0,0.0,1.0,54.8,1.1,32.3,30.4,1.0,0,Core,0
333,7.62,6.76,7.06,7.35,7.47,7.56,7.38,6.63,7.4,96.6,1.0,4.0,2.0,2.0,1.0,82.1,4.6,77.0,72.0,1.0,0,Core,1
6484,9.81,10.0,10.0,9.48,10.0,10.0,10.0,10.0,9.96,85.8,2.0,3.0,3.0,4.0,1.0,82.7,3.6,64.9,54.0,1.0,0,Core,1
45639,8.6,8.73,8.91,9.1,8.79,8.8,9.29,9.47,9.04,82.4,2.0,4.0,2.0,2.0,2.0,68.8,4.2,81.0,69.3,1.0,0,Core,1
32733,6.28,6.7,6.5,6.63,7.04,7.11,6.32,7.06,6.7,66.6,0.0,3.0,1.0,2.0,0.0,60.8,3.7,57.6,61.4,0.0,0,Core,1
8179,7.63,7.45,7.88,7.32,7.9,8.02,7.98,7.64,7.67,72.1,2.0,4.0,2.0,3.0,1.0,77.2,3.7,78.5,78.2,1.0,0,Core,1
16759,4.17,4.13,4.45,4.18,4.61,4.27,4.31,4.42,4.26,82.0,0.0,2.0,3.0,1.0,1.0,67.2,2.2,57.1,47.9,1.0,0,Core,0
47722,5.15,4.48,5.22,4.48,4.4,5.09,4.16,4.05,4.51,64.5,1.0,1.0,0.0,0.0,0.0,54.5,2.8,24.4,27.6,0.0,0,Core,0
33288,8.73,8.33,8.28,8.32,8.65,8.9,9.03,8.46,8.64,90.4,1.0,3.0,2.0,3.0,2.0,88.8,3.2,72.6,82.2,1.0,0,Core,1
45683,6.43,6.24,6.46,6.17,6.58,6.6,6.46,6.52,6.5,80.9,1.0,2.0,1.0,1.0,1.0,80.3,3.2,51.3,50.9,0.0,0,Core,1
47934,8.47,8.43,7.84,7.89,7.33,8.33,8.45,8.51,8.19,75.0,1.0,2.0,2.0,2.0,1.0,53.1,1.9,55.4,52.3,0.0,0,Core,1
35573,9.18,9.71,9.35,9.4,9.27,9.58,10.0,9.94,9.78,70.8,2.0,5.0,4.0,2.0,1.0,92.5,2.7,93.6,82.3,0.0,0,Core,1
28810,4.72,4.67,4.85,4.95,4.58,4.12,5.03,4.42,4.78,77.3,0.0,1.0,0.0,1.0,0.0,49.5,2.2,30.9,36.6,1.0,0,Core,0
20362,8.59,8.88,8.31,7.94,8.24,8.41,8.03,8.77,8.49,75.9,1.0,3.0,2.0,2.0,1.0,88.7,5.0,95.2,76.9,1.0,0,Core,1
4450,8.28,7.13,7.49,7.5,7.54,7.79,6.97,7.46,7.45,76.6,1.0,3.0,2.0,1.0,0.0,63.9,3.7,61.1,54.7,0.0,0,Core,1
47535,6.99,7.0,6.72,7.23,7.16,7.42,7.0,7.08,6.99,82.7,1.0,3.0,3.0,5.0,2.0,93.3,4.1,92.8,54.9,0.0,0,Core,1
18204,4.73,4.17,4.65,4.0,4.69,4.97,4.55,4.09,4.42,62.2,0.0,0.0,1.0,1.0,1.0,41.6,2.2,26.0,29.9,0.0,0,Core,0
18727,8.04,8.25,7.94,7.99,8.27,8.55,8.38,8.38,8.29,89.9,2.0,3.0,3.0,3.0,1.0,81.9,4.2,82.8,74.0,1.0,0,Core,1
28132,8.11,9.09,8.71,8.65,8.71,9.13,8.43,8.97,8.59,85.2,3.0,2.0,2.0,4.0,1.0,68.7,4.0,57.6,63.6,1.0,0,Core,1
12916,6.44,7.33,6.7,6.83,7.56,7.51,7.39,7.39,7.02,63.1,0.0,2.0,2.0,2.0,1.0,68.9,3.9,50.1,49.4,0.0,0,Core,1
46304,4.85,4.59,4.8,4.68,4.32,4.6,4.7,4.59,4.69,65.7,0.0,0.0,0.0,0.0,0.0,44.6,2.2,24.5,54.9,0.0,0,Core,0
39062,9.33,9.5,9.59,9.65,9.07,9.28,9.65,9.41,9.5,64.0,0.0,1.0,2.0,2.0,1.0,71.6,3.3,59.1,56.1,0.0,0,Core,1
15510,7.05,7.24,7.2,7.01,6.78,7.09,7.1,7.53,7.12,90.4,2.0,3.0,3.0,3.0,1.0,80.6,4.1,87.8,94.6,1.0,0,Core,1
16422,10.0,10.0,9.79,10.0,10.0,10.0,10.0,10.0,9.79,95.2,2.0,4.0,3.0,2.0,1.0,84.3,3.6,75.3,73.0,1.0,0,Core,1
2575,7.58,7.26,7.5,7.31,7.22,8.09,7.62,7.32,7.41,80.6,1.0,3.0,3.0,3.0,2.0,79.6,4.7,72.5,68.1,1.0,0,Core,1
38351,10.0,10.0,9.94,10.0,10.0,10.0,10.0,10.0,9.9,87.9,2.0,5.0,3.0,4.0,2.0,96.7,2.8,75.8,54.9,1.0,0,Core,1
34003,6.69,7.33,6.47,6.66,7.1,6.44,7.18,6.31,6.93,76.1,1.0,2.0,2.0,1.0,0.0,60.4,3.2,63.5,44.1,0.0,0,Core,1
10601,8.18,8.86,8.57,9.03,8.95,8.36,8.75,8.41,8.52,95.9,2.0,4.0,3.0,3.0,2.0,87.7,2.1,82.1,85.4,0.0,0,Core,1
6937,8.76,8.61,8.71,8.45,8.99,9.52,8.83,9.2,8.69,89.4,1.0,3.0,2.0,1.0,1.0,84.2,5.0,90.4,75.8,1.0,0,Core,1
34097,4.51,4.06,4.33,4.04,4.32,4.18,4.42,4.19,4.3,67.2,0.0,0.0,1.0,1.0,0.0,49.2,2.1,32.3,34.2,0.0,0,Core,0
38823,4.0,4.1,4.0,4.0,4.24,4.0,4.0,4.26,4.26,67.9,0.0,1.0,1.0,0.0,0.0,69.6,2.4,27.1,34.1,0.0,0,Core,0
30889,5.57,5.31,4.81,6.09,5.75,5.54,5.73,5.92,5.51,83.0,1.0,2.0,2.0,2.0,1.0,59.2,2.3,49.0,59.4,0.0,0,Core,0
1499,6.65,6.43,6.44,7.13,7.04,6.83,6.98,6.76,6.67,69.3,1.0,2.0,2.0,1.0,1.0,60.7,3.1,50.2,54.9,0.0,0,Core,1
29446,7.67,7.58,7.88,8.03,8.22,8.12,8.42,8.74,8.05,86.9,2.0,3.0,4.0,4.0,1.0,69.6,4.1,77.8,68.3,1.0,0,Core,1
29518,6.27,6.83,6.06,6.45,6.49,6.75,6.69,6.87,6.46,91.9,2.0,2.0,2.0,4.0,1.0,88.6,4.8,89.9,79.2,1.0,0,Core,1
32132,7.51,7.8,7.15,7.49,7.84,7.63,8.0,8.0,7.61,72.7,1.0,2.0,2.0,2.0,1.0,75.1,2.9,63.6,34.5,1.0,0,Core,1
31915,7.51,7.41,7.72,7.19,7.33,7.22,7.7,7.26,7.51,64.5,1.0,2.0,2.0,2.0,0.0,67.2,3.5,57.2,52.3,1.0,0,Core,1
20538,6.85,7.31,7.06,7.57,7.63,7.28,7.33,7.4,7.26,91.8,2.0,4.0,3.0,3.0,2.0,72.2,3.2,57.6,69.8,1.0,0,Core,1
31680,8.6,8.37,8.32,8.32,8.57,9.53,8.54,8.76,8.73,69.9,1.0,3.0,2.0,1.0,0.0,76.4,3.8,54.9,54.9,0.0,0,Core,1
28407,5.42,5.91,5.76,5.28,5.55,5.19,5.48,5.59,5.65,63.3,0.0,0.0,0.0,1.0,0.0,57.3,1.3,27.5,31.3,0.0,0,Core,0
49271,6.59,6.29,6.36,6.46,5.81,6.23,6.14,6.43,6.18,84.6,1.0,1.0,1.0,2.0,1.0,70.6,2.4,59.7,49.8,0.0,0,Core,0
47069,7.27,7.5,7.18,7.39,7.61,7.38,6.97,7.7,7.36,94.0,1.0,3.0,2.0,3.0,0.0,99.1,5.0,57.6,62.5,1.0,0,Core,1
28692,8.74,8.65,9.07,8.96,9.64,8.68,8.74,9.08,8.94,73.6,3.0,5.0,2.0,4.0,0.0,81.8,5.0,63.2,68.8,1.0,0,Core,1
48330,7.14,7.34,6.99,6.46,6.92,6.92,6.62,6.67,7.0,74.0,1.0,2.0,2.0,2.0,0.0,74.1,3.2,57.6,51.8,0.0,0,Core,0
41821,6.34,6.24,5.75,5.93,6.56,5.94,6.03,5.63,5.94,86.0,1.0,2.0,1.0,2.0,0.0,59.7,3.0,51.7,53.5,0.0,0,Core,1
13535,4.2,4.91,4.37,4.84,4.23,4.88,4.58,4.86,4.6,94.6,1.0,1.0,1.0,2.0,1.0,56.3,2.7,65.3,57.6,0.0,0,Core,0
35459,8.92,8.78,8.85,8.99,8.69,8.95,8.64,8.89,9.05,73.2,3.0,3.0,3.0,5.0,1.0,83.0,4.1,74.2,76.7,0.0,0,Core,1
4860,6.04,5.84,5.3,5.69,5.49,5.85,4.93,5.73,5.64,70.1,1.0,1.0,0.0,1.0,0.0,49.6,2.5,24.0,26.6,0.0,0,Core,0
30932,6.82,7.6,7.29,7.24,6.64,7.02,6.79,6.81,6.92,70.8,1.0,2.0,2.0,2.0,0.0,70.8,2.0,62.3,61.2,0.0,0,Core,1
14075,8.86,8.3,9.04,8.1,8.58,8.91,8.52,8.82,8.61,77.5,3.0,3.0,3.0,3.0,2.0,70.3,4.0,73.9,71.2,0.0,0,Core,1
39012,4.03,4.04,4.48,4.0,4.19,5.35,4.75,4.45,4.42,63.2,1.0,1.0,2.0,1.0,1.0,56.0,2.8,55.0,51.1,0.0,0,Core,0
15445,7.57,7.25,6.54,7.44,7.06,7.16,7.75,7.43,7.53,73.5,1.0,2.0,2.0,2.0,1.0,65.9,2.2,44.4,54.9,1.0,0,Core,0
42645,8.38,8.63,8.45,8.32,8.35,8.5,8.39,7.83,8.36,82.6,1.0,2.0,2.0,1.0,1.0,67.5,3.4,46.1,52.3,0.0,0,Core,1
42825,6.71,7.67,6.64,6.87,7.37,7.09,7.39,7.39,7.27,91.1,2.0,4.0,2.0,3.0,1.0,90.8,4.5,88.1,69.4,1.0,0,Core,1
485,8.85,9.23,9.12,8.86,8.04,9.06,9.14,8.56,8.85,83.7,0.0,2.0,2.0,2.0,0.0,71.3,2.6,48.8,53.7,0.0,0,Core,1
40140,4.0,4.21,4.21,4.0,4.31,4.0,4.1,4.0,4.08,67.8,1.0,1.0,0.0,1.0,0.0,44.3,2.5,29.6,30.3,0.0,0,Core,0
35249,7.16,6.82,6.68,6.58,7.38,7.06,6.61,6.9,6.97,73.6,1.0,2.0,2.0,3.0,1.0,66.4,3.6,54.9,54.0,0.0,0,Core,1
47553,6.44,6.55,6.2,5.78,6.12,5.53,6.0,5.94,5.9,52.8,1.0,0.0,2.0,0.0,0.0,42.9,1.5,32.4,27.4,0.0,0,Core,0
35752,6.84,6.94,7.26,7.51,7.53,6.95,7.2,7.59,7.14,79.9,0.0,2.0,3.0,2.0,1.0,74.8,1.6,55.5,44.6,1.0,0,Core,0
31135,7.72,7.7,7.87,8.07,7.98,7.95,7.57,7.99,7.95,84.0,1.0,2.0,1.0,2.0,0.0,71.5,3.6,57.4,62.2,0.0,0,Core,1
19233,8.42,7.96,8.17,8.57,8.97,8.53,8.5,8.31,8.38,82.0,2.0,3.0,3.0,2.0,2.0,82.3,4.3,63.3,90.6,1.0,0,Core,1
14476,6.7,6.45,6.49,7.15,6.79,7.32,6.27,6.99,6.83,75.1,1.0,1.0,2.0,3.0,0.0,66.7,2.7,51.7,51.4,0.0,0,Core,0
29801,7.21,7.12,7.36,7.25,7.47,6.43,7.2,6.82,6.92,83.2,1.0,2.0,2.0,1.0,1.0,54.2,2.4,53.1,55.6,1.0,0,Core,0
31802,7.09,7.47,7.2,7.55,7.39,7.26,7.39,7.54,7.39,68.0,1.0,2.0,1.0,2.0,1.0,62.6,2.9,47.1,45.5,1.0,0,Core,1
24676,8.28,8.27,7.95,7.94,7.72,8.1,8.3,8.33,8.15,80.8,2.0,2.0,2.0,1.0,0.0,64.2,3.2,46.0,46.9,1.0,0,Core,1
5237,7.32,7.43,7.52,7.35,7.55,7.54,7.73,7.8,7.55,100.0,1.0,3.0,2.0,2.0,0.0,69.6,2.7,65.9,39.1,1.0,0,Core,1
28202,7.37,7.09,7.39,7.21,6.83,7.03,6.59,7.23,7.29,77.6,0.0,2.0,2.0,2.0,0.0,80.4,3.3,58.0,47.8,0.0,0,Core,1
8043,5.82,5.31,6.05,6.62,5.98,6.37,6.27,6.01,6.23,94.7,1.0,3.0,3.0,4.0,1.0,87.7,4.1,82.7,54.9,1.0,0,Core,1
3768,6.9,6.77,7.21,7.07,6.84,7.16,7.27,6.89,6.97,77.1,1.0,0.0,1.0,1.0,0.0,65.4,3.8,48.5,52.8,1.0,0,Core,0
31210,7.45,7.88,8.11,7.22,7.85,8.15,7.32,8.03,7.72,86.5,1.0,2.0,2.0,1.0,1.0,72.7,3.0,54.5,45.8,1.0,0,Core,1
22330,6.91,6.87,7.14,6.8,6.55,6.78,6.72,6.78,6.68,55.1,0.0,0.0,1.0,1.0,0.0,46.1,3.2,31.1,28.6,0.0,0,Core,0
37278,8.83,9.36,8.63,9.32,9.2,8.93,9.45,9.48,9.4,71.4,1.0,3.0,2.0,4.0,2.0,94.1,3.3,81.2,78.7,1.0,0,Core,1
29833,9.06,9.19,9.57,9.5,9.45,9.47,9.75,9.71,9.32,100.0,2.0,3.0,3.0,2.0,1.0,65.8,5.0,57.6,79.7,0.0,0,Core,1
7525,7.22,7.03,7.13,6.82,7.42,7.15,7.23,6.81,7.19,79.0,2.0,2.0,2.0,1.0,0.0,74.7,2.7,48.4,53.6,1.0,0,Core,1
6808,6.88,6.5,7.13,6.75,7.09,6.91,6.71,7.59,6.84,72.0,0.0,2.0,1.0,1.0,1.0,65.9,3.2,49.8,47.4,0.0,0,Core,1
11099,8.05,8.17,8.06,8.18,8.0,8.11,8.92,8.07,8.4,80.1,1.0,0.0,1.0,1.0,1.0,69.3,2.8,59.0,57.0,1.0,0,Core,1
4730,9.14,10.0,10.0,9.77,10.0,9.68,10.0,10.0,9.71,71.6,1.0,2.0,3.0,4.0,1.0,88.8,5.0,81.8,63.7,1.0,0,Core,1
6770,7.94,8.53,8.66,8.09,8.23,9.05,8.97,8.55,8.36,96.8,1.0,3.0,2.0,3.0,1.0,69.6,3.9,81.9,67.5,0.0,0,Core,1
23258,8.95,9.5,9.55,9.74,9.65,9.21,9.4,9.77,9.58,79.2,1.0,3.0,3.0,3.0,2.0,88.9,2.6,88.5,62.8,1.0,0,Core,1
9554,7.42,7.73,8.13,8.3,7.55,8.46,8.56,8.07,8.02,81.7,0.0,2.0,2.0,1.0,1.0,68.3,4.0,64.5,54.9,0.0,0,Core,1
11911,4.0,4.62,4.0,4.0,4.0,4.24,4.0,4.0,4.11,67.4,0.0,1.0,0.0,1.0,0.0,45.3,1.3,33.8,25.6,0.0,0,Core,0
25134,7.25,7.34,6.75,7.32,7.18,7.43,7.13,7.08,7.04,70.0,1.0,2.0,2.0,2.0,1.0,78.9,3.6,46.9,50.8,1.0,0,Core,1
19367,5.43,5.61,5.24,5.17,5.56,5.16,5.41,5.21,5.32,62.3,0.0,1.0,0.0,1.0,0.0,47.6,1.9,33.4,41.6,0.0,0,Core,0
16003,8.12,7.79,7.86,6.78,7.78,7.13,7.26,7.37,4.13,53.85241211,1.0,2.0,2.0,1.0,1.0,36.0,2.4,6.5,60.8,1.0,0,Border,1
1645,7.13,6.98,7.22,6.85,7.5,7.08,7.85,7.56,7.19,78.3,1.0,2.0,2.0,3.0,1.0,100.0,4.0,88.1,70.6,0.0,0,Core,1
45781,8.76,9.43,8.81,9.12,9.28,8.71,9.46,9.64,9.11,88.5,2.0,4.0,3.0,3.0,1.0,88.1,4.0,70.4,67.4,1.0,0,Core,1
20135,10.0,9.88,10.0,9.86,10.0,10.0,9.98,10.0,10.0,89.9,1.0,3.0,3.0,3.0,1.0,69.6,3.4,80.1,68.4,1.0,0,Core,1
28822,4.35,4.34,4.29,4.42,4.9,4.0,4.0,4.09,4.19,66.5,0.0,1.0,1.0,1.0,0.0,47.0,2.5,18.8,23.0,0.0,0,Core,0
27637,9.17,9.53,9.62,9.55,9.43,9.6,9.5,10.0,9.62,80.7,3.0,4.0,4.0,4.0,2.0,87.8,4.0,80.7,67.6,1.0,0,Core,1
40658,4.0,4.0,4.0,4.0,4.0,4.0,4.0,4.0,4.1,57.6,1.0,1.0,0.0,0.0,0.0,69.6,1.8,30.1,33.3,0.0,0,Core,0
3280,7.96,8.31,8.06,9.09,8.61,8.39,8.11,8.78,8.46,54.4,1.0,1.0,2.0,2.0,1.0,67.5,2.1,55.3,47.7,0.0,0,Core,1
43954,5.41,5.48,5.77,5.55,5.75,5.81,5.36,5.49,5.67,71.1,1.0,2.0,1.0,1.0,1.0,69.6,3.2,57.6,41.6,0.0,0,Core,0
39538,9.2,9.55,9.5,9.14,9.53,9.33,9.46,9.55,9.45,74.6,2.0,1.0,2.0,1.0,0.0,71.5,2.6,50.2,54.2,1.0,0,Core,1
44981,9.28,9.11,9.01,9.08,8.76,9.1,9.04,8.7,8.94,84.6,1.0,2.0,2.0,2.0,0.0,58.1,3.3,49.9,58.4,0.0,0,Core,1
22666,8.7,9.34,9.73,9.67,9.18,9.29,9.26,9.7,9.48,83.2,2.0,4.0,2.0,4.0,1.0,83.5,4.3,85.8,69.2,1.0,0,Core,1
8249,5.55,6.03,5.41,5.96,5.75,5.51,6.15,5.88,5.71,78.6,0.0,1.0,0.0,0.0,0.0,69.6,2.6,32.3,23.7,0.0,0,Core,0
16167,7.07,7.02,7.07,6.98,6.97,6.89,7.41,7.72,7.04,60.5,1.0,2.0,2.0,2.0,0.0,62.2,3.7,54.0,44.5,0.0,0,Core,1
31709,7.92,7.03,7.45,7.22,7.6,7.55,7.72,7.27,7.37,84.2,0.0,2.0,1.0,2.0,1.0,80.4,2.6,54.2,42.7,1.0,0,Core,0
37418,4.68,5.13,4.55,4.14,4.74,4.75,5.37,4.92,4.7,82.7,1.0,1.0,1.0,2.0,1.0,57.9,2.6,53.9,56.9,0.0,0,Core,0
38543,5.81,6.24,6.09,5.8,5.6,5.63,5.4,5.27,5.77,69.0,0.0,0.0,0.0,0.0,0.0,48.2,2.2,57.6,34.8,0.0,0,Core,0
38706,6.91,6.77,7.17,6.76,6.56,6.86,6.45,6.92,6.93,75.2,1.0,3.0,2.0,1.0,0.0,81.7,2.7,55.8,61.3,0.0,0,Core,1
40565,5.86,6.33,6.03,6.21,5.95,6.5,5.91,6.43,6.06,78.1,0.0,2.0,2.0,2.0,0.0,73.0,3.8,60.2,45.3,1.0,0,Core,0
26085,6.17,6.71,6.43,6.74,6.22,6.93,6.79,6.65,6.5,69.9,0.0,1.0,2.0,2.0,0.0,65.0,3.1,56.4,56.6,0.0,0,Core,0
17005,7.19,7.11,7.25,6.71,7.53,6.46,7.27,6.66,7.07,58.1,0.0,1.0,0.0,1.0,0.0,47.4,3.2,29.1,26.8,0.0,0,Core,0
42437,7.57,7.32,7.91,7.96,7.7,8.34,8.03,7.83,7.88,59.8,1.0,2.0,2.0,1.0,0.0,73.8,3.2,57.4,49.7,0.0,0,Core,1
6706,5.46,5.62,5.99,5.21,5.67,5.97,5.68,5.8,5.51,70.0,1.0,1.0,0.0,1.0,0.0,44.3,1.9,24.8,28.2,0.0,0,Core,0
10173,7.1,6.29,6.96,7.1,6.66,6.8,7.06,6.51,6.64,77.3,1.0,1.0,3.0,1.0,0.0,53.3,4.0,57.5,49.5,1.0,0,Core,0
22086,7.9,7.63,7.83,8.49,7.92,8.19,8.66,7.41,7.87,78.2,1.0,3.0,2.0,2.0,1.0,74.3,2.4,56.1,54.1,0.0,0,Core,1
48744,7.87,8.47,7.39,8.58,8.15,8.23,7.91,7.97,7.98,84.7,3.0,3.0,4.0,2.0,2.0,83.8,3.9,77.3,63.1,1.0,0,Core,1
5153,6.36,6.54,6.07,6.37,6.38,5.79,6.57,6.21,6.17,52.7,0.0,1.0,1.0,0.0,0.0,48.4,3.1,25.9,35.3,0.0,0,Core,0
13060,9.96,10.0,9.95,10.0,9.45,9.91,10.0,10.0,10.0,88.6,2.0,3.0,4.0,3.0,2.0,64.9,5.0,73.0,80.1,1.0,0,Core,1
17722,7.3,7.18,7.79,7.2,8.3,7.81,7.39,7.24,7.67,94.9,1.0,4.0,2.0,4.0,1.0,93.6,3.5,73.1,70.8,0.0,0,Core,1
42214,5.3,4.99,5.05,5.06,4.95,4.4,5.04,4.97,5.03,50.0,0.0,1.0,0.0,0.0,0.0,69.6,1.3,30.0,30.4,0.0,0,Core,0
24802,5.2,4.97,4.98,4.44,4.55,4.71,4.99,4.22,4.82,60.2,0.0,0.0,1.0,0.0,0.0,43.2,2.1,31.6,34.1,0.0,0,Core,0
20156,9.09,8.91,8.73,8.9,8.47,8.88,8.97,9.04,8.87,82.9,3.0,2.0,3.0,2.0,2.0,79.5,4.3,67.8,54.9,1.0,0,Core,1
5147,7.47,7.92,8.12,7.96,7.92,8.0,7.77,8.2,8.0,84.9,1.0,2.0,2.0,1.0,0.0,57.9,3.9,46.7,46.4,1.0,0,Core,1
32730,6.15,6.58,6.17,6.17,6.4,6.68,6.75,6.59,6.44,96.9,1.0,4.0,2.0,4.0,1.0,82.5,4.3,82.3,63.2,1.0,0,Core,1
49253,9.09,8.92,9.39,9.73,9.27,9.0,8.85,9.35,9.06,95.6,2.0,4.0,3.0,3.0,1.0,86.4,3.5,80.3,66.9,1.0,0,Core,1
49477,6.26,5.91,6.39,6.38,6.46,6.69,6.13,6.23,6.24,73.0,1.0,2.0,1.0,1.0,0.0,67.0,2.9,62.0,57.4,1.0,0,Core,1
39443,5.72,5.2,5.72,5.92,5.74,6.53,5.87,5.7,5.78,71.6,1.0,2.0,1.0,2.0,0.0,70.4,3.4,57.3,56.5,1.0,0,Core,0
43121,8.31,7.82,8.26,7.7,8.6,8.39,8.44,8.73,8.2,86.2,2.0,2.0,2.0,3.0,1.0,74.3,3.5,57.6,84.2,0.0,0,Core,1
18577,8.26,8.16,8.05,8.18,8.5,8.17,8.24,8.44,8.42,77.9,1.0,2.0,2.0,1.0,0.0,71.3,3.2,48.0,38.6,1.0,0,Core,1
41585,8.95,9.05,9.3,8.31,9.31,8.9,9.23,9.08,9.12,87.9,2.0,3.0,3.0,2.0,1.0,91.6,4.3,64.0,74.1,1.0,0,Core,1
35109,4.0,4.51,4.22,4.48,4.0,4.21,4.02,4.05,4.16,64.6,1.0,1.0,2.0,0.0,0.0,50.7,2.1,34.0,33.8,0.0,0,Core,0
36718,4.23,4.0,4.0,4.0,4.05,4.0,4.0,4.0,4.0,66.1,1.0,0.0,0.0,0.0,0.0,50.0,1.5,25.4,54.9,0.0,0,Core,0
20617,8.06,8.18,8.22,8.31,8.32,7.97,8.09,8.55,8.12,71.0,2.0,3.0,2.0,3.0,2.0,82.3,3.6,67.8,66.8,1.0,0,Core,1
17769,7.17,6.45,6.57,7.23,7.38,7.51,7.2,7.43,7.11,87.2,1.0,2.0,1.0,2.0,0.0,60.5,2.9,58.7,57.7,1.0,0,Core,1
16398,4.56,4.55,4.84,4.67,4.38,4.17,4.6,4.02,4.47,53.4,0.0,1.0,0.0,1.0,0.0,44.0,2.6,32.7,29.2,0.0,0,Core,0
1233,8.96,9.04,8.81,9.18,8.9,9.02,9.5,9.46,9.1,99.6,2.0,3.0,3.0,3.0,2.0,73.6,4.0,68.9,87.6,1.0,0,Core,1
40280,7.8,7.95,7.58,7.54,7.68,8.17,8.57,7.88,8.06,78.2,2.0,3.0,3.0,3.0,2.0,80.5,3.2,76.1,65.5,0.0,0,Core,1
11070,5.74,5.72,5.83,5.82,5.25,5.69,5.98,5.49,5.6,68.2,1.0,2.0,1.0,3.0,0.0,65.6,3.3,50.5,37.6,0.0,0,Core,0
32394,6.12,6.78,6.23,6.0,6.42,5.76,5.65,5.65,5.96,72.8,1.0,3.0,1.0,1.0,0.0,74.0,2.9,57.6,57.7,0.0,0,Core,1
9431,6.71,6.09,5.93,6.32,5.89,6.2,5.4,5.38,5.96,64.6,0.0,0.0,0.0,1.0,0.0,48.4,1.8,29.6,31.5,0.0,0,Core,0
17864,5.79,6.18,5.31,5.74,6.15,6.02,5.75,5.8,5.66,98.5,2.0,2.0,3.0,3.0,2.0,94.4,4.2,90.2,72.1,1.0,0,Core,1
34418,9.96,9.79,9.26,10.0,10.0,10.0,9.63,9.89,9.89,71.5,1.0,3.0,3.0,3.0,1.0,86.3,3.8,74.2,68.4,1.0,0,Core,1
44845,5.08,4.69,4.74,4.9,5.07,4.75,4.95,4.89,4.68,71.2,2.0,3.0,2.0,2.0,0.0,70.4,3.2,61.9,51.3,0.0,0,Core,0
27617,8.97,8.91,8.72,8.67,9.1,8.95,9.37,8.9,4.18,52.00096755,2.0,3.0,3.0,4.0,2.0,32.1,3.7,0.5,68.6,1.0,-1,Noise,1
13035,9.09,8.95,9.24,10.0,9.46,9.52,9.28,9.42,9.42,95.0,2.0,2.0,3.0,4.0,1.0,69.6,5.0,75.3,59.8,1.0,0,Core,1
1604,4.8,5.53,4.93,4.98,4.82,5.57,4.94,5.12,5.27,75.6,0.0,2.0,2.0,2.0,0.0,63.5,3.6,54.2,63.8,1.0,0,Core,0
25037,7.18,6.64,6.85,6.64,6.9,7.52,7.02,6.64,6.97,86.5,1.0,3.0,3.0,3.0,1.0,75.3,3.9,57.6,76.4,1.0,0,Core,1
43369,5.96,5.89,5.14,5.09,5.19,5.06,4.81,4.99,5.28,50.0,0.0,1.0,0.0,1.0,0.0,56.3,1.7,27.6,54.9,1.0,0,Core,0
8538,4.48,4.73,4.66,4.74,5.17,4.25,5.18,4.78,4.73,54.4,0.0,1.0,1.0,0.0,0.0,42.2,2.1,30.0,32.2,0.0,0,Core,0
28602,7.77,7.53,7.55,7.41,7.25,7.79,7.88,7.72,7.67,84.9,2.0,5.0,2.0,3.0,1.0,78.3,4.2,79.6,64.3,0.0,0,Core,1
30645,7.24,7.87,7.69,7.38,7.63,7.18,7.2,7.59,7.48,69.8,1.0,1.0,3.0,1.0,1.0,79.3,3.2,53.0,61.6,0.0,0,Core,1
37322,5.21,5.22,5.37,5.63,5.09,5.01,5.98,5.2,5.31,69.0,2.0,2.0,1.0,2.0,1.0,76.0,3.2,51.8,58.3,1.0,0,Core,0
17285,8.76,8.72,8.85,9.0,8.97,8.67,9.2,9.17,8.79,93.0,1.0,4.0,4.0,3.0,2.0,69.6,4.9,84.5,54.9,1.0,0,Core,1
8376,6.97,6.42,6.52,6.76,6.94,6.76,6.19,6.6,6.45,74.4,1.0,1.0,3.0,2.0,0.0,74.4,3.1,58.3,51.8,1.0,0,Core,1
32583,9.18,8.95,8.8,9.26,9.55,9.41,9.37,9.13,9.12,99.9,1.0,3.0,3.0,4.0,1.0,98.3,4.3,70.1,84.5,1.0,0,Core,1
49233,4.26,4.0,4.56,4.63,4.12,4.21,4.16,4.19,4.29,58.0,0.0,1.0,1.0,0.0,0.0,46.1,1.4,31.7,54.9,1.0,0,Core,0
15351,7.61,7.3,7.49,8.24,7.32,7.32,7.72,7.72,7.84,94.2,2.0,4.0,3.0,3.0,2.0,94.0,3.2,65.4,71.8,1.0,0,Core,1
42886,6.58,6.39,6.14,5.85,6.03,5.22,6.23,6.19,6.25,53.1,0.0,1.0,1.0,0.0,0.0,41.8,1.7,29.6,54.9,0.0,0,Core,0
33627,7.56,8.05,8.06,8.22,8.29,8.17,8.29,8.78,8.2,92.3,3.0,3.0,2.0,3.0,1.0,89.8,4.0,85.8,69.3,0.0,0,Core,1
1537,10.0,9.75,10.0,10.0,10.0,10.0,10.0,10.0,9.97,81.5,1.0,2.0,2.0,2.0,1.0,92.3,3.2,91.2,93.1,1.0,0,Core,1
42912,8.34,8.33,8.38,8.55,8.7,8.3,8.99,8.76,8.47,86.8,2.0,2.0,4.0,3.0,1.0,100.0,3.3,100.0,78.5,1.0,0,Core,1
21191,7.99,8.61,9.0,8.87,8.93,8.41,8.4,8.75,8.62,83.5,1.0,4.0,3.0,3.0,2.0,87.4,3.6,81.7,76.3,0.0,0,Core,1
1182,7.85,7.42,7.75,7.92,8.27,7.93,7.72,7.63,7.73,90.1,2.0,4.0,3.0,4.0,1.0,80.6,4.1,73.5,83.5,1.0,0,Core,1
6584,9.19,9.17,9.23,9.34,9.74,9.94,9.58,9.97,9.66,83.2,2.0,4.0,3.0,2.0,1.0,80.8,4.1,90.9,80.0,1.0,0,Core,1
11500,4.37,4.14,4.0,4.01,4.0,4.0,4.0,4.0,4.14,60.7,1.0,1.0,1.0,1.0,0.0,47.7,1.3,21.4,27.1,0.0,0,Core,0
30781,6.58,6.41,6.91,6.26,7.12,6.53,6.44,7.05,6.74,88.7,2.0,4.0,3.0,4.0,1.0,52.4,2.7,69.0,83.4,0.0,0,Core,1
10127,8.74,8.83,9.0,8.51,8.52,8.67,8.73,8.03,8.66,74.9,1.0,2.0,2.0,2.0,0.0,71.6,3.3,61.3,58.8,0.0,0,Core,1
13023,5.17,4.76,4.66,5.36,4.14,4.72,5.03,4.68,4.9,60.6,0.0,1.0,2.0,0.0,0.0,49.1,1.1,25.7,26.6,0.0,0,Core,0
34213,6.4,6.8,7.48,7.56,7.18,6.49,6.82,6.54,6.76,54.3,0.0,1.0,0.0,0.0,0.0,59.0,1.7,36.1,54.9,0.0,0,Core,0
48908,4.02,4.3,4.17,4.52,4.41,4.7,4.02,4.04,4.21,63.5,1.0,0.0,0.0,1.0,0.0,41.0,2.8,23.3,30.1,1.0,0,Core,0
21229,6.09,6.29,6.26,6.71,6.46,5.98,6.18,6.23,6.42,79.2,2.0,2.0,3.0,3.0,2.0,89.3,3.5,84.2,64.9,1.0,0,Core,1
4456,8.21,8.54,8.68,8.68,9.29,8.91,8.82,9.17,8.82,90.7,2.0,4.0,2.0,4.0,1.0,89.4,4.7,81.6,70.2,1.0,0,Core,1
8441,10.0,10.0,10.0,10.0,9.77,10.0,10.0,9.95,10.0,74.9,2.0,3.0,3.0,3.0,2.0,92.3,4.2,67.8,76.4,0.0,0,Core,1
5713,5.78,5.56,5.73,6.34,6.09,5.47,6.41,6.45,6.07,81.3,1.0,2.0,1.0,2.0,0.0,62.4,3.3,71.2,58.1,1.0,0,Core,1
27663,7.1,7.55,7.67,7.08,7.23,7.28,7.12,7.99,7.36,81.6,1.0,1.0,2.0,1.0,1.0,66.5,3.0,57.6,54.9,1.0,0,Core,1
19825,7.88,7.31,7.31,7.39,7.06,7.89,7.88,7.27,7.43,74.6,1.0,2.0,1.0,1.0,0.0,69.6,2.9,58.1,54.9,0.0,0,Core,1
31176,7.77,7.56,7.87,8.5,7.69,7.87,8.17,7.88,7.96,81.8,1.0,4.0,3.0,2.0,1.0,63.4,2.8,81.8,77.8,1.0,0,Core,1
11710,6.97,7.34,6.95,6.88,7.14,6.78,7.52,7.38,7.12,79.9,2.0,2.0,2.0,2.0,0.0,78.8,2.5,63.6,50.3,0.0,0,Core,1
15720,7.71,7.45,7.54,7.98,7.32,7.31,7.36,7.08,7.36,80.9,1.0,2.0,1.0,2.0,0.0,78.8,2.4,55.6,54.3,1.0,0,Core,1
20476,4.8,5.11,5.59,5.32,5.17,5.22,5.26,4.96,5.23,68.8,0.0,0.0,1.0,0.0,0.0,69.6,1.7,28.5,28.7,0.0,0,Core,0
18425,7.07,7.52,7.61,7.69,7.47,7.64,8.54,8.02,7.74,86.3,2.0,3.0,3.0,3.0,1.0,86.1,3.2,80.4,78.9,1.0,0,Core,1
9550,5.44,5.94,6.37,5.47,5.81,5.6,5.95,6.21,6.0,64.6,1.0,1.0,1.0,1.0,0.0,69.6,1.6,20.9,54.9,0.0,0,Core,0
43966,5.39,4.0,4.17,4.43,4.86,4.66,4.32,5.03,4.51,63.3,1.0,0.0,1.0,0.0,0.0,51.5,2.6,23.0,30.3,0.0,0,Core,0
31207,7.84,7.94,7.79,7.96,7.74,8.45,7.91,8.02,8.19,79.1,1.0,4.0,3.0,3.0,2.0,94.0,2.7,73.0,71.9,1.0,0,Core,1
12968,6.97,6.87,6.74,7.42,7.11,6.98,6.69,6.8,6.91,86.1,1.0,2.0,1.0,2.0,0.0,78.9,3.4,56.9,54.9,1.0,0,Core,1
41471,7.27,7.58,7.27,7.37,7.18,7.46,7.1,7.12,7.44,81.8,2.0,3.0,4.0,4.0,1.0,78.0,3.2,70.2,75.5,0.0,0,Core,1
46711,4.9,4.86,4.74,4.51,4.77,4.55,4.38,4.19,4.57,58.4,1.0,0.0,0.0,1.0,0.0,52.2,1.0,24.8,28.6,0.0,0,Core,0
9294,6.03,5.53,5.96,5.54,6.36,5.42,5.98,6.08,5.85,84.8,1.0,1.0,2.0,1.0,1.0,67.9,3.1,55.0,45.8,1.0,0,Core,0
38336,9.5,10.0,9.63,9.68,10.0,9.76,10.0,10.0,9.91,74.2,2.0,4.0,3.0,3.0,2.0,67.8,3.8,73.4,54.9,1.0,0,Core,1
18615,5.4,5.33,5.56,6.16,5.11,6.56,5.83,5.73,5.79,79.4,1.0,3.0,2.0,1.0,1.0,56.4,4.3,57.4,58.6,1.0,0,Core,1
38275,8.05,7.82,7.24,8.01,7.82,8.2,7.71,8.19,8.0,93.3,2.0,4.0,4.0,3.0,1.0,93.3,4.2,87.8,82.8,0.0,0,Core,1
4520,8.71,8.9,8.97,9.02,9.93,9.32,9.59,9.17,9.14,87.7,2.0,3.0,2.0,4.0,2.0,87.5,4.0,90.2,77.6,1.0,0,Core,1
22110,6.63,7.02,7.24,6.89,7.32,7.17,7.21,7.56,7.14,83.7,2.0,2.0,2.0,4.0,2.0,50.0,3.5,82.1,69.9,1.0,0,Core,1
42243,6.9,6.28,6.55,6.66,6.1,6.48,5.62,6.03,6.47,63.5,0.0,1.0,0.0,1.0,0.0,51.1,1.7,24.7,28.6,0.0,0,Core,0
18223,5.59,5.34,6.06,5.55,5.17,5.64,5.76,5.19,5.61,50.2,1.0,1.0,0.0,1.0,0.0,49.6,1.9,57.6,24.1,0.0,0,Core,0
45396,9.59,10.0,10.0,10.0,10.0,9.82,9.92,10.0,9.88,76.7,2.0,4.0,3.0,4.0,1.0,90.9,4.1,79.9,76.7,1.0,0,Core,1
4885,6.83,6.68,6.96,7.34,6.85,7.02,8.12,7.72,7.24,74.4,2.0,3.0,2.0,3.0,1.0,86.3,4.5,96.7,74.2,0.0,0,Core,1
4507,6.67,6.98,6.85,7.0,7.04,6.38,6.82,6.54,9.82,82.7,3.0,5.0,2.0,1.0,1.0,98.6,3.2,98.3,44.9,0.0,0,Border,0
42664,9.52,10.0,10.0,10.0,10.0,10.0,9.95,10.0,10.0,86.6,2.0,3.0,4.0,4.0,2.0,87.4,4.0,79.6,84.6,1.0,0,Core,1
25812,4.09,4.31,4.61,4.08,4.42,4.0,4.59,4.19,4.21,50.0,0.0,1.0,1.0,0.0,0.0,43.9,1.7,23.1,32.1,0.0,0,Core,0
11125,9.56,10.0,9.75,9.42,10.0,10.0,10.0,10.0,9.78,93.6,1.0,3.0,3.0,3.0,2.0,100.0,3.6,84.0,70.8,1.0,0,Core,1
665,10.0,9.74,10.0,9.7,10.0,9.95,10.0,10.0,9.99,78.8,1.0,3.0,2.0,3.0,1.0,71.0,4.1,74.3,80.8,1.0,0,Core,1
19131,7.04,6.98,7.16,7.18,7.55,7.08,7.41,7.48,7.23,89.3,3.0,3.0,2.0,4.0,1.0,74.1,3.1,82.3,90.4,1.0,0,Core,1
40411,6.87,7.18,6.26,6.84,6.79,7.02,7.03,7.14,6.82,70.4,2.0,2.0,2.0,2.0,1.0,56.4,2.5,48.0,57.4,0.0,0,Core,1
18300,7.65,7.14,6.39,7.57,6.83,7.76,7.03,6.63,7.2,82.6,1.0,1.0,2.0,2.0,0.0,70.1,3.7,50.1,51.7,1.0,0,Core,1
6685,7.95,7.43,7.69,7.61,7.79,7.51,7.84,7.95,7.89,80.3,1.0,2.0,2.0,1.0,1.0,71.2,2.5,56.6,45.0,0.0,0,Core,1
502,5.96,5.26,6.15,5.57,6.2,5.6,6.16,6.42,6.16,61.2,1.0,2.0,2.0,2.0,1.0,58.9,4.7,52.3,52.3,0.0,0,Core,1
28099,6.74,6.4,6.75,6.83,7.07,6.78,6.8,6.67,6.58,76.3,0.0,1.0,2.0,2.0,2.0,58.0,2.4,57.6,54.9,1.0,0,Core,0
44872,9.4,9.75,9.85,10.0,9.85,9.84,9.4,10.0,9.81,100.0,2.0,2.0,3.0,4.0,1.0,83.3,4.4,78.9,73.9,0.0,0,Core,1
32651,7.3,6.66,7.2,6.82,7.22,7.07,7.03,7.5,7.11,82.4,2.0,2.0,1.0,1.0,0.0,73.7,3.1,49.6,55.1,1.0,0,Core,1
41289,5.27,5.4,5.62,5.33,5.29,5.4,5.58,5.34,5.22,75.3,0.0,0.0,0.0,0.0,0.0,43.4,2.0,32.2,34.2,1.0,0,Core,0
33571,4.0,4.0,4.0,4.0,4.0,4.0,4.11,4.0,4.05,60.9,1.0,0.0,1.0,1.0,0.0,48.2,1.7,25.2,35.1,0.0,0,Core,0
31893,5.95,6.19,5.72,6.04,5.63,6.29,6.23,5.85,5.98,77.9,1.0,1.0,2.0,2.0,0.0,70.8,3.0,56.1,48.9,0.0,0,Core,0
49651,6.79,6.12,6.61,6.56,6.86,6.81,6.52,7.38,6.68,72.5,1.0,2.0,1.0,2.0,1.0,67.9,2.5,64.9,60.9,0.0,0,Core,1
48952,5.41,4.57,5.59,5.25,4.74,5.23,4.84,4.6,5.0,62.0,0.0,1.0,2.0,0.0,0.0,42.8,1.7,29.3,28.0,0.0,0,Core,0
18088,9.96,10.0,10.0,10.0,10.0,10.0,10.0,10.0,10.0,80.1,2.0,3.0,4.0,3.0,2.0,89.9,4.2,77.7,67.7,1.0,0,Core,1
11179,7.98,8.13,8.23,7.65,8.39,8.34,7.86,8.32,8.24,76.8,2.0,2.0,2.0,2.0,0.0,61.4,3.3,55.9,54.1,1.0,0,Core,1
19603,6.62,7.03,6.1,7.21,7.25,6.52,6.58,6.51,6.76,72.0,1.0,2.0,1.0,1.0,1.0,67.9,3.1,54.5,50.6,1.0,0,Core,1
13252,6.53,7.15,6.66,6.73,7.25,7.1,6.98,6.01,6.68,79.5,1.0,2.0,1.0,2.0,1.0,64.1,3.2,45.1,44.2,0.0,0,Core,1
16417,5.0,5.18,4.84,5.49,5.3,5.21,5.46,4.99,5.43,69.1,0.0,1.0,0.0,1.0,0.0,49.6,1.6,24.1,25.6,0.0,0,Core,0
23207,10.0,9.38,10.0,9.97,10.0,9.97,10.0,10.0,9.99,77.4,2.0,3.0,2.0,3.0,2.0,80.5,4.1,91.3,82.0,0.0,0,Core,1
39881,10.0,10.0,10.0,10.0,9.7,9.92,10.0,10.0,9.98,72.6,2.0,3.0,3.0,3.0,1.0,94.8,3.7,79.2,83.5,1.0,0,Core,1
39376,6.38,6.04,5.58,6.66,5.81,6.59,6.27,6.11,6.26,70.8,1.0,2.0,2.0,1.0,1.0,69.6,2.8,55.2,54.6,1.0,0,Core,0
11437,9.22,9.1,8.96,9.23,9.35,9.47,9.5,9.15,9.35,85.6,1.0,2.0,1.0,2.0,0.0,67.1,3.2,57.0,57.9,1.0,0,Core,1
45270,6.91,6.92,7.21,7.2,6.8,7.33,7.26,7.19,7.14,81.6,1.0,1.0,2.0,2.0,0.0,64.6,3.1,45.7,61.2,1.0,0,Core,0
29464,6.92,7.16,7.0,7.37,6.99,7.16,7.84,7.35,7.18,100.0,2.0,3.0,2.0,4.0,3.0,75.1,3.5,76.2,70.1,1.0,0,Core,1
6737,4.45,4.7,4.11,4.11,4.23,4.67,4.51,4.32,4.17,58.2,0.0,0.0,1.0,1.0,0.0,47.8,3.2,40.3,31.6,0.0,0,Core,0
20687,7.15,7.11,6.86,7.3,7.13,6.85,6.63,6.98,6.9,74.0,1.0,2.0,2.0,1.0,1.0,68.7,3.2,44.8,52.2,1.0,0,Core,1
17050,9.08,8.79,8.91,8.36,9.27,8.91,9.65,9.32,9.23,78.9,2.0,4.0,2.0,2.0,2.0,88.6,3.1,57.6,75.1,1.0,0,Core,1
45512,5.67,5.28,5.37,5.78,5.57,5.86,6.05,5.68,5.65,77.1,1.0,2.0,1.0,2.0,0.0,68.5,1.8,56.4,64.2,0.0,0,Core,0
4845,6.48,6.97,6.36,6.66,6.8,6.41,7.34,7.16,6.87,84.8,2.0,5.0,3.0,3.0,1.0,79.8,3.6,57.6,86.0,1.0,0,Core,1
3273,7.19,6.25,7.06,6.63,6.83,6.85,7.2,6.97,6.68,73.1,1.0,2.0,2.0,2.0,0.0,85.5,3.1,52.8,53.4,1.0,0,Core,1
32714,9.42,9.62,9.79,9.96,9.91,10.0,9.35,9.58,9.67,83.0,1.0,4.0,4.0,4.0,1.0,81.7,3.1,78.7,68.5,1.0,0,Core,1
33178,7.82,7.65,7.71,7.82,7.65,8.09,7.94,7.87,7.9,80.2,2.0,2.0,2.0,5.0,2.0,83.9,3.7,81.3,65.5,0.0,0,Core,1
49771,5.98,5.45,6.12,4.98,5.3,5.61,5.39,5.09,5.47,65.4,0.0,0.0,0.0,0.0,0.0,57.9,2.7,24.7,35.6,0.0,0,Core,0
31808,5.33,4.72,4.66,4.71,4.85,4.59,4.32,4.9,9.99,60.5,3.0,5.0,0.0,0.0,0.0,96.1,2.1,99.6,24.9,0.0,-1,Noise,0
33270,6.0,6.47,6.63,6.61,6.52,7.06,7.28,6.79,6.75,89.9,3.0,4.0,3.0,3.0,1.0,66.8,3.7,68.6,68.9,1.0,0,Core,1
16096,5.48,5.33,5.58,5.32,5.15,5.53,5.37,5.38,5.6,65.8,1.0,1.0,0.0,0.0,0.0,47.7,2.0,25.4,27.4,1.0,0,Core,0
8905,6.99,7.51,7.21,7.06,7.3,6.9,7.59,6.97,7.21,77.5,1.0,2.0,2.0,2.0,0.0,74.5,3.3,56.4,44.8,1.0,0,Core,1
8407,7.65,8.06,7.41,7.84,8.3,7.97,8.39,8.0,8.17,89.3,2.0,4.0,2.0,3.0,1.0,73.5,3.3,72.3,79.1,1.0,0,Core,1
5013,6.21,5.48,5.87,6.02,5.9,6.18,6.19,6.39,5.87,73.1,1.0,1.0,2.0,2.0,1.0,69.6,1.6,63.0,57.2,1.0,0,Core,0
4244,8.53,8.52,9.21,9.07,8.99,8.48,8.97,8.39,8.9,56.8,0.0,2.0,1.0,1.0,0.0,73.4,2.5,52.7,51.2,0.0,0,Core,1
15419,9.03,9.36,9.07,9.24,8.75,9.38,9.08,9.48,9.16,69.5,1.0,2.0,1.0,3.0,1.0,65.0,3.0,55.9,52.5,0.0,0,Core,1
41124,9.66,9.59,9.72,10.0,10.0,9.32,9.69,10.0,9.77,83.4,1.0,2.0,2.0,3.0,1.0,82.8,4.0,81.8,80.7,1.0,0,Core,1
29756,7.32,6.65,6.62,5.8,6.91,6.66,6.83,6.5,6.53,67.6,0.0,2.0,1.0,1.0,1.0,68.7,3.2,50.8,43.2,1.0,0,Core,1
32164,6.51,5.98,6.74,6.51,6.95,6.92,6.91,6.84,6.57,76.6,1.0,2.0,2.0,1.0,1.0,69.0,2.0,57.6,45.4,1.0,0,Core,1
31980,4.68,4.45,4.08,4.47,4.0,4.0,4.15,4.59,4.15,53.6,0.0,0.0,0.0,0.0,0.0,50.6,1.6,29.0,35.4,0.0,0,Core,0
36444,5.73,6.24,5.89,5.76,6.11,6.06,6.08,6.77,5.95,92.9,2.0,3.0,4.0,3.0,1.0,85.0,4.1,78.2,66.2,0.0,0,Core,1
16482,8.11,7.96,8.14,7.99,8.44,7.96,8.33,8.09,8.15,79.1,1.0,2.0,2.0,1.0,1.0,69.6,3.2,57.6,57.4,1.0,0,Core,1
1115,5.33,5.14,5.42,4.85,5.42,5.47,5.48,5.05,5.12,74.1,1.0,2.0,2.0,2.0,0.0,67.9,3.2,47.2,53.1,1.0,0,Core,0
14876,7.18,7.53,7.54,7.69,6.9,7.0,6.59,7.23,7.22,80.4,1.0,3.0,2.0,1.0,0.0,62.8,2.6,57.6,47.9,0.0,0,Core,1
6267,7.11,6.76,6.95,6.5,7.26,6.48,6.69,6.97,6.95,67.5,0.0,0.0,0.0,1.0,0.0,47.9,1.7,19.2,33.6,0.0,0,Core,0
39209,7.76,7.24,7.32,7.73,8.2,7.27,7.62,7.09,7.47,100.0,2.0,2.0,2.0,3.0,1.0,80.4,5.0,82.9,54.9,1.0,0,Core,1
32427,5.76,5.36,5.52,5.88,5.45,5.23,5.49,5.63,5.65,61.9,0.0,1.0,1.0,0.0,0.0,42.1,3.2,28.1,28.6,0.0,0,Core,0
11918,4.68,4.8,4.85,4.21,4.51,4.34,4.29,4.88,4.48,66.8,1.0,1.0,0.0,0.0,0.0,40.7,1.0,27.6,37.9,0.0,0,Core,0
23181,6.25,6.43,6.61,6.04,6.72,6.03,6.46,6.46,6.44,83.0,0.0,2.0,2.0,1.0,0.0,70.4,2.3,52.6,57.3,1.0,0,Core,1
41354,7.47,7.22,7.52,7.4,7.49,7.8,7.28,7.1,7.44,80.6,2.0,2.0,2.0,1.0,1.0,76.2,4.4,49.4,47.1,0.0,0,Core,1
35149,10.0,10.0,9.71,10.0,10.0,10.0,10.0,10.0,10.0,100.0,2.0,2.0,1.0,4.0,1.0,96.0,2.6,82.7,68.5,1.0,0,Core,1
30573,6.15,6.18,5.89,5.7,5.95,5.59,6.03,5.6,5.82,74.8,1.0,1.0,2.0,2.0,0.0,69.6,3.2,56.5,70.7,1.0,0,Core,0
47807,7.61,7.81,8.37,8.26,8.41,7.94,9.07,8.31,8.22,94.7,2.0,4.0,3.0,3.0,1.0,80.0,4.3,74.3,72.9,1.0,0,Core,1
45286,10.0,10.0,9.5,9.96,9.8,9.38,10.0,10.0,9.87,83.6,2.0,3.0,2.0,3.0,1.0,87.8,3.7,80.4,73.2,1.0,0,Core,1
42791,9.24,9.0,8.94,8.61,9.11,9.83,9.59,9.45,9.18,81.8,2.0,3.0,3.0,4.0,2.0,83.0,3.5,67.2,80.0,1.0,0,Core,1
20997,5.25,5.34,5.01,5.02,5.06,5.5,5.35,5.2,5.04,61.7,0.0,0.0,1.0,0.0,0.0,49.3,1.0,26.9,25.2,0.0,0,Core,0
34299,7.39,7.62,7.74,7.55,7.94,7.73,7.18,7.76,4.11,53.29921999,1.0,2.0,2.0,2.0,1.0,37.5,2.4,3.5,54.4,1.0,0,Border,0
22049,4.54,4.49,4.47,4.52,4.35,4.55,4.62,4.33,4.56,59.1,0.0,1.0,0.0,0.0,0.0,51.7,2.1,30.2,54.9,0.0,0,Core,0
2529,7.89,7.54,7.65,7.21,7.77,8.14,7.36,8.02,7.65,82.5,2.0,3.0,4.0,3.0,2.0,91.5,3.8,94.5,54.9,1.0,0,Core,1
30519,8.34,8.71,7.95,8.37,8.49,8.9,8.6,8.96,4.35,51.50042289,2.0,5.0,2.0,2.0,1.0,36.9,4.2,57.6,83.2,0.0,-1,Noise,1
29541,10.0,9.92,10.0,9.65,10.0,10.0,10.0,10.0,10.0,89.8,2.0,4.0,3.0,3.0,2.0,97.0,3.4,68.5,56.0,0.0,0,Core,1
27441,7.41,7.44,7.42,7.39,6.43,7.16,7.6,7.64,7.26,68.9,0.0,3.0,2.0,1.0,1.0,70.5,3.9,52.5,44.6,0.0,0,Core,0
43855,9.39,8.57,9.36,8.91,9.5,9.49,8.82,9.26,9.31,80.5,2.0,2.0,2.0,3.0,2.0,71.1,4.4,81.7,76.0,1.0,0,Core,1
26939,7.61,7.42,8.25,7.69,7.37,7.62,7.62,8.19,7.85,55.2,0.0,2.0,1.0,2.0,1.0,72.9,3.0,65.1,54.9,0.0,0,Core,1
2985,6.83,6.59,6.25,6.69,6.88,6.31,6.81,6.53,6.71,73.7,1.0,2.0,1.0,2.0,0.0,75.2,3.9,58.7,66.8,0.0,0,Core,1
14774,7.55,7.63,7.12,7.11,7.48,6.98,7.25,7.28,7.38,59.9,1.0,2.0,2.0,2.0,1.0,60.3,2.6,56.6,49.6,0.0,0,Core,1
27928,9.12,9.52,8.8,9.5,9.74,9.43,9.3,8.93,9.29,80.9,1.0,2.0,1.0,2.0,1.0,60.8,3.4,64.1,55.9,0.0,0,Core,1
22426,10.0,10.0,10.0,9.72,10.0,10.0,10.0,9.94,9.97,88.4,1.0,3.0,3.0,2.0,0.0,84.4,3.7,70.0,67.2,1.0,0,Core,1
26390,7.4,6.92,7.61,7.38,7.33,7.26,7.26,7.33,7.28,82.2,2.0,3.0,2.0,3.0,1.0,70.7,4.3,77.0,76.5,1.0,0,Core,1
42169,7.01,6.98,6.85,6.79,6.58,7.13,6.68,7.38,6.8,69.6,0.0,2.0,2.0,1.0,0.0,69.6,3.0,55.4,52.9,0.0,0,Core,1
45903,8.86,8.94,9.1,9.29,9.19,9.41,9.62,9.14,9.15,85.4,1.0,3.0,4.0,3.0,1.0,80.1,4.0,90.0,54.9,0.0,0,Core,1
19186,5.35,5.88,6.3,5.63,5.56,6.52,6.1,5.67,5.97,85.9,1.0,2.0,2.0,1.0,0.0,82.2,2.2,58.3,51.1,1.0,0,Core,0
18987,6.25,6.24,6.45,6.42,6.98,6.24,6.03,6.05,6.25,63.0,1.0,1.0,0.0,0.0,0.0,43.8,2.0,19.5,31.4,0.0,0,Core,0
29621,6.45,7.12,7.48,6.81,7.01,7.44,6.8,6.83,6.95,77.8,1.0,2.0,2.0,0.0,1.0,66.6,2.6,49.8,38.9,1.0,0,Core,1
20561,5.6,5.47,5.42,5.64,5.57,6.18,5.93,6.16,5.64,93.9,2.0,2.0,4.0,4.0,2.0,76.7,2.8,86.4,75.0,1.0,0,Core,1
35150,8.2,7.97,8.78,8.93,8.44,8.96,8.27,8.58,8.68,82.9,3.0,2.0,2.0,4.0,1.0,93.2,4.9,80.8,75.4,0.0,0,Core,1
24235,7.16,6.91,6.77,6.73,6.59,6.89,6.42,6.75,6.8,82.9,1.0,2.0,2.0,2.0,1.0,78.2,2.6,46.1,50.9,0.0,0,Core,0
15434,5.1,5.93,5.73,5.0,5.79,5.48,4.83,5.33,5.28,85.4,1.0,2.0,2.0,3.0,0.0,73.4,3.7,41.3,64.6,1.0,0,Core,1
2864,7.17,7.24,6.7,7.44,6.87,7.12,7.19,7.41,7.16,86.1,1.0,3.0,1.0,2.0,0.0,67.9,3.6,57.3,52.2,0.0,0,Core,1
23220,7.86,7.92,8.13,7.74,7.86,8.45,7.55,8.02,7.87,85.7,1.0,1.0,2.0,2.0,0.0,72.3,2.5,59.8,56.2,0.0,0,Core,1
16663,5.53,5.08,4.59,5.05,4.86,4.98,5.09,4.51,4.93,67.4,0.0,1.0,0.0,0.0,0.0,52.4,1.5,32.5,27.1,0.0,0,Core,0
15768,7.33,6.91,6.94,6.95,6.9,6.78,7.35,7.49,7.08,74.7,0.0,2.0,1.0,3.0,0.0,71.6,4.3,53.3,54.9,1.0,0,Core,1
14479,8.69,8.93,9.3,9.07,9.01,9.07,8.68,8.91,8.84,96.3,2.0,3.0,2.0,4.0,1.0,69.6,4.3,61.9,70.4,0.0,0,Core,1
9956,7.52,8.31,7.51,7.39,7.6,7.94,7.86,7.74,7.73,92.8,2.0,2.0,3.0,3.0,1.0,82.9,5.0,75.8,62.9,1.0,0,Core,1
31403,5.25,5.51,6.03,5.61,5.46,5.19,5.72,4.99,5.52,61.0,0.0,1.0,0.0,0.0,0.0,50.0,1.0,30.9,30.5,0.0,0,Core,0
21050,7.92,9.12,8.48,8.76,8.94,8.63,9.08,8.51,8.63,77.5,2.0,3.0,3.0,3.0,1.0,96.0,3.7,87.7,81.3,1.0,0,Core,1
34970,5.37,5.27,5.27,5.43,5.51,6.3,5.4,4.99,5.64,68.0,0.0,1.0,1.0,1.0,0.0,55.5,2.9,21.8,24.1,0.0,0,Core,0
24269,9.08,10.0,9.89,9.8,9.93,10.0,10.0,9.65,9.98,96.4,2.0,4.0,1.0,2.0,2.0,87.2,4.4,82.1,71.7,0.0,0,Core,1
23205,6.92,7.3,7.03,6.89,6.96,7.43,6.71,7.17,7.05,82.9,1.0,3.0,2.0,2.0,0.0,88.1,3.1,58.2,61.5,1.0,0,Core,1
3378,7.35,7.49,7.99,7.33,7.78,8.18,7.76,8.18,7.64,84.0,2.0,2.0,3.0,3.0,1.0,69.6,3.1,90.5,64.0,1.0,0,Core,1
1600,5.7,5.5,5.59,5.38,5.41,5.68,5.23,5.47,5.42,64.6,0.0,1.0,0.0,0.0,0.0,52.9,1.6,30.3,26.8,0.0,0,Core,0
477,9.47,10.0,10.0,9.98,10.0,10.0,9.32,10.0,9.8,68.3,2.0,3.0,3.0,3.0,2.0,92.2,4.4,57.6,76.5,0.0,0,Core,1
10799,7.58,7.85,7.55,8.08,7.76,7.68,7.63,7.51,7.66,63.2,1.0,2.0,1.0,2.0,1.0,70.3,2.5,59.7,63.3,0.0,0,Core,1
8640,6.66,6.56,6.84,6.98,7.1,6.76,7.99,7.43,7.16,70.0,1.0,2.0,1.0,2.0,0.0,67.6,2.2,59.4,54.9,0.0,0,Core,1
22143,10.0,10.0,9.79,9.77,10.0,10.0,10.0,9.74,10.0,100.0,1.0,4.0,4.0,3.0,1.0,86.8,4.2,73.5,66.4,1.0,0,Core,1
22183,9.45,9.12,8.68,9.02,8.48,9.21,9.31,9.13,9.13,88.9,2.0,3.0,2.0,2.0,2.0,81.5,4.0,89.2,81.7,0.0,0,Core,1
9933,6.97,7.34,7.69,7.23,6.99,7.35,7.38,7.7,7.19,92.2,3.0,3.0,2.0,2.0,1.0,84.8,3.9,77.0,68.1,1.0,0,Core,1
21047,8.28,8.33,8.01,7.98,7.75,8.21,8.21,8.15,7.94,77.7,1.0,2.0,2.0,1.0,0.0,62.8,2.6,53.4,56.3,0.0,0,Core,1
45443,7.68,7.04,7.15,8.07,7.78,7.14,7.25,8.25,7.45,86.5,1.0,4.0,4.0,3.0,2.0,69.6,5.0,85.1,80.0,1.0,0,Core,1
36232,6.58,6.46,6.0,6.87,6.19,5.81,6.43,6.04,6.22,56.5,0.0,0.0,0.0,1.0,1.0,69.6,1.8,26.9,54.9,0.0,0,Core,0
43953,8.38,8.05,7.76,8.26,8.14,8.18,7.89,8.62,8.21,88.5,1.0,3.0,1.0,2.0,0.0,69.6,2.8,63.9,44.7,1.0,0,Core,1
38327,6.06,6.08,5.68,6.0,5.52,5.56,5.43,5.4,5.6,60.1,0.0,1.0,0.0,1.0,1.0,54.0,1.9,30.2,29.0,1.0,0,Core,0
38593,8.07,8.61,8.36,8.33,8.56,8.2,8.63,8.71,8.59,100.0,1.0,3.0,3.0,4.0,1.0,78.1,3.7,75.2,83.9,1.0,0,Core,1
17782,8.25,7.76,7.86,8.0,7.82,8.12,8.43,8.53,8.28,72.2,0.0,1.0,2.0,1.0,0.0,67.0,2.6,57.6,42.9,1.0,0,Core,0
29876,4.0,4.09,4.56,4.07,4.0,4.01,4.17,4.22,4.12,51.3,0.0,0.0,1.0,0.0,0.0,41.5,1.9,25.1,33.5,1.0,0,Core,0
31071,6.77,6.9,6.66,6.58,6.57,6.85,6.89,6.94,6.78,66.7,1.0,2.0,0.0,1.0,1.0,69.6,3.2,57.6,54.9,0.0,0,Core,1
22257,4.21,4.0,4.0,4.0,4.0,4.0,4.07,4.0,4.04,65.0,0.0,2.0,2.0,3.0,0.0,69.7,3.1,57.5,57.2,1.0,0,Core,0
9460,7.78,8.21,8.02,8.06,8.53,8.16,7.82,8.28,8.12,90.7,1.0,3.0,2.0,2.0,2.0,88.3,3.6,79.1,70.4,1.0,0,Core,1
10666,7.1,5.95,6.52,6.92,6.87,6.91,7.05,6.55,6.62,97.7,3.0,2.0,2.0,4.0,2.0,69.0,4.1,67.0,82.8,1.0,0,Core,1
8332,6.17,6.63,6.45,5.62,6.01,6.17,6.21,6.29,6.09,77.6,2.0,1.0,2.0,2.0,1.0,61.6,2.6,51.0,52.0,1.0,0,Core,1
25866,8.6,7.77,8.8,7.97,7.81,8.9,8.18,8.72,8.27,100.0,2.0,3.0,3.0,4.0,0.0,84.1,4.0,76.3,58.2,0.0,0,Core,1
48002,4.14,4.11,4.04,4.17,4.32,4.0,4.32,4.71,4.16,85.2,1.0,2.0,2.0,1.0,1.0,73.7,3.4,49.4,48.7,1.0,0,Core,0
17555,4.9,4.97,4.66,4.86,4.15,4.69,4.99,4.9,4.71,71.3,0.0,1.0,0.0,0.0,0.0,49.7,1.7,25.3,33.2,0.0,0,Core,0
38887,5.82,5.39,6.14,5.44,5.61,5.34,5.61,5.48,5.67,64.4,0.0,1.0,1.0,0.0,0.0,39.1,1.1,25.0,26.6,0.0,0,Core,0
28591,6.76,7.06,6.76,6.99,6.99,6.59,6.57,7.02,6.75,54.3,0.0,1.0,1.0,0.0,0.0,39.6,1.8,26.8,54.9,1.0,0,Core,0
15303,9.65,8.83,8.94,9.05,8.87,8.91,9.31,9.68,9.32,81.0,2.0,4.0,3.0,4.0,2.0,69.6,4.0,65.7,81.9,0.0,0,Core,1
27981,7.01,6.84,7.79,7.52,6.84,7.06,6.35,7.25,7.16,73.3,2.0,2.0,2.0,1.0,1.0,69.6,1.9,66.6,51.2,0.0,0,Core,1
19594,6.61,7.21,7.32,7.72,7.28,7.85,7.29,7.88,7.4,89.6,2.0,5.0,2.0,2.0,2.0,67.5,4.0,76.2,77.0,1.0,0,Core,1
11840,8.57,8.98,9.09,9.23,9.23,9.02,9.45,8.91,9.26,84.3,2.0,1.0,2.0,4.0,1.0,80.3,2.4,83.4,65.8,0.0,0,Core,1
19063,4.95,5.37,5.75,5.37,5.18,5.28,5.32,5.55,9.9,55.4,3.0,5.0,0.0,0.0,0.0,96.5,1.2,97.2,30.9,0.0,1,Border,0
26701,8.67,9.23,8.91,9.32,9.38,9.13,9.54,8.81,9.06,90.4,2.0,2.0,2.0,4.0,2.0,82.9,3.6,84.1,70.2,0.0,0,Core,1
39869,8.75,8.56,9.41,9.22,8.78,8.78,9.32,9.09,9.09,100.0,2.0,2.0,3.0,4.0,2.0,77.0,4.4,75.2,61.3,1.0,0,Core,1
18827,9.25,8.55,8.45,7.98,8.82,8.6,8.34,8.67,8.6,81.7,2.0,2.0,2.0,2.0,1.0,68.5,2.5,60.8,51.7,0.0,0,Core,1
44783,9.01,8.29,8.87,8.34,8.36,9.23,8.7,8.62,8.58,94.7,2.0,3.0,3.0,2.0,2.0,77.0,3.7,71.8,54.9,1.0,0,Core,1
13474,8.07,8.33,8.44,8.5,8.18,8.86,8.22,8.13,8.37,84.7,2.0,3.0,4.0,4.0,2.0,78.1,4.1,57.6,87.2,0.0,0,Core,1
1812,6.02,6.45,6.43,5.53,6.32,5.99,6.09,6.67,6.11,81.8,1.0,2.0,2.0,1.0,0.0,70.8,2.7,53.0,44.3,1.0,0,Core,0
5577,6.62,6.6,6.79,6.4,6.74,6.59,6.9,6.91,6.7,78.9,1.0,3.0,2.0,2.0,0.0,69.6,3.1,47.4,43.2,1.0,0,Core,1
13605,10.0,9.94,10.0,10.0,9.93,10.0,10.0,10.0,9.85,100.0,2.0,3.0,3.0,3.0,2.0,76.4,4.7,83.6,81.7,1.0,0,Core,1
45815,4.98,4.99,4.15,4.53,4.76,4.08,4.23,4.91,4.53,67.1,0.0,1.0,0.0,0.0,0.0,49.0,2.0,26.8,37.4,0.0,0,Core,0
19288,7.81,6.88,7.11,7.4,7.64,7.04,7.63,7.49,7.21,86.7,1.0,2.0,2.0,2.0,1.0,69.6,3.9,83.3,74.9,0.0,0,Core,1
45445,6.71,6.79,6.31,7.04,6.89,7.27,6.84,6.7,6.82,71.5,0.0,2.0,2.0,2.0,0.0,54.2,4.9,63.4,38.5,0.0,0,Core,1
2214,5.59,4.8,5.06,5.26,4.99,4.81,5.02,5.28,5.26,65.0,0.0,0.0,1.0,1.0,0.0,69.6,2.1,27.0,22.9,0.0,0,Core,0
27631,7.59,7.64,7.72,7.52,7.97,8.05,8.07,7.97,9.87,95.0,3.0,5.0,3.0,3.0,2.0,96.6,4.2,99.2,75.3,0.0,0,Core,1
43905,7.81,7.91,8.44,8.41,8.53,8.16,8.21,8.83,8.31,100.0,2.0,4.0,2.0,5.0,2.0,69.3,4.8,66.2,83.8,1.0,0,Core,1
30732,10.0,10.0,10.0,10.0,9.97,10.0,10.0,10.0,10.0,97.2,2.0,4.0,3.0,3.0,1.0,74.6,3.6,75.4,69.8,1.0,0,Core,1
21256,8.79,9.12,9.61,9.27,9.37,10.0,9.08,9.12,9.32,80.6,2.0,4.0,3.0,3.0,0.0,73.5,4.9,66.6,56.6,1.0,0,Core,1
22983,4.97,6.03,5.12,5.03,5.01,4.45,4.8,4.36,4.46,52.60355906,1.0,0.0,0.0,0.0,0.0,37.5,1.5,4.7,25.4,0.0,0,Core,0
16040,9.29,9.09,8.75,9.16,9.35,9.82,9.47,8.85,9.14,74.4,1.0,1.0,2.0,3.0,0.0,55.8,4.2,57.6,54.3,0.0,0,Core,1
2673,6.85,6.48,6.8,7.16,6.1,6.67,6.83,7.15,6.78,74.4,0.0,2.0,1.0,1.0,0.0,63.3,3.8,48.7,54.5,0.0,0,Core,1
29364,5.62,5.76,5.96,6.83,6.6,5.88,6.12,5.91,5.92,53.0,1.0,1.0,0.0,1.0,0.0,69.6,1.6,22.1,27.3,0.0,0,Core,0
2609,6.64,6.69,6.03,6.11,6.91,6.62,6.01,6.51,6.57,74.7,1.0,2.0,1.0,2.0,0.0,63.3,2.6,59.7,54.9,1.0,0,Core,1
20497,4.89,4.89,5.08,5.47,5.53,4.8,4.79,5.12,5.2,76.7,1.0,2.0,1.0,2.0,0.0,65.5,2.4,57.2,41.6,1.0,0,Core,0
47609,6.91,7.81,7.19,7.82,7.8,7.82,7.33,7.64,7.44,72.8,1.0,1.0,1.0,1.0,0.0,67.9,3.4,54.7,54.9,0.0,0,Core,1
5160,7.53,7.93,7.83,7.87,8.14,8.04,7.97,7.75,7.92,81.8,1.0,3.0,2.0,2.0,1.0,88.9,3.8,81.5,77.8,1.0,0,Core,1
39382,4.31,4.25,4.08,4.0,4.02,4.13,4.0,4.0,4.0,62.4,0.0,1.0,1.0,0.0,0.0,42.6,2.7,36.2,33.9,0.0,0,Core,0
35577,6.89,6.51,6.38,6.32,6.4,6.21,6.6,6.38,6.58,61.8,0.0,1.0,1.0,1.0,0.0,69.6,1.9,30.1,54.9,0.0,0,Core,0
34235,8.33,8.75,9.15,8.79,9.16,8.95,9.27,9.47,9.09,88.9,1.0,1.0,2.0,3.0,0.0,69.8,2.2,47.0,54.9,1.0,0,Core,1
32778,6.64,6.36,6.75,6.41,6.56,6.02,6.78,7.02,6.69,84.5,0.0,2.0,1.0,2.0,0.0,65.9,2.4,50.9,53.1,0.0,0,Core,0
11402,7.19,7.14,8.14,7.59,7.04,7.66,7.47,7.48,7.45,78.9,1.0,2.0,2.0,2.0,1.0,64.2,2.9,58.1,56.1,0.0,0,Core,1
10505,5.6,6.08,5.77,5.84,5.72,6.25,6.4,5.62,5.95,76.2,1.0,2.0,1.0,1.0,1.0,55.5,2.3,52.7,47.4,0.0,0,Core,0
33527,6.02,5.48,5.55,6.2,5.74,5.26,5.28,6.13,5.8,82.9,1.0,2.0,1.0,2.0,1.0,71.4,2.5,51.9,52.0,1.0,0,Core,1
41590,6.46,6.94,7.1,7.37,6.98,7.17,6.91,7.26,7.05,95.3,3.0,3.0,3.0,3.0,0.0,72.8,3.2,86.9,69.6,1.0,0,Core,1
5755,5.69,5.39,4.95,4.85,5.18,5.08,5.29,4.99,5.06,55.0,1.0,1.0,0.0,0.0,0.0,41.4,2.3,29.8,28.1,1.0,0,Core,0
44771,7.6,7.03,7.17,7.37,7.3,7.49,7.56,7.45,7.32,82.2,2.0,2.0,3.0,4.0,1.0,84.6,3.5,80.7,54.9,1.0,0,Core,1
22012,6.63,6.79,6.64,7.32,7.29,6.7,6.87,6.16,6.82,79.0,1.0,2.0,1.0,2.0,0.0,39.7,3.8,50.5,55.7,0.0,0,Core,0
45389,8.51,8.84,8.15,8.29,8.98,8.03,8.22,8.86,8.52,71.0,1.0,2.0,2.0,2.0,0.0,65.1,2.5,53.0,47.5,0.0,0,Core,1
20938,8.62,8.82,8.8,8.53,9.63,8.54,9.47,8.88,9.02,90.2,2.0,1.0,2.0,3.0,1.0,79.8,4.2,92.9,82.4,1.0,0,Core,1
21935,6.39,6.08,6.33,5.61,5.74,6.43,6.0,6.76,6.24,75.7,1.0,3.0,2.0,2.0,1.0,65.5,3.4,52.5,58.1,0.0,0,Core,1
8035,6.33,7.12,6.22,6.42,5.78,6.41,6.97,6.39,6.45,74.4,1.0,2.0,1.0,1.0,0.0,73.4,3.2,49.0,50.3,1.0,0,Core,1
7127,8.24,8.39,8.47,8.58,8.16,8.3,8.87,9.48,8.48,84.1,2.0,3.0,3.0,2.0,2.0,75.7,3.6,82.7,74.6,1.0,0,Core,1
47616,9.09,8.8,9.05,8.99,8.78,8.55,9.39,8.84,8.98,97.4,2.0,4.0,3.0,4.0,1.0,69.6,3.4,80.6,81.7,0.0,0,Core,1
47791,6.6,6.69,5.82,6.08,6.6,6.34,6.64,6.26,6.33,87.6,1.0,0.0,1.0,1.0,1.0,69.3,4.6,50.9,42.5,1.0,0,Core,0
46123,4.7,4.42,4.0,4.58,4.31,4.0,4.0,4.33,4.12,71.8,1.0,0.0,1.0,0.0,0.0,69.6,1.7,28.0,23.6,0.0,0,Core,0
35847,6.92,6.75,6.49,6.57,6.53,6.4,6.58,6.46,6.7,73.2,1.0,1.0,2.0,2.0,1.0,70.1,3.7,56.7,53.4,1.0,0,Core,1
34583,8.74,8.57,8.58,8.91,8.87,8.59,9.08,8.52,8.65,71.4,1.0,2.0,1.0,1.0,0.0,69.6,2.5,56.7,56.2,0.0,0,Core,1
13083,7.47,7.9,7.72,7.55,7.68,7.56,7.56,7.89,7.69,71.2,2.0,2.0,2.0,2.0,0.0,81.3,2.7,54.3,44.5,0.0,0,Core,1
40647,5.96,5.94,6.46,5.84,5.58,6.05,5.98,6.13,6.01,79.0,2.0,3.0,4.0,3.0,2.0,73.7,3.2,57.6,92.3,1.0,0,Core,1
21906,8.64,8.78,8.4,9.05,9.11,8.84,9.37,8.37,8.95,75.8,1.0,2.0,1.0,2.0,1.0,70.3,2.6,64.1,39.4,1.0,0,Core,1
25239,9.85,9.69,9.89,9.8,9.89,10.0,10.0,10.0,9.7,85.8,2.0,2.0,2.0,3.0,1.0,85.4,3.7,75.3,86.7,1.0,0,Core,1
35976,5.81,6.15,5.91,7.06,6.72,6.26,6.9,6.47,6.45,56.3,1.0,2.0,2.0,2.0,0.0,69.6,3.5,60.5,54.9,0.0,0,Core,1
6497,8.94,8.89,9.12,9.24,8.91,9.29,8.85,9.14,9.05,71.5,1.0,2.0,2.0,2.0,0.0,54.3,2.3,57.6,54.1,0.0,0,Core,1
43694,7.59,7.45,8.13,7.03,7.76,6.9,7.48,8.19,7.5,79.8,2.0,3.0,2.0,2.0,1.0,78.0,3.9,57.6,54.9,1.0,0,Core,1
33525,6.71,6.7,7.55,7.6,7.08,6.77,7.29,7.42,7.12,62.0,1.0,3.0,2.0,2.0,0.0,69.6,3.8,49.4,54.9,1.0,0,Core,1
20702,6.78,6.82,6.36,6.65,6.85,6.6,7.33,6.93,6.7,86.1,1.0,4.0,4.0,3.0,2.0,69.6,4.1,90.6,78.7,1.0,0,Core,1
13313,7.84,8.09,8.72,8.55,8.74,8.33,8.33,8.81,8.32,88.7,2.0,3.0,3.0,3.0,2.0,69.6,4.3,73.9,69.2,1.0,0,Core,1
10037,5.24,4.97,5.2,4.39,4.88,4.6,4.75,5.41,4.97,61.7,0.0,0.0,0.0,1.0,0.0,54.7,1.9,28.0,26.9,0.0,0,Core,0
14165,5.33,5.38,5.74,5.66,5.67,6.08,5.47,6.05,5.7,89.4,1.0,2.0,1.0,2.0,1.0,64.4,3.7,54.6,54.2,0.0,0,Core,1
31155,6.63,5.83,6.29,6.25,5.9,5.95,6.3,5.61,6.05,75.0,1.0,1.0,1.0,2.0,1.0,61.3,2.6,56.4,64.7,0.0,0,Core,0
24949,8.56,8.91,8.56,8.53,8.54,8.64,8.51,9.08,8.78,74.7,1.0,3.0,2.0,4.0,0.0,78.8,3.2,82.1,67.4,1.0,0,Core,1
35309,6.23,6.08,6.33,6.92,6.76,6.48,7.04,6.84,6.51,84.6,1.0,1.0,4.0,3.0,1.0,92.9,3.3,76.8,70.1,1.0,0,Core,1
47764,6.26,6.12,6.34,6.57,6.63,6.52,6.6,6.41,6.34,73.3,1.0,2.0,1.0,1.0,0.0,63.7,3.0,58.6,57.9,0.0,0,Core,1
32908,7.53,8.11,7.55,7.49,7.35,7.58,7.31,7.41,7.46,72.8,1.0,2.0,3.0,1.0,0.0,73.2,5.0,65.7,59.6,1.0,0,Core,1
45610,5.35,5.0,5.25,5.02,4.88,4.63,4.72,5.18,4.87,68.4,1.0,2.0,2.0,1.0,1.0,65.8,3.2,62.2,52.1,0.0,0,Core,0
5254,8.79,8.6,8.7,8.94,8.92,8.61,8.7,8.78,8.78,85.9,1.0,1.0,3.0,4.0,2.0,78.0,3.5,83.7,79.4,0.0,0,Core,1
19105,6.03,6.32,6.56,6.46,6.24,6.11,6.32,5.9,6.18,79.4,0.0,1.0,1.0,1.0,1.0,63.3,3.4,43.1,56.3,1.0,0,Core,0
32806,8.06,8.05,8.03,8.37,8.19,8.75,8.0,8.07,8.18,84.7,2.0,3.0,4.0,2.0,1.0,81.5,3.7,83.7,78.0,1.0,0,Core,1
40517,6.91,6.81,7.05,7.29,5.99,6.64,6.92,6.85,6.92,59.3,0.0,0.0,0.0,1.0,0.0,40.7,2.0,31.7,32.4,0.0,0,Core,0
3883,5.36,5.74,4.77,4.98,5.36,4.64,5.2,4.57,4.9,58.6,0.0,1.0,1.0,1.0,0.0,42.1,1.7,28.7,32.1,0.0,0,Core,0
22989,6.23,6.56,6.69,5.44,6.16,6.41,6.78,6.58,6.24,78.2,1.0,2.0,2.0,2.0,0.0,65.3,2.9,53.6,48.5,0.0,0,Core,1
31225,6.16,6.63,6.16,5.94,6.31,6.67,6.35,6.37,6.26,69.4,1.0,2.0,2.0,2.0,0.0,52.0,3.2,52.5,54.9,1.0,0,Core,0
3419,8.35,8.42,8.46,8.15,8.89,8.46,8.75,9.17,8.63,89.5,2.0,3.0,2.0,3.0,1.0,91.0,3.5,84.3,56.8,1.0,0,Core,1
38930,7.67,7.71,7.59,8.23,7.78,7.48,8.14,8.12,7.98,82.3,3.0,4.0,3.0,2.0,0.0,91.2,3.3,100.0,72.3,0.0,0,Core,1
23542,8.48,8.55,8.51,8.57,8.25,8.69,8.32,8.48,8.56,86.8,1.0,1.0,1.0,2.0,0.0,69.6,3.4,57.6,56.4,1.0,0,Core,1
26355,5.18,5.84,4.98,4.95,4.65,5.07,4.83,5.26,5.06,54.8,0.0,1.0,0.0,0.0,0.0,40.0,2.4,31.2,27.5,1.0,0,Core,0
19772,6.01,5.95,5.75,6.08,5.26,5.16,5.75,4.97,5.46,56.8,1.0,1.0,0.0,1.0,0.0,69.6,2.3,27.7,33.6,1.0,0,Core,0
10190,9.11,8.9,8.94,9.49,9.25,9.31,8.67,9.29,9.12,87.6,2.0,4.0,3.0,3.0,1.0,86.1,3.7,57.6,69.9,0.0,0,Core,1
44563,4.7,4.47,4.79,5.02,5.45,5.23,5.08,4.69,4.81,84.9,1.0,2.0,2.0,1.0,1.0,69.6,3.1,71.7,55.0,1.0,0,Core,0
44561,5.57,6.06,5.52,5.75,5.45,5.43,5.33,5.0,5.63,58.2,0.0,1.0,0.0,1.0,0.0,56.9,1.2,24.5,33.4,0.0,0,Core,0
44945,9.41,9.24,9.24,9.46,9.8,9.13,9.05,9.51,9.38,60.5,2.0,2.0,1.0,1.0,0.0,65.3,3.5,56.7,66.7,1.0,0,Core,1
5196,5.9,6.72,6.16,5.91,6.33,6.07,5.47,6.07,6.2,74.9,1.0,2.0,1.0,2.0,0.0,63.1,3.4,52.4,51.8,0.0,0,Core,1
37256,5.77,5.85,5.44,5.61,5.57,5.86,5.27,5.16,5.78,52.4,0.0,1.0,0.0,1.0,0.0,51.5,1.9,24.2,30.8,0.0,0,Core,0
31611,5.31,5.6,5.35,4.99,5.33,5.18,4.85,5.41,5.34,84.7,1.0,2.0,0.0,1.0,1.0,62.5,3.7,63.8,57.4,0.0,0,Core,1
2192,6.79,6.35,6.57,6.55,7.44,6.5,6.15,6.0,6.71,61.1,0.0,0.0,1.0,0.0,0.0,45.7,2.1,26.4,27.2,0.0,0,Core,0
31040,7.52,7.56,7.92,7.85,8.1,8.09,8.28,7.27,7.85,72.7,2.0,2.0,2.0,1.0,1.0,76.9,3.3,49.5,48.1,0.0,0,Core,1
46777,6.2,6.12,6.15,5.88,6.02,6.38,6.39,6.31,5.89,83.7,2.0,2.0,3.0,3.0,1.0,69.6,4.6,57.6,54.9,1.0,0,Core,1
7786,6.77,7.63,7.4,7.23,7.3,7.12,7.36,7.55,7.31,73.0,0.0,3.0,1.0,2.0,1.0,62.4,2.8,57.6,60.5,1.0,0,Core,1
46173,7.57,7.19,7.67,8.23,7.37,7.78,7.18,8.26,7.56,76.5,1.0,2.0,2.0,2.0,0.0,59.9,3.4,56.2,42.9,0.0,0,Core,1
42979,7.24,6.08,6.72,6.97,6.91,7.01,6.81,6.95,6.94,83.6,1.0,2.0,1.0,1.0,0.0,52.2,2.4,52.8,57.5,1.0,0,Core,0
48127,8.71,8.28,8.4,8.25,8.7,9.08,8.37,8.83,8.44,100.0,1.0,4.0,3.0,4.0,1.0,83.1,4.7,85.0,54.9,1.0,0,Core,1
3155,8.06,8.32,8.49,8.71,8.66,8.98,7.65,8.59,8.42,71.9,1.0,1.0,2.0,2.0,1.0,57.9,3.6,44.9,54.9,0.0,0,Core,1
22796,5.24,5.84,6.03,5.43,5.53,4.85,5.51,5.36,5.37,77.1,1.0,0.0,1.0,0.0,0.0,48.5,1.1,28.1,30.6,1.0,0,Core,0
29896,7.16,6.7,6.72,6.37,6.69,6.36,6.76,6.92,6.79,81.5,0.0,2.0,1.0,2.0,1.0,68.5,3.1,54.5,53.7,1.0,0,Core,1
16913,4.64,4.13,4.41,4.0,4.8,4.0,4.0,4.21,4.1,51.8,1.0,1.0,0.0,1.0,0.0,49.3,2.2,26.7,38.1,1.0,0,Core,0
41043,5.08,4.41,4.33,4.33,4.19,4.83,4.42,4.53,4.57,52.8,1.0,1.0,2.0,0.0,0.0,51.1,1.5,30.7,28.3,1.0,0,Core,0
42716,6.79,6.35,7.13,7.53,6.59,6.73,7.0,6.81,6.67,72.1,1.0,2.0,2.0,3.0,0.0,83.0,3.4,51.9,57.7,1.0,0,Core,1
7442,8.18,8.82,8.38,8.79,9.02,8.54,9.73,8.64,8.99,89.2,2.0,3.0,2.0,5.0,2.0,100.0,4.2,76.8,68.7,1.0,0,Core,1
12849,8.06,8.39,8.38,8.56,8.03,8.94,8.79,8.29,8.49,71.0,3.0,3.0,4.0,4.0,1.0,69.6,3.9,77.4,69.3,1.0,0,Core,1
12620,7.32,6.82,7.47,7.28,7.12,7.19,7.33,6.63,7.16,68.6,1.0,1.0,2.0,1.0,0.0,62.0,2.8,61.0,53.6,0.0,0,Core,1
19747,4.73,4.16,4.51,4.85,4.69,4.32,4.21,4.17,4.32,59.3,0.0,1.0,2.0,0.0,0.0,41.2,2.3,24.5,54.9,0.0,0,Core,0
1423,9.78,9.13,9.3,9.12,9.65,9.54,9.72,9.38,9.37,96.2,1.0,4.0,2.0,4.0,2.0,75.4,3.3,84.0,76.5,0.0,0,Core,1
26895,9.14,9.3,9.34,9.12,9.64,9.55,9.64,9.97,9.39,100.0,1.0,3.0,3.0,4.0,1.0,86.4,3.4,69.0,54.9,1.0,0,Core,1
6066,6.7,6.44,7.07,6.9,6.36,6.92,6.87,6.17,6.82,73.5,1.0,2.0,3.0,2.0,1.0,71.6,3.1,47.0,58.5,1.0,0,Core,1
37617,6.77,6.16,6.77,6.12,6.3,6.28,6.35,6.69,6.41,76.7,0.0,2.0,2.0,3.0,1.0,68.0,2.7,58.5,54.9,1.0,0,Core,1
37029,4.0,4.45,4.57,4.13,4.0,4.42,4.31,4.08,4.23,72.7,1.0,1.0,1.0,0.0,0.0,56.0,2.3,36.6,29.9,0.0,0,Core,0
43198,4.52,4.61,4.6,4.83,4.7,4.59,4.26,4.62,4.79,78.4,1.0,1.0,2.0,1.0,1.0,73.2,2.1,56.0,47.3,0.0,0,Core,0
29229,8.73,8.36,8.51,8.57,9.03,8.24,8.9,8.59,8.66,84.0,1.0,4.0,2.0,3.0,2.0,71.7,3.9,81.0,86.1,1.0,0,Core,1
29836,8.84,8.99,9.11,8.86,8.84,8.83,9.06,9.04,8.88,81.4,2.0,3.0,2.0,2.0,1.0,84.1,3.2,83.8,69.5,0.0,0,Core,1
22686,5.26,4.64,4.37,5.01,5.23,4.87,4.7,5.03,5.09,62.4,1.0,0.0,1.0,0.0,0.0,44.3,1.4,26.9,26.2,0.0,0,Core,0
22342,8.45,8.37,8.68,9.0,8.51,9.31,8.93,8.71,8.81,77.1,1.0,1.0,1.0,1.0,0.0,83.7,2.7,57.6,47.2,0.0,0,Core,1
45714,7.94,7.81,8.24,7.72,8.38,8.48,8.31,8.48,8.14,85.5,1.0,4.0,2.0,3.0,1.0,77.4,4.1,100.0,97.1,0.0,0,Core,1
34760,4.58,4.88,4.0,4.38,4.11,4.53,4.47,4.04,4.42,55.0,1.0,1.0,0.0,1.0,0.0,43.4,1.9,24.9,29.7,0.0,0,Core,0
5216,7.52,8.13,8.07,7.47,7.84,8.04,8.6,7.72,7.92,75.8,1.0,2.0,1.0,1.0,1.0,65.0,3.1,48.4,47.3,0.0,0,Core,1
48813,6.21,5.89,6.55,6.2,5.72,5.56,5.97,5.81,5.85,58.4,0.0,1.0,0.0,0.0,0.0,58.8,1.9,28.5,34.1,0.0,0,Core,0
44918,6.38,6.14,6.02,5.67,6.1,6.64,6.04,6.05,5.98,83.5,1.0,1.0,2.0,2.0,1.0,66.4,3.3,55.8,55.5,1.0,0,Core,1
39365,5.81,5.67,6.08,6.03,5.7,5.34,5.82,5.72,5.61,61.3,1.0,1.0,2.0,2.0,0.0,51.0,3.4,67.9,43.7,0.0,0,Core,1
47379,9.99,9.81,10.0,10.0,10.0,10.0,10.0,10.0,10.0,68.7,2.0,2.0,3.0,3.0,2.0,100.0,3.2,76.9,54.9,1.0,0,Core,1
2900,9.52,9.38,9.26,9.45,9.93,9.64,10.0,9.74,9.53,94.3,2.0,3.0,4.0,3.0,1.0,73.6,4.9,65.4,66.3,0.0,0,Core,1
13308,5.29,5.23,4.82,4.8,4.46,4.54,4.47,4.46,4.57,62.7,1.0,1.0,0.0,0.0,0.0,51.8,1.9,27.0,35.2,0.0,0,Core,0
18862,5.73,6.11,5.66,5.77,5.4,6.14,6.52,5.84,5.73,83.0,1.0,1.0,1.0,2.0,1.0,67.8,3.2,61.7,48.4,0.0,0,Core,0
14161,8.62,8.45,8.66,8.52,8.45,9.33,8.58,8.8,8.93,80.1,2.0,4.0,3.0,2.0,0.0,95.9,4.4,69.8,64.8,0.0,0,Core,1
15154,9.36,9.96,9.4,9.7,10.0,10.0,10.0,9.96,4.23,52.14053129,1.0,5.0,3.0,3.0,1.0,35.8,2.6,7.5,82.2,1.0,-1,Noise,1
2562,7.26,6.69,6.31,6.23,6.7,7.4,7.15,6.91,6.75,96.9,1.0,2.0,1.0,1.0,0.0,75.2,2.3,59.8,54.9,1.0,0,Core,1
7309,6.62,7.0,6.48,7.13,6.35,6.56,7.08,7.0,6.73,78.4,1.0,2.0,1.0,3.0,0.0,67.8,3.4,56.3,59.0,0.0,0,Core,1
19224,6.77,6.6,6.24,5.89,6.6,6.69,5.86,6.84,6.46,50.8,0.0,0.0,0.0,1.0,0.0,69.6,1.5,28.0,31.7,0.0,0,Core,0
39544,6.85,6.28,6.84,7.03,7.21,6.99,6.95,7.07,6.88,93.9,2.0,3.0,2.0,3.0,1.0,69.6,5.0,100.0,79.8,1.0,0,Core,1
33681,9.61,9.75,9.46,9.46,9.98,9.35,9.52,10.0,9.68,74.6,1.0,2.0,2.0,2.0,1.0,71.2,2.6,53.4,42.3,1.0,0,Core,1
39098,8.41,8.17,8.36,7.59,7.83,8.67,8.69,8.09,8.38,72.6,2.0,4.0,2.0,3.0,2.0,70.8,4.7,65.3,76.5,1.0,0,Core,1
44841,7.64,7.81,7.99,8.25,7.94,7.99,7.77,7.89,7.91,70.5,1.0,1.0,1.0,2.0,1.0,64.5,2.9,58.0,50.3,0.0,0,Core,1
44615,6.16,6.58,6.67,6.78,6.5,6.44,6.58,6.51,6.54,82.2,2.0,3.0,3.0,3.0,2.0,73.3,3.9,85.8,85.1,1.0,0,Core,1
27192,7.77,7.77,7.66,7.96,7.94,7.66,8.09,7.9,7.97,79.4,1.0,1.0,2.0,1.0,1.0,63.5,3.2,57.1,54.0,0.0,0,Core,1
17477,8.78,7.99,8.12,8.16,8.39,8.52,7.61,8.16,8.15,61.7,0.0,3.0,2.0,2.0,0.0,58.7,2.6,51.3,48.9,1.0,0,Core,1
14804,7.52,7.14,7.37,7.88,7.04,7.4,6.99,7.32,7.37,68.2,1.0,3.0,2.0,2.0,1.0,67.0,4.5,78.1,76.7,1.0,0,Core,1
26838,8.44,8.23,8.39,8.05,8.1,8.29,8.81,8.56,8.43,66.6,0.0,1.0,1.0,2.0,1.0,81.6,3.3,52.0,54.9,1.0,0,Core,1
10263,7.74,8.03,7.7,7.53,7.68,7.51,7.95,7.78,7.56,73.0,1.0,3.0,1.0,2.0,0.0,69.6,2.5,49.9,47.8,1.0,0,Core,1
44191,9.19,9.2,9.6,8.56,9.65,9.57,9.28,9.52,9.33,86.8,1.0,3.0,4.0,4.0,1.0,97.7,3.8,88.8,62.3,1.0,0,Core,1
43279,9.54,9.64,9.88,9.77,9.73,9.61,9.73,9.98,9.75,73.7,1.0,2.0,1.0,1.0,0.0,62.0,2.7,60.0,43.5,1.0,0,Core,1
30949,7.43,6.81,7.32,6.86,7.19,7.41,7.22,7.43,7.2,90.6,2.0,2.0,2.0,2.0,2.0,82.5,3.7,57.6,80.2,1.0,0,Core,1
42990,9.24,8.9,9.26,9.24,9.47,8.9,9.12,9.13,9.2,73.1,2.0,4.0,3.0,4.0,2.0,84.1,4.6,88.1,71.9,0.0,0,Core,1
19710,8.87,9.2,8.82,8.97,8.75,8.65,9.3,8.53,9.01,77.2,0.0,2.0,1.0,2.0,0.0,73.1,3.7,53.8,52.5,1.0,0,Core,1
28469,6.15,5.99,6.09,5.72,5.79,6.05,5.81,6.01,5.83,66.0,0.0,1.0,1.0,1.0,0.0,40.7,1.7,36.5,33.9,1.0,0,Core,0
544,8.33,8.1,8.37,7.9,8.05,8.37,8.19,8.29,8.11,83.8,1.0,1.0,2.0,2.0,1.0,74.5,3.0,55.9,54.9,1.0,0,Core,1
23823,5.21,5.92,5.96,5.35,5.31,5.33,5.7,5.29,5.53,69.5,0.0,1.0,1.0,1.0,0.0,57.1,1.8,29.5,23.7,1.0,0,Core,0
28067,7.79,8.17,8.43,7.86,8.38,7.67,8.29,7.67,7.92,83.3,1.0,3.0,2.0,3.0,2.0,75.8,4.4,87.2,70.7,1.0,0,Core,1
34416,4.91,4.36,4.51,4.86,4.85,4.68,5.59,5.05,4.83,75.5,2.0,1.0,2.0,3.0,1.0,80.6,3.8,51.6,60.1,1.0,0,Core,0
39628,8.4,8.67,7.97,8.1,8.75,8.39,8.47,8.25,8.44,88.0,2.0,4.0,2.0,4.0,3.0,82.9,2.8,90.0,76.8,1.0,0,Core,1
1164,6.85,6.99,7.46,7.22,7.25,7.04,6.97,7.29,7.12,81.2,2.0,2.0,2.0,2.0,0.0,66.9,3.5,59.8,50.9,1.0,0,Core,1
29747,7.96,8.07,8.45,7.63,7.83,7.91,8.07,8.18,8.06,67.0,1.0,2.0,1.0,2.0,1.0,56.1,3.2,49.4,47.6,1.0,0,Core,1
2211,5.73,4.67,4.81,4.99,5.38,5.82,5.21,5.77,5.42,67.1,1.0,2.0,1.0,2.0,1.0,76.4,2.9,68.9,45.3,0.0,0,Core,0
23002,8.89,8.94,9.27,8.79,9.3,8.68,9.13,9.63,9.08,92.8,2.0,4.0,3.0,3.0,2.0,74.8,4.4,63.7,73.4,1.0,0,Core,1
32301,9.09,9.28,10.0,8.93,9.59,9.56,10.0,9.77,9.49,76.0,2.0,4.0,3.0,4.0,1.0,69.3,4.2,85.7,78.5,0.0,0,Core,1
46321,7.32,7.59,7.43,7.56,7.39,7.36,8.04,7.72,7.73,95.5,3.0,2.0,3.0,4.0,0.0,84.2,4.1,81.1,71.6,0.0,0,Core,1
28828,7.05,6.61,7.16,6.71,6.99,6.93,6.89,6.61,7.07,58.9,0.0,0.0,0.0,1.0,0.0,51.3,3.4,24.9,36.8,0.0,0,Core,0
44405,6.01,6.26,5.96,5.91,6.71,5.88,6.27,6.48,6.29,75.6,1.0,2.0,2.0,2.0,1.0,61.4,2.7,64.3,50.7,0.0,0,Core,1
18199,6.81,7.09,6.57,7.52,7.46,7.06,7.02,6.89,6.99,82.9,1.0,2.0,1.0,2.0,0.0,62.0,2.6,60.2,44.0,0.0,0,Core,1
1902,10.0,10.0,9.86,10.0,10.0,10.0,10.0,9.93,10.0,100.0,1.0,3.0,3.0,4.0,2.0,84.7,5.0,79.0,70.6,1.0,0,Core,1
37461,6.6,6.92,6.92,6.73,6.36,6.73,6.31,6.3,6.5,67.7,1.0,2.0,2.0,1.0,0.0,68.0,3.2,55.0,55.3,0.0,0,Core,1
17693,6.47,6.26,6.09,6.29,6.22,6.04,5.77,6.3,6.16,67.3,0.0,1.0,2.0,0.0,0.0,50.0,1.8,33.6,31.8,0.0,0,Core,0
28201,6.68,7.53,7.57,7.99,7.16,6.92,7.35,7.12,7.31,84.8,1.0,2.0,2.0,2.0,0.0,71.9,3.4,60.4,62.3,0.0,0,Core,1
24783,5.18,5.46,5.07,6.02,4.92,5.69,5.49,5.7,5.52,73.4,1.0,2.0,1.0,1.0,0.0,65.7,2.6,53.2,54.9,1.0,0,Core,0
28969,9.34,9.45,9.81,10.0,9.66,9.82,10.0,9.92,9.87,81.2,1.0,4.0,3.0,4.0,2.0,88.0,3.2,59.9,67.3,1.0,0,Core,1
38889,9.66,9.29,9.4,9.76,9.42,10.0,9.2,9.27,9.51,92.6,2.0,4.0,3.0,5.0,2.0,86.7,3.9,86.6,78.0,1.0,0,Core,1
35969,6.21,6.38,6.95,6.5,6.74,7.03,6.07,6.72,6.46,55.5,0.0,1.0,0.0,0.0,0.0,53.5,2.7,31.3,26.8,1.0,0,Core,0
30876,8.54,7.8,7.61,7.66,8.56,7.8,8.44,8.02,8.07,86.3,2.0,4.0,3.0,3.0,1.0,90.5,4.3,78.4,78.1,1.0,0,Core,1
38949,8.03,7.59,7.74,7.96,7.58,7.83,7.97,7.62,7.84,98.3,1.0,2.0,3.0,3.0,1.0,66.7,4.3,76.7,67.1,1.0,0,Core,1
15360,9.19,9.37,9.6,9.23,9.52,9.35,9.34,9.57,9.37,95.6,2.0,4.0,3.0,2.0,1.0,75.8,5.0,78.2,56.6,1.0,0,Core,1
42752,6.25,6.38,6.17,6.63,6.53,6.35,6.21,5.96,6.27,80.1,1.0,2.0,2.0,1.0,1.0,82.5,2.6,65.1,39.0,0.0,0,Core,1
44470,4.79,4.96,4.93,5.01,5.01,5.24,5.35,4.94,5.03,75.7,1.0,1.0,1.0,2.0,0.0,70.6,3.9,45.5,47.8,1.0,0,Core,0
19715,7.55,7.18,7.87,7.46,7.24,7.96,8.11,7.97,7.76,70.9,2.0,2.0,2.0,1.0,0.0,80.9,2.8,50.9,44.1,1.0,0,Core,1
11608,7.09,8.23,8.22,8.42,8.49,8.14,8.09,8.58,8.17,76.5,2.0,3.0,3.0,4.0,1.0,84.4,4.2,80.0,81.6,1.0,0,Core,1
36168,7.62,7.13,7.56,7.02,7.76,7.57,7.29,7.72,7.3,86.8,2.0,4.0,3.0,2.0,2.0,72.8,3.8,58.4,74.3,0.0,0,Core,1
35572,6.26,6.9,6.5,7.18,7.08,7.59,7.32,7.05,6.97,100.0,2.0,2.0,3.0,4.0,2.0,69.9,4.5,76.6,66.3,1.0,0,Core,1
30442,5.86,6.04,5.87,5.94,6.33,5.31,5.61,6.2,5.86,74.2,1.0,2.0,2.0,2.0,1.0,72.4,2.7,58.6,64.3,1.0,0,Core,0
39647,6.52,7.07,6.39,6.65,5.91,6.82,6.31,6.45,6.43,63.0,1.0,2.0,2.0,1.0,0.0,66.6,3.2,55.9,39.3,0.0,0,Core,1
45247,8.93,9.6,9.37,10.0,10.0,9.18,10.0,9.87,9.53,80.6,1.0,4.0,3.0,4.0,1.0,92.2,2.8,57.6,79.1,1.0,0,Core,1
10435,6.88,6.7,6.94,7.21,6.7,7.05,6.83,6.91,6.9,57.4,0.0,1.0,0.0,0.0,0.0,48.9,2.3,33.6,20.7,0.0,0,Core,0
45592,7.09,7.06,6.24,6.76,6.71,6.57,6.91,6.52,6.95,77.9,1.0,2.0,2.0,1.0,1.0,63.3,2.5,49.2,42.7,1.0,0,Core,1
33541,7.48,7.33,7.46,7.86,7.98,8.12,7.59,7.7,7.6,71.1,1.0,3.0,1.0,2.0,0.0,50.8,2.3,53.7,64.8,1.0,0,Core,1
4163,7.01,6.36,6.56,7.03,6.97,6.88,7.3,6.75,6.92,70.8,1.0,3.0,1.0,2.0,1.0,79.2,3.3,47.7,57.3,1.0,0,Core,1
24262,9.76,9.83,10.0,9.31,9.67,9.49,9.93,9.89,9.78,87.4,2.0,4.0,2.0,3.0,0.0,77.5,4.3,69.5,79.2,1.0,0,Core,1
27619,9.23,9.7,9.87,9.86,10.0,10.0,10.0,10.0,9.86,98.3,2.0,3.0,3.0,3.0,1.0,91.3,4.0,91.1,62.7,1.0,0,Core,1
17467,7.54,8.21,8.41,8.01,8.1,7.5,8.53,8.39,4.1,51.29166291,1.0,2.0,2.0,1.0,0.0,30.1,3.2,0.8,54.2,0.0,0,Border,1
2442,7.06,6.32,6.92,6.81,6.86,6.94,6.65,7.18,6.82,90.9,1.0,2.0,2.0,2.0,1.0,70.9,3.0,45.8,57.0,1.0,0,Core,1
6212,9.25,9.66,9.45,9.57,9.72,10.0,9.72,10.0,9.53,86.9,1.0,2.0,4.0,3.0,2.0,91.8,4.3,100.0,71.9,1.0,0,Core,1
16369,7.55,7.43,7.67,7.88,7.56,7.94,8.34,7.92,7.85,63.7,0.0,1.0,0.0,1.0,0.0,59.2,2.8,57.6,50.3,0.0,0,Core,0
6897,5.11,4.91,4.92,4.74,4.5,4.65,5.34,4.84,4.92,50.0,0.0,1.0,0.0,0.0,0.0,48.9,1.0,26.9,54.9,0.0,0,Core,0
27591,4.82,4.62,4.13,4.68,5.02,4.52,4.3,4.64,9.83,57.5,3.0,5.0,1.0,0.0,0.0,98.7,1.7,95.3,29.2,1.0,-1,Noise,0
27722,6.36,5.85,5.9,6.34,6.21,5.71,6.21,6.43,6.04,94.5,0.0,1.0,1.0,2.0,0.0,65.4,3.1,61.5,65.9,1.0,0,Core,0
6401,8.3,8.66,8.55,8.58,8.18,8.25,8.21,8.62,8.49,68.3,1.0,2.0,2.0,1.0,1.0,69.6,2.8,53.6,51.5,1.0,0,Core,1
46283,8.22,7.55,7.94,7.64,8.08,7.98,7.9,7.95,7.94,84.1,1.0,2.0,2.0,2.0,0.0,74.3,3.5,54.2,54.9,0.0,0,Core,1
30128,9.17,8.96,9.59,9.37,9.76,9.9,9.57,9.85,9.45,94.6,2.0,4.0,3.0,4.0,2.0,67.7,4.2,68.5,63.5,0.0,0,Core,1
19028,8.49,7.62,8.26,8.32,7.65,7.37,7.87,7.59,7.98,70.7,1.0,2.0,2.0,1.0,1.0,59.8,3.4,57.6,43.7,0.0,0,Core,1
33822,5.82,7.07,6.64,6.52,6.77,6.12,6.03,6.65,6.51,74.1,1.0,2.0,1.0,2.0,0.0,72.6,3.0,57.6,52.2,0.0,0,Core,0
32757,5.74,4.94,5.98,5.82,5.28,5.31,5.75,5.34,5.46,54.4,0.0,1.0,1.0,0.0,0.0,55.4,2.0,28.4,25.6,0.0,0,Core,0
47478,9.68,10.0,10.0,9.92,9.8,10.0,9.85,10.0,9.7,97.6,3.0,3.0,2.0,3.0,2.0,83.4,3.2,57.2,69.2,0.0,0,Core,1
31633,9.1,9.2,9.11,8.84,8.98,9.36,9.4,9.22,9.22,73.9,2.0,3.0,3.0,3.0,2.0,75.6,5.0,72.2,82.1,0.0,0,Core,1
18559,7.73,7.37,7.3,7.58,7.82,6.84,7.23,6.91,7.55,70.4,1.0,1.0,1.0,2.0,1.0,69.6,2.8,55.4,51.3,1.0,0,Core,1
16626,6.38,5.67,6.55,6.03,6.06,5.65,5.73,6.46,5.91,53.8,1.0,2.0,2.0,1.0,1.0,65.1,2.6,53.8,55.2,1.0,0,Core,0
17532,6.65,6.09,6.46,6.63,6.53,7.44,5.9,6.65,6.58,72.8,1.0,2.0,2.0,2.0,1.0,72.3,3.2,68.7,45.2,1.0,0,Core,1
37648,6.64,6.22,6.15,5.84,6.18,6.61,5.97,6.86,6.39,50.0,0.0,0.0,1.0,0.0,0.0,40.2,1.3,24.6,36.9,0.0,0,Core,0
33396,6.12,5.97,5.89,5.87,6.13,5.15,5.63,5.18,5.72,50.0,1.0,1.0,0.0,0.0,0.0,53.7,1.1,29.1,28.6,0.0,0,Core,0
17828,8.91,8.44,8.68,8.9,8.55,8.86,8.32,8.91,8.68,95.9,2.0,2.0,4.0,3.0,1.0,72.6,3.6,86.1,61.1,1.0,0,Core,1
14428,10.0,10.0,9.97,9.98,10.0,10.0,10.0,10.0,10.0,97.4,2.0,4.0,3.0,3.0,1.0,68.4,3.6,64.7,63.5,1.0,0,Core,1
1006,7.63,8.33,8.14,7.7,7.7,8.15,8.32,8.47,8.15,81.4,1.0,2.0,2.0,2.0,1.0,57.9,3.9,62.6,57.1,0.0,0,Core,1
5489,8.85,8.69,8.27,9.09,9.09,8.69,9.08,9.28,8.92,79.1,1.0,1.0,1.0,2.0,0.0,72.4,3.3,57.3,54.9,1.0,0,Core,1
45616,6.1,6.19,5.68,5.85,5.79,5.77,5.75,5.67,9.81,89.4,3.0,5.0,2.0,2.0,0.0,97.1,2.2,96.1,54.9,1.0,1,Border,0
17407,6.61,6.3,6.26,6.18,6.48,6.04,6.31,6.08,6.23,92.7,2.0,3.0,3.0,4.0,2.0,63.5,5.0,82.9,81.3,1.0,0,Core,1
455,9.42,10.0,10.0,10.0,10.0,10.0,10.0,10.0,9.86,87.9,1.0,3.0,2.0,3.0,1.0,73.3,3.8,70.5,71.7,1.0,0,Core,1
4245,7.31,7.27,6.95,7.78,7.0,7.45,7.44,7.45,7.36,85.1,0.0,2.0,2.0,2.0,1.0,71.0,3.4,61.5,54.4,1.0,0,Core,1
39506,5.46,5.7,4.97,4.74,4.99,4.56,5.38,4.9,5.08,64.2,0.0,1.0,1.0,1.0,0.0,51.9,2.8,32.5,54.9,0.0,0,Core,0
43384,7.74,8.34,7.81,8.56,8.56,8.28,8.31,7.89,8.13,93.5,3.0,3.0,3.0,4.0,1.0,86.9,4.1,71.7,98.6,1.0,0,Core,1
34293,6.72,7.53,7.03,7.14,7.06,7.18,6.87,7.13,7.18,77.9,1.0,2.0,2.0,2.0,1.0,69.6,2.5,44.8,47.8,0.0,0,Core,1
41414,4.56,4.85,4.56,4.48,4.42,4.51,4.58,4.75,4.54,68.0,0.0,1.0,0.0,0.0,1.0,45.2,2.3,25.9,37.3,0.0,0,Core,0
44592,6.05,6.24,6.26,6.22,6.14,5.62,5.85,6.19,6.14,82.9,1.0,2.0,2.0,2.0,1.0,65.6,3.4,38.6,47.9,0.0,0,Core,0
31954,5.28,5.57,6.27,5.88,5.58,5.37,5.82,4.75,5.49,54.8,1.0,1.0,0.0,0.0,0.0,33.1,2.8,31.2,32.7,0.0,0,Core,0
29981,9.33,9.58,8.68,8.99,8.86,9.39,8.74,9.65,9.16,93.1,2.0,2.0,2.0,3.0,1.0,95.8,3.0,70.5,75.0,1.0,0,Core,1
9392,6.19,5.52,6.29,6.15,6.35,6.16,6.18,6.06,6.16,58.7,0.0,0.0,0.0,0.0,0.0,62.5,1.7,23.1,27.3,1.0,0,Core,0
22339,6.04,6.83,6.91,6.99,6.75,6.25,6.15,6.16,6.4,54.0,0.0,1.0,1.0,0.0,0.0,42.7,1.7,29.6,28.9,1.0,0,Core,0
11709,8.22,8.48,8.36,8.26,8.23,8.26,8.32,8.66,8.38,74.4,1.0,3.0,1.0,2.0,0.0,70.1,3.0,57.5,55.1,0.0,0,Core,1
12967,6.79,6.14,7.12,6.56,6.77,6.94,6.69,6.89,6.53,77.4,0.0,1.0,1.0,2.0,0.0,57.8,1.9,60.7,49.8,1.0,0,Core,0
45665,6.64,7.54,7.55,7.21,6.71,7.53,7.52,7.49,7.39,96.7,3.0,4.0,4.0,3.0,2.0,69.1,3.6,66.6,97.1,0.0,0,Core,1
12825,6.86,6.85,6.49,6.82,6.72,6.85,6.46,6.14,6.57,57.8,0.0,0.0,2.0,0.0,0.0,48.5,1.0,57.6,24.8,1.0,0,Core,0
29862,6.69,6.3,7.02,6.88,6.87,7.5,7.06,7.12,6.88,94.1,1.0,3.0,3.0,2.0,2.0,76.5,4.7,76.1,79.0,1.0,0,Core,1
36408,9.1,8.78,9.0,9.07,9.53,9.32,8.92,8.94,9.2,66.8,1.0,2.0,1.0,2.0,0.0,73.5,3.2,57.6,54.0,1.0,0,Core,1
19205,7.7,7.32,7.35,7.56,7.92,8.1,7.78,7.59,7.59,96.5,1.0,1.0,2.0,2.0,1.0,76.9,3.1,46.0,51.2,0.0,0,Core,0
7777,8.88,8.25,8.59,8.56,9.23,8.9,8.92,8.64,8.9,84.8,1.0,2.0,3.0,2.0,1.0,85.7,4.9,70.9,70.1,1.0,0,Core,1
35973,5.68,6.17,5.84,5.81,6.59,5.63,6.02,5.66,5.77,60.6,1.0,2.0,1.0,0.0,1.0,85.9,3.8,57.6,46.6,0.0,0,Core,1
46216,5.62,6.35,6.35,5.49,5.71,6.3,6.34,6.47,5.94,78.7,2.0,2.0,3.0,3.0,2.0,84.5,5.0,78.2,54.9,0.0,0,Core,1
26543,5.82,6.04,5.48,6.06,6.44,6.1,5.69,4.91,9.92,69.4,3.0,5.0,1.0,1.0,0.0,99.2,1.0,95.8,34.1,0.0,1,Border,0
26717,9.48,9.53,9.35,9.43,10.0,9.8,9.46,9.58,9.54,100.0,1.0,3.0,4.0,4.0,2.0,88.4,3.2,91.7,78.7,1.0,0,Core,1
41854,5.7,5.67,5.26,6.38,5.55,5.61,5.31,5.35,5.47,64.3,0.0,1.0,1.0,0.0,0.0,49.1,2.3,30.5,35.1,0.0,0,Core,0
15470,5.94,5.55,5.28,5.31,5.97,6.27,5.46,5.39,5.68,66.7,0.0,1.0,0.0,0.0,0.0,47.8,2.6,23.0,22.6,0.0,0,Core,0
27056,9.98,9.51,10.0,9.49,9.99,10.0,10.0,9.87,9.73,95.9,1.0,3.0,3.0,2.0,1.0,68.4,3.9,69.5,54.9,0.0,0,Core,1
11063,5.82,6.2,6.02,6.56,5.23,5.97,5.93,5.54,5.89,64.6,0.0,0.0,1.0,1.0,0.0,55.2,1.6,23.9,31.2,0.0,0,Core,0
12111,7.9,8.47,8.61,8.22,8.52,8.67,8.96,8.52,8.55,89.7,2.0,4.0,2.0,2.0,0.0,69.6,4.9,57.6,77.0,1.0,0,Core,1
14519,4.69,4.55,4.72,5.0,4.81,4.9,4.87,4.47,4.8,61.9,0.0,0.0,1.0,0.0,0.0,40.8,2.1,27.0,26.6,0.0,0,Core,0
37533,8.47,8.46,8.39,8.07,8.12,8.61,8.18,8.9,8.28,94.7,1.0,4.0,2.0,3.0,1.0,84.9,3.2,77.5,60.4,0.0,0,Core,1
33613,8.89,8.41,8.98,8.46,8.81,8.82,9.29,8.58,8.83,70.4,1.0,2.0,2.0,2.0,0.0,80.0,1.7,50.1,51.6,1.0,0,Core,1
13434,7.43,7.5,7.93,7.6,7.25,7.64,7.27,7.55,7.43,91.1,0.0,2.0,2.0,2.0,0.0,85.3,2.5,57.9,44.3,0.0,0,Core,1
3054,8.95,7.88,8.66,8.01,8.37,8.72,8.49,8.06,8.41,87.2,1.0,4.0,2.0,3.0,1.0,69.6,4.3,81.3,70.0,1.0,0,Core,1
17453,7.75,7.75,7.37,7.66,7.76,7.62,8.07,7.57,7.67,71.0,1.0,2.0,2.0,2.0,1.0,66.9,2.8,40.6,55.6,1.0,0,Core,1
27506,7.18,7.52,7.79,7.42,7.8,7.51,7.7,7.41,7.42,79.8,1.0,2.0,2.0,1.0,1.0,63.9,2.4,61.0,41.9,1.0,0,Core,0
48931,6.43,6.74,6.53,6.37,6.73,6.78,6.92,6.86,4.27,50.18724547,1.0,1.0,2.0,1.0,1.0,36.5,2.6,1.9,55.3,0.0,0,Core,0
20001,7.26,7.26,7.17,7.25,7.01,7.46,7.39,7.36,7.14,75.9,2.0,2.0,2.0,0.0,1.0,72.1,2.4,66.0,55.1,0.0,0,Core,1
39080,4.25,4.37,4.0,4.0,4.0,4.0,4.0,4.0,4.0,54.6,0.0,0.0,1.0,0.0,0.0,50.1,1.8,32.0,32.5,0.0,0,Core,0
9274,7.65,8.26,8.37,8.19,8.25,8.62,7.9,8.24,8.41,79.9,0.0,1.0,3.0,2.0,0.0,67.6,4.1,47.9,51.5,0.0,0,Core,1
10135,10.0,9.74,10.0,10.0,10.0,10.0,10.0,9.9,10.0,82.5,2.0,3.0,3.0,2.0,1.0,93.3,4.4,75.3,90.4,0.0,0,Core,1
2983,6.97,6.75,7.58,6.89,7.21,7.09,7.22,6.96,7.09,83.4,0.0,2.0,2.0,2.0,0.0,71.9,3.4,43.8,46.4,1.0,0,Core,0
31600,5.64,5.8,5.62,6.03,6.11,6.57,6.44,6.12,9.81,73.5,3.0,5.0,1.0,1.0,0.0,99.1,3.0,96.7,52.1,0.0,1,Border,1
47438,8.42,8.43,8.48,8.18,8.11,8.72,8.74,9.04,8.35,87.8,2.0,2.0,3.0,3.0,2.0,78.0,3.4,75.5,66.5,0.0,0,Core,1
40224,6.82,6.96,6.43,6.24,6.59,6.19,6.13,6.12,6.62,53.3,0.0,1.0,0.0,0.0,0.0,47.7,1.8,31.9,54.9,0.0,0,Core,0
5771,6.92,5.76,6.38,6.06,5.72,6.16,6.31,6.18,6.06,77.6,1.0,2.0,1.0,2.0,0.0,69.2,2.7,52.6,56.1,0.0,0,Core,1
34871,6.67,5.91,5.54,6.21,5.54,6.2,5.85,6.16,6.15,77.3,1.0,2.0,2.0,2.0,1.0,51.7,2.2,51.2,54.9,1.0,0,Core,0
29000,5.58,6.42,5.81,5.89,6.19,6.0,6.1,5.8,5.97,66.3,0.0,1.0,0.0,0.0,0.0,59.4,1.3,29.5,31.9,0.0,0,Core,0
16321,6.17,5.9,6.18,6.38,6.42,6.88,6.73,6.31,6.49,58.8,0.0,0.0,0.0,0.0,0.0,41.9,1.5,31.3,26.7,0.0,0,Core,0
38545,9.99,10.0,10.0,10.0,10.0,10.0,10.0,10.0,10.0,85.2,2.0,4.0,2.0,3.0,2.0,91.7,4.1,72.6,65.1,1.0,0,Core,1
14816,7.46,7.31,6.61,6.38,6.73,7.01,7.15,6.76,6.88,70.9,0.0,2.0,2.0,2.0,1.0,68.5,2.8,62.6,49.2,0.0,0,Core,0
17963,7.62,8.09,7.84,7.83,7.89,7.92,7.61,7.44,7.8,78.2,1.0,2.0,2.0,2.0,1.0,61.6,2.6,48.1,66.5,1.0,0,Core,1
23648,9.6,9.75,9.97,9.75,9.52,10.0,9.77,10.0,9.74,86.0,2.0,4.0,2.0,4.0,1.0,78.2,3.2,58.2,58.7,1.0,0,Core,1
8480,6.13,5.73,5.42,5.88,5.61,5.51,5.62,5.76,5.64,62.0,1.0,0.0,1.0,0.0,0.0,52.5,2.0,37.4,54.9,0.0,0,Core,0
22896,8.61,8.45,9.01,9.2,8.51,9.04,9.07,9.34,8.83,72.5,2.0,3.0,2.0,4.0,2.0,89.9,3.7,70.8,54.9,0.0,0,Core,1
18854,7.48,7.14,7.32,7.33,7.5,7.77,6.64,7.04,7.35,76.0,1.0,2.0,1.0,2.0,0.0,74.0,2.7,48.1,55.8,0.0,0,Core,1
39475,8.72,8.85,9.54,8.84,8.83,9.42,9.27,9.45,9.2,95.6,1.0,3.0,3.0,4.0,1.0,82.4,4.2,52.6,61.7,0.0,0,Core,1
9354,7.56,7.75,7.67,7.57,7.83,7.99,7.57,7.77,7.74,100.0,1.0,3.0,2.0,2.0,2.0,94.7,4.2,81.2,70.6,1.0,0,Core,1
25043,6.82,6.43,7.64,6.94,7.11,7.42,6.68,7.22,6.98,76.8,1.0,2.0,1.0,3.0,0.0,55.1,3.5,51.2,48.9,1.0,0,Core,1
46016,8.44,8.08,8.25,8.2,7.37,8.46,8.67,8.24,4.44,54.84114985,1.0,1.0,2.0,2.0,1.0,30.7,2.5,7.6,54.9,0.0,0,Border,1
2758,5.25,5.2,5.26,5.48,5.54,5.63,5.38,4.76,5.32,51.5,0.0,1.0,0.0,1.0,0.0,51.4,1.0,24.4,30.8,1.0,0,Core,0
12215,6.51,6.83,6.05,7.25,6.55,6.77,5.96,6.64,6.38,71.6,1.0,1.0,2.0,2.0,1.0,65.6,3.2,52.2,36.4,1.0,0,Core,0
23492,5.69,5.65,5.46,6.11,5.63,5.5,4.91,4.87,5.25,53.1,0.0,1.0,0.0,1.0,0.0,69.6,1.6,31.8,35.2,0.0,0,Core,0
28028,9.95,9.74,9.93,10.0,10.0,9.93,10.0,10.0,9.91,98.8,1.0,3.0,3.0,2.0,1.0,74.2,4.2,77.9,77.0,0.0,0,Core,1
4129,7.69,7.28,7.25,8.24,7.68,7.93,8.2,8.13,7.81,78.7,2.0,3.0,4.0,3.0,1.0,84.2,4.5,84.8,77.8,1.0,0,Core,1
30612,8.57,7.97,8.41,8.86,8.9,8.97,9.27,9.1,8.68,87.0,3.0,2.0,3.0,3.0,2.0,84.6,3.2,64.0,81.0,0.0,0,Core,1
7916,7.89,7.88,7.6,8.16,8.57,7.86,8.28,8.74,8.11,84.6,2.0,3.0,3.0,3.0,1.0,70.4,3.9,83.7,59.6,1.0,0,Core,1
27688,6.96,6.95,7.09,7.65,7.49,7.59,8.1,7.35,7.45,95.5,2.0,2.0,2.0,3.0,1.0,96.5,3.8,81.3,64.3,0.0,0,Core,1
25573,9.4,9.82,10.0,10.0,10.0,9.89,9.73,10.0,9.71,79.8,1.0,4.0,3.0,3.0,1.0,80.2,3.2,79.6,87.1,1.0,0,Core,1
2183,9.39,9.42,9.13,9.02,9.09,9.47,9.6,9.47,9.29,94.2,3.0,3.0,2.0,3.0,1.0,69.6,5.0,81.2,87.4,1.0,0,Core,1
29966,8.63,8.32,8.76,8.76,8.7,9.02,8.91,9.21,8.86,77.9,2.0,3.0,3.0,3.0,1.0,87.1,3.9,69.3,65.1,1.0,0,Core,1
26217,6.88,5.83,6.1,6.07,6.05,6.16,6.02,6.01,6.09,74.8,1.0,2.0,1.0,1.0,0.0,79.3,3.2,62.5,56.9,1.0,0,Core,1
4823,8.05,7.88,7.91,7.67,7.68,8.03,8.06,7.37,8.05,80.1,0.0,2.0,2.0,2.0,1.0,58.6,2.5,65.8,54.9,0.0,0,Core,1
2111,10.0,10.0,9.93,9.3,10.0,10.0,10.0,10.0,9.91,84.0,3.0,3.0,3.0,4.0,2.0,59.4,4.9,86.7,71.7,1.0,0,Core,1
20932,8.15,8.19,8.63,7.84,8.12,7.93,8.14,7.98,8.1,63.1,1.0,2.0,1.0,2.0,1.0,62.3,3.4,46.4,53.7,1.0,0,Core,1
25271,8.64,8.45,8.69,8.28,8.28,8.79,8.4,9.45,8.6,98.7,1.0,4.0,3.0,3.0,1.0,69.6,5.0,59.6,72.5,1.0,0,Core,1
177,7.92,7.56,7.78,7.18,7.15,7.16,7.32,8.1,7.46,79.0,1.0,3.0,1.0,1.0,0.0,62.6,3.4,58.3,41.9,1.0,0,Core,1
5684,8.23,7.36,7.71,7.49,8.09,7.6,7.67,7.7,7.87,100.0,1.0,3.0,2.0,3.0,1.0,71.2,3.4,90.6,74.2,0.0,0,Core,1
47938,4.33,5.24,5.13,5.47,4.92,5.52,5.07,5.1,5.11,71.5,0.0,0.0,1.0,0.0,1.0,50.1,2.7,33.1,26.5,0.0,0,Core,0
32859,10.0,9.97,10.0,9.91,10.0,10.0,9.71,10.0,9.92,82.3,2.0,4.0,2.0,1.0,1.0,82.4,4.0,89.9,88.8,1.0,0,Core,1
28222,8.45,9.11,9.02,9.63,8.68,9.05,9.21,8.79,8.91,91.3,2.0,5.0,2.0,3.0,1.0,100.0,3.8,89.0,66.3,1.0,0,Core,1
28531,7.1,6.83,7.66,6.59,7.02,7.21,7.19,7.02,9.92,70.2,3.0,5.0,1.0,2.0,0.0,96.5,2.2,96.4,51.7,1.0,0,Border,1
15850,7.36,7.89,7.72,7.88,7.81,7.44,7.49,7.23,7.57,62.3,1.0,1.0,3.0,1.0,0.0,71.8,4.3,52.3,57.1,0.0,0,Core,1
23745,7.67,6.65,7.08,7.36,7.15,7.35,7.3,7.2,7.24,91.3,2.0,4.0,3.0,2.0,2.0,72.7,4.2,70.0,56.2,0.0,0,Core,1
43284,5.99,6.33,6.36,6.03,6.23,6.32,6.45,6.32,6.47,77.7,0.0,2.0,2.0,2.0,1.0,72.0,2.7,57.6,48.4,0.0,0,Core,0
20614,6.05,6.39,5.74,6.45,6.44,6.18,5.88,5.88,9.82,59.3,3.0,5.0,2.0,3.0,0.0,99.1,2.5,97.0,57.3,1.0,1,Border,0
27820,7.78,7.54,7.76,8.1,7.58,7.37,7.72,7.28,7.77,77.6,0.0,2.0,1.0,2.0,0.0,63.3,3.3,50.5,55.4,0.0,0,Core,0
38873,5.67,6.07,5.19,5.81,6.1,5.72,5.74,5.75,5.74,67.7,0.0,2.0,2.0,2.0,1.0,60.6,3.5,53.7,59.7,0.0,0,Core,0
27588,6.28,6.07,5.96,5.98,6.68,6.47,6.46,6.79,6.31,62.3,1.0,1.0,1.0,3.0,0.0,59.1,2.8,62.7,56.2,0.0,0,Core,1
41890,5.88,5.47,6.14,5.37,5.6,5.76,5.35,5.19,5.72,59.3,1.0,1.0,0.0,0.0,0.0,49.0,1.9,21.5,32.7,0.0,0,Core,0
23873,7.72,8.0,7.2,7.88,7.62,7.43,7.4,7.81,7.79,69.3,2.0,2.0,1.0,1.0,0.0,51.0,4.0,56.3,60.5,1.0,0,Core,1
10916,7.9,7.52,7.42,7.91,8.44,8.21,7.62,8.34,7.93,84.1,2.0,3.0,2.0,3.0,2.0,84.4,4.3,88.8,89.2,0.0,0,Core,1
22990,4.77,5.02,4.87,4.6,4.78,4.87,4.31,4.16,4.63,78.6,1.0,1.0,0.0,0.0,0.0,54.7,2.2,28.7,24.5,0.0,0,Core,0
47402,4.11,4.0,4.0,4.04,4.38,4.0,4.0,4.0,4.04,68.0,0.0,1.0,0.0,0.0,0.0,47.2,2.5,30.8,54.9,0.0,0,Core,0
20375,7.2,6.73,7.04,7.19,7.0,6.58,7.3,7.36,6.94,68.4,1.0,1.0,1.0,2.0,0.0,68.8,3.2,66.5,57.3,0.0,0,Core,1
24684,7.46,7.0,7.11,7.71,7.54,7.68,7.33,8.01,7.56,85.6,2.0,2.0,2.0,4.0,1.0,69.6,3.8,79.7,91.9,0.0,0,Core,1
8054,7.07,7.66,7.31,7.43,8.06,7.41,7.44,7.92,7.37,78.9,1.0,1.0,1.0,1.0,0.0,70.1,3.4,59.2,45.5,0.0,0,Core,0
1742,6.36,6.55,5.72,6.48,5.88,5.59,5.78,6.17,4.04,54.07539255,1.0,2.0,2.0,1.0,1.0,33.0,3.8,7.4,57.0,1.0,0,Border,1
25117,8.57,8.56,8.56,7.72,8.98,8.94,9.07,9.04,8.59,75.7,1.0,4.0,3.0,3.0,1.0,77.2,5.0,65.3,71.5,0.0,0,Core,1
24185,6.17,5.8,6.19,6.24,6.18,6.16,6.11,6.17,6.22,76.1,1.0,2.0,2.0,2.0,0.0,65.8,3.0,59.4,38.1,1.0,0,Core,1
13632,9.56,10.0,9.71,9.19,9.22,10.0,9.24,9.28,9.34,100.0,2.0,3.0,3.0,2.0,2.0,57.5,4.8,83.2,71.9,1.0,0,Core,1
4304,5.79,5.78,5.58,6.03,5.8,6.03,5.82,5.52,5.65,77.2,1.0,2.0,2.0,2.0,1.0,79.6,3.4,57.7,48.5,1.0,0,Core,1
21988,9.76,9.98,9.78,10.0,9.66,9.77,9.99,9.64,9.74,94.0,1.0,1.0,1.0,3.0,0.0,72.3,3.1,49.7,49.1,0.0,0,Core,1
35720,7.64,7.17,7.39,7.3,7.52,7.79,7.3,7.37,7.39,56.1,1.0,2.0,1.0,2.0,0.0,73.3,3.2,51.6,52.0,0.0,0,Core,0
23461,8.62,8.69,8.65,8.35,8.13,8.17,7.92,8.28,8.23,59.5,0.0,1.0,0.0,0.0,1.0,41.2,2.0,29.6,31.2,0.0,0,Border,0
10445,7.12,6.63,6.4,6.98,7.15,7.52,6.99,6.79,6.76,100.0,1.0,4.0,2.0,3.0,1.0,62.6,3.5,70.7,79.0,1.0,0,Core,1
42407,8.29,6.97,7.67,7.08,8.18,7.15,7.49,7.45,7.59,61.5,1.0,2.0,2.0,2.0,0.0,68.3,2.6,46.6,60.7,0.0,0,Core,1
15710,5.29,4.82,5.09,4.91,4.76,4.85,4.49,5.0,9.83,60.0,3.0,5.0,1.0,2.0,1.0,98.0,2.8,99.8,53.1,0.0,1,Border,0
33010,8.9,9.21,9.33,9.07,9.39,9.3,9.25,9.04,9.9,100.0,3.0,5.0,2.0,3.0,1.0,98.3,4.2,97.2,59.2,0.0,0,Core,1
10280,5.81,5.82,5.69,6.39,5.91,5.84,6.4,5.8,5.84,77.6,1.0,3.0,3.0,2.0,0.0,71.7,2.2,57.6,55.3,0.0,0,Core,1
20946,9.62,9.93,9.76,9.82,9.41,10.0,9.59,9.98,9.7,100.0,2.0,3.0,4.0,4.0,1.0,88.7,4.5,84.3,71.2,0.0,0,Core,1
5654,5.71,5.51,5.73,5.43,5.99,5.84,5.66,5.84,5.78,73.3,1.0,2.0,2.0,2.0,1.0,69.6,3.2,63.0,54.9,0.0,0,Core,0
4817,5.14,4.61,4.79,5.11,5.04,4.92,4.06,5.09,4.83,66.6,0.0,2.0,1.0,1.0,0.0,49.3,2.1,32.8,27.3,0.0,0,Core,0
36891,6.62,6.61,6.43,6.67,6.75,6.65,6.8,7.15,6.62,52.8,1.0,1.0,2.0,1.0,0.0,50.1,2.0,29.7,32.2,0.0,0,Core,0
39174,4.7,5.14,4.97,4.91,5.5,4.7,5.22,4.86,5.01,67.3,1.0,1.0,1.0,1.0,0.0,40.8,1.9,27.5,33.2,0.0,0,Core,0
15057,7.33,7.52,7.64,7.78,7.82,7.37,7.52,7.38,7.55,81.6,2.0,3.0,3.0,4.0,1.0,83.9,4.0,66.4,85.0,0.0,0,Core,1
13944,9.33,9.21,8.9,9.88,9.0,10.0,9.86,9.85,9.45,82.5,2.0,4.0,2.0,4.0,1.0,90.9,4.5,85.1,78.1,1.0,0,Core,1
21682,6.18,6.45,6.41,6.29,6.53,6.41,5.36,6.45,4.3,54.52027471,1.0,1.0,1.0,1.0,0.0,36.3,3.2,7.1,33.6,0.0,0,Core,0
35500,7.3,7.27,7.01,7.5,6.61,6.96,6.84,7.23,7.15,94.3,1.0,3.0,2.0,1.0,1.0,59.5,3.0,50.9,54.1,1.0,0,Core,1
11029,4.41,4.62,4.26,5.02,4.85,4.44,4.0,4.0,4.44,60.8,0.0,0.0,0.0,1.0,0.0,46.1,1.1,29.2,24.3,0.0,0,Core,0
4449,7.68,7.68,7.73,8.13,7.41,8.48,7.74,8.03,9.79,82.4,3.0,5.0,3.0,2.0,1.0,98.7,5.0,96.3,55.5,1.0,0,Core,1
39839,6.39,6.83,6.95,7.0,7.11,7.2,6.96,6.96,6.83,83.5,3.0,4.0,3.0,3.0,1.0,87.7,3.4,77.0,54.9,1.0,0,Core,1
42197,7.76,8.84,8.32,8.06,8.01,7.95,8.24,8.22,8.33,79.8,0.0,2.0,2.0,2.0,1.0,77.9,2.5,54.3,54.9,0.0,0,Core,1
32526,6.47,6.23,6.5,6.47,6.05,5.36,5.56,5.99,5.9,66.7,0.0,1.0,1.0,0.0,0.0,47.4,2.6,57.6,35.4,0.0,0,Core,0
30353,8.25,8.24,8.04,8.45,8.52,8.47,8.07,8.37,8.36,71.6,1.0,1.0,2.0,1.0,0.0,63.0,2.9,64.8,58.7,1.0,0,Core,1
27615,9.06,9.02,8.37,8.96,9.56,9.69,9.62,8.8,9.12,87.1,1.0,3.0,3.0,3.0,2.0,92.7,3.2,71.0,84.4,1.0,0,Core,1
20950,7.05,7.8,7.28,7.94,8.16,8.15,8.34,7.72,7.8,77.0,2.0,3.0,3.0,3.0,1.0,77.9,5.0,59.1,76.0,1.0,0,Core,1
45485,8.63,8.55,8.61,8.93,8.94,8.98,8.64,9.09,8.68,84.8,2.0,3.0,2.0,2.0,1.0,94.7,3.2,67.3,68.9,1.0,0,Core,1
38588,7.96,8.09,7.64,7.69,8.33,8.15,7.37,8.06,7.98,82.2,2.0,3.0,3.0,3.0,0.0,80.9,4.9,78.0,62.2,1.0,0,Core,1
17250,5.59,5.03,4.76,5.25,5.77,5.58,5.54,4.58,5.22,56.7,0.0,0.0,1.0,0.0,0.0,51.1,1.3,29.1,36.6,0.0,0,Core,0
3432,4.11,4.89,4.63,4.62,4.16,4.24,4.8,4.1,4.5,58.0,0.0,1.0,0.0,0.0,0.0,43.4,1.5,27.1,30.2,1.0,0,Core,0
46131,6.94,7.48,7.03,7.14,6.99,7.05,7.26,7.44,4.48,52.7821298,1.0,4.0,2.0,3.0,1.0,33.6,4.1,3.3,75.2,1.0,-1,Noise,1
1793,6.59,6.84,6.66,6.52,6.88,6.78,6.51,6.79,6.66,77.6,1.0,2.0,1.0,1.0,0.0,80.7,3.6,59.8,52.4,0.0,0,Core,1
4866,6.82,6.39,6.99,6.93,7.06,6.9,6.95,6.78,6.68,75.3,1.0,1.0,2.0,2.0,1.0,48.3,2.4,49.6,43.3,1.0,0,Core,0
27416,7.2,8.03,7.77,7.97,8.02,8.33,8.38,7.95,7.85,89.2,2.0,3.0,3.0,2.0,1.0,92.5,3.2,85.6,54.9,0.0,0,Core,1
17915,8.57,9.25,10.0,9.19,9.29,9.42,9.16,9.32,9.39,83.7,1.0,3.0,3.0,3.0,1.0,95.9,3.3,65.3,54.9,1.0,0,Core,1
37333,7.12,7.55,7.5,7.83,7.62,7.54,7.44,7.91,7.5,70.5,1.0,2.0,2.0,1.0,1.0,88.3,2.9,55.8,51.1,0.0,0,Core,1
7593,7.57,7.02,7.65,7.21,7.42,7.6,7.68,8.22,7.69,69.1,1.0,2.0,1.0,1.0,1.0,67.8,4.1,58.7,62.6,1.0,0,Core,1
47135,7.92,8.04,7.9,7.85,8.83,7.55,8.28,7.66,8.01,78.5,2.0,2.0,2.0,4.0,2.0,61.2,4.5,79.5,73.5,1.0,0,Core,1
44991,7.29,7.25,6.83,7.08,7.1,7.17,7.41,7.16,9.96,84.4,3.0,5.0,1.0,2.0,0.0,98.3,2.2,95.4,47.3,1.0,0,Border,1
40269,6.72,6.28,6.95,7.35,6.58,7.14,7.09,7.18,6.87,82.2,2.0,4.0,3.0,4.0,1.0,72.8,3.9,89.7,67.4,1.0,0,Core,1
5170,9.4,10.0,10.0,9.62,9.62,9.34,9.95,9.41,9.69,73.0,1.0,2.0,2.0,2.0,0.0,66.6,2.4,53.9,54.6,1.0,0,Core,1
35152,4.0,4.33,4.48,4.07,4.0,4.0,4.0,4.19,4.0,58.4,0.0,1.0,0.0,0.0,0.0,43.1,1.0,57.6,35.0,0.0,0,Core,0
46636,7.37,7.66,7.83,7.61,7.03,7.69,7.8,7.91,7.74,70.0,2.0,2.0,1.0,0.0,0.0,58.6,2.9,57.6,54.9,0.0,0,Core,1
32958,6.3,6.19,6.63,6.16,5.84,5.84,5.9,6.03,4.09,54.7506162,1.0,1.0,1.0,3.0,0.0,34.8,3.2,3.2,55.9,0.0,0,Border,0
40262,7.74,7.62,7.38,7.85,6.95,7.92,7.56,7.32,7.39,78.6,1.0,2.0,2.0,2.0,0.0,78.9,3.4,57.6,49.4,1.0,0,Core,1
11808,8.0,7.87,7.92,8.55,7.83,8.77,7.79,8.33,8.15,98.0,2.0,5.0,3.0,4.0,1.0,83.4,4.5,62.8,66.6,1.0,0,Core,1
42049,6.42,7.29,6.34,6.63,5.46,6.95,6.73,6.14,6.49,72.9,0.0,1.0,2.0,2.0,1.0,71.8,2.0,62.1,56.9,1.0,0,Core,0
2711,7.04,6.92,7.65,7.34,7.29,6.68,7.59,7.45,7.32,71.6,2.0,2.0,1.0,2.0,1.0,72.1,3.2,59.4,47.9,0.0,0,Core,1
12884,7.84,7.2,7.49,7.53,7.2,7.43,7.91,7.76,7.63,76.4,0.0,1.0,2.0,2.0,1.0,67.9,3.2,56.2,57.5,0.0,0,Core,0
46276,5.29,5.37,5.77,5.82,5.77,5.08,5.75,5.53,5.47,83.2,1.0,2.0,2.0,2.0,0.0,64.1,4.0,59.0,55.1,1.0,0,Core,1
44109,5.39,5.41,4.76,5.36,4.44,5.04,4.62,4.69,4.97,57.4,1.0,0.0,0.0,0.0,0.0,51.2,2.1,26.3,35.5,0.0,0,Core,0
5228,5.16,6.01,4.98,5.75,5.31,5.46,5.27,5.41,5.29,58.2,0.0,1.0,0.0,1.0,0.0,31.5,3.2,36.7,32.1,1.0,0,Core,0
34402,8.56,8.29,7.62,8.09,9.31,8.29,8.36,9.08,8.61,80.6,2.0,5.0,3.0,3.0,2.0,69.6,3.4,87.5,82.1,1.0,0,Core,1
46087,9.09,9.63,9.39,9.21,9.96,9.34,9.98,9.55,9.65,95.2,2.0,3.0,3.0,2.0,1.0,77.2,3.4,53.5,74.4,1.0,0,Core,1
5187,8.66,7.85,8.18,8.15,8.47,8.7,8.39,7.99,8.37,70.7,1.0,1.0,2.0,2.0,0.0,60.0,3.2,59.6,50.5,1.0,0,Core,1
13710,7.75,9.16,8.48,8.36,7.95,8.55,8.44,8.5,8.42,85.7,1.0,2.0,2.0,2.0,1.0,70.9,3.0,59.8,60.8,1.0,0,Core,1
18173,8.87,8.75,7.82,8.54,8.51,8.6,8.41,9.11,8.52,91.5,1.0,3.0,2.0,4.0,1.0,95.1,5.0,74.2,90.7,1.0,0,Core,1
39230,4.0,4.61,5.09,4.63,4.58,4.5,4.85,5.14,4.66,85.1,2.0,3.0,3.0,3.0,1.0,75.5,3.2,66.3,89.0,1.0,0,Border,1
2580,6.0,6.21,6.67,6.21,5.8,6.38,6.71,6.61,6.38,82.9,1.0,2.0,2.0,2.0,1.0,77.2,3.1,57.0,59.9,0.0,0,Core,1
35601,8.22,8.01,8.37,7.93,8.25,8.21,7.65,8.44,8.36,90.4,2.0,4.0,3.0,1.0,1.0,83.7,3.7,79.8,54.9,1.0,0,Core,1
38533,7.33,6.94,8.3,7.42,7.74,8.16,7.19,7.88,7.69,83.4,2.0,3.0,4.0,4.0,1.0,84.5,3.2,68.0,100.0,0.0,0,Core,1
29485,9.47,9.22,9.33,9.94,10.0,10.0,9.65,9.78,9.84,98.1,3.0,3.0,3.0,3.0,1.0,81.4,5.0,57.6,62.1,1.0,0,Core,1
25443,9.39,8.97,9.5,9.01,9.01,9.94,9.18,9.22,9.1,66.3,1.0,1.0,1.0,1.0,0.0,70.3,2.5,58.7,53.0,1.0,0,Core,1
46698,5.79,6.48,5.98,6.43,5.66,6.23,6.32,6.31,6.19,61.9,0.0,0.0,0.0,0.0,1.0,53.5,1.7,23.8,29.0,1.0,0,Core,0
1585,5.2,5.1,5.13,5.35,5.23,4.8,4.64,5.14,5.14,74.5,1.0,0.0,1.0,0.0,0.0,52.5,1.8,21.8,24.6,0.0,0,Core,0
47460,4.46,4.31,4.01,4.06,4.0,4.19,4.0,4.0,4.16,50.0,0.0,1.0,1.0,0.0,0.0,69.6,1.3,30.5,35.1,0.0,0,Core,0
18330,5.02,5.27,5.82,5.7,5.13,5.48,5.76,5.57,5.66,80.2,1.0,2.0,1.0,1.0,0.0,67.9,3.8,46.9,52.3,0.0,0,Core,0
8189,8.23,8.78,8.71,8.92,8.7,9.16,9.02,9.17,8.71,66.2,0.0,2.0,3.0,2.0,1.0,69.0,2.5,54.5,55.3,0.0,0,Core,1
8932,9.22,9.33,9.35,9.38,9.26,9.54,9.11,8.85,9.26,100.0,2.0,3.0,3.0,3.0,2.0,71.8,3.2,66.5,76.2,1.0,0,Core,1
33141,7.6,8.16,7.8,8.12,7.29,7.72,8.43,7.6,7.93,73.8,2.0,2.0,2.0,2.0,0.0,64.3,3.2,59.4,49.4,0.0,0,Core,1
21589,5.17,5.79,5.62,6.55,5.92,5.64,5.46,5.56,5.8,67.5,1.0,1.0,2.0,2.0,0.0,70.0,3.6,51.2,54.9,0.0,0,Core,0
30814,9.19,9.15,8.99,9.36,9.55,10.0,9.72,9.03,9.36,94.3,3.0,5.0,3.0,2.0,1.0,74.9,3.9,81.8,81.3,1.0,0,Core,1
45261,5.62,5.75,5.49,5.83,5.81,5.31,5.19,5.44,5.51,83.1,1.0,2.0,1.0,1.0,0.0,72.9,2.9,58.0,47.1,1.0,0,Core,0
4868,8.35,7.94,7.96,8.06,8.82,8.05,8.3,7.55,8.37,82.5,2.0,2.0,3.0,3.0,1.0,88.3,5.0,91.6,71.8,1.0,0,Core,1
9101,7.6,7.34,7.36,7.36,7.28,7.35,7.19,7.13,7.39,77.6,1.0,2.0,1.0,3.0,0.0,65.8,4.0,46.9,50.9,0.0,0,Core,1
21007,5.8,6.02,6.33,6.08,6.15,5.69,6.36,5.92,6.05,60.9,1.0,0.0,0.0,0.0,0.0,52.8,1.9,27.8,32.0,0.0,0,Core,0
42996,9.58,9.57,9.21,9.37,9.4,9.24,9.55,9.28,9.53,75.2,1.0,2.0,1.0,2.0,1.0,79.6,3.2,66.3,64.1,1.0,0,Core,1
28564,5.87,5.89,5.83,5.54,5.6,5.61,5.16,5.94,5.64,71.5,1.0,1.0,2.0,2.0,0.0,50.8,1.5,56.6,56.6,0.0,0,Core,0
41966,4.83,4.61,5.0,4.59,4.7,4.45,4.59,4.76,4.8,62.0,1.0,0.0,0.0,0.0,0.0,40.2,2.2,57.6,25.4,0.0,0,Core,0
21029,6.06,6.37,6.76,6.87,6.21,6.98,7.33,7.1,6.7,81.4,2.0,3.0,3.0,3.0,2.0,78.9,3.8,97.7,84.4,1.0,0,Core,1
21398,10.0,9.62,9.76,10.0,9.22,10.0,10.0,10.0,9.77,100.0,3.0,3.0,2.0,2.0,1.0,79.4,3.4,81.9,96.6,1.0,0,Core,1
30759,7.69,7.36,6.82,7.28,7.29,6.92,7.55,7.61,9.75,83.5,3.0,5.0,2.0,2.0,1.0,99.7,3.1,100.0,29.6,1.0,0,Border,1
26870,5.49,5.02,5.5,4.96,4.47,5.02,4.82,4.75,4.87,61.1,0.0,1.0,1.0,1.0,1.0,52.9,1.8,29.9,29.8,0.0,0,Core,0
1705,8.1,8.29,8.25,8.44,7.97,7.92,8.32,8.14,8.41,67.4,0.0,0.0,2.0,2.0,1.0,67.2,3.2,49.8,58.7,1.0,0,Core,1
41474,6.06,6.32,6.26,5.88,6.71,6.49,6.61,6.31,6.36,74.0,0.0,2.0,2.0,2.0,1.0,71.8,1.7,45.1,52.8,0.0,0,Core,0
49579,10.0,9.53,10.0,9.97,9.99,10.0,9.69,10.0,9.92,65.4,1.0,2.0,2.0,2.0,0.0,73.4,2.5,52.4,55.6,1.0,0,Core,1
47743,6.56,5.82,6.28,6.06,6.35,6.26,6.71,6.11,6.19,92.1,3.0,3.0,4.0,3.0,1.0,86.7,4.2,57.6,81.3,1.0,0,Core,1
11569,8.76,8.59,8.71,8.9,8.86,8.81,9.14,8.53,8.81,100.0,1.0,2.0,3.0,3.0,2.0,72.2,4.4,78.3,79.6,1.0,0,Core,1
31449,7.58,7.13,7.22,7.26,7.33,6.95,7.08,7.17,7.24,73.6,1.0,2.0,1.0,1.0,0.0,61.3,3.2,58.2,43.2,1.0,0,Core,0
30879,5.12,4.0,4.44,5.18,4.42,4.41,4.65,4.2,4.51,57.5,0.0,0.0,0.0,0.0,0.0,39.6,2.3,26.1,26.3,0.0,0,Core,0
34155,6.49,6.21,6.36,5.93,7.02,6.68,6.77,6.32,6.44,73.3,2.0,5.0,4.0,3.0,2.0,84.0,5.0,79.1,65.6,1.0,0,Core,1
8408,7.68,8.14,9.07,8.22,9.04,8.68,8.68,9.34,8.62,100.0,2.0,2.0,3.0,4.0,2.0,88.4,2.2,70.6,74.7,0.0,0,Core,1
45877,6.13,6.63,6.59,5.76,6.61,5.96,6.07,6.53,6.19,77.8,1.0,2.0,2.0,2.0,0.0,72.0,3.1,49.0,51.9,1.0,0,Core,0
10017,8.54,8.06,8.33,8.19,8.16,8.77,8.94,8.05,8.43,82.2,2.0,3.0,3.0,3.0,2.0,69.6,3.6,77.9,79.0,0.0,0,Core,1
11045,7.28,7.25,7.56,7.21,7.08,7.19,7.18,6.96,7.23,91.3,1.0,2.0,1.0,1.0,0.0,67.9,2.7,57.8,52.8,1.0,0,Core,0
28438,6.92,6.88,6.2,6.77,6.8,6.68,7.34,7.09,6.83,71.6,0.0,2.0,1.0,1.0,0.0,73.7,3.2,61.5,44.2,1.0,0,Core,0
27225,8.3,8.01,8.19,8.33,8.49,8.08,9.1,8.7,8.36,70.6,2.0,3.0,2.0,2.0,2.0,96.2,3.5,57.6,93.7,1.0,0,Core,1
25454,7.29,8.02,7.31,7.38,7.07,6.99,7.62,7.95,7.51,72.3,1.0,1.0,2.0,2.0,0.0,82.8,3.0,53.5,59.0,1.0,0,Core,1
4422,4.0,4.27,4.0,4.0,4.34,4.08,4.0,4.0,4.08,59.8,0.0,1.0,0.0,1.0,0.0,69.6,2.3,30.1,34.2,0.0,0,Core,0
1277,9.8,9.93,10.0,10.0,9.83,10.0,9.77,10.0,9.97,73.4,3.0,4.0,4.0,3.0,2.0,87.5,4.2,63.0,70.7,1.0,0,Core,1
27244,4.0,4.31,4.0,4.26,4.08,4.0,4.39,4.0,4.16,63.3,0.0,0.0,0.0,0.0,0.0,57.8,1.4,35.1,29.7,0.0,0,Core,0
331,6.1,6.05,6.3,6.03,6.6,6.24,6.05,6.6,6.28,86.0,0.0,1.0,1.0,2.0,1.0,56.6,3.3,47.0,42.3,1.0,0,Core,1
20295,9.02,9.62,8.74,8.71,8.82,8.63,9.06,9.29,8.98,97.2,2.0,3.0,2.0,3.0,1.0,79.4,2.7,82.9,62.8,0.0,0,Core,1
2433,7.19,6.99,6.67,6.43,6.8,6.84,6.74,6.72,6.83,56.3,0.0,0.0,0.0,1.0,0.0,45.6,1.5,28.0,26.4,0.0,0,Core,0
6348,6.38,6.81,5.66,6.65,6.92,6.38,6.42,5.85,6.46,58.0,1.0,0.0,1.0,0.0,0.0,55.9,3.0,31.0,54.9,0.0,0,Core,0
31810,7.7,7.56,7.46,7.69,8.08,7.46,7.61,7.54,7.64,73.7,1.0,2.0,2.0,2.0,0.0,64.4,2.5,39.8,54.9,0.0,0,Core,1
23469,6.6,6.76,6.84,6.78,6.92,6.05,6.31,6.65,6.36,77.1,1.0,0.0,1.0,0.0,0.0,45.5,1.9,29.0,29.5,0.0,0,Core,0
17392,4.47,4.73,4.61,4.0,4.34,4.1,4.51,4.64,4.38,70.6,1.0,1.0,0.0,0.0,0.0,45.7,1.5,31.5,36.4,1.0,0,Core,0
36045,8.5,9.02,8.93,8.56,8.68,8.44,9.15,8.52,8.64,94.3,1.0,3.0,4.0,4.0,1.0,98.0,3.2,74.7,63.2,1.0,0,Core,1
39581,8.1,7.82,8.07,7.98,8.02,8.25,8.25,8.53,8.03,88.4,1.0,4.0,3.0,3.0,1.0,83.2,4.4,57.6,87.5,1.0,0,Core,1
20256,7.22,7.24,7.7,7.61,7.19,7.33,7.24,7.61,7.37,66.0,2.0,2.0,2.0,1.0,1.0,68.8,2.9,63.7,45.6,1.0,0,Core,1
26720,6.01,4.95,5.68,5.77,5.28,5.76,5.7,5.81,5.51,75.2,1.0,2.0,2.0,3.0,1.0,69.6,2.3,47.9,44.4,1.0,0,Core,0
9726,5.16,5.07,5.27,4.03,5.13,4.98,4.64,5.49,5.08,57.5,0.0,1.0,1.0,0.0,0.0,56.5,1.6,26.5,27.0,1.0,0,Core,0
42726,9.61,9.34,9.49,9.89,9.82,9.45,9.71,10.0,9.57,97.5,3.0,3.0,3.0,2.0,2.0,86.1,4.3,86.2,56.9,1.0,0,Core,1
14846,6.94,7.17,6.82,7.34,7.83,7.13,6.66,7.18,7.19,68.8,0.0,2.0,1.0,2.0,1.0,63.8,2.5,45.4,50.4,0.0,0,Core,0
4884,6.91,7.32,7.23,7.3,7.27,7.54,6.93,7.73,7.29,85.6,2.0,2.0,3.0,1.0,1.0,69.6,3.4,78.2,54.9,0.0,0,Core,1
40466,9.33,9.18,9.68,8.78,9.08,9.09,9.13,9.34,9.12,82.1,1.0,2.0,1.0,2.0,1.0,82.6,2.9,56.7,60.7,0.0,0,Core,1
41337,4.74,5.02,4.54,5.15,4.65,4.77,5.24,5.16,5.01,60.1,1.0,0.0,1.0,0.0,0.0,44.6,2.8,27.8,22.5,0.0,0,Core,0
9799,7.47,7.98,7.91,7.93,7.92,8.53,8.04,7.94,8.2,75.8,1.0,1.0,2.0,2.0,0.0,70.7,2.0,55.4,45.5,0.0,0,Core,0
16430,7.99,7.69,7.76,7.86,8.47,8.28,7.97,7.88,7.84,64.5,0.0,2.0,1.0,1.0,0.0,68.1,3.1,61.9,54.9,0.0,0,Core,1
4265,7.63,7.67,7.28,7.85,7.39,7.53,7.59,7.28,7.7,71.4,1.0,2.0,1.0,2.0,0.0,64.8,2.6,64.4,38.9,1.0,0,Core,0
28502,6.81,6.52,6.52,6.59,7.47,7.09,7.23,7.71,6.98,82.9,1.0,1.0,1.0,2.0,0.0,67.1,2.9,61.8,48.8,1.0,0,Core,1
48837,8.69,9.3,8.88,9.04,8.89,9.03,9.01,9.52,8.99,91.7,2.0,3.0,3.0,3.0,1.0,85.8,5.0,76.8,74.7,0.0,0,Core,1
19786,6.35,6.38,6.86,6.73,6.76,6.68,7.45,6.48,6.79,78.0,1.0,2.0,2.0,2.0,0.0,72.7,4.0,56.1,46.4,1.0,0,Core,0
15632,8.87,9.17,8.92,9.77,9.54,9.5,8.62,8.89,9.34,66.2,1.0,2.0,1.0,2.0,1.0,65.1,3.5,62.5,54.9,0.0,0,Core,1
11902,4.0,4.0,4.0,4.0,4.0,4.0,4.0,4.0,9.9,50.0,3.0,5.0,0.0,0.0,1.0,96.5,2.3,57.6,30.1,0.0,-1,Noise,0
16113,9.48,10.0,9.91,10.0,10.0,10.0,10.0,10.0,9.7,100.0,2.0,3.0,2.0,3.0,2.0,69.6,4.8,67.0,94.7,1.0,0,Core,1
3716,8.74,9.52,9.52,9.21,8.99,9.59,9.36,9.34,9.39,94.9,2.0,4.0,3.0,2.0,1.0,84.0,4.5,93.3,73.3,1.0,0,Core,1
43726,6.37,6.86,7.29,7.06,6.63,6.98,6.64,6.18,6.97,55.6,1.0,0.0,0.0,1.0,0.0,45.9,2.1,27.7,28.4,1.0,0,Core,0
1181,6.34,6.02,5.76,6.16,5.72,5.59,5.94,5.82,5.93,59.2,0.0,1.0,1.0,0.0,0.0,46.7,2.8,28.9,27.9,0.0,0,Core,0
6068,7.65,7.84,7.9,7.91,7.74,7.46,7.99,8.77,7.91,97.6,2.0,3.0,3.0,3.0,1.0,87.9,3.0,81.9,80.6,1.0,0,Core,1
36254,6.61,6.41,6.24,5.77,6.67,6.14,5.71,5.3,6.27,64.8,0.0,1.0,1.0,1.0,0.0,54.8,1.3,27.8,34.8,1.0,0,Core,0
41884,4.84,4.82,4.93,4.56,4.76,4.1,4.64,4.89,4.52,60.4,1.0,0.0,1.0,0.0,0.0,69.6,1.9,30.5,30.6,0.0,0,Core,0
950,7.63,7.71,7.41,7.81,7.43,7.85,7.62,7.52,7.6,87.1,2.0,2.0,2.0,2.0,1.0,69.6,4.2,65.4,59.4,1.0,0,Core,1
36503,6.32,7.01,6.95,6.78,6.51,7.04,7.25,6.3,6.71,77.6,0.0,2.0,2.0,2.0,1.0,73.9,2.9,61.8,51.3,0.0,0,Core,1
8201,8.04,8.77,8.6,9.76,8.37,9.06,8.98,9.19,8.94,89.1,3.0,2.0,3.0,3.0,1.0,79.2,4.9,87.4,54.9,0.0,0,Core,1
49181,7.42,7.58,6.74,7.5,7.5,7.85,6.87,7.25,7.41,92.4,2.0,4.0,1.0,3.0,1.0,92.1,2.8,79.9,81.0,1.0,0,Core,1
48905,7.32,7.78,7.55,7.08,7.18,7.8,7.75,7.23,7.59,79.8,1.0,2.0,1.0,1.0,1.0,65.5,2.0,55.6,44.1,0.0,0,Core,1
48862,8.86,9.14,8.82,8.77,9.29,9.02,9.15,9.16,9.05,80.2,3.0,4.0,3.0,3.0,2.0,82.9,3.7,93.4,67.2,1.0,0,Core,1
42700,9.5,9.9,8.97,9.13,10.0,10.0,9.12,9.82,9.38,93.6,1.0,3.0,2.0,4.0,1.0,83.9,3.9,86.1,71.9,0.0,0,Core,1
44391,6.19,5.89,5.89,6.03,6.18,6.14,5.52,5.97,6.02,74.3,1.0,2.0,1.0,2.0,0.0,69.6,2.0,54.2,69.6,0.0,0,Core,0
12147,7.56,7.45,7.37,7.46,7.77,8.02,7.83,8.11,7.63,100.0,1.0,4.0,2.0,2.0,1.0,85.3,4.7,71.7,69.6,1.0,0,Core,1
29209,8.04,8.47,7.89,8.34,8.87,8.42,8.51,8.55,8.51,82.5,2.0,3.0,3.0,4.0,2.0,81.2,5.0,84.0,78.7,0.0,0,Core,1
37982,8.48,8.35,8.39,7.83,8.1,8.19,8.47,7.5,8.27,74.0,1.0,2.0,2.0,2.0,0.0,64.6,3.4,55.7,50.2,1.0,0,Core,1
20970,5.42,4.62,6.06,5.89,6.05,5.58,5.52,5.31,5.69,68.2,2.0,2.0,1.0,2.0,0.0,59.8,2.8,66.8,57.8,0.0,0,Core,1
7991,6.38,6.26,6.46,6.1,6.45,6.34,7.31,6.56,6.58,73.7,2.0,2.0,2.0,2.0,1.0,72.6,3.0,54.6,54.2,1.0,0,Core,1
4673,6.81,7.06,6.9,7.61,7.43,7.49,7.44,7.37,7.03,77.6,1.0,1.0,1.0,3.0,1.0,61.0,2.7,50.9,50.6,1.0,0,Core,0
4460,6.32,5.99,6.71,5.97,6.79,6.33,6.85,6.9,6.45,81.1,0.0,1.0,2.0,3.0,0.0,65.9,2.2,61.9,59.1,0.0,0,Core,0
25594,7.45,7.2,7.28,6.78,6.85,7.09,7.37,7.19,7.19,77.0,1.0,2.0,1.0,1.0,0.0,77.9,3.8,53.9,54.9,0.0,0,Core,1
11114,8.24,8.44,8.61,7.78,8.35,8.3,8.65,8.28,8.29,71.4,1.0,1.0,2.0,2.0,1.0,68.2,2.2,46.7,59.2,1.0,0,Core,1
34681,9.16,8.73,8.48,8.95,8.48,8.72,9.28,9.06,8.84,100.0,2.0,4.0,3.0,4.0,1.0,88.7,3.6,69.3,66.9,0.0,0,Core,1
15869,8.4,9.02,8.74,8.18,8.16,7.98,7.77,8.59,8.38,56.8,1.0,0.0,1.0,1.0,0.0,49.3,2.4,33.7,33.4,0.0,0,Core,1
31414,7.33,7.28,7.56,6.98,7.44,7.12,7.87,7.2,7.25,65.0,1.0,2.0,1.0,2.0,1.0,69.6,3.2,50.0,48.3,0.0,0,Core,1
13621,8.85,8.43,8.66,8.88,8.21,8.79,9.2,8.74,8.47,70.5,1.0,2.0,1.0,1.0,1.0,71.4,2.5,46.7,52.6,1.0,0,Core,0
4156,9.32,8.99,9.63,9.1,9.52,9.68,9.31,9.59,9.27,97.3,2.0,3.0,3.0,5.0,1.0,79.9,3.2,67.2,72.6,1.0,0,Core,1
27885,7.83,7.33,7.68,8.14,7.86,7.41,7.73,7.57,7.52,89.7,2.0,3.0,2.0,3.0,1.0,84.9,4.0,82.8,59.8,1.0,0,Core,1
16930,7.14,7.48,7.2,7.15,7.3,7.45,7.53,6.85,7.17,85.3,1.0,2.0,2.0,1.0,0.0,68.2,2.6,57.0,54.0,1.0,0,Core,1
26670,8.25,8.04,7.88,8.59,8.77,8.8,9.05,8.74,8.4,90.0,1.0,3.0,3.0,2.0,1.0,69.6,2.9,74.1,66.5,0.0,0,Core,1
46227,6.76,7.08,7.26,7.45,7.67,7.78,7.25,7.36,7.24,71.7,1.0,1.0,1.0,1.0,0.0,66.6,2.9,56.1,61.2,0.0,0,Core,1
29243,6.82,6.58,6.66,7.19,6.27,6.7,6.61,6.16,6.6,83.8,0.0,2.0,1.0,3.0,1.0,74.4,2.4,48.5,40.8,1.0,0,Core,0
27540,6.07,6.23,6.41,6.04,6.08,6.06,6.36,6.03,4.08,50.1294596,0.0,2.0,2.0,2.0,1.0,34.0,3.7,1.5,55.4,1.0,0,Border,1
25150,6.64,6.87,6.81,6.53,7.19,6.86,6.22,7.19,6.84,78.3,1.0,2.0,3.0,2.0,2.0,90.0,5.0,78.1,55.9,1.0,0,Core,1
20795,6.8,7.27,7.25,7.41,7.21,7.32,7.13,7.43,7.17,80.6,1.0,2.0,2.0,1.0,1.0,68.6,3.8,69.4,62.0,1.0,0,Core,1
18685,9.78,9.52,9.75,9.82,9.68,9.78,10.0,9.71,9.82,88.5,1.0,4.0,4.0,4.0,1.0,65.3,4.2,71.4,74.7,1.0,0,Core,1
44362,7.12,7.33,7.22,7.73,6.97,7.83,7.47,6.75,7.51,79.5,1.0,3.0,1.0,2.0,1.0,62.6,1.7,55.2,47.4,1.0,0,Core,1
13327,9.24,8.77,8.85,8.89,8.74,9.07,8.97,8.85,9.02,75.8,1.0,2.0,3.0,3.0,0.0,63.7,3.3,56.6,60.9,1.0,0,Core,1
34830,6.34,6.02,5.68,5.74,5.17,5.96,5.85,5.16,5.78,64.0,0.0,1.0,1.0,0.0,0.0,51.6,2.0,24.2,34.5,0.0,0,Core,0
29953,7.31,7.24,7.24,7.4,7.25,7.22,6.91,7.01,7.16,79.5,0.0,2.0,1.0,1.0,0.0,82.1,3.8,46.8,50.3,1.0,0,Core,0
22772,8.13,7.74,8.31,7.55,7.91,7.78,7.73,7.81,7.87,77.2,0.0,1.0,2.0,1.0,1.0,77.3,2.7,57.1,51.2,1.0,0,Core,0
16948,5.84,5.71,5.87,5.54,5.88,6.1,5.85,5.66,5.8,51.2,0.0,1.0,0.0,0.0,0.0,45.7,1.9,32.6,26.4,0.0,0,Core,0
7709,7.87,9.38,9.06,8.26,8.44,8.76,8.51,9.22,8.76,80.4,1.0,1.0,2.0,2.0,0.0,60.1,3.2,48.2,58.6,0.0,0,Core,1
21156,6.23,5.82,6.12,6.56,6.17,6.78,6.33,6.24,6.39,92.0,1.0,2.0,2.0,1.0,0.0,59.4,3.2,63.9,65.6,1.0,0,Core,0
2361,6.71,7.27,6.67,6.46,6.67,7.09,6.94,7.13,7.07,78.4,2.0,3.0,2.0,2.0,2.0,77.5,3.9,79.1,61.2,1.0,0,Core,1
49376,5.33,5.31,5.23,5.16,5.52,5.22,4.66,4.58,5.23,60.9,0.0,1.0,1.0,0.0,0.0,32.2,1.9,31.1,26.9,0.0,0,Core,0
33642,7.81,7.44,7.6,7.27,7.54,7.69,7.65,7.06,7.63,72.3,1.0,3.0,3.0,2.0,1.0,80.2,3.2,61.7,46.9,1.0,0,Core,1
34695,4.12,4.52,4.5,5.12,4.76,4.01,4.74,4.0,4.58,61.3,0.0,0.0,1.0,0.0,0.0,69.6,1.6,23.6,28.0,0.0,0,Core,0
49724,6.77,6.98,7.43,6.78,6.14,6.67,6.97,6.65,6.83,66.3,1.0,2.0,2.0,2.0,1.0,66.4,2.1,57.5,53.8,1.0,0,Core,1
36526,8.56,8.75,7.59,8.16,8.49,8.01,8.57,7.8,8.38,67.6,2.0,1.0,2.0,2.0,0.0,61.9,3.8,51.2,63.1,0.0,0,Core,1
12007,8.98,8.89,9.19,8.99,9.32,8.9,8.96,8.74,9.07,82.4,0.0,3.0,1.0,1.0,1.0,47.5,3.3,58.5,60.7,0.0,0,Core,1
31490,9.53,9.52,9.65,10.0,10.0,10.0,10.0,10.0,9.96,87.7,2.0,4.0,3.0,3.0,1.0,72.3,5.0,68.3,74.5,1.0,0,Core,1
39708,6.58,7.1,6.33,6.48,6.72,6.26,6.52,6.74,6.52,92.6,3.0,3.0,2.0,4.0,1.0,82.9,2.8,57.6,63.3,1.0,0,Core,1
17009,5.35,6.09,6.16,5.85,5.61,5.59,5.41,5.66,9.85,70.4,3.0,5.0,1.0,0.0,0.0,97.4,1.7,95.9,33.1,0.0,1,Border,0
26176,7.09,7.18,7.31,7.56,7.06,6.77,7.37,7.15,7.15,68.8,1.0,1.0,2.0,2.0,0.0,55.7,2.8,57.6,50.6,1.0,0,Core,1
30834,8.04,7.7,8.17,7.96,8.75,8.66,8.14,7.9,8.21,82.7,2.0,4.0,4.0,3.0,2.0,85.4,4.2,70.9,54.9,1.0,0,Core,1
21445,7.52,7.59,8.01,7.7,8.04,8.24,7.61,7.93,7.82,75.9,1.0,2.0,1.0,2.0,0.0,77.3,2.8,54.0,53.9,1.0,0,Core,1
43180,8.64,8.52,8.37,8.75,8.66,8.44,8.44,8.89,8.45,85.3,0.0,1.0,2.0,2.0,1.0,69.6,2.5,67.7,52.8,1.0,0,Core,1
29988,7.88,8.56,8.28,7.79,8.27,8.71,8.11,8.86,8.38,76.3,2.0,3.0,3.0,3.0,1.0,71.7,4.8,76.5,85.1,1.0,0,Core,1
30722,6.69,7.4,7.83,7.18,8.1,7.46,8.04,7.33,7.62,80.2,1.0,4.0,4.0,3.0,1.0,77.7,3.9,78.8,81.6,1.0,0,Core,1
24788,8.34,8.23,8.23,8.3,8.35,7.69,8.27,8.6,8.22,91.6,0.0,1.0,1.0,1.0,1.0,69.6,2.2,63.5,54.9,1.0,0,Core,1
44492,8.59,8.27,8.4,8.81,8.8,8.77,8.81,9.82,8.78,91.6,2.0,3.0,2.0,2.0,2.0,91.0,4.4,75.4,77.6,1.0,0,Core,1
44779,7.53,7.88,7.43,7.64,7.36,7.73,7.52,7.34,7.54,77.9,1.0,2.0,2.0,1.0,0.0,67.3,3.0,53.5,54.9,0.0,0,Core,1
32430,8.81,9.12,9.09,8.64,9.48,9.13,9.57,8.72,9.09,90.8,3.0,3.0,3.0,2.0,2.0,68.0,3.7,67.1,67.0,1.0,0,Core,1
10990,7.73,7.88,7.2,7.73,8.51,7.35,7.47,7.64,7.58,84.1,2.0,2.0,2.0,2.0,0.0,67.9,2.5,48.1,65.9,0.0,0,Core,1
22848,7.16,7.57,8.14,7.75,7.93,7.31,8.13,8.06,7.69,81.8,1.0,3.0,3.0,2.0,1.0,73.2,4.4,75.6,78.3,1.0,0,Core,1
6677,6.93,6.38,6.33,6.32,6.57,6.22,6.91,6.43,6.56,70.0,1.0,2.0,2.0,2.0,0.0,51.4,2.4,63.4,52.3,1.0,0,Core,1
14529,6.83,6.71,6.89,6.47,6.73,7.45,6.96,6.85,6.92,59.4,0.0,1.0,1.0,0.0,0.0,42.5,3.2,16.1,29.8,1.0,0,Core,0
15810,7.64,7.69,7.21,7.69,7.33,7.77,7.62,7.9,7.59,97.1,2.0,2.0,2.0,3.0,2.0,55.1,5.0,77.9,64.9,1.0,0,Core,1
3503,5.51,6.27,5.88,5.83,5.64,5.8,5.56,5.72,5.69,57.7,0.0,1.0,0.0,1.0,0.0,48.3,2.0,29.1,30.1,0.0,0,Core,0
11949,7.74,7.89,8.54,7.87,7.91,7.71,8.15,7.88,8.16,86.4,1.0,2.0,2.0,1.0,1.0,77.0,3.4,46.4,51.8,1.0,0,Core,1
11210,7.4,7.02,7.39,7.3,6.69,6.98,7.33,6.72,7.16,79.3,1.0,2.0,2.0,2.0,1.0,69.6,2.8,57.6,55.5,1.0,0,Core,1
4109,8.12,7.93,7.37,7.45,7.17,7.11,7.64,7.07,7.35,60.8,0.0,0.0,1.0,1.0,0.0,52.3,2.7,32.3,36.1,1.0,0,Core,1
5036,8.07,8.58,8.15,8.52,8.9,8.71,8.69,9.09,8.67,77.8,1.0,1.0,2.0,2.0,0.0,71.5,3.5,55.8,45.9,1.0,0,Core,1
43563,7.88,7.78,7.48,7.71,7.89,8.04,7.47,7.74,7.79,73.4,1.0,2.0,1.0,2.0,1.0,69.6,3.1,51.6,59.4,0.0,0,Core,1
18273,7.05,6.41,6.8,6.93,6.84,7.01,7.17,7.85,6.94,70.4,1.0,2.0,1.0,1.0,1.0,59.8,3.5,51.5,49.3,1.0,0,Core,1
47263,7.44,7.32,7.57,7.45,7.2,7.12,6.87,7.3,7.29,67.4,0.0,1.0,0.0,0.0,0.0,42.6,1.7,29.9,54.9,0.0,0,Core,0
2523,9.42,9.95,9.88,9.84,9.78,10.0,10.0,10.0,9.85,73.8,3.0,5.0,3.0,4.0,1.0,97.5,3.6,57.6,68.1,0.0,0,Core,1
23167,7.03,7.14,7.32,7.33,7.86,7.13,7.55,7.59,7.48,79.3,0.0,2.0,1.0,1.0,0.0,61.6,1.2,53.5,54.9,0.0,0,Core,0
24677,8.93,8.55,8.29,9.35,8.41,8.79,8.92,8.61,8.72,78.8,1.0,2.0,2.0,3.0,0.0,68.6,3.1,61.2,41.0,1.0,0,Core,1
38154,10.0,10.0,9.99,9.92,10.0,10.0,9.67,10.0,10.0,79.9,1.0,1.0,1.0,2.0,1.0,77.7,4.2,63.5,54.9,1.0,0,Core,1
7169,9.55,10.0,9.64,9.87,10.0,10.0,10.0,9.49,9.84,91.6,2.0,4.0,3.0,3.0,1.0,92.5,4.1,85.4,75.4,1.0,0,Core,1
12366,8.56,8.36,8.85,8.79,8.35,9.39,8.08,8.81,8.47,97.5,2.0,3.0,3.0,3.0,1.0,69.6,4.0,71.9,79.2,0.0,0,Core,1
21083,7.09,6.83,7.39,6.97,6.56,6.42,7.18,7.04,7.06,90.1,2.0,1.0,3.0,2.0,1.0,72.2,4.2,84.3,71.3,0.0,0,Core,1
43742,6.34,6.71,6.99,6.39,6.49,6.99,6.92,6.9,6.67,83.1,1.0,3.0,3.0,1.0,1.0,86.7,4.8,88.3,52.7,1.0,0,Core,1
39136,10.0,9.75,9.71,9.36,9.93,10.0,10.0,10.0,9.9,82.8,1.0,2.0,2.0,4.0,2.0,77.0,5.0,49.2,86.0,1.0,0,Core,1
33583,6.87,7.13,7.04,6.87,6.51,7.18,6.7,7.34,6.93,74.6,0.0,3.0,2.0,2.0,1.0,66.1,4.2,60.8,57.0,0.0,0,Core,1
31703,9.85,9.32,9.41,9.5,9.6,9.86,9.66,9.6,9.55,80.4,1.0,4.0,2.0,3.0,1.0,88.3,5.0,60.5,62.1,0.0,0,Core,1
38238,8.54,8.53,8.89,9.26,9.07,8.7,9.29,9.18,4.42,50.01235705,2.0,4.0,3.0,2.0,1.0,33.1,4.9,4.5,74.8,1.0,-1,Noise,1
22359,6.03,6.47,6.56,6.62,6.46,6.14,6.35,6.04,6.27,68.3,0.0,1.0,1.0,0.0,0.0,49.6,1.0,30.9,31.2,1.0,0,Core,0
48247,7.97,8.3,8.04,7.52,7.84,7.78,7.97,7.85,7.94,70.3,0.0,2.0,2.0,1.0,1.0,67.1,3.5,48.3,55.6,1.0,0,Core,1
5930,4.93,4.36,4.97,4.94,4.74,4.54,4.62,4.78,4.76,71.1,0.0,1.0,2.0,0.0,0.0,41.4,1.0,27.7,22.5,0.0,0,Core,0
38283,7.49,7.94,7.7,8.64,8.02,7.88,8.0,8.01,7.94,86.8,0.0,3.0,3.0,4.0,1.0,64.6,3.6,76.4,54.9,0.0,0,Core,1
40524,6.46,6.14,7.0,6.57,7.35,6.26,7.11,7.16,6.8,89.9,1.0,3.0,3.0,2.0,2.0,85.5,3.9,73.9,78.8,0.0,0,Core,1
14750,6.01,6.1,6.24,5.64,5.71,6.11,5.3,5.07,5.77,53.3,0.0,1.0,2.0,1.0,1.0,42.4,1.7,27.9,54.9,1.0,0,Core,0
11035,6.06,6.62,6.39,6.75,5.84,5.86,6.1,6.85,6.2,73.6,1.0,1.0,2.0,2.0,1.0,56.1,2.3,52.1,53.3,1.0,0,Core,0
25201,6.45,6.64,7.03,6.8,6.56,6.39,6.56,6.4,6.61,79.9,1.0,2.0,1.0,2.0,1.0,63.5,3.2,52.0,48.6,0.0,0,Core,0
29459,6.37,6.45,6.21,6.87,6.61,6.41,6.66,6.95,6.56,91.0,1.0,2.0,2.0,1.0,1.0,81.5,3.5,45.7,57.9,0.0,0,Core,1
1176,6.32,6.67,5.95,5.82,6.95,6.42,6.25,6.46,6.29,74.6,0.0,2.0,1.0,2.0,1.0,62.5,4.1,45.6,59.5,0.0,0,Core,0
38938,5.73,6.19,5.91,6.42,6.62,6.12,5.71,6.45,6.15,89.7,2.0,3.0,2.0,4.0,2.0,64.6,3.2,73.9,64.4,1.0,0,Core,1
48126,7.88,6.67,7.27,7.08,7.61,7.2,7.85,7.51,7.48,76.3,1.0,2.0,2.0,3.0,1.0,75.4,4.5,76.6,67.6,0.0,0,Core,1
47643,8.09,8.08,8.18,8.04,7.81,8.77,8.65,8.85,8.45,89.6,1.0,5.0,3.0,1.0,1.0,87.6,3.6,81.7,66.4,0.0,0,Core,1
6050,4.0,4.06,4.94,4.0,4.09,4.0,4.03,4.33,4.34,60.4,0.0,1.0,0.0,0.0,0.0,49.2,1.8,28.8,21.1,1.0,0,Core,0
35665,9.51,10.0,9.84,9.78,10.0,10.0,10.0,10.0,9.92,95.4,2.0,4.0,2.0,4.0,1.0,90.7,4.8,66.1,68.8,0.0,0,Core,1
38145,8.49,8.48,7.95,7.73,8.07,7.73,8.37,7.91,8.16,70.7,1.0,2.0,2.0,1.0,0.0,61.3,3.2,58.2,46.5,0.0,0,Core,1
33826,6.61,6.91,5.86,6.55,7.26,6.4,6.55,7.07,6.58,100.0,2.0,3.0,3.0,2.0,1.0,75.9,5.0,57.6,54.9,1.0,0,Core,1
25387,7.9,7.5,7.7,7.9,7.61,7.7,8.14,7.58,7.77,89.5,1.0,3.0,2.0,1.0,1.0,70.2,1.5,55.7,52.5,0.0,0,Core,1
41042,5.16,5.1,5.27,4.85,5.36,4.85,5.38,5.35,5.22,63.3,1.0,0.0,0.0,0.0,0.0,50.1,2.3,28.0,31.4,0.0,0,Core,0
24933,7.35,7.18,7.22,7.31,7.36,7.79,6.8,7.25,7.32,98.2,3.0,3.0,3.0,3.0,2.0,79.9,4.2,77.4,74.6,0.0,0,Core,1
9764,5.23,5.62,4.86,5.21,4.8,5.08,5.26,4.37,5.04,66.8,0.0,1.0,0.0,1.0,0.0,46.8,2.1,57.6,31.0,0.0,0,Core,0
36882,8.7,8.77,9.14,8.78,9.0,8.55,8.6,8.69,8.96,91.2,3.0,3.0,3.0,4.0,2.0,81.1,4.7,92.0,54.9,1.0,0,Core,1
3777,5.87,5.75,5.84,5.67,5.72,5.89,5.72,5.12,5.66,64.7,0.0,1.0,0.0,0.0,0.0,51.2,1.5,29.2,30.3,0.0,0,Core,0
10004,5.52,5.54,5.79,5.84,5.48,5.5,5.42,6.21,5.51,76.2,1.0,1.0,2.0,1.0,0.0,68.4,2.7,55.9,50.3,1.0,0,Core,0
13034,7.52,7.41,7.48,7.31,7.27,7.5,7.64,7.7,7.3,77.8,2.0,3.0,2.0,3.0,1.0,100.0,4.0,71.9,79.6,0.0,0,Core,1
19664,5.15,5.68,5.52,4.84,5.45,5.64,5.53,4.98,5.27,83.4,1.0,1.0,1.0,2.0,0.0,69.5,2.3,57.6,48.1,0.0,0,Core,0
3038,7.64,6.6,7.73,7.31,7.34,7.75,7.64,7.1,7.36,65.6,1.0,0.0,2.0,0.0,0.0,42.2,1.4,30.0,30.0,0.0,0,Core,0
46902,5.85,6.77,5.7,6.14,6.51,6.09,5.34,5.74,6.0,58.9,0.0,0.0,0.0,0.0,0.0,55.8,2.4,30.4,54.9,1.0,0,Core,0
7064,7.05,7.6,7.24,7.46,7.51,7.42,7.38,7.19,7.29,62.4,1.0,2.0,2.0,2.0,0.0,77.6,3.4,53.5,54.3,1.0,0,Core,1
4234,6.79,7.08,6.82,7.3,6.83,6.49,6.57,6.73,6.8,63.7,1.0,0.0,1.0,0.0,0.0,56.1,2.2,28.2,27.8,1.0,0,Core,0
27605,5.35,5.29,5.77,5.73,5.61,4.97,5.16,5.01,5.44,57.4,0.0,0.0,1.0,1.0,0.0,46.0,1.9,26.0,27.3,0.0,0,Core,0
19647,7.77,8.0,7.25,8.2,8.13,7.98,8.46,8.1,7.97,98.3,0.0,3.0,2.0,3.0,1.0,94.7,3.5,87.0,72.9,0.0,0,Core,1
4983,6.48,6.73,6.96,6.51,6.49,6.47,6.59,7.04,6.64,76.1,2.0,1.0,2.0,2.0,1.0,65.0,3.3,54.4,56.9,1.0,0,Core,1
21177,8.33,8.86,8.93,9.16,9.27,8.97,9.01,9.49,9.06,80.2,2.0,2.0,3.0,3.0,1.0,79.7,3.2,78.4,76.8,1.0,0,Core,1
48272,7.96,7.39,8.3,7.34,7.71,8.14,7.88,8.24,7.89,79.4,1.0,2.0,1.0,2.0,0.0,78.2,3.1,46.6,60.5,0.0,0,Core,1
470,6.51,6.08,6.35,5.9,5.92,6.41,5.93,5.6,6.12,63.6,0.0,1.0,0.0,1.0,0.0,51.8,2.8,28.2,35.1,1.0,0,Core,0
12860,7.49,6.95,8.03,7.77,7.89,8.23,8.51,8.3,7.95,84.8,1.0,3.0,3.0,3.0,1.0,64.9,3.2,94.4,85.8,1.0,0,Core,1
33450,4.83,4.75,5.04,4.52,4.87,5.08,4.65,4.34,4.64,59.7,0.0,0.0,1.0,0.0,0.0,44.0,1.5,25.9,31.0,1.0,0,Core,0
18379,6.46,6.52,6.56,5.83,6.3,6.23,6.49,6.39,6.28,67.8,1.0,2.0,2.0,2.0,0.0,65.2,3.1,51.3,55.0,1.0,0,Core,1
25310,7.43,7.33,7.36,7.31,6.95,7.31,7.79,7.21,7.32,75.6,1.0,1.0,1.0,1.0,0.0,63.5,3.4,59.7,49.6,0.0,0,Core,1
24709,5.38,5.15,5.8,5.29,5.49,5.46,5.59,5.21,5.41,77.7,2.0,2.0,2.0,3.0,0.0,78.2,3.5,56.4,51.3,1.0,0,Core,1
29071,6.56,6.92,6.84,6.21,5.84,6.68,6.28,6.97,6.71,77.2,1.0,2.0,2.0,2.0,0.0,65.7,1.2,58.6,56.2,0.0,0,Core,0
4776,5.56,5.14,5.53,5.22,4.98,5.0,5.38,4.9,5.1,73.8,0.0,0.0,1.0,0.0,0.0,50.7,2.3,31.3,32.2,0.0,0,Core,0
25025,8.25,8.36,7.96,7.91,7.33,8.54,8.41,8.49,9.84,94.0,3.0,5.0,3.0,4.0,2.0,98.2,4.3,98.6,73.4,0.0,0,Core,1
33433,4.73,4.81,4.38,4.44,5.08,4.59,4.0,4.63,4.68,65.4,0.0,1.0,0.0,0.0,0.0,51.6,2.0,19.9,26.2,0.0,0,Core,0
17076,7.72,8.12,8.45,7.71,8.96,8.06,8.5,7.8,8.17,91.8,2.0,2.0,3.0,3.0,2.0,92.1,3.2,81.8,54.9,1.0,0,Core,1
18055,6.75,6.85,6.64,6.77,6.65,7.36,7.68,7.14,6.92,80.3,2.0,5.0,2.0,2.0,2.0,69.6,4.3,78.7,68.6,0.0,0,Core,1
11669,7.45,7.61,7.41,7.47,7.28,7.64,8.18,8.2,7.75,80.9,1.0,2.0,2.0,1.0,0.0,82.4,1.8,53.3,54.9,0.0,0,Core,1
1098,7.79,8.5,8.45,7.86,7.79,8.85,8.51,7.79,8.33,95.4,3.0,3.0,2.0,2.0,1.0,76.1,3.5,86.7,97.5,1.0,0,Core,1
5371,7.78,7.28,7.68,8.05,7.93,7.08,7.32,7.44,7.72,74.4,1.0,2.0,2.0,2.0,0.0,69.5,2.2,60.1,57.2,0.0,0,Core,1
39073,8.93,8.96,8.78,8.71,9.06,9.23,9.55,9.26,9.06,87.5,1.0,3.0,2.0,3.0,1.0,69.6,2.5,89.7,83.0,0.0,0,Core,1
30514,9.51,9.26,9.37,9.96,9.67,10.0,9.85,9.99,9.62,80.5,2.0,3.0,3.0,3.0,1.0,79.2,4.0,75.9,71.7,0.0,0,Core,1
1283,6.89,7.25,7.25,6.83,7.11,7.17,7.24,7.46,7.09,78.8,0.0,2.0,1.0,2.0,0.0,63.3,3.2,61.2,51.4,0.0,0,Core,1
37581,5.22,5.18,4.68,5.1,4.44,4.3,4.0,4.35,4.59,67.4,0.0,1.0,0.0,0.0,0.0,44.7,1.0,24.2,27.1,1.0,0,Core,0
41092,4.94,4.92,4.99,4.82,4.45,4.83,4.94,4.55,4.75,65.3,1.0,2.0,2.0,2.0,1.0,58.7,2.4,47.4,53.9,0.0,0,Core,0
12582,4.74,5.52,4.72,4.75,4.68,4.37,4.48,4.93,4.77,52.6,0.0,1.0,0.0,0.0,0.0,55.5,1.9,25.7,33.8,0.0,0,Core,0
39516,10.0,9.9,10.0,9.78,10.0,9.98,10.0,10.0,9.91,93.3,2.0,4.0,3.0,3.0,2.0,92.0,3.8,75.6,78.0,1.0,0,Core,1
48075,6.45,5.85,6.58,6.27,7.15,6.46,7.01,6.94,6.6,72.4,1.0,2.0,2.0,2.0,1.0,69.6,3.4,46.5,54.5,0.0,0,Core,1
15478,8.34,8.55,8.27,7.6,8.34,7.8,7.72,8.05,8.12,80.4,1.0,2.0,2.0,1.0,0.0,53.1,3.6,57.8,54.9,1.0,0,Core,1
5523,8.05,8.58,7.95,6.96,7.52,7.64,8.48,7.9,8.03,72.4,1.0,1.0,2.0,1.0,1.0,59.4,2.6,47.8,49.2,0.0,0,Core,1
23812,7.44,7.35,7.13,7.42,7.22,7.19,7.58,7.14,7.3,76.8,1.0,1.0,2.0,2.0,0.0,78.0,1.5,51.7,44.9,1.0,0,Core,1
48467,9.02,8.92,8.56,8.77,8.7,9.2,9.22,8.84,8.81,97.7,2.0,3.0,4.0,5.0,2.0,92.1,2.9,89.2,88.5,1.0,0,Core,1
33047,8.21,7.91,7.49,7.76,8.27,7.05,7.42,7.0,7.55,73.5,1.0,1.0,2.0,2.0,0.0,77.4,3.5,59.0,53.3,0.0,0,Core,1
38196,7.36,7.85,7.59,7.57,7.76,7.35,7.46,7.65,7.53,84.7,1.0,2.0,2.0,2.0,0.0,66.6,3.3,49.5,54.9,1.0,0,Core,1
21194,8.24,8.04,7.84,7.58,7.76,7.85,7.7,8.17,8.15,77.5,2.0,1.0,2.0,2.0,1.0,84.7,3.6,59.3,54.9,1.0,0,Core,1
45272,4.0,4.0,4.1,4.01,4.7,4.0,4.05,4.43,4.19,65.7,1.0,2.0,1.0,2.0,1.0,73.8,2.9,51.4,48.5,1.0,0,Core,0
10742,6.37,6.72,6.58,6.1,6.26,6.06,5.72,5.79,6.22,83.5,2.0,2.0,1.0,1.0,1.0,62.1,3.0,39.2,48.0,0.0,0,Core,0
48560,5.87,5.7,5.55,5.79,5.67,5.87,6.26,5.8,5.81,85.0,1.0,2.0,2.0,2.0,1.0,68.8,3.6,63.3,44.3,1.0,0,Core,0
25842,9.38,8.68,9.0,9.15,9.16,9.01,8.69,8.86,8.87,71.9,0.0,2.0,1.0,2.0,0.0,55.0,2.9,50.7,39.3,1.0,0,Core,1
43817,7.62,7.48,7.39,7.67,7.51,7.4,7.57,7.63,7.34,98.2,1.0,2.0,1.0,2.0,0.0,51.8,3.2,58.2,52.3,1.0,0,Core,1
843,7.76,8.52,8.88,9.24,8.77,8.77,8.99,9.4,8.92,90.8,3.0,4.0,2.0,4.0,2.0,90.5,3.3,70.6,76.3,1.0,0,Core,1
10055,5.71,6.61,6.45,6.23,6.55,6.72,6.07,6.02,6.19,56.7,0.0,2.0,1.0,2.0,1.0,69.9,2.9,63.1,49.5,0.0,0,Core,0
2060,8.24,8.05,8.1,7.72,7.6,8.33,7.7,7.87,7.97,79.1,1.0,2.0,2.0,1.0,0.0,61.1,3.4,61.8,52.3,1.0,0,Core,1
6205,7.11,7.57,6.97,7.56,7.25,7.4,7.62,6.6,7.28,98.9,2.0,3.0,3.0,4.0,1.0,86.2,4.8,66.3,78.3,1.0,0,Core,1
6176,7.62,8.35,7.96,8.1,7.77,8.09,8.33,7.1,7.9,87.8,0.0,2.0,1.0,2.0,0.0,60.3,2.2,56.0,47.3,1.0,0,Core,1
7366,7.63,7.95,7.69,7.73,7.91,8.4,8.38,7.79,9.95,76.0,3.0,5.0,2.0,2.0,1.0,99.1,3.2,98.2,39.3,0.0,0,Border,0
38302,5.89,5.68,5.57,6.1,5.82,5.52,6.05,6.49,5.74,75.3,1.0,2.0,2.0,2.0,1.0,67.1,3.2,62.2,57.7,1.0,0,Core,0
3920,6.56,6.61,5.72,6.23,6.6,5.41,5.46,6.02,6.13,58.1,0.0,1.0,0.0,0.0,0.0,41.6,1.9,27.4,37.9,0.0,0,Core,0
32634,5.38,5.18,5.32,4.9,5.36,5.19,4.83,5.25,5.34,76.9,2.0,4.0,2.0,3.0,1.0,92.4,5.0,76.2,61.1,1.0,0,Core,1
12552,7.21,7.39,7.18,7.7,6.98,7.44,7.24,7.48,7.27,81.7,1.0,3.0,2.0,4.0,1.0,68.4,4.8,58.8,54.9,0.0,0,Core,1
40577,5.98,6.16,5.94,5.57,6.38,6.73,6.34,5.94,6.09,74.9,1.0,1.0,2.0,2.0,1.0,65.6,3.2,48.5,52.2,1.0,0,Core,0
33749,9.72,10.0,9.91,10.0,9.82,10.0,10.0,10.0,9.93,100.0,2.0,3.0,3.0,3.0,2.0,76.5,3.6,92.1,80.9,0.0,0,Core,1
9532,6.8,7.02,6.95,7.28,6.98,7.3,7.22,7.08,7.14,58.8,1.0,0.0,1.0,1.0,0.0,46.5,2.6,25.7,23.4,0.0,0,Core,0
7221,6.26,6.07,6.41,6.32,6.09,5.62,5.62,5.9,6.06,56.6,0.0,1.0,1.0,1.0,0.0,36.9,2.5,22.9,32.7,0.0,0,Core,0
21672,5.85,5.69,5.72,5.75,6.05,6.17,6.02,5.87,4.18,50.25154594,0.0,2.0,2.0,2.0,1.0,37.5,4.6,0.9,54.9,0.0,0,Border,1
16782,5.42,6.13,5.82,5.95,5.44,5.34,6.15,5.87,5.65,84.7,1.0,2.0,1.0,1.0,1.0,59.4,3.2,47.3,54.1,0.0,0,Core,1
41582,8.14,8.79,8.62,8.11,8.72,8.4,8.27,9.14,4.24,53.4893399,1.0,2.0,2.0,1.0,1.0,30.3,3.2,3.9,52.4,1.0,-1,Noise,1
49613,8.33,8.67,7.95,7.87,7.89,8.11,7.89,7.48,8.08,61.0,0.0,1.0,1.0,0.0,0.0,35.1,1.2,33.1,23.8,0.0,0,Core,0
10390,6.51,5.85,6.2,6.09,5.75,5.92,5.86,5.87,6.09,57.9,0.0,1.0,1.0,1.0,0.0,44.3,2.1,28.2,29.2,0.0,0,Core,0
29213,5.22,5.17,5.31,4.86,5.61,5.15,5.07,4.69,5.21,60.3,0.0,0.0,1.0,0.0,0.0,40.7,1.5,57.6,30.2,1.0,0,Core,0
17177,6.02,5.82,6.11,5.97,6.08,6.1,6.31,6.07,6.12,78.4,0.0,2.0,2.0,2.0,0.0,67.6,2.4,60.9,54.9,1.0,0,Core,0
46989,5.99,6.58,5.84,5.89,6.25,6.52,6.06,6.02,6.26,95.8,1.0,3.0,4.0,4.0,1.0,92.0,4.8,81.1,92.8,1.0,0,Core,1
47499,9.01,8.55,8.9,8.85,9.18,8.92,9.15,9.25,9.09,81.7,1.0,3.0,3.0,4.0,1.0,80.9,3.2,67.0,69.7,1.0,0,Core,1
1711,7.58,7.75,7.33,7.38,7.59,8.0,7.95,7.24,7.47,89.4,3.0,4.0,2.0,3.0,1.0,82.2,3.7,68.9,77.4,0.0,0,Core,1
47542,6.74,7.09,7.22,7.4,6.84,6.39,6.64,6.54,6.89,79.0,1.0,2.0,2.0,1.0,0.0,65.4,3.2,38.2,58.0,0.0,0,Core,1
46408,5.77,5.63,5.85,6.0,5.41,5.87,6.19,5.76,5.66,91.8,1.0,2.0,2.0,1.0,0.0,68.4,4.0,60.7,49.2,1.0,0,Core,1
26942,7.94,8.17,7.79,7.98,8.15,7.68,7.42,7.81,7.97,97.4,2.0,3.0,3.0,3.0,1.0,89.7,5.0,77.3,74.1,1.0,0,Core,1
33612,7.77,8.36,7.71,7.95,7.87,7.78,8.47,8.33,8.27,66.7,1.0,2.0,2.0,3.0,0.0,69.5,1.9,63.2,50.3,0.0,0,Core,1
28108,7.87,8.07,8.24,8.74,7.95,7.57,8.12,8.12,8.02,80.4,1.0,1.0,2.0,0.0,1.0,64.0,2.6,59.6,54.1,1.0,0,Core,1
31399,8.24,8.46,7.98,8.51,8.33,8.8,8.03,8.43,8.47,95.6,1.0,4.0,3.0,3.0,2.0,82.4,4.4,61.6,70.5,1.0,0,Core,1
46193,8.83,8.68,8.46,8.78,8.79,9.24,8.98,8.69,8.77,77.3,1.0,1.0,3.0,2.0,0.0,64.5,3.2,64.8,49.3,0.0,0,Core,1
3169,7.32,7.47,7.77,7.34,7.4,7.56,7.81,7.58,7.48,67.3,0.0,1.0,1.0,1.0,1.0,82.4,4.7,67.1,50.4,0.0,0,Core,1
48316,9.87,9.73,9.71,9.77,9.92,10.0,10.0,10.0,9.91,91.1,2.0,3.0,3.0,3.0,1.0,100.0,4.8,92.5,69.2,1.0,0,Core,1
25985,5.89,5.95,6.05,5.3,5.15,4.83,5.28,5.46,5.54,67.3,0.0,1.0,0.0,0.0,0.0,39.7,1.8,28.9,33.3,0.0,0,Core,0
5047,7.41,7.23,7.8,7.44,7.46,7.37,7.54,7.14,9.77,79.2,3.0,5.0,2.0,2.0,1.0,98.0,3.9,97.8,52.9,0.0,0,Core,1
15713,9.61,10.0,10.0,9.97,10.0,9.88,10.0,9.66,10.0,73.5,1.0,3.0,2.0,3.0,2.0,88.9,4.8,57.6,54.9,0.0,0,Core,1
3211,10.0,9.75,10.0,10.0,9.79,10.0,10.0,10.0,9.85,80.4,1.0,2.0,3.0,3.0,1.0,85.7,3.9,79.4,79.5,0.0,0,Core,1
45043,9.61,10.0,10.0,10.0,10.0,10.0,10.0,10.0,9.94,80.1,2.0,4.0,3.0,3.0,1.0,96.6,4.4,76.5,68.6,1.0,0,Core,1
14086,7.05,6.38,6.84,6.48,6.81,7.22,6.81,7.27,6.78,63.8,0.0,2.0,2.0,2.0,1.0,69.2,2.6,45.9,54.9,0.0,0,Core,1
14765,6.48,6.29,5.95,6.18,6.46,5.78,6.86,6.2,6.35,58.2,1.0,0.0,0.0,0.0,0.0,50.5,1.6,57.6,33.8,1.0,0,Core,0
44103,5.27,5.31,4.98,4.88,4.91,4.99,4.95,5.03,5.06,61.3,0.0,1.0,1.0,1.0,0.0,36.5,2.8,57.6,54.9,1.0,0,Core,0
19414,7.09,6.99,7.67,7.4,7.1,7.77,6.82,7.22,7.12,69.4,0.0,1.0,2.0,2.0,1.0,51.8,3.2,46.1,54.9,0.0,0,Core,0
4349,4.9,4.63,4.7,4.98,5.41,4.96,4.48,4.79,4.82,57.0,0.0,0.0,1.0,0.0,0.0,46.3,1.3,24.3,34.8,0.0,0,Core,0
12726,4.08,4.03,4.93,4.11,4.0,4.25,4.0,4.0,4.09,58.6,0.0,1.0,0.0,0.0,0.0,50.5,2.3,20.6,54.9,0.0,0,Core,0
34025,7.89,7.82,7.53,8.29,7.58,8.42,8.59,8.19,8.06,80.0,2.0,2.0,2.0,2.0,1.0,69.6,3.5,51.0,50.9,1.0,0,Core,1
41114,7.48,6.83,7.52,7.64,7.25,7.18,7.44,7.38,7.57,64.4,1.0,1.0,1.0,2.0,0.0,77.7,2.3,53.0,52.4,1.0,0,Core,1
37932,6.6,6.71,6.56,5.71,6.59,6.82,5.95,6.42,4.3,54.89985416,0.0,1.0,0.0,1.0,0.0,35.6,2.5,1.3,30.4,0.0,0,Core,0
16254,6.4,6.5,6.13,6.61,7.03,6.54,6.56,6.68,6.65,91.4,2.0,2.0,3.0,3.0,0.0,100.0,2.7,70.1,54.9,1.0,0,Core,1
42985,8.25,8.04,7.49,8.24,7.9,8.05,8.61,7.69,8.11,75.0,1.0,1.0,2.0,2.0,1.0,60.7,2.4,52.6,59.6,1.0,0,Core,1
27292,6.86,6.48,6.67,6.32,6.66,6.92,6.75,7.24,6.66,67.4,1.0,1.0,1.0,1.0,0.0,49.5,2.0,25.0,25.7,0.0,0,Core,0
13913,7.21,6.91,7.7,7.43,7.3,7.27,7.95,7.78,7.43,70.1,2.0,3.0,2.0,2.0,2.0,63.1,2.7,57.6,58.3,1.0,0,Core,1
26575,8.37,8.29,8.67,8.57,8.68,8.09,8.52,7.93,8.56,61.9,0.0,1.0,0.0,0.0,0.0,39.9,2.1,22.9,37.6,1.0,0,Core,1
43741,6.7,6.75,7.2,7.26,7.32,7.17,7.25,6.63,7.05,89.7,1.0,4.0,3.0,3.0,2.0,83.8,3.5,75.0,74.3,1.0,0,Core,1
15674,4.0,4.22,4.0,4.0,4.0,4.0,4.07,4.0,4.04,63.3,0.0,1.0,2.0,0.0,0.0,48.5,1.2,27.9,54.9,0.0,0,Core,0
3397,5.12,4.82,4.74,4.48,4.53,5.0,5.12,5.04,4.95,50.0,0.0,0.0,2.0,1.0,0.0,38.2,2.4,26.3,32.4,1.0,0,Core,0
11071,8.5,7.67,7.74,7.4,7.42,7.96,7.84,8.04,7.99,88.9,2.0,4.0,2.0,3.0,2.0,73.8,4.5,97.4,62.3,1.0,0,Core,1
45456,6.3,6.1,5.47,5.3,5.48,5.78,5.79,5.02,5.65,57.5,1.0,0.0,1.0,0.0,0.0,55.1,1.4,29.0,29.7,0.0,0,Core,0
9888,6.09,6.11,5.68,6.04,6.05,5.31,5.01,5.45,5.92,64.4,0.0,0.0,1.0,1.0,0.0,52.3,1.6,25.3,35.9,0.0,0,Core,0
22904,4.0,4.02,4.0,4.0,4.0,4.0,4.12,4.0,4.05,51.6,0.0,1.0,0.0,1.0,0.0,45.8,1.9,26.3,29.8,0.0,0,Core,0
16829,8.84,9.13,8.52,9.2,9.43,9.33,9.37,9.67,9.17,100.0,2.0,2.0,3.0,2.0,1.0,87.4,3.2,83.9,72.7,0.0,0,Core,1
20252,5.98,5.96,5.74,6.06,6.18,6.28,6.31,6.26,6.15,86.9,1.0,2.0,0.0,3.0,1.0,78.9,2.9,54.2,61.1,1.0,0,Core,0
43250,9.55,8.67,9.63,9.66,9.66,9.62,9.3,8.91,9.46,99.4,1.0,3.0,4.0,2.0,1.0,90.2,3.2,64.9,54.9,1.0,0,Core,1
33084,7.98,8.52,8.28,8.29,8.1,8.4,8.75,8.31,8.4,88.0,1.0,4.0,3.0,2.0,1.0,89.0,3.2,81.4,85.4,0.0,0,Core,1
48499,7.29,7.45,7.39,6.96,6.76,6.65,7.1,7.01,7.13,61.7,0.0,1.0,1.0,1.0,1.0,69.6,1.1,26.5,30.2,1.0,0,Core,1
13248,9.96,9.67,10.0,10.0,10.0,10.0,10.0,10.0,10.0,89.6,1.0,3.0,2.0,1.0,1.0,58.6,4.2,75.2,61.0,1.0,0,Core,1
18098,5.31,4.97,4.81,5.27,5.68,4.85,5.03,5.03,5.21,55.3,1.0,0.0,1.0,1.0,1.0,42.9,2.5,30.6,29.5,0.0,0,Core,0
20566,6.69,5.71,5.78,6.51,6.65,5.7,6.33,7.17,6.37,69.7,1.0,2.0,2.0,2.0,1.0,71.7,3.2,63.1,45.4,0.0,0,Core,1
35975,7.87,8.69,7.74,7.78,7.73,7.68,8.17,8.78,8.2,100.0,2.0,3.0,3.0,2.0,1.0,84.2,4.0,89.5,84.6,1.0,0,Core,1
32460,4.59,4.87,4.16,4.45,4.4,4.44,4.8,4.54,4.64,72.2,2.0,4.0,2.0,3.0,1.0,86.1,3.6,95.6,74.6,1.0,0,Border,1
7273,6.34,7.02,7.03,6.7,6.76,6.9,7.22,6.99,6.84,66.2,0.0,2.0,1.0,1.0,0.0,65.6,2.8,58.1,48.8,0.0,0,Core,0
18875,5.72,5.72,5.89,5.51,5.76,5.62,5.8,6.14,5.82,59.9,1.0,1.0,0.0,1.0,0.0,59.7,1.4,24.3,31.4,0.0,0,Core,0
17625,6.43,6.93,6.7,7.1,6.43,7.47,6.45,6.38,6.77,78.9,1.0,2.0,2.0,1.0,1.0,76.0,2.9,55.2,48.9,0.0,0,Core,0
37774,10.0,9.97,10.0,10.0,10.0,9.99,10.0,10.0,10.0,89.7,1.0,2.0,3.0,3.0,1.0,75.0,4.5,73.0,72.2,0.0,0,Core,1
4830,9.02,8.56,9.04,8.88,8.84,8.53,9.05,8.82,8.76,73.3,1.0,2.0,1.0,2.0,1.0,62.8,3.0,53.1,58.8,0.0,0,Core,1
4856,9.83,10.0,10.0,9.77,10.0,10.0,10.0,10.0,9.93,79.8,3.0,3.0,3.0,3.0,1.0,70.5,3.2,81.0,57.0,1.0,0,Core,1
33174,7.42,7.31,7.5,7.55,7.85,7.91,8.25,8.13,7.69,88.6,2.0,3.0,2.0,2.0,1.0,80.0,4.7,90.1,62.3,1.0,0,Core,1
21213,8.38,9.19,8.56,8.22,8.32,8.53,8.45,8.98,8.57,65.5,1.0,2.0,2.0,2.0,0.0,63.5,2.7,48.2,52.6,1.0,0,Core,1
16755,7.47,7.1,6.98,6.24,6.61,6.97,6.48,6.78,6.76,69.0,2.0,2.0,2.0,2.0,0.0,57.7,3.6,53.9,59.6,1.0,0,Core,1
32892,7.89,8.67,8.52,8.63,8.32,8.97,8.58,8.64,8.53,90.5,1.0,3.0,4.0,2.0,1.0,79.9,3.5,68.8,78.7,1.0,0,Core,1
27948,6.23,7.06,7.05,7.01,6.05,7.36,6.8,6.46,6.82,91.0,2.0,3.0,3.0,3.0,1.0,88.7,4.5,85.2,53.3,1.0,0,Core,1
15336,4.79,4.46,4.23,4.3,5.04,4.0,4.48,4.59,4.42,60.7,0.0,0.0,0.0,0.0,0.0,54.0,1.6,25.7,30.1,0.0,0,Core,0
46684,8.46,8.92,8.92,8.93,8.76,9.49,8.73,8.61,8.81,86.9,2.0,3.0,2.0,3.0,2.0,85.1,4.0,73.9,54.9,1.0,0,Core,1
16163,8.22,8.33,8.18,8.49,8.43,7.95,8.13,8.27,8.12,62.9,1.0,2.0,2.0,2.0,0.0,95.4,3.3,44.3,51.1,0.0,0,Core,1
24450,8.79,8.44,9.25,9.01,9.14,8.93,9.15,9.13,8.96,88.9,2.0,4.0,3.0,4.0,1.0,76.5,4.3,65.8,80.7,1.0,0,Core,1
3571,8.11,8.12,7.58,8.06,7.83,8.3,7.62,7.95,7.8,85.2,1.0,3.0,2.0,3.0,1.0,82.9,4.2,81.4,71.8,0.0,0,Core,1
29638,9.65,9.66,9.6,9.65,9.55,9.75,9.74,9.88,9.76,100.0,1.0,4.0,4.0,4.0,1.0,84.4,3.5,74.2,63.6,1.0,0,Core,1
42040,6.81,7.13,7.19,7.47,7.59,7.32,7.59,7.97,7.43,86.1,3.0,3.0,3.0,3.0,2.0,84.1,4.0,87.0,62.6,1.0,0,Core,1
16126,4.36,4.53,4.46,4.35,4.85,5.09,4.98,4.72,4.53,83.9,0.0,2.0,1.0,2.0,0.0,81.9,2.8,65.9,54.6,0.0,0,Core,0
7950,10.0,9.69,9.48,10.0,10.0,10.0,10.0,10.0,9.85,77.1,1.0,3.0,3.0,3.0,2.0,82.0,4.3,85.9,66.4,1.0,0,Core,1
44805,8.91,8.22,9.38,9.24,8.91,8.93,9.01,9.44,8.91,84.1,1.0,2.0,2.0,1.0,1.0,74.4,3.3,57.6,54.4,1.0,0,Core,1
34331,4.4,4.86,4.0,4.49,4.56,4.56,4.0,4.0,4.38,63.6,0.0,0.0,0.0,1.0,0.0,48.6,1.9,32.0,28.6,1.0,0,Core,0
2494,5.65,5.72,5.46,5.42,5.79,5.82,5.51,5.66,5.7,86.7,1.0,2.0,2.0,2.0,0.0,69.1,2.9,61.1,39.7,0.0,0,Core,0
47487,6.43,7.24,7.56,6.91,6.75,6.52,6.85,7.13,6.98,69.1,2.0,2.0,1.0,2.0,1.0,69.6,2.9,54.7,54.9,1.0,0,Core,1
13151,7.17,7.45,7.6,7.44,7.9,7.24,7.52,7.46,7.31,80.2,2.0,3.0,3.0,3.0,2.0,93.0,5.0,74.7,72.0,0.0,0,Core,1
33199,6.25,6.08,6.11,5.88,6.46,5.96,5.93,6.07,6.03,64.5,1.0,2.0,2.0,2.0,0.0,67.1,2.1,64.9,47.8,0.0,0,Core,0
17032,4.69,4.5,4.88,4.14,4.88,4.76,4.73,4.88,4.77,76.6,0.0,2.0,2.0,2.0,1.0,77.2,2.6,51.6,55.8,0.0,0,Core,0
39394,7.18,6.45,7.21,6.35,6.47,6.36,6.23,6.96,6.61,59.4,0.0,0.0,1.0,0.0,1.0,44.5,2.3,33.4,54.9,1.0,0,Core,0
47115,6.12,6.36,5.86,6.29,5.77,5.95,5.6,6.14,6.13,72.5,0.0,1.0,1.0,0.0,1.0,41.3,2.0,28.8,23.1,0.0,0,Core,0
14596,7.0,7.24,7.02,7.2,6.31,6.53,6.42,6.23,6.9,52.3,0.0,1.0,1.0,0.0,0.0,54.6,1.4,57.6,35.6,0.0,0,Core,0
33943,6.54,6.16,5.3,7.15,6.53,6.07,6.92,6.7,6.31,70.7,1.0,2.0,2.0,1.0,1.0,63.0,3.0,55.5,55.5,1.0,0,Core,0
15501,5.81,6.16,5.57,5.4,5.89,6.04,6.13,5.8,6.01,56.9,0.0,0.0,1.0,0.0,0.0,42.2,2.5,23.6,29.4,0.0,0,Core,0
11166,6.63,6.73,6.97,7.03,6.8,7.43,5.93,6.23,6.6,77.3,0.0,2.0,2.0,2.0,0.0,69.3,3.2,65.1,48.3,1.0,0,Core,0
48147,7.31,5.94,6.73,6.43,6.44,6.72,6.81,6.97,6.65,88.4,3.0,3.0,3.0,3.0,2.0,71.9,3.2,57.6,57.5,1.0,0,Core,1
29646,8.34,8.44,8.79,8.23,8.51,9.06,8.32,8.77,4.45,54.33126559,2.0,2.0,2.0,2.0,0.0,36.3,5.0,6.0,88.9,1.0,-1,Noise,1
36289,6.73,6.63,6.73,6.34,7.02,6.9,6.53,6.87,7.0,78.7,1.0,2.0,1.0,2.0,0.0,56.4,2.1,69.9,47.8,0.0,0,Core,0
33600,5.64,6.21,6.32,5.98,6.53,5.89,5.38,6.02,5.88,61.6,1.0,1.0,1.0,1.0,0.0,35.7,1.6,27.7,32.8,0.0,0,Core,0
18443,4.45,4.48,4.57,4.28,4.72,4.23,4.46,4.15,4.34,50.7,1.0,1.0,0.0,1.0,0.0,45.3,1.6,30.5,30.3,0.0,0,Core,0
6924,7.23,7.95,8.03,7.86,8.16,8.08,7.57,7.41,7.84,71.5,1.0,2.0,2.0,1.0,0.0,69.6,2.5,49.3,43.5,1.0,0,Core,1
36512,9.09,9.39,8.88,8.84,8.75,8.89,9.43,8.97,9.17,68.9,1.0,2.0,2.0,1.0,0.0,74.4,3.2,61.8,51.3,0.0,0,Core,1
46482,6.14,6.42,7.07,6.87,6.81,6.59,6.52,7.22,6.58,92.9,2.0,1.0,2.0,2.0,1.0,83.7,3.2,56.1,57.3,0.0,0,Core,1
8493,7.45,6.69,7.52,7.18,7.63,6.93,6.88,7.75,7.2,82.1,1.0,2.0,3.0,1.0,0.0,76.0,3.3,55.0,53.8,0.0,0,Core,1
29051,8.74,8.23,8.4,8.79,9.12,9.35,8.5,8.49,8.67,88.7,2.0,2.0,3.0,3.0,1.0,67.5,3.9,55.6,74.6,1.0,0,Core,1
19648,5.74,5.81,5.93,5.41,5.42,5.34,4.79,4.93,5.27,70.5,0.0,0.0,0.0,1.0,0.0,53.2,3.2,30.9,54.9,0.0,0,Core,0
11475,6.78,6.58,6.5,6.67,7.15,7.25,6.52,6.54,6.64,69.0,1.0,1.0,1.0,2.0,0.0,69.6,3.2,62.4,49.4,1.0,0,Core,0
25788,8.39,8.17,7.96,8.03,8.16,8.35,8.51,8.71,8.34,72.9,1.0,2.0,2.0,2.0,0.0,66.0,2.4,53.6,40.4,1.0,0,Core,1
10272,5.45,5.74,6.06,5.51,5.48,5.58,5.28,6.02,9.93,79.7,3.0,5.0,1.0,2.0,1.0,99.7,3.0,96.4,37.5,1.0,1,Border,1
19305,6.85,6.93,6.85,7.21,6.92,7.77,7.31,7.98,7.03,67.3,0.0,1.0,2.0,1.0,1.0,78.4,3.9,59.0,45.0,1.0,0,Core,1
28154,9.99,10.0,9.93,10.0,10.0,10.0,9.9,10.0,9.97,68.2,1.0,1.0,2.0,2.0,1.0,64.1,2.9,56.9,49.4,1.0,0,Core,1
27706,8.51,8.03,7.9,7.84,7.78,8.11,8.2,8.19,8.23,82.6,1.0,1.0,2.0,2.0,1.0,52.7,4.5,56.5,48.8,0.0,0,Core,1
47009,10.0,10.0,10.0,10.0,10.0,10.0,10.0,10.0,10.0,87.0,1.0,2.0,2.0,2.0,2.0,85.7,3.0,67.3,73.1,1.0,0,Core,1
37285,6.63,6.4,6.57,6.56,5.87,6.56,6.29,6.95,6.4,79.7,1.0,1.0,1.0,1.0,0.0,81.8,2.4,55.0,52.1,0.0,0,Core,0
40352,9.76,10.0,9.77,10.0,10.0,9.88,10.0,10.0,9.88,87.3,1.0,4.0,4.0,3.0,1.0,69.6,3.7,81.6,54.9,0.0,0,Core,1
23679,4.32,4.0,4.0,4.0,4.0,4.0,4.0,4.0,4.0,51.5,0.0,1.0,1.0,1.0,0.0,51.5,1.5,23.1,30.3,1.0,0,Core,0
1864,9.82,9.89,9.62,9.83,10.0,9.89,9.67,9.98,9.74,72.7,1.0,2.0,2.0,1.0,0.0,60.2,3.5,61.7,55.2,1.0,0,Core,1
39935,5.15,5.33,5.72,4.95,4.5,4.27,4.68,4.68,4.88,57.6,0.0,0.0,0.0,0.0,0.0,54.5,2.6,24.8,35.1,0.0,0,Core,0
2594,6.81,6.25,7.5,6.65,6.5,6.56,7.06,7.18,6.82,60.7,1.0,2.0,2.0,2.0,0.0,69.6,2.8,62.9,50.6,0.0,0,Core,1
11038,9.62,8.99,9.58,9.54,8.81,9.11,9.19,10.0,9.29,84.0,2.0,4.0,2.0,4.0,1.0,60.7,4.3,57.0,81.7,1.0,0,Core,1
33900,9.87,10.0,9.93,9.86,10.0,10.0,10.0,10.0,10.0,91.2,3.0,3.0,3.0,3.0,2.0,76.2,3.4,86.1,61.5,1.0,0,Core,1
4977,6.93,7.67,7.94,7.38,7.96,7.89,8.05,8.11,7.73,87.2,2.0,3.0,3.0,3.0,1.0,64.2,4.8,69.5,62.8,1.0,0,Core,1
13633,9.7,9.26,9.88,10.0,9.61,9.53,10.0,9.62,9.72,98.6,2.0,4.0,2.0,2.0,1.0,93.6,4.4,67.7,78.1,1.0,0,Core,1
20639,5.69,5.14,5.18,5.39,5.09,5.35,5.41,5.02,5.25,55.3,0.0,0.0,2.0,0.0,1.0,45.4,1.8,30.9,35.0,0.0,0,Core,0
33648,6.21,6.08,6.06,5.92,6.3,6.61,5.82,6.23,6.18,80.1,0.0,2.0,1.0,2.0,1.0,65.5,3.2,63.8,44.6,0.0,0,Core,0
36558,10.0,9.69,10.0,9.77,10.0,9.88,9.89,10.0,9.86,69.6,1.0,2.0,1.0,1.0,1.0,57.3,2.9,52.2,54.9,0.0,0,Core,1
22310,5.77,6.16,6.14,6.61,7.01,6.62,6.69,6.77,4.4,54.82447808,0.0,3.0,1.0,0.0,1.0,35.0,2.6,0.7,51.3,0.0,0,Border,1
26377,7.16,7.1,6.89,6.82,7.2,6.72,7.2,6.63,6.98,87.9,0.0,2.0,2.0,1.0,1.0,73.4,2.6,51.1,54.3,0.0,0,Core,0
41377,8.64,8.49,8.74,8.56,8.42,8.63,9.34,8.53,8.64,97.1,3.0,4.0,3.0,3.0,2.0,93.6,4.5,85.0,81.5,1.0,0,Core,1
28504,5.27,5.17,4.88,4.41,4.87,4.8,4.98,5.02,4.87,67.9,0.0,1.0,0.0,0.0,1.0,58.7,2.3,32.6,32.1,0.0,0,Core,0
34233,7.45,8.12,7.98,7.73,8.21,8.07,7.94,7.66,7.97,93.3,1.0,2.0,1.0,2.0,1.0,63.7,2.8,70.1,56.0,0.0,0,Core,1
3699,5.67,5.25,5.29,5.43,5.54,5.69,4.95,5.38,5.38,56.8,1.0,1.0,1.0,0.0,0.0,69.6,3.3,29.7,23.1,0.0,0,Core,0
26140,10.0,9.54,10.0,10.0,10.0,10.0,10.0,10.0,9.8,78.8,1.0,3.0,4.0,3.0,1.0,89.6,3.7,82.4,70.4,1.0,0,Core,1
42603,4.89,4.49,4.45,4.28,4.6,4.55,4.32,4.33,4.53,54.1,0.0,1.0,1.0,0.0,0.0,41.0,2.2,28.0,27.9,0.0,0,Core,0
29491,5.61,5.32,5.67,5.63,5.06,5.65,4.93,5.29,5.4,51.4,1.0,1.0,1.0,0.0,0.0,49.7,1.2,36.0,27.9,0.0,0,Core,0
45840,8.93,8.74,8.89,8.46,8.73,8.9,8.8,8.6,8.67,84.0,1.0,2.0,2.0,2.0,1.0,69.6,2.9,45.3,53.4,0.0,0,Core,1
14737,6.44,6.98,6.99,6.48,6.74,7.1,6.69,7.0,6.75,76.7,2.0,3.0,4.0,2.0,2.0,81.2,2.1,66.8,90.7,1.0,0,Core,1
35956,8.71,8.44,8.14,8.11,8.94,8.97,8.34,8.85,8.68,86.4,2.0,1.0,1.0,4.0,2.0,83.8,3.9,86.3,54.9,0.0,0,Core,1
3520,9.33,10.0,10.0,9.19,9.76,9.39,9.86,8.97,9.65,92.3,0.0,2.0,2.0,4.0,2.0,100.0,4.5,72.9,70.0,1.0,0,Core,1
29414,8.2,8.71,8.43,8.85,8.48,7.89,8.61,9.16,8.73,78.5,1.0,2.0,2.0,2.0,0.0,58.5,3.0,58.1,61.5,1.0,0,Core,1
43375,8.09,8.26,7.52,8.07,8.13,8.36,7.71,8.21,8.01,82.4,1.0,2.0,0.0,2.0,0.0,69.6,2.7,57.5,51.2,1.0,0,Core,1
4963,10.0,9.64,10.0,10.0,10.0,10.0,9.77,10.0,9.78,70.8,2.0,3.0,2.0,3.0,2.0,82.9,5.0,88.3,54.9,1.0,0,Core,1
47216,4.56,4.66,4.28,4.87,4.18,4.67,4.88,4.1,9.77,70.2,3.0,5.0,2.0,2.0,0.0,97.6,2.1,99.6,52.8,1.0,-1,Noise,0
17771,7.36,7.22,7.55,7.16,7.54,7.23,7.47,7.39,7.38,85.6,1.0,1.0,1.0,2.0,0.0,66.0,3.2,49.9,55.8,1.0,0,Core,0
16072,8.57,7.84,8.03,8.04,8.12,8.54,8.49,8.27,8.22,92.3,1.0,1.0,2.0,1.0,1.0,79.1,3.2,71.7,61.6,1.0,0,Core,1
45843,6.56,6.92,6.39,7.08,6.7,6.97,6.89,6.56,6.56,64.8,1.0,1.0,0.0,0.0,0.0,57.7,1.9,30.0,31.0,0.0,0,Core,0
3886,5.84,5.23,5.91,5.26,5.18,5.59,5.62,5.41,5.74,66.5,0.0,0.0,1.0,0.0,0.0,37.4,2.3,31.8,25.2,0.0,0,Core,0
21825,6.44,6.74,6.91,6.82,7.35,6.67,7.31,7.16,6.95,85.8,1.0,3.0,4.0,2.0,2.0,74.3,4.7,69.3,72.8,1.0,0,Core,1
15725,6.23,6.17,6.47,6.08,5.71,6.85,6.51,5.65,6.29,60.5,1.0,1.0,1.0,0.0,0.0,47.2,3.2,27.3,27.2,0.0,0,Core,0
2005,6.85,6.16,6.29,6.16,5.82,5.98,6.08,6.77,6.17,71.0,2.0,3.0,2.0,3.0,1.0,62.6,3.4,72.1,54.9,0.0,0,Core,1
6057,5.86,5.82,6.0,5.92,5.9,5.49,6.05,5.45,5.63,82.6,1.0,1.0,0.0,3.0,1.0,54.0,2.9,45.5,43.5,1.0,0,Core,0
22293,7.39,6.82,6.76,7.3,6.94,7.83,7.0,7.57,7.08,76.7,1.0,1.0,1.0,2.0,0.0,62.5,3.5,61.5,47.2,0.0,0,Core,0
3137,5.71,5.92,6.14,6.35,6.38,6.32,6.18,6.1,6.07,69.7,2.0,2.0,2.0,2.0,1.0,52.2,3.3,51.4,54.8,1.0,0,Core,1
21729,7.77,7.54,7.3,8.02,7.97,7.55,8.05,8.14,7.94,78.2,1.0,2.0,2.0,2.0,1.0,82.1,3.3,46.5,48.8,0.0,0,Core,1
13098,9.32,8.84,9.83,9.56,9.18,9.24,9.38,9.51,9.11,87.4,2.0,4.0,1.0,3.0,1.0,94.0,3.6,81.5,69.6,1.0,0,Core,1
34428,6.14,7.35,6.65,6.75,6.76,6.16,6.72,6.96,6.64,82.0,0.0,1.0,1.0,2.0,0.0,74.9,2.8,39.4,59.4,0.0,0,Core,0
44344,6.68,6.24,6.34,6.53,6.2,6.38,6.86,7.08,6.44,82.5,1.0,2.0,1.0,2.0,0.0,81.1,2.9,57.0,42.9,1.0,0,Core,1
49722,8.99,9.13,8.55,8.59,9.09,9.24,9.04,9.56,9.06,94.1,3.0,2.0,2.0,3.0,1.0,81.1,4.8,79.6,82.6,1.0,0,Core,1
44727,5.95,6.18,5.79,5.97,6.22,5.28,6.16,6.33,5.93,73.9,1.0,2.0,1.0,1.0,0.0,70.6,3.5,55.9,42.7,1.0,0,Core,1
4316,10.0,9.7,10.0,10.0,9.89,9.78,10.0,10.0,9.82,84.6,2.0,2.0,4.0,2.0,2.0,88.8,4.9,66.0,70.6,1.0,0,Core,1
11434,6.3,6.43,6.54,6.46,6.53,6.79,6.64,6.76,6.57,64.5,1.0,1.0,1.0,2.0,1.0,81.5,3.2,45.3,50.0,1.0,0,Core,1
33239,6.27,7.12,6.76,7.26,6.37,6.75,6.61,6.56,6.65,75.2,1.0,2.0,2.0,1.0,0.0,61.8,2.9,58.0,54.9,0.0,0,Core,1
47413,4.36,4.62,4.5,4.73,4.08,4.95,4.0,4.28,4.53,61.1,0.0,0.0,0.0,0.0,0.0,39.7,1.8,30.9,33.1,1.0,0,Core,0
29367,9.24,9.04,9.36,9.08,8.86,9.44,9.05,9.4,9.09,79.9,2.0,3.0,3.0,3.0,1.0,64.8,3.3,72.2,54.9,1.0,0,Core,1
31024,4.26,4.0,4.0,4.05,4.0,4.0,4.18,4.0,4.16,63.4,0.0,1.0,1.0,0.0,0.0,50.5,1.0,57.6,30.4,0.0,0,Core,0
17622,7.64,7.72,7.92,7.67,8.08,7.86,7.52,8.29,7.86,75.4,1.0,2.0,1.0,1.0,1.0,64.3,2.5,53.5,57.8,1.0,0,Core,1
13353,6.96,6.46,6.23,6.57,6.22,5.98,6.71,6.7,4.26,52.95014642,0.0,0.0,1.0,0.0,0.0,30.2,2.5,3.0,25.8,1.0,0,Core,0
25261,6.25,6.77,6.77,6.55,6.78,6.23,6.08,6.57,6.35,70.7,1.0,2.0,1.0,1.0,1.0,59.3,2.9,58.8,51.8,0.0,0,Core,0
4806,5.49,5.02,5.14,5.45,5.82,5.45,5.25,5.29,5.27,86.8,0.0,2.0,1.0,1.0,1.0,78.2,3.3,43.9,45.5,0.0,0,Core,0
45637,5.43,6.03,5.74,5.58,5.61,5.82,5.83,5.02,5.62,56.0,0.0,1.0,0.0,1.0,0.0,41.9,1.1,27.6,26.4,0.0,0,Core,0
29469,8.44,8.48,8.45,8.76,8.68,8.89,8.44,8.36,8.5,78.5,1.0,2.0,1.0,1.0,0.0,79.0,3.3,57.6,60.3,0.0,0,Core,1
30897,6.18,6.31,5.87,6.19,6.06,5.22,6.53,6.29,6.01,65.1,1.0,2.0,2.0,2.0,1.0,53.9,2.5,55.1,43.1,1.0,0,Core,0
22884,5.54,5.67,6.24,6.23,6.16,5.78,5.28,5.58,6.05,50.0,0.0,1.0,1.0,1.0,0.0,43.8,1.3,24.5,29.5,0.0,0,Core,0
42329,5.88,6.77,6.51,6.46,6.59,6.69,6.19,6.55,6.3,76.9,0.0,2.0,1.0,2.0,1.0,73.7,2.6,50.1,46.6,0.0,0,Core,0
28815,6.18,5.65,6.02,5.18,5.4,5.29,5.43,5.71,5.49,61.3,1.0,1.0,0.0,0.0,0.0,69.6,2.1,22.9,20.8,0.0,0,Core,0
34797,8.49,8.75,8.81,8.77,8.58,9.4,9.12,8.07,8.88,76.6,2.0,4.0,3.0,3.0,2.0,98.3,4.0,71.8,77.8,1.0,0,Core,1
48681,9.24,9.31,9.89,9.24,9.47,9.44,9.42,9.16,9.4,73.4,1.0,2.0,2.0,2.0,1.0,63.7,2.5,67.6,58.4,1.0,0,Core,1
16523,4.03,4.22,4.42,4.66,4.3,4.2,4.33,4.39,4.39,60.3,1.0,1.0,2.0,0.0,0.0,49.0,1.5,31.5,28.0,1.0,0,Core,0
34411,5.01,5.88,5.32,5.74,5.7,5.81,5.81,5.37,5.58,64.6,1.0,2.0,2.0,1.0,1.0,58.1,2.6,53.8,38.2,0.0,0,Core,0
30294,5.16,5.2,4.51,5.22,5.03,4.94,5.58,4.86,4.97,61.4,1.0,0.0,1.0,0.0,0.0,44.5,2.2,34.5,27.5,1.0,0,Core,0
16862,7.32,6.95,6.48,7.29,7.01,7.11,7.4,7.49,7.09,100.0,2.0,3.0,3.0,2.0,1.0,70.8,4.0,57.6,97.1,1.0,0,Core,1
37200,7.59,7.85,7.81,7.92,7.97,7.57,7.34,7.76,7.67,88.1,0.0,1.0,2.0,2.0,0.0,69.6,2.9,58.3,57.0,1.0,0,Core,0
37715,7.06,7.66,7.48,7.29,7.73,7.55,7.03,7.33,7.2,81.6,2.0,1.0,1.0,1.0,1.0,64.7,3.5,47.9,56.8,1.0,0,Core,1
26362,7.06,6.7,7.08,7.11,6.93,7.57,6.81,7.37,6.87,80.6,1.0,2.0,2.0,2.0,0.0,76.5,3.9,51.3,57.6,0.0,0,Core,1
23393,7.96,8.12,7.86,7.82,7.39,7.77,7.27,8.04,7.98,76.3,1.0,1.0,1.0,2.0,1.0,88.4,2.9,58.2,48.2,0.0,0,Core,1
40907,6.44,6.28,5.91,6.46,6.67,6.01,6.37,6.72,6.64,83.6,0.0,2.0,1.0,2.0,1.0,65.1,3.6,55.8,60.1,1.0,0,Core,1
36274,5.94,5.47,6.01,5.79,6.16,6.22,6.02,6.12,6.01,69.3,1.0,2.0,1.0,2.0,1.0,71.4,2.6,40.6,46.4,0.0,0,Core,0
34976,8.16,8.47,8.28,8.19,7.51,7.79,8.15,7.72,8.05,72.3,1.0,2.0,2.0,2.0,0.0,69.5,3.8,57.6,58.9,1.0,0,Core,1
48572,8.3,8.33,8.44,8.08,8.44,7.91,8.44,9.07,8.3,98.4,2.0,3.0,3.0,3.0,1.0,78.6,3.2,76.1,59.0,0.0,0,Core,1
22637,5.58,5.64,5.6,5.11,5.47,5.3,5.62,5.99,5.59,75.5,1.0,1.0,1.0,1.0,1.0,72.9,3.8,49.7,50.5,0.0,0,Core,0
38161,7.93,7.27,7.54,7.94,8.05,7.7,7.88,7.12,7.67,59.5,0.0,0.0,0.0,1.0,1.0,51.0,2.2,27.6,37.2,0.0,0,Core,0
32791,9.6,9.62,9.25,9.92,9.14,9.49,9.64,9.24,9.51,97.3,2.0,3.0,2.0,4.0,1.0,83.7,4.8,66.6,73.7,1.0,0,Core,1
34516,6.41,7.31,6.63,6.95,6.98,6.4,6.67,7.41,6.62,56.2,0.0,0.0,1.0,0.0,0.0,50.6,2.4,19.6,16.7,0.0,0,Core,0
342,7.87,7.31,7.94,8.07,8.26,8.08,7.92,7.82,7.81,75.5,1.0,2.0,1.0,1.0,0.0,63.6,1.8,56.9,50.2,1.0,0,Core,0
28852,8.78,8.71,8.9,9.53,9.46,9.17,9.47,9.24,9.95,90.9,3.0,5.0,2.0,4.0,1.0,69.6,4.7,57.6,77.1,1.0,0,Core,1
15640,7.55,6.5,7.09,7.95,6.72,6.76,6.94,7.42,7.24,72.6,1.0,3.0,2.0,2.0,1.0,72.1,2.6,61.8,50.1,0.0,0,Core,1
7482,10.0,9.36,9.68,9.85,10.0,9.77,9.83,9.47,9.55,87.5,2.0,4.0,3.0,4.0,1.0,83.8,4.1,57.6,76.0,1.0,0,Core,1
22173,8.05,8.12,8.21,7.86,8.09,7.65,8.57,8.37,8.03,84.1,0.0,3.0,1.0,4.0,1.0,81.4,3.8,84.8,76.7,1.0,0,Core,1
16236,7.26,7.63,7.88,7.19,7.81,8.12,7.43,7.29,7.64,63.1,1.0,2.0,1.0,2.0,0.0,73.1,4.1,53.0,54.1,1.0,0,Core,1
34440,4.7,4.89,4.58,4.6,4.45,4.71,5.45,4.08,4.67,62.7,1.0,3.0,2.0,2.0,0.0,76.6,2.9,51.1,51.5,0.0,0,Core,0
9304,5.93,5.53,6.0,5.51,5.72,5.52,5.72,5.62,5.9,70.3,1.0,3.0,2.0,3.0,1.0,77.0,3.1,52.8,43.2,1.0,0,Core,1
31764,5.56,5.56,5.96,5.48,5.51,5.38,5.36,5.33,5.63,50.0,0.0,1.0,0.0,1.0,0.0,54.9,1.8,29.5,28.9,0.0,0,Core,0
4409,7.75,7.75,7.48,7.59,7.42,7.14,7.0,7.33,7.49,72.1,1.0,2.0,2.0,2.0,0.0,62.2,3.2,46.6,60.5,1.0,0,Core,1
15128,8.67,8.65,9.28,9.38,9.13,8.74,9.64,9.57,9.02,74.3,1.0,2.0,2.0,2.0,0.0,64.1,2.8,56.0,49.5,1.0,0,Core,1
20466,6.84,6.74,7.31,7.21,7.39,7.95,7.66,7.48,7.34,81.1,2.0,2.0,4.0,3.0,1.0,81.9,3.8,66.0,57.9,0.0,0,Core,1
15179,6.21,6.36,6.7,6.15,6.22,6.73,6.28,6.15,6.4,67.4,1.0,2.0,1.0,1.0,0.0,64.2,2.8,61.5,47.0,1.0,0,Core,1
16049,6.02,6.25,5.81,6.08,5.32,6.18,6.53,5.44,6.08,73.5,1.0,1.0,3.0,1.0,0.0,70.5,2.3,62.8,54.9,1.0,0,Core,1
22270,6.17,5.66,6.28,6.07,6.31,6.34,5.84,6.73,6.28,73.9,2.0,3.0,3.0,2.0,2.0,84.8,5.0,97.4,58.9,1.0,0,Core,1
48939,5.1,5.12,5.16,5.09,4.73,4.43,4.94,4.91,4.88,55.0,1.0,1.0,1.0,1.0,0.0,53.1,1.8,30.5,34.8,0.0,0,Core,0
19682,7.15,7.33,7.41,8.44,7.6,7.51,7.23,7.66,7.52,85.4,1.0,3.0,2.0,4.0,1.0,82.0,3.2,83.2,76.8,1.0,0,Core,1
18684,8.52,8.39,9.25,8.18,9.13,8.58,8.88,8.34,8.57,88.1,2.0,3.0,2.0,2.0,1.0,71.2,4.5,68.1,63.2,1.0,0,Core,1
35536,8.88,9.96,9.79,10.0,10.0,9.51,10.0,9.9,10.0,83.3,1.0,3.0,2.0,4.0,2.0,72.1,4.1,89.2,85.9,1.0,0,Core,1
16108,8.25,7.88,8.77,8.21,8.46,8.28,8.37,8.44,8.33,81.9,1.0,3.0,1.0,2.0,1.0,69.6,3.3,49.4,45.1,1.0,0,Core,1
13760,8.57,8.78,9.06,8.91,8.24,8.07,8.22,8.82,8.47,81.6,0.0,1.0,1.0,2.0,2.0,66.4,2.3,52.8,52.7,1.0,0,Core,1
24494,7.56,8.14,8.63,8.02,8.61,8.12,8.57,8.37,8.11,83.2,2.0,4.0,3.0,3.0,1.0,76.7,3.0,84.4,77.1,1.0,0,Core,1
33815,6.2,5.94,5.58,6.06,6.36,5.83,5.21,6.25,5.88,58.6,1.0,0.0,1.0,0.0,0.0,39.0,1.4,22.2,32.3,1.0,0,Core,0
38797,9.66,9.74,10.0,9.86,10.0,9.79,10.0,10.0,9.78,81.5,1.0,3.0,2.0,3.0,2.0,84.5,4.2,90.7,74.6,1.0,0,Core,1
9829,8.1,7.87,8.38,8.29,8.24,8.1,8.49,8.68,8.32,72.5,1.0,2.0,1.0,2.0,0.0,62.1,3.4,63.1,39.3,1.0,0,Core,1
37811,7.08,7.55,7.33,7.35,7.63,6.81,7.54,6.71,7.39,75.2,1.0,2.0,1.0,2.0,1.0,69.6,1.8,43.0,49.9,0.0,0,Core,0
45298,7.38,7.57,7.7,7.88,7.58,7.87,8.04,7.85,7.64,90.9,1.0,4.0,3.0,3.0,1.0,84.2,4.3,79.0,76.3,0.0,0,Core,1
36297,6.36,6.41,6.31,6.56,6.58,6.14,6.81,6.96,6.54,79.3,2.0,2.0,3.0,3.0,2.0,100.0,4.2,68.0,74.9,1.0,0,Core,1
19139,4.7,4.39,4.08,4.72,4.0,4.38,4.27,4.29,4.22,62.8,0.0,1.0,1.0,1.0,0.0,69.6,1.6,31.8,30.9,0.0,0,Core,0
28890,8.95,9.49,9.05,9.43,9.33,9.47,9.11,9.17,9.23,74.4,2.0,3.0,3.0,3.0,1.0,84.1,3.2,70.9,88.3,0.0,0,Core,1
11430,8.27,8.25,8.31,8.43,8.21,8.26,8.19,8.77,8.27,73.5,2.0,1.0,2.0,1.0,1.0,59.9,3.5,55.0,51.0,0.0,0,Core,1
8474,9.97,9.91,10.0,10.0,10.0,10.0,10.0,10.0,10.0,86.3,2.0,2.0,4.0,3.0,2.0,71.5,4.3,71.9,77.1,1.0,0,Core,1
31429,4.19,4.13,4.13,4.12,4.0,4.36,4.0,4.07,4.0,58.5,1.0,1.0,1.0,1.0,0.0,45.9,3.2,28.0,30.9,0.0,0,Core,0
25230,7.61,7.27,7.5,7.48,7.75,7.5,7.24,7.15,7.56,73.0,1.0,1.0,1.0,2.0,0.0,68.4,2.2,62.0,44.6,0.0,0,Core,1
48134,7.04,7.76,6.98,7.16,7.22,7.51,7.47,7.63,7.54,87.8,2.0,3.0,3.0,3.0,2.0,89.7,4.5,77.3,79.2,1.0,0,Core,1
5344,9.67,10.0,10.0,10.0,9.84,10.0,10.0,10.0,9.84,100.0,1.0,4.0,2.0,4.0,2.0,88.5,4.7,70.7,59.5,1.0,0,Core,1
6430,7.73,7.23,7.95,7.91,8.16,8.23,7.67,7.99,4.46,52.99236549,0.0,2.0,1.0,1.0,1.0,69.6,3.0,4.7,59.5,0.0,0,Border,1
10099,8.71,8.82,8.79,8.61,9.07,8.68,9.01,8.97,8.68,96.1,2.0,2.0,3.0,3.0,2.0,84.4,3.6,73.2,77.9,1.0,0,Core,1
32320,9.16,9.23,9.37,9.0,9.98,8.96,8.7,9.15,9.25,83.1,2.0,4.0,2.0,4.0,2.0,69.6,5.0,72.9,63.6,1.0,0,Core,1
19892,7.01,7.2,7.22,7.16,6.92,7.43,7.11,7.78,7.3,93.6,2.0,4.0,3.0,2.0,1.0,69.6,4.2,65.2,75.6,1.0,0,Core,1
7469,4.0,4.0,4.0,4.0,4.0,4.01,4.45,4.71,4.21,81.9,1.0,2.0,2.0,2.0,0.0,54.4,2.8,54.2,54.3,0.0,0,Core,0
34030,6.11,7.34,6.39,6.84,7.0,6.37,6.69,6.62,6.75,59.8,0.0,0.0,1.0,0.0,0.0,33.7,1.1,31.0,32.1,0.0,0,Core,0
38248,4.48,4.0,4.0,4.0,4.07,4.0,4.0,4.0,4.21,62.3,1.0,1.0,1.0,0.0,0.0,43.6,3.0,57.6,24.1,1.0,0,Core,0
9621,8.53,8.73,9.14,8.48,8.13,9.64,9.29,8.75,8.79,68.9,0.0,2.0,1.0,2.0,1.0,50.2,2.0,58.5,54.9,0.0,0,Core,1
24561,7.69,7.74,8.66,7.96,8.1,8.09,7.99,8.29,7.97,65.8,1.0,1.0,3.0,2.0,1.0,62.7,3.6,55.6,66.6,0.0,0,Core,1
5298,8.96,9.53,9.0,9.86,9.01,8.87,9.27,8.92,9.21,69.1,1.0,2.0,1.0,3.0,0.0,69.6,3.2,58.7,61.6,1.0,0,Core,1
10440,9.07,9.12,9.6,9.35,9.07,9.35,9.8,9.7,9.44,80.6,3.0,2.0,2.0,3.0,2.0,80.2,4.9,67.8,54.9,1.0,0,Core,1
18111,8.01,7.7,7.65,7.31,7.17,7.05,7.24,7.85,7.63,65.7,2.0,1.0,2.0,1.0,1.0,58.0,3.4,56.2,54.5,1.0,0,Core,1
9562,9.84,10.0,9.9,10.0,10.0,9.97,9.99,10.0,10.0,83.0,1.0,3.0,3.0,3.0,1.0,88.3,3.5,70.6,54.9,0.0,0,Core,1
48361,8.77,8.78,8.7,8.38,8.59,8.96,8.65,8.82,8.79,83.6,1.0,2.0,2.0,3.0,1.0,98.6,3.2,88.3,54.9,1.0,0,Core,1
7457,6.53,6.6,7.04,6.55,7.07,7.11,6.7,7.04,6.68,74.1,0.0,2.0,1.0,2.0,1.0,66.4,3.0,54.0,36.2,1.0,0,Core,1
8664,6.36,6.17,6.45,6.78,6.68,6.81,6.49,6.38,6.43,74.9,1.0,1.0,3.0,2.0,0.0,62.6,2.4,49.7,54.9,0.0,0,Core,0
43406,7.52,7.7,8.57,8.29,7.78,8.18,8.17,7.4,7.89,77.8,2.0,2.0,2.0,2.0,0.0,78.9,3.0,50.3,56.9,0.0,0,Core,1
13507,7.5,8.33,7.53,7.17,7.69,7.63,7.53,7.75,7.61,79.0,1.0,2.0,3.0,0.0,0.0,59.1,3.5,45.5,57.0,0.0,0,Core,1
6891,6.9,6.96,7.07,7.2,7.12,6.95,7.27,6.89,7.12,79.1,1.0,2.0,3.0,2.0,0.0,63.2,3.9,50.7,43.8,0.0,0,Core,0
46831,8.98,8.8,9.11,9.01,9.24,9.51,9.3,9.46,9.12,78.0,1.0,3.0,4.0,2.0,1.0,73.4,3.2,77.2,77.0,1.0,0,Core,1
46704,8.02,7.91,8.26,7.99,8.82,8.53,8.53,8.31,8.33,100.0,1.0,3.0,2.0,2.0,1.0,87.2,3.4,57.6,70.2,1.0,0,Core,1
39127,9.27,9.22,9.17,9.79,9.56,9.64,9.65,9.49,9.44,100.0,2.0,4.0,4.0,2.0,2.0,80.6,3.4,60.3,61.5,0.0,0,Core,1
38473,7.19,6.8,6.66,7.03,6.95,7.82,7.4,7.2,7.23,79.8,1.0,3.0,2.0,4.0,2.0,69.6,4.5,79.5,67.8,1.0,0,Core,1
6194,6.24,6.42,5.9,5.93,6.72,6.0,5.95,6.05,6.21,61.4,1.0,0.0,1.0,1.0,0.0,46.2,1.8,24.2,30.6,0.0,0,Core,0
33181,8.96,8.22,8.82,8.87,8.74,9.29,9.21,9.1,8.8,88.1,2.0,4.0,2.0,3.0,2.0,81.9,2.7,83.7,80.7,0.0,0,Core,1
4253,9.25,9.14,9.77,9.58,9.83,9.6,9.53,9.84,9.59,79.8,2.0,3.0,3.0,3.0,2.0,85.8,3.9,76.2,74.1,1.0,0,Core,1
15954,4.62,4.81,4.96,4.87,4.98,5.02,5.21,5.85,4.95,95.6,1.0,2.0,1.0,3.0,1.0,89.6,5.0,75.4,75.3,0.0,0,Border,0
30521,8.48,8.15,8.12,8.03,8.55,8.56,8.22,8.48,4.49,52.83818856,2.0,3.0,3.0,2.0,0.0,34.0,4.1,10.0,75.7,1.0,-1,Noise,1
22808,7.96,7.38,7.43,8.0,8.16,8.18,7.69,8.43,7.65,82.7,1.0,2.0,4.0,3.0,2.0,92.2,2.8,72.0,84.3,1.0,0,Core,1
21584,6.77,6.22,7.13,6.72,6.52,6.96,5.92,6.8,6.61,57.4,1.0,1.0,2.0,2.0,0.0,71.5,2.0,51.6,59.9,0.0,0,Core,0
2419,8.27,8.64,7.89,8.66,8.04,8.1,8.77,8.7,8.21,94.8,1.0,2.0,2.0,3.0,1.0,77.8,3.2,64.6,68.1,1.0,0,Core,1
43474,8.67,8.73,9.07,9.0,8.96,9.31,8.46,8.74,8.84,80.3,1.0,2.0,2.0,1.0,0.0,59.9,3.0,42.7,57.7,0.0,0,Core,1
24110,7.49,7.47,7.67,7.36,7.42,7.1,6.88,7.23,7.16,90.4,1.0,3.0,2.0,1.0,1.0,66.5,3.3,53.9,53.6,0.0,0,Core,1
36561,7.98,7.86,8.0,7.63,8.09,8.07,8.03,7.98,7.83,93.0,2.0,3.0,4.0,2.0,2.0,87.6,4.2,77.8,86.3,1.0,0,Core,1
31406,7.61,7.76,7.84,7.37,7.2,8.05,6.95,8.03,7.7,68.4,1.0,3.0,2.0,2.0,0.0,56.2,3.5,45.4,52.0,1.0,0,Core,0
29906,9.01,8.64,8.74,8.79,8.93,8.94,8.75,7.81,8.8,70.7,1.0,1.0,1.0,1.0,0.0,60.8,3.2,59.8,53.0,1.0,0,Core,1
1955,5.05,4.6,4.05,4.53,4.29,4.27,4.38,4.0,4.46,54.0,0.0,0.0,0.0,1.0,0.0,54.5,1.9,23.0,28.2,1.0,0,Core,0
35072,6.32,5.94,6.06,6.79,5.91,6.45,5.66,6.08,6.22,72.0,1.0,2.0,2.0,1.0,1.0,71.7,3.3,55.7,46.7,1.0,0,Core,1
45791,10.0,10.0,9.53,10.0,10.0,10.0,10.0,10.0,10.0,79.2,2.0,3.0,1.0,3.0,2.0,74.3,3.1,83.3,76.5,1.0,0,Core,1
10658,5.98,6.43,6.44,6.67,6.54,6.39,6.11,6.36,6.24,79.5,1.0,2.0,2.0,2.0,0.0,69.6,2.7,53.1,51.5,0.0,0,Core,0
3026,6.68,6.61,6.25,7.25,6.51,6.08,7.11,6.35,6.64,83.9,0.0,1.0,1.0,2.0,1.0,72.9,3.1,50.2,46.5,1.0,0,Core,0
27392,6.44,6.43,5.79,6.71,6.8,6.35,6.42,5.97,6.36,58.4,0.0,0.0,0.0,0.0,0.0,56.2,1.0,25.6,36.0,0.0,0,Core,0
13971,8.63,7.88,9.14,8.41,8.69,8.89,8.63,7.93,8.62,85.5,2.0,4.0,2.0,3.0,2.0,73.5,3.6,80.3,53.2,0.0,0,Core,1
2117,6.33,7.31,6.95,6.96,5.85,6.3,6.36,6.73,6.57,72.0,1.0,1.0,1.0,3.0,0.0,69.9,4.1,55.4,50.5,0.0,0,Core,0
44219,6.99,7.27,6.8,7.32,7.8,6.48,6.54,7.0,7.06,78.7,1.0,1.0,1.0,2.0,1.0,70.0,2.7,63.0,45.0,1.0,0,Core,0
18634,6.73,6.3,6.57,6.5,6.43,6.91,6.17,6.98,6.56,69.1,1.0,1.0,2.0,2.0,1.0,70.7,2.6,64.8,43.7,0.0,0,Core,0
7921,7.72,8.09,7.81,7.6,8.38,7.44,7.85,8.04,7.74,69.9,1.0,2.0,1.0,2.0,0.0,69.1,4.0,52.2,36.8,1.0,0,Core,1
31123,7.09,6.6,6.8,6.18,6.01,6.5,6.89,6.18,6.56,55.6,0.0,1.0,0.0,0.0,0.0,69.6,2.7,26.4,29.5,0.0,0,Core,0
7343,7.38,7.13,7.2,7.0,7.2,7.09,7.42,7.75,7.37,60.2,1.0,1.0,2.0,1.0,0.0,70.5,2.2,40.7,54.9,1.0,0,Core,0
22168,8.91,8.64,8.97,8.67,8.93,8.6,8.39,8.19,8.85,71.2,1.0,2.0,1.0,2.0,1.0,65.0,3.0,59.1,44.5,0.0,0,Core,1
14132,6.23,5.89,5.65,5.97,5.96,6.39,5.95,5.9,5.93,74.3,1.0,2.0,1.0,2.0,1.0,81.8,4.1,58.0,39.7,0.0,0,Core,1
2869,9.88,10.0,9.88,10.0,10.0,10.0,9.93,10.0,9.95,88.6,1.0,4.0,3.0,2.0,1.0,82.0,3.9,64.9,73.5,0.0,0,Core,1
3654,9.59,8.8,8.96,8.97,8.82,9.43,9.26,9.03,9.08,98.4,2.0,3.0,2.0,4.0,2.0,93.6,3.6,82.1,71.1,1.0,0,Core,1
21995,6.58,6.7,6.44,6.28,7.08,7.3,6.38,6.39,6.53,97.2,1.0,4.0,3.0,4.0,2.0,80.7,3.2,81.2,70.1,1.0,0,Core,1
22372,5.87,5.19,5.8,5.94,5.79,5.01,5.61,5.48,9.83,50.0,3.0,5.0,1.0,0.0,0.0,99.3,1.9,96.9,33.9,0.0,1,Border,0
26474,4.92,4.85,4.36,4.29,4.09,4.46,4.43,4.28,4.39,63.5,1.0,0.0,0.0,1.0,0.0,53.0,1.7,29.9,28.4,0.0,0,Core,0
9737,7.82,7.21,7.13,7.42,7.52,7.26,7.01,7.62,9.77,70.6,3.0,5.0,1.0,1.0,1.0,97.3,3.5,99.0,51.1,1.0,0,Border,1
49794,8.08,8.49,7.56,8.91,8.33,8.44,7.95,8.18,8.05,69.6,3.0,3.0,3.0,3.0,2.0,87.6,3.2,84.3,64.3,1.0,0,Core,1
26601,5.52,5.64,5.53,5.47,5.64,5.06,5.34,5.32,5.37,64.0,1.0,1.0,1.0,0.0,0.0,44.6,1.5,19.8,29.3,0.0,0,Core,0
25542,7.88,7.56,7.95,7.81,7.65,7.8,7.61,7.79,7.66,87.7,1.0,2.0,2.0,1.0,0.0,57.3,3.2,68.5,68.1,1.0,0,Core,1
38906,7.84,7.71,8.11,8.21,8.87,7.88,8.13,8.32,8.06,78.8,1.0,2.0,2.0,2.0,0.0,75.9,3.6,54.1,54.9,0.0,0,Core,1
15086,8.5,8.82,9.1,9.25,8.4,9.12,8.53,8.94,8.86,74.7,2.0,4.0,4.0,2.0,2.0,83.7,3.5,57.6,75.0,1.0,0,Core,1
40413,5.09,5.22,6.01,5.17,5.54,5.64,5.66,5.38,5.55,67.4,0.0,1.0,2.0,1.0,1.0,49.6,2.3,23.8,28.4,0.0,0,Core,0
18279,7.92,8.11,8.55,8.04,8.02,8.68,8.28,8.31,8.54,88.7,3.0,4.0,2.0,3.0,2.0,76.7,4.5,72.4,66.9,0.0,0,Core,1
18290,7.64,7.92,7.38,8.23,8.3,8.67,8.04,8.01,8.12,91.7,1.0,2.0,2.0,2.0,2.0,88.4,4.0,76.8,80.0,0.0,0,Core,1
2970,6.19,6.32,6.41,6.22,5.79,6.1,6.2,6.31,9.93,66.9,3.0,5.0,2.0,2.0,0.0,97.6,3.6,97.7,45.2,0.0,0,Border,1
28557,6.32,5.62,5.43,6.04,5.45,5.17,5.6,5.92,4.27,51.36266037,1.0,2.0,1.0,2.0,1.0,30.8,3.2,7.8,56.7,1.0,0,Border,1
6836,6.83,6.79,6.78,6.74,7.08,6.71,6.71,7.8,6.87,100.0,2.0,3.0,4.0,3.0,1.0,72.9,4.7,87.5,54.9,1.0,0,Core,1
45468,9.81,9.98,9.78,10.0,10.0,9.9,10.0,10.0,9.93,93.4,1.0,3.0,2.0,3.0,1.0,82.5,4.1,82.7,87.5,1.0,0,Core,1
13580,5.24,5.15,4.41,4.79,4.7,4.61,5.75,5.07,5.0,74.8,2.0,2.0,3.0,2.0,1.0,69.9,4.1,55.4,51.8,0.0,0,Core,1
32129,6.41,6.3,6.48,6.49,6.15,6.46,6.42,6.38,6.37,77.9,2.0,2.0,1.0,2.0,1.0,69.6,4.1,33.3,56.0,1.0,0,Core,1
23444,6.78,6.44,6.85,6.56,6.52,6.35,6.84,6.11,6.59,57.0,0.0,0.0,0.0,1.0,0.0,58.5,2.4,28.9,33.4,1.0,0,Core,0
145,7.73,7.68,8.24,7.43,8.18,7.39,7.88,8.21,7.99,92.1,3.0,2.0,3.0,2.0,1.0,77.1,4.0,100.0,69.7,0.0,0,Core,1
29707,5.99,5.94,6.41,5.73,5.96,5.88,5.56,6.5,6.11,79.1,1.0,2.0,1.0,1.0,1.0,69.4,2.6,47.3,54.9,0.0,0,Core,1
9878,6.3,6.34,6.17,6.13,6.17,6.05,5.99,6.24,6.17,77.1,2.0,3.0,1.0,2.0,0.0,62.1,3.0,48.2,58.2,1.0,0,Core,1
17582,7.4,7.73,7.31,7.62,7.04,7.61,7.55,7.24,7.47,76.7,2.0,2.0,2.0,2.0,0.0,60.8,3.2,52.7,60.3,1.0,0,Core,1
33252,9.71,10.0,9.73,9.86,10.0,10.0,9.9,10.0,9.91,75.9,1.0,3.0,2.0,3.0,2.0,72.5,4.3,96.8,64.3,1.0,0,Core,1
16345,8.95,9.24,9.29,9.11,9.71,9.13,9.37,9.39,9.22,76.5,1.0,4.0,3.0,3.0,2.0,89.6,3.5,57.6,69.8,0.0,0,Core,1
24104,8.42,8.34,8.08,8.42,8.3,9.18,8.59,8.55,8.45,77.0,0.0,3.0,2.0,1.0,1.0,68.3,3.4,57.6,58.9,0.0,0,Core,1
47235,7.59,7.91,8.14,7.58,7.43,7.69,7.99,8.54,7.96,86.2,0.0,2.0,2.0,2.0,0.0,70.2,2.2,44.8,51.7,0.0,0,Core,0
4623,6.42,6.51,6.14,6.58,6.48,6.95,6.42,7.02,6.44,68.2,1.0,3.0,2.0,2.0,1.0,71.1,4.2,83.3,93.9,1.0,0,Core,1
40553,7.84,7.58,7.36,7.33,7.86,7.63,7.94,7.96,7.49,89.4,1.0,1.0,2.0,2.0,1.0,62.0,3.4,54.5,54.9,0.0,0,Core,1
1254,9.28,9.66,9.94,9.91,9.56,9.6,9.57,10.0,9.57,92.6,1.0,4.0,2.0,3.0,1.0,65.7,4.0,74.1,67.1,1.0,0,Core,1
13076,8.29,8.23,8.33,8.9,8.14,8.65,8.19,8.83,8.52,67.2,1.0,2.0,1.0,2.0,1.0,72.7,4.3,57.6,46.7,0.0,0,Core,1
28365,9.63,10.0,10.0,10.0,10.0,10.0,10.0,10.0,9.97,89.8,1.0,4.0,3.0,3.0,1.0,87.7,4.2,75.8,68.6,0.0,0,Core,1
7144,8.46,8.52,8.23,8.65,8.68,9.13,8.01,8.59,8.43,88.4,2.0,3.0,3.0,3.0,1.0,91.5,3.6,84.8,50.3,1.0,0,Core,1
17839,9.15,8.07,8.68,8.75,8.87,8.96,8.86,8.31,8.67,70.4,0.0,2.0,2.0,1.0,0.0,67.6,2.8,50.1,44.5,1.0,0,Core,1
31493,7.41,7.25,7.26,7.1,7.61,7.26,6.85,7.25,7.28,82.9,1.0,1.0,1.0,1.0,1.0,67.0,2.6,52.1,53.6,0.0,0,Core,1
30169,5.33,5.08,5.21,5.4,5.57,4.72,4.6,5.3,5.07,55.3,0.0,1.0,1.0,1.0,0.0,57.1,2.2,27.8,30.3,0.0,0,Core,0
41841,6.19,6.96,6.3,6.66,6.41,6.52,6.01,6.44,6.37,61.0,0.0,1.0,0.0,0.0,0.0,43.3,1.7,20.6,31.5,0.0,0,Core,0
40085,5.55,4.99,5.43,5.03,5.59,4.64,5.27,4.83,5.21,65.5,0.0,1.0,1.0,0.0,0.0,44.4,1.6,27.1,32.4,0.0,0,Core,0
12801,7.4,7.59,7.85,7.95,7.93,8.08,7.94,8.22,8.01,74.1,1.0,1.0,1.0,2.0,0.0,57.8,3.3,57.6,51.8,0.0,0,Core,1
6195,6.03,5.22,5.56,5.84,5.68,5.57,5.36,5.88,5.72,70.2,1.0,2.0,2.0,2.0,0.0,68.4,2.6,57.6,55.8,0.0,0,Core,1
13686,10.0,9.97,10.0,10.0,10.0,10.0,10.0,9.93,9.98,81.8,2.0,3.0,3.0,4.0,2.0,87.1,3.1,57.6,69.5,0.0,0,Core,1
23380,9.22,9.52,8.98,9.28,9.57,9.84,9.11,9.66,9.41,74.7,2.0,3.0,2.0,2.0,1.0,51.5,3.5,63.1,60.0,1.0,0,Core,1
27064,7.04,5.92,6.01,6.59,6.31,6.6,6.62,6.36,6.3,73.3,0.0,2.0,2.0,1.0,0.0,66.8,2.7,57.6,54.9,1.0,0,Core,1
34163,8.86,8.17,8.18,8.76,8.88,8.39,8.75,8.22,8.67,82.8,1.0,3.0,2.0,2.0,1.0,72.7,2.7,42.7,57.0,0.0,0,Core,1
45521,4.19,4.41,4.0,4.01,4.19,4.2,4.0,4.31,4.02,58.3,0.0,0.0,1.0,1.0,0.0,40.9,1.0,27.8,54.9,1.0,0,Core,0
16543,6.88,7.34,7.24,7.63,6.67,7.63,7.58,7.42,7.37,73.1,1.0,2.0,2.0,1.0,0.0,70.5,2.7,60.6,48.8,1.0,0,Core,1
14564,4.67,4.82,5.09,5.12,4.44,4.79,4.5,5.12,4.83,61.7,0.0,1.0,1.0,0.0,0.0,43.2,1.7,24.2,54.9,0.0,0,Core,0
26766,8.84,8.43,8.57,9.32,9.15,9.03,8.51,9.13,8.81,99.5,3.0,3.0,3.0,4.0,2.0,82.6,3.2,89.6,68.4,1.0,0,Core,1
49616,5.93,6.75,6.91,6.34,6.01,6.48,6.7,5.91,6.32,52.0,1.0,0.0,0.0,0.0,0.0,69.6,1.9,30.2,28.4,0.0,0,Core,0
10854,8.76,8.56,8.4,9.11,8.62,8.81,9.73,8.8,8.74,69.0,1.0,2.0,2.0,2.0,0.0,53.5,2.0,67.7,42.9,0.0,0,Core,1
29181,9.61,10.0,9.94,10.0,9.88,9.85,9.97,10.0,4.13,51.43585121,2.0,3.0,2.0,3.0,1.0,69.6,4.7,6.5,79.1,1.0,-1,Noise,1
39363,7.05,6.77,7.11,7.13,7.08,7.62,7.29,7.19,7.0,90.0,1.0,4.0,3.0,4.0,1.0,75.3,3.6,96.9,54.9,1.0,0,Core,1
38960,4.5,4.37,4.48,4.14,4.0,4.54,4.21,4.23,4.27,56.9,0.0,1.0,0.0,0.0,0.0,44.4,2.2,28.1,31.6,0.0,0,Core,0
12372,6.36,6.61,6.12,6.24,6.49,6.57,6.41,6.42,6.51,62.1,0.0,2.0,2.0,2.0,0.0,65.0,3.5,63.2,53.6,1.0,0,Core,0
44510,6.01,6.11,5.59,5.96,5.61,6.14,5.83,5.58,5.96,72.4,1.0,2.0,2.0,2.0,1.0,68.5,3.1,54.3,49.4,1.0,0,Core,0
28233,5.68,5.24,5.65,5.91,5.38,5.52,5.1,5.22,5.48,76.6,1.0,2.0,1.0,1.0,0.0,70.4,1.9,60.5,54.9,0.0,0,Core,0
12124,4.53,5.04,4.42,4.86,4.0,4.0,4.4,4.3,4.55,52.9,0.0,1.0,0.0,1.0,0.0,34.4,1.3,28.2,35.0,0.0,0,Core,0
17312,7.55,7.03,7.6,7.14,7.14,7.08,7.06,7.42,7.09,65.0,2.0,2.0,2.0,1.0,0.0,70.7,3.2,51.9,46.9,0.0,0,Core,1
33818,4.47,4.0,5.1,4.69,4.57,4.82,4.54,4.19,4.5,73.7,1.0,3.0,1.0,2.0,0.0,81.4,2.4,55.3,43.0,0.0,0,Core,0
3618,6.03,5.39,6.02,5.49,5.81,5.07,5.2,5.73,5.56,63.5,1.0,0.0,0.0,0.0,0.0,43.8,2.5,22.8,29.8,0.0,0,Core,0
1122,6.26,6.56,6.26,5.83,6.45,6.05,6.63,5.8,6.32,56.1,0.0,0.0,0.0,0.0,0.0,48.9,1.7,32.1,31.9,0.0,0,Core,0
48746,5.97,6.54,6.57,6.66,6.01,6.59,6.91,6.52,6.52,78.6,2.0,3.0,3.0,2.0,1.0,78.5,3.2,78.2,60.1,1.0,0,Core,1
26186,6.55,6.76,7.21,7.25,7.41,6.44,7.47,7.15,7.08,92.4,1.0,4.0,3.0,4.0,1.0,79.6,3.2,57.6,75.1,0.0,0,Core,1
31589,7.56,7.84,8.09,7.46,7.85,8.68,8.66,8.79,8.12,57.0,1.0,1.0,2.0,1.0,1.0,60.2,2.5,62.1,54.8,0.0,0,Core,1
43814,7.71,7.9,7.89,7.23,7.27,7.41,7.66,7.11,7.53,73.8,0.0,1.0,0.0,1.0,0.0,49.1,2.1,37.7,54.9,0.0,0,Core,0
24804,4.55,4.02,4.0,4.09,4.0,4.69,4.5,4.0,4.18,62.1,0.0,1.0,0.0,1.0,0.0,55.3,1.1,32.2,34.0,0.0,0,Core,0
28453,8.07,7.99,7.36,7.74,7.43,7.82,7.62,7.41,7.56,86.9,1.0,2.0,2.0,1.0,0.0,69.9,3.5,56.9,44.8,1.0,0,Core,1
35352,7.23,7.07,7.37,7.04,7.03,6.94,7.5,7.12,7.24,100.0,2.0,3.0,3.0,4.0,1.0,69.6,5.0,71.4,72.6,0.0,0,Core,1
32606,8.05,7.97,7.58,8.25,7.71,8.15,8.13,8.03,8.14,81.3,0.0,2.0,2.0,2.0,1.0,55.0,2.8,53.2,46.4,0.0,0,Core,1
31578,4.66,4.45,4.19,4.87,4.3,4.52,4.64,4.72,4.4,81.8,1.0,2.0,1.0,1.0,0.0,69.6,2.6,49.4,54.5,1.0,0,Core,0
32898,5.38,5.48,5.33,4.39,5.26,4.61,5.06,4.56,5.12,60.1,0.0,0.0,2.0,0.0,0.0,58.7,1.2,22.9,27.6,1.0,0,Core,0
21749,8.51,7.79,8.28,8.62,8.44,8.51,8.82,8.49,8.49,100.0,1.0,3.0,4.0,3.0,2.0,69.4,3.9,75.8,70.6,1.0,0,Core,1
10211,6.0,6.04,5.38,5.58,5.99,5.98,6.46,5.98,6.0,64.5,1.0,1.0,1.0,0.0,0.0,47.7,2.2,57.6,29.8,0.0,0,Core,0
30479,8.61,9.33,9.27,8.99,8.87,9.41,9.68,9.61,9.1,78.3,2.0,4.0,2.0,3.0,2.0,90.8,4.0,74.1,74.8,0.0,0,Core,1
24527,8.88,8.98,8.37,9.21,9.0,9.44,9.35,9.5,9.05,86.1,2.0,4.0,3.0,3.0,2.0,98.7,3.7,59.7,87.8,0.0,0,Core,1
39454,7.15,6.33,6.64,6.1,7.02,6.45,7.19,6.55,6.76,73.1,0.0,2.0,2.0,2.0,1.0,74.1,3.2,43.8,49.7,1.0,0,Core,1
48003,8.5,9.1,9.1,9.36,9.6,10.0,9.29,9.81,9.4,96.8,2.0,3.0,3.0,3.0,1.0,86.6,5.0,67.4,72.7,1.0,0,Core,1
21366,8.42,8.33,8.2,8.2,8.22,8.15,9.1,8.38,8.23,80.4,2.0,4.0,4.0,3.0,2.0,69.6,3.2,75.7,70.0,1.0,0,Core,1
22816,8.27,8.53,8.6,9.09,8.2,8.73,8.48,8.35,8.58,76.1,1.0,2.0,1.0,1.0,0.0,64.9,2.7,57.6,50.7,1.0,0,Core,1
33754,5.83,6.14,5.33,5.36,5.77,4.79,5.95,5.38,5.59,54.6,0.0,1.0,0.0,0.0,0.0,69.6,1.7,25.9,31.0,0.0,0,Core,0
41620,6.29,6.18,6.29,6.29,6.22,6.25,6.14,6.27,6.17,71.6,1.0,2.0,1.0,2.0,1.0,79.7,2.3,62.1,53.4,1.0,0,Core,1
20331,8.6,8.3,8.64,8.9,8.39,8.09,8.38,8.44,8.54,96.8,1.0,2.0,3.0,2.0,2.0,74.4,3.9,85.8,58.9,1.0,0,Core,1
27652,8.8,8.47,9.15,9.27,8.82,9.2,8.34,8.68,8.87,82.4,2.0,5.0,2.0,2.0,1.0,87.1,4.8,79.6,67.2,0.0,0,Core,1
16034,7.15,7.02,7.07,6.81,6.92,7.5,7.78,7.49,7.35,81.2,1.0,2.0,2.0,1.0,1.0,56.6,3.5,62.0,49.1,1.0,0,Core,0
45694,5.36,5.53,5.48,5.61,4.86,5.46,5.52,5.17,5.42,72.5,0.0,0.0,1.0,0.0,0.0,69.6,2.5,28.1,34.8,0.0,0,Core,0
43868,8.38,8.67,8.47,8.64,9.25,8.8,9.22,8.71,8.72,100.0,2.0,4.0,4.0,4.0,3.0,77.6,3.9,80.2,69.9,1.0,0,Core,1
7880,6.14,6.46,6.09,6.2,6.1,6.44,6.86,6.25,6.29,100.0,1.0,4.0,3.0,4.0,1.0,71.1,4.3,79.9,63.6,1.0,0,Core,1
2085,7.02,5.8,6.64,6.39,6.95,7.02,6.29,7.0,6.74,75.7,1.0,2.0,1.0,2.0,0.0,69.6,3.2,60.7,57.0,0.0,0,Core,0
36921,6.03,6.68,5.97,6.0,6.23,6.25,6.61,6.42,6.11,56.2,1.0,2.0,2.0,1.0,1.0,69.6,4.5,61.6,49.6,0.0,0,Core,0
12688,8.15,8.17,8.61,8.59,8.07,8.38,8.25,8.05,9.72,95.3,3.0,5.0,4.0,3.0,1.0,99.0,4.4,99.9,68.2,1.0,0,Core,1
13322,8.54,9.02,8.99,9.53,9.33,9.78,9.03,9.81,9.09,94.7,1.0,3.0,2.0,2.0,3.0,100.0,3.2,78.0,66.5,0.0,0,Core,1
17833,9.52,10.0,10.0,10.0,10.0,10.0,10.0,10.0,10.0,92.2,1.0,3.0,3.0,3.0,2.0,79.4,3.9,62.6,67.7,1.0,0,Core,1
32611,5.9,6.56,6.19,6.16,6.66,6.91,6.41,6.97,6.5,99.7,2.0,3.0,3.0,2.0,1.0,90.5,3.3,85.6,61.9,1.0,0,Core,1
46169,7.58,7.48,7.47,7.54,7.77,7.65,7.92,8.15,7.47,93.3,1.0,4.0,3.0,3.0,1.0,69.6,3.6,78.7,78.6,1.0,0,Core,1
45418,6.71,6.5,6.8,6.42,6.33,6.33,6.55,6.32,6.48,80.7,0.0,2.0,2.0,1.0,0.0,68.0,2.4,69.3,51.2,1.0,0,Core,0
4036,4.57,4.76,4.68,4.83,4.0,4.15,4.47,4.0,4.53,64.9,0.0,0.0,1.0,0.0,0.0,42.1,1.5,27.6,26.9,0.0,0,Core,0
23657,9.94,10.0,9.58,10.0,10.0,10.0,10.0,10.0,9.88,100.0,1.0,3.0,3.0,4.0,1.0,84.9,4.7,57.6,76.5,0.0,0,Core,1
19013,7.79,8.06,8.25,7.63,7.62,8.5,8.33,8.15,7.94,73.0,0.0,1.0,2.0,1.0,1.0,60.4,2.0,56.6,55.7,0.0,0,Core,0
44034,8.62,9.17,8.64,8.36,8.57,8.78,8.91,8.74,8.7,79.3,1.0,1.0,2.0,2.0,1.0,66.7,3.2,50.8,40.2,1.0,0,Core,1
400,8.09,8.24,8.21,7.97,8.27,7.71,8.03,8.11,8.2,71.2,1.0,3.0,1.0,2.0,1.0,78.8,3.3,39.1,46.0,0.0,0,Core,1
28161,9.34,8.94,8.98,8.77,9.3,9.09,9.51,9.11,9.1,63.3,1.0,2.0,1.0,2.0,0.0,66.7,4.1,47.3,48.4,1.0,0,Core,1
17437,7.93,8.4,8.0,7.74,8.0,7.96,8.13,8.11,8.11,82.9,1.0,2.0,1.0,1.0,0.0,72.8,3.6,52.7,55.6,1.0,0,Core,1
41096,6.08,5.89,5.43,5.92,6.03,5.53,6.03,5.9,5.81,55.1,0.0,0.0,2.0,1.0,0.0,58.0,1.8,36.5,23.0,1.0,0,Core,0
22495,6.26,6.63,6.6,6.45,6.69,7.17,6.26,7.33,6.95,79.6,1.0,2.0,2.0,2.0,1.0,74.3,2.9,74.9,52.2,1.0,0,Core,1
30823,10.0,9.64,10.0,10.0,9.78,10.0,10.0,10.0,9.99,87.1,1.0,3.0,2.0,3.0,1.0,84.4,4.4,77.7,54.9,0.0,0,Core,1
20051,7.62,7.39,7.74,7.57,7.43,7.6,7.89,7.96,7.87,93.6,2.0,3.0,2.0,3.0,0.0,84.8,4.2,77.7,77.4,0.0,0,Core,1
40023,7.04,7.1,7.46,7.28,7.01,7.11,7.43,7.37,7.36,61.6,2.0,1.0,2.0,2.0,1.0,71.3,2.9,52.3,50.4,1.0,0,Core,1
12760,6.01,5.89,5.86,5.22,5.9,5.9,6.45,6.13,6.04,89.9,2.0,3.0,2.0,3.0,1.0,82.1,4.6,62.9,74.3,1.0,0,Core,1
31167,7.06,7.84,7.95,7.9,8.46,7.95,8.02,7.54,7.87,76.7,1.0,4.0,3.0,2.0,2.0,69.6,3.6,65.3,84.4,1.0,0,Core,1
6468,7.34,7.26,7.51,7.45,7.2,7.66,7.6,7.26,7.44,84.9,2.0,4.0,3.0,4.0,1.0,73.8,5.0,90.2,85.6,1.0,0,Core,1
32238,7.56,8.6,7.24,7.77,8.67,7.94,8.67,8.08,8.06,87.3,1.0,4.0,2.0,3.0,2.0,63.8,4.0,66.6,96.0,1.0,0,Core,1
1373,5.85,5.92,5.52,5.82,5.5,5.22,5.79,5.72,5.57,66.0,0.0,0.0,0.0,1.0,0.0,52.0,2.9,24.3,30.6,0.0,0,Core,0
38359,8.19,8.32,8.83,9.0,8.59,9.06,9.16,9.1,8.73,99.1,3.0,4.0,3.0,4.0,2.0,80.9,3.3,79.0,73.4,1.0,0,Core,1
927,8.57,8.68,8.49,8.53,8.37,8.13,8.78,9.02,8.41,99.7,2.0,4.0,2.0,3.0,1.0,87.0,4.9,56.4,65.5,1.0,0,Core,1
35818,4.85,4.65,4.98,4.0,4.4,4.56,4.59,4.47,4.54,56.9,0.0,1.0,1.0,0.0,1.0,49.1,2.6,23.1,31.6,0.0,0,Core,0
10116,10.0,10.0,10.0,10.0,9.88,9.79,10.0,10.0,10.0,69.2,2.0,3.0,4.0,4.0,1.0,83.7,5.0,79.8,57.8,0.0,0,Core,1
8319,7.06,6.71,7.06,6.78,6.85,6.57,6.72,6.86,4.22,52.56633686,0.0,1.0,1.0,0.0,0.0,35.7,2.6,2.8,37.7,0.0,0,Core,0
26073,9.61,9.67,8.96,9.25,9.64,9.62,10.0,9.34,9.64,88.8,1.0,3.0,1.0,4.0,2.0,77.5,3.7,65.9,80.1,1.0,0,Core,1
29730,8.82,8.64,8.99,8.6,8.44,8.63,8.6,9.12,8.66,76.3,1.0,2.0,1.0,2.0,0.0,78.8,2.7,57.6,55.8,1.0,0,Core,1
9626,4.55,4.55,5.27,5.24,5.05,4.3,4.85,5.01,4.79,91.1,1.0,2.0,2.0,2.0,1.0,87.8,3.9,79.9,63.8,1.0,0,Core,1
3786,10.0,9.89,10.0,9.94,10.0,10.0,10.0,9.8,9.98,91.6,2.0,4.0,2.0,3.0,2.0,69.6,4.6,83.2,69.4,1.0,0,Core,1
20886,7.57,7.47,7.56,7.1,7.88,7.3,7.65,7.94,7.46,100.0,1.0,2.0,3.0,3.0,2.0,81.9,4.8,75.3,67.1,1.0,0,Core,1
6905,6.28,6.39,6.82,6.65,6.63,6.97,6.86,6.54,6.67,76.5,2.0,3.0,3.0,2.0,2.0,90.5,3.6,91.0,77.8,1.0,0,Core,1
6479,5.43,6.25,5.79,5.56,5.95,5.48,6.19,5.68,5.89,74.8,1.0,2.0,1.0,2.0,1.0,65.4,2.7,43.3,47.3,1.0,0,Core,0
27149,4.7,4.53,4.44,4.86,5.12,4.68,4.77,4.55,4.78,60.9,0.0,0.0,0.0,0.0,0.0,69.6,2.5,25.0,31.8,0.0,0,Core,0
33658,6.69,6.23,7.09,6.68,7.06,7.26,6.86,6.45,6.67,82.9,1.0,2.0,2.0,1.0,1.0,66.0,3.1,54.5,57.0,0.0,0,Core,1
38900,7.08,7.3,6.79,6.98,7.37,8.03,6.83,7.44,7.04,76.1,2.0,3.0,2.0,2.0,0.0,65.5,2.5,59.6,50.9,1.0,0,Core,1
26817,7.35,7.51,7.46,7.35,7.04,7.65,7.08,7.08,4.35,51.06153126,1.0,3.0,1.0,2.0,1.0,69.6,2.5,6.5,50.6,0.0,0,Border,1
35547,5.61,6.13,5.66,6.32,5.9,5.48,5.16,5.47,5.69,68.8,0.0,0.0,0.0,0.0,0.0,42.4,1.9,22.2,27.8,0.0,0,Core,0
41572,6.67,6.82,7.05,7.54,7.07,6.83,7.65,6.76,6.93,76.1,0.0,2.0,3.0,3.0,0.0,65.5,3.2,54.1,48.7,0.0,0,Core,1
24448,9.36,10.0,9.59,9.72,9.48,9.49,9.37,9.98,9.59,88.2,2.0,3.0,2.0,3.0,1.0,79.8,3.2,71.5,87.8,1.0,0,Core,1
30246,6.21,6.3,5.81,5.67,5.74,5.72,4.93,5.47,5.76,52.5,0.0,1.0,0.0,0.0,0.0,50.2,1.2,28.7,25.5,0.0,0,Core,0
22558,6.98,6.27,7.18,6.87,6.77,6.98,6.81,6.76,6.75,80.8,1.0,2.0,1.0,2.0,1.0,73.2,2.2,46.4,60.0,1.0,0,Core,1
45579,6.36,6.27,6.23,6.18,6.46,6.86,6.39,6.43,6.56,71.4,1.0,2.0,1.0,2.0,1.0,45.9,3.2,66.6,65.0,1.0,0,Core,0
17736,5.53,4.85,5.42,5.93,5.69,5.81,5.95,5.86,5.57,80.6,1.0,2.0,2.0,2.0,0.0,75.7,3.3,57.6,46.5,1.0,0,Core,0
25981,6.54,7.06,7.15,6.59,7.47,6.6,7.2,5.98,6.82,68.9,0.0,2.0,2.0,2.0,0.0,65.8,3.1,46.1,55.9,0.0,0,Core,1
5865,8.86,9.32,8.78,9.19,9.07,9.8,9.34,8.94,8.99,73.2,1.0,2.0,3.0,2.0,1.0,68.7,3.2,54.1,57.6,1.0,0,Core,1
6530,6.68,6.79,6.11,6.98,6.38,6.71,6.4,5.87,6.51,63.7,1.0,1.0,1.0,1.0,0.0,49.6,2.7,30.1,32.3,0.0,0,Core,0
10537,6.54,6.39,6.46,6.72,6.47,6.86,7.0,6.92,6.81,96.7,2.0,2.0,2.0,3.0,1.0,95.3,4.7,79.4,73.0,1.0,0,Core,1
28213,7.19,6.97,7.95,8.04,7.94,7.31,7.79,7.66,7.45,96.3,2.0,4.0,3.0,3.0,2.0,79.8,4.2,70.7,92.0,1.0,0,Core,1
7361,7.03,7.16,7.3,6.95,7.31,7.09,6.92,7.23,6.89,78.2,1.0,2.0,1.0,2.0,1.0,75.4,2.1,50.3,49.2,0.0,0,Core,1
38903,7.13,6.75,6.92,6.71,7.03,6.75,8.17,6.49,6.66,67.4,1.0,2.0,2.0,2.0,1.0,58.7,3.3,57.5,55.5,0.0,0,Core,1
12511,8.32,8.32,9.17,8.27,8.83,8.6,8.68,8.15,8.63,82.4,1.0,3.0,3.0,2.0,1.0,82.8,3.7,57.6,79.8,1.0,0,Core,1
10454,4.1,5.58,4.57,4.87,4.28,4.51,4.26,4.0,4.45,60.7,0.0,0.0,0.0,1.0,0.0,46.8,1.6,25.0,23.3,0.0,0,Core,0
18378,5.89,5.63,5.28,6.07,6.21,5.63,5.91,5.94,5.72,95.4,1.0,2.0,2.0,1.0,1.0,64.8,3.5,48.2,54.2,0.0,0,Core,0
20738,8.14,8.45,7.99,7.52,8.47,8.08,8.17,8.8,8.2,90.7,2.0,3.0,3.0,3.0,1.0,88.0,5.0,85.9,54.9,1.0,0,Core,1
43336,7.54,8.0,8.05,7.51,7.79,7.82,7.79,7.85,7.82,77.9,1.0,3.0,2.0,2.0,0.0,69.6,2.9,52.6,52.7,1.0,0,Core,1
8394,7.34,7.28,7.71,7.1,7.46,7.63,7.29,7.94,7.62,91.4,1.0,1.0,1.0,2.0,1.0,77.6,3.2,68.9,66.4,0.0,0,Core,1
21103,7.03,6.61,6.87,6.72,6.85,6.78,6.51,6.71,6.79,69.7,1.0,2.0,2.0,2.0,1.0,65.2,3.4,48.1,62.9,1.0,0,Core,1
1163,8.06,7.78,8.6,8.42,8.06,8.19,8.21,7.76,8.2,77.4,2.0,4.0,2.0,3.0,2.0,96.6,3.8,57.6,54.9,1.0,0,Core,1
2532,5.39,5.11,5.07,5.49,5.65,4.74,5.64,5.06,5.23,65.2,0.0,0.0,1.0,0.0,0.0,47.9,1.4,30.3,22.5,0.0,0,Core,0
7845,6.73,7.13,7.13,7.03,6.56,7.25,6.39,6.56,6.78,60.0,0.0,0.0,0.0,0.0,1.0,47.1,1.4,23.2,36.0,0.0,0,Core,0
26048,7.59,8.04,7.31,7.68,7.79,7.85,7.52,8.01,7.73,73.3,0.0,1.0,2.0,2.0,1.0,68.4,1.6,42.6,50.2,0.0,0,Core,0
39017,9.4,9.34,8.9,8.9,9.02,8.74,8.8,8.69,9.0,83.1,1.0,2.0,2.0,2.0,1.0,59.6,3.5,55.6,45.7,0.0,0,Core,1
41843,8.35,7.59,7.72,7.26,7.67,7.73,8.21,7.2,7.77,80.6,1.0,2.0,2.0,2.0,1.0,66.3,1.8,64.3,60.0,0.0,0,Core,0
12703,4.74,4.76,4.65,4.4,5.75,5.24,4.89,5.46,4.94,75.1,0.0,2.0,2.0,2.0,0.0,85.6,3.2,50.9,49.0,1.0,0,Core,0
33513,8.46,9.39,8.61,9.18,9.66,9.22,8.6,8.49,8.92,73.3,1.0,2.0,2.0,1.0,1.0,63.2,2.3,56.4,54.7,0.0,0,Core,1
19803,7.13,7.01,6.99,7.39,7.57,6.15,6.86,7.27,9.82,85.2,3.0,5.0,1.0,1.0,0.0,69.6,3.2,99.2,56.1,0.0,0,Border,0
5752,4.52,4.78,5.48,5.28,4.45,4.79,4.67,4.43,4.8,70.9,1.0,1.0,2.0,1.0,1.0,62.0,4.4,44.1,58.1,1.0,0,Core,0
34356,5.65,5.99,6.02,6.48,5.72,5.97,6.06,6.32,5.88,56.6,0.0,1.0,1.0,2.0,1.0,62.8,3.1,66.3,54.5,0.0,0,Core,0
30770,6.6,6.8,5.99,5.69,6.47,6.61,6.75,6.4,6.3,69.8,1.0,1.0,2.0,2.0,0.0,65.3,3.6,70.1,53.8,0.0,0,Core,1
36493,4.0,4.04,4.0,4.0,4.1,4.0,4.0,4.0,4.04,63.8,0.0,0.0,0.0,0.0,0.0,58.0,2.2,28.5,30.5,0.0,0,Core,0
25058,7.96,7.67,8.05,7.94,8.15,8.39,8.42,8.67,8.2,93.9,1.0,4.0,2.0,5.0,2.0,95.1,3.5,65.5,75.9,0.0,0,Core,1
15822,5.78,5.52,5.39,5.22,5.28,5.16,5.05,5.03,5.36,51.9,0.0,1.0,1.0,0.0,0.0,40.5,1.6,28.8,35.0,0.0,0,Core,0
28284,6.75,5.97,6.0,6.6,6.57,6.64,6.52,6.88,6.45,77.4,0.0,3.0,1.0,2.0,0.0,62.8,3.0,67.1,58.7,0.0,0,Core,1
13651,7.76,7.79,7.92,8.23,8.13,8.4,8.21,8.22,8.1,73.1,1.0,1.0,1.0,1.0,0.0,54.2,2.5,65.0,45.2,0.0,0,Core,1
40571,7.07,6.94,6.77,6.67,7.1,6.83,6.73,7.17,6.91,79.8,1.0,4.0,3.0,4.0,2.0,79.0,3.8,55.8,58.7,1.0,0,Core,1
17173,9.46,8.98,9.78,9.54,9.55,9.13,9.78,9.14,9.44,86.0,2.0,2.0,3.0,4.0,2.0,79.3,4.5,65.1,52.5,1.0,0,Core,1
12284,6.74,6.13,6.28,5.95,6.04,5.83,5.85,5.98,6.18,72.9,1.0,1.0,2.0,2.0,0.0,75.9,3.2,53.7,54.9,1.0,0,Core,0
35461,7.61,8.12,7.58,7.54,7.8,7.82,8.26,8.19,7.79,93.6,0.0,5.0,4.0,4.0,1.0,85.6,4.0,81.9,86.0,1.0,0,Core,1
34060,7.52,7.14,7.44,7.07,7.76,7.95,7.71,6.93,7.27,82.7,1.0,1.0,1.0,2.0,1.0,70.1,2.8,50.6,54.8,0.0,0,Core,0
35236,8.49,8.9,9.04,8.75,9.02,8.43,8.54,8.61,8.77,83.3,1.0,2.0,1.0,1.0,1.0,61.7,3.7,59.7,48.6,0.0,0,Core,1
26634,4.82,4.52,4.79,5.38,4.87,5.26,4.74,4.58,4.79,76.9,1.0,2.0,2.0,1.0,0.0,75.7,2.9,57.7,58.1,1.0,0,Core,1
24471,6.41,6.46,6.21,6.08,5.72,6.82,7.17,6.36,6.32,71.6,0.0,2.0,1.0,1.0,0.0,71.7,4.2,64.4,61.5,0.0,0,Core,1
18416,7.23,6.8,6.96,7.21,7.0,6.73,7.08,6.85,6.97,61.1,0.0,0.0,2.0,0.0,0.0,47.5,1.0,26.8,30.4,1.0,0,Core,0
18955,7.47,7.63,7.74,8.25,7.59,7.69,8.16,8.11,7.78,100.0,1.0,4.0,2.0,1.0,1.0,83.4,2.8,79.6,85.9,1.0,0,Core,1
37194,5.18,5.35,5.49,5.05,5.47,5.84,5.33,5.19,5.33,73.1,1.0,2.0,2.0,2.0,1.0,59.0,2.8,67.7,51.8,1.0,0,Core,0
20719,6.0,6.56,6.31,5.99,6.22,5.85,5.46,5.13,5.87,60.4,0.0,0.0,0.0,1.0,0.0,50.8,1.5,31.1,23.5,1.0,0,Core,0
37401,9.15,8.63,8.23,9.88,8.91,9.04,9.46,9.2,9.12,89.0,2.0,2.0,3.0,4.0,2.0,84.2,4.9,81.7,69.5,1.0,0,Core,1
3264,9.97,9.92,9.93,10.0,9.57,10.0,10.0,10.0,9.91,74.2,2.0,3.0,3.0,3.0,2.0,74.9,2.8,80.6,60.9,1.0,0,Core,1
46180,6.17,6.09,5.74,6.06,5.17,5.73,6.14,5.26,5.93,54.3,1.0,1.0,0.0,0.0,0.0,43.1,1.3,29.6,30.1,1.0,0,Core,0
31126,4.92,4.95,4.97,4.86,5.0,4.78,4.94,5.31,5.03,76.3,1.0,2.0,3.0,1.0,1.0,61.7,2.5,55.8,53.8,1.0,0,Core,0
42233,8.94,8.96,9.5,9.31,9.54,9.18,9.59,9.62,9.34,88.1,2.0,4.0,3.0,2.0,2.0,87.6,4.1,88.9,80.7,1.0,0,Core,1
43714,8.04,8.69,8.5,8.36,8.36,8.66,8.93,8.37,8.52,93.5,0.0,2.0,2.0,1.0,1.0,69.6,2.2,57.6,49.9,0.0,0,Core,1
7025,7.31,7.55,7.78,7.41,7.1,7.39,7.61,7.51,7.41,69.4,1.0,2.0,2.0,1.0,0.0,68.9,3.2,60.9,51.1,0.0,0,Core,1
17499,6.54,6.33,6.12,6.3,6.15,6.57,6.41,5.99,6.29,84.7,1.0,2.0,1.0,2.0,1.0,64.0,3.5,58.1,48.7,1.0,0,Core,0
29713,8.37,8.1,8.23,8.02,8.17,8.77,7.97,7.94,8.24,59.3,0.0,1.0,0.0,0.0,0.0,52.4,2.8,29.2,29.2,1.0,0,Core,0
32788,9.23,8.59,8.96,9.37,8.39,9.36,9.07,9.96,8.96,81.8,2.0,3.0,4.0,4.0,2.0,89.4,4.4,70.9,86.9,1.0,0,Core,1
15108,6.65,6.23,7.13,6.44,6.97,6.59,7.02,6.83,6.86,95.4,1.0,1.0,1.0,2.0,0.0,61.8,3.2,65.6,46.3,1.0,0,Core,1
2477,9.48,9.33,9.43,10.0,10.0,10.0,10.0,9.9,9.86,87.4,2.0,2.0,3.0,3.0,2.0,84.7,4.5,67.4,72.8,1.0,0,Core,1
48078,7.16,6.9,6.73,6.62,7.35,6.7,7.11,6.68,6.86,100.0,2.0,3.0,2.0,3.0,2.0,72.3,4.2,84.6,54.9,1.0,0,Core,1
11349,8.53,8.64,8.83,8.01,8.74,8.86,9.09,9.07,8.79,73.1,2.0,4.0,4.0,3.0,1.0,66.7,4.3,70.7,57.4,1.0,0,Core,1
29035,4.76,4.44,4.8,4.31,4.6,4.59,4.76,4.78,4.6,76.0,1.0,2.0,2.0,1.0,0.0,56.0,3.4,61.0,53.7,1.0,0,Core,0
1912,4.0,4.23,4.37,4.0,4.0,4.02,4.0,4.0,4.15,65.3,0.0,0.0,0.0,1.0,0.0,53.3,1.5,26.1,28.6,0.0,0,Core,0
27728,7.54,8.06,7.49,7.59,7.66,7.34,7.84,7.64,7.85,85.1,2.0,4.0,3.0,3.0,1.0,80.5,3.2,75.1,75.9,0.0,0,Core,1
36500,5.96,5.99,5.96,5.79,6.7,5.75,5.96,6.21,5.97,60.4,0.0,1.0,0.0,0.0,0.0,47.7,1.4,30.5,33.9,1.0,0,Core,0
42094,8.55,8.89,7.95,8.96,8.92,8.77,8.25,8.86,8.8,73.5,1.0,2.0,1.0,2.0,1.0,71.3,3.4,60.1,54.9,1.0,0,Core,1
49531,8.78,9.21,8.4,8.55,8.85,8.99,9.22,8.96,8.94,70.6,1.0,1.0,1.0,3.0,0.0,63.7,2.1,49.1,61.9,0.0,0,Core,1
27312,7.25,6.94,7.68,7.26,7.42,7.23,7.61,7.88,7.39,81.8,2.0,3.0,3.0,3.0,1.0,97.9,3.9,62.2,77.2,1.0,0,Core,1
14599,5.71,5.93,6.24,6.36,6.17,6.21,5.88,6.08,5.92,78.9,1.0,2.0,1.0,2.0,1.0,67.7,1.9,54.0,57.4,0.0,0,Core,1
12075,6.66,6.81,7.17,6.67,7.07,6.68,6.34,6.84,6.75,73.3,1.0,2.0,3.0,1.0,0.0,71.1,3.4,51.4,45.6,1.0,0,Core,1
41321,7.89,7.65,8.11,8.07,7.51,7.79,8.04,8.44,8.01,67.4,2.0,2.0,2.0,2.0,0.0,54.1,2.7,65.6,55.5,1.0,0,Core,1
28988,6.08,5.92,5.66,6.02,5.59,6.05,5.91,5.5,5.79,73.7,1.0,2.0,1.0,1.0,0.0,69.6,2.7,65.5,44.0,0.0,0,Core,0
2099,5.61,6.02,5.6,6.02,6.23,6.01,5.67,6.03,5.93,64.5,1.0,1.0,2.0,2.0,1.0,79.1,3.5,55.2,47.4,0.0,0,Core,0
19534,7.09,6.99,7.19,7.4,6.81,6.87,6.18,6.46,7.06,63.8,0.0,1.0,0.0,1.0,0.0,49.5,1.3,30.0,31.9,1.0,0,Core,0
34940,8.77,8.73,8.44,8.03,8.14,8.76,8.61,8.38,8.55,65.8,1.0,2.0,2.0,1.0,1.0,77.0,2.4,59.0,54.9,0.0,0,Core,1
8024,7.07,6.78,6.95,6.67,6.82,6.8,7.18,6.64,6.82,71.4,1.0,3.0,2.0,1.0,0.0,59.9,3.6,57.6,49.1,0.0,0,Core,0
13254,7.49,7.45,7.84,7.74,7.79,8.58,7.64,8.09,7.84,83.0,1.0,3.0,4.0,5.0,1.0,69.8,3.8,57.6,86.4,1.0,0,Core,1
1986,9.48,9.27,9.78,9.24,9.78,9.78,9.49,9.2,9.48,89.8,3.0,5.0,3.0,2.0,2.0,74.2,3.9,84.9,69.4,0.0,0,Core,1
26012,5.1,4.69,5.08,4.3,4.56,4.0,4.27,5.28,4.75,62.6,1.0,1.0,0.0,1.0,0.0,48.9,1.7,27.6,28.1,1.0,0,Core,0
3336,7.89,8.28,7.74,7.75,7.49,7.71,7.64,8.21,7.87,70.3,1.0,3.0,1.0,2.0,0.0,65.4,2.7,60.3,50.9,1.0,0,Core,1
26621,5.7,4.97,4.98,4.83,4.21,5.28,5.25,4.69,5.08,53.6,1.0,0.0,0.0,0.0,0.0,49.1,1.6,31.6,31.9,0.0,0,Core,0
11745,4.77,5.08,4.81,4.67,4.8,5.06,4.68,4.73,4.84,57.4,0.0,0.0,0.0,1.0,1.0,49.5,1.9,17.2,20.5,0.0,0,Core,0
18477,7.12,7.54,8.14,7.4,7.7,7.49,7.96,7.72,7.46,81.7,0.0,2.0,2.0,2.0,0.0,60.6,3.1,51.1,52.9,0.0,0,Core,0
47612,4.0,4.0,4.0,4.0,4.27,4.0,4.0,4.0,4.13,54.4,0.0,1.0,1.0,0.0,0.0,36.6,2.4,25.7,31.8,0.0,0,Core,0
25537,6.49,6.13,6.83,6.51,7.06,6.4,6.27,6.08,6.39,68.2,1.0,2.0,1.0,3.0,0.0,61.0,3.3,42.8,51.4,1.0,0,Core,0
20865,9.37,9.29,9.22,8.85,9.11,9.48,9.35,10.0,9.35,90.1,2.0,3.0,3.0,4.0,2.0,84.1,3.6,71.8,58.8,1.0,0,Core,1
43447,7.8,8.3,8.13,8.22,8.3,8.13,7.9,7.86,8.12,89.0,2.0,3.0,3.0,3.0,1.0,70.1,3.4,77.4,79.9,1.0,0,Core,1
8007,7.07,6.6,6.95,7.18,7.21,7.27,6.95,6.97,6.9,63.9,1.0,1.0,1.0,2.0,1.0,68.8,2.9,54.6,51.7,0.0,0,Core,1
29077,8.99,8.6,9.49,8.72,8.93,8.8,9.17,9.15,8.89,98.7,1.0,3.0,2.0,2.0,1.0,81.1,4.1,66.8,82.2,1.0,0,Core,1
43721,8.79,8.36,8.04,8.65,8.38,8.2,8.54,8.46,8.6,64.3,1.0,1.0,1.0,2.0,1.0,64.4,2.5,62.0,68.5,1.0,0,Core,1
23001,5.98,6.25,6.51,6.23,6.57,6.44,6.51,6.39,6.39,75.8,0.0,2.0,2.0,2.0,1.0,59.4,3.0,53.4,54.9,0.0,0,Core,0
28194,8.43,8.63,8.66,8.77,8.47,8.57,9.02,8.97,8.67,87.9,2.0,4.0,4.0,3.0,1.0,84.6,3.9,59.5,75.4,1.0,0,Core,1
21513,7.49,6.82,6.99,6.96,7.05,7.41,6.63,6.77,7.05,86.1,1.0,3.0,2.0,3.0,1.0,60.7,5.0,82.3,71.9,1.0,0,Core,1
21025,5.98,5.29,4.59,5.66,4.67,4.77,5.32,5.27,5.14,62.7,0.0,1.0,1.0,1.0,0.0,46.6,2.4,25.2,31.7,0.0,0,Core,0
15295,8.32,8.14,8.28,8.28,8.07,8.17,7.77,8.44,8.24,97.4,2.0,4.0,3.0,3.0,1.0,77.5,3.8,63.8,72.7,0.0,0,Core,1
11662,5.85,5.66,5.59,4.86,5.43,4.98,5.5,5.67,5.48,58.9,1.0,1.0,0.0,1.0,0.0,69.6,2.5,27.7,30.0,0.0,0,Core,0
31719,9.95,10.0,9.54,10.0,10.0,9.7,10.0,10.0,10.0,100.0,2.0,2.0,3.0,3.0,1.0,87.2,3.5,79.7,77.0,1.0,0,Core,1
42116,10.0,9.84,10.0,10.0,10.0,10.0,9.75,10.0,9.75,81.6,2.0,3.0,3.0,2.0,1.0,100.0,4.4,74.9,62.3,0.0,0,Core,1
28242,7.28,7.44,7.67,7.51,7.13,7.34,7.41,7.67,7.4,96.1,2.0,4.0,3.0,4.0,1.0,77.5,3.2,70.7,84.1,1.0,0,Core,1
43152,8.4,9.2,8.67,8.54,8.78,9.1,8.29,9.27,8.9,100.0,3.0,4.0,3.0,3.0,2.0,88.6,4.6,86.2,71.1,1.0,0,Core,1
9695,6.67,5.9,6.53,6.45,6.6,6.59,6.41,6.36,6.44,68.2,1.0,2.0,2.0,2.0,0.0,59.2,3.7,55.6,56.3,1.0,0,Core,1
25566,8.87,8.81,8.8,9.09,9.35,9.15,8.98,8.97,9.11,82.5,1.0,2.0,3.0,2.0,1.0,66.0,3.1,54.6,54.9,0.0,0,Core,1
34445,6.72,6.58,6.28,6.89,6.56,6.46,6.42,6.15,6.5,72.2,0.0,2.0,1.0,2.0,1.0,52.5,3.2,60.8,47.5,0.0,0,Core,0
14110,9.2,9.37,9.5,9.66,9.75,9.52,9.14,10.0,9.49,91.9,3.0,3.0,4.0,2.0,2.0,71.4,4.7,74.0,68.7,1.0,0,Core,1
12959,9.29,9.37,10.0,9.63,9.71,9.66,10.0,10.0,9.76,91.5,1.0,3.0,3.0,3.0,1.0,72.5,3.8,57.6,94.5,0.0,0,Core,1
23315,9.79,9.79,9.62,9.74,10.0,10.0,10.0,9.77,9.91,93.7,1.0,4.0,4.0,4.0,2.0,94.5,4.7,88.0,75.3,0.0,0,Core,1
17927,7.52,7.63,7.59,7.54,7.86,7.93,8.05,7.83,7.77,80.7,2.0,2.0,3.0,4.0,1.0,86.6,4.9,77.6,54.9,0.0,0,Core,1
20414,6.81,6.89,6.73,7.15,6.56,7.12,6.59,6.57,6.89,58.8,1.0,2.0,1.0,1.0,1.0,58.7,2.7,60.8,61.5,0.0,0,Core,0
22459,5.62,5.95,6.01,5.51,5.87,5.72,6.38,5.59,5.65,68.8,1.0,2.0,1.0,2.0,1.0,68.5,4.0,47.1,52.0,0.0,0,Core,0
44363,7.41,7.41,7.09,7.56,6.88,7.13,7.36,7.25,7.23,76.4,2.0,2.0,1.0,2.0,0.0,51.2,3.0,57.6,54.7,0.0,0,Core,1
5677,7.54,7.48,7.45,7.96,7.29,7.36,7.49,7.85,7.36,70.8,1.0,2.0,2.0,2.0,0.0,66.2,2.5,55.2,43.4,0.0,0,Core,1
43367,5.66,5.51,5.57,4.82,5.05,5.2,5.12,4.54,5.26,72.1,0.0,1.0,0.0,0.0,0.0,51.0,2.3,33.0,26.4,1.0,0,Core,0
33872,7.27,8.0,7.47,8.31,8.31,8.06,8.19,8.29,7.94,90.7,2.0,5.0,2.0,2.0,1.0,79.1,3.2,77.0,73.2,1.0,0,Core,1
610,6.21,5.86,6.87,6.32,6.24,6.35,6.7,6.59,6.29,64.4,1.0,2.0,2.0,1.0,1.0,68.1,2.8,54.8,51.2,1.0,0,Core,0
30921,5.5,5.83,5.78,5.73,5.86,5.92,6.29,5.91,5.92,84.7,1.0,2.0,3.0,2.0,1.0,57.7,2.6,54.0,47.5,1.0,0,Core,0
25260,9.12,8.63,8.68,9.18,8.73,8.55,8.22,8.62,8.8,83.4,1.0,2.0,2.0,1.0,0.0,63.5,2.3,54.9,52.0,1.0,0,Core,1
30394,5.92,6.28,6.02,5.64,6.26,6.32,6.49,6.27,6.33,69.9,1.0,2.0,1.0,2.0,1.0,69.6,3.3,47.4,53.8,0.0,0,Core,1
38326,7.39,7.93,7.95,7.63,8.14,7.44,7.99,7.46,7.65,72.3,1.0,3.0,2.0,3.0,1.0,69.6,4.1,89.0,54.9,1.0,0,Core,1
44289,4.0,4.13,4.21,4.0,4.18,4.05,4.0,4.0,4.15,67.4,0.0,0.0,0.0,0.0,0.0,34.5,2.5,31.7,33.0,0.0,0,Core,0
48465,7.88,7.04,7.15,7.25,7.86,7.31,7.69,7.1,7.4,93.6,2.0,3.0,2.0,3.0,1.0,78.9,4.6,77.7,77.3,1.0,0,Core,1
9290,8.89,9.16,9.06,8.37,8.56,9.52,8.39,8.79,8.95,80.7,1.0,3.0,2.0,3.0,1.0,79.3,3.5,79.1,78.6,1.0,0,Core,1
26407,7.53,7.01,7.35,7.42,7.2,7.05,7.68,7.19,7.31,62.3,1.0,2.0,2.0,1.0,1.0,69.6,2.8,56.5,58.2,0.0,0,Core,1
28059,8.31,8.56,8.38,8.67,9.14,8.11,8.48,8.85,8.77,93.7,2.0,3.0,3.0,2.0,1.0,88.9,3.2,88.1,72.9,0.0,0,Core,1
22296,8.96,8.82,8.47,8.31,8.81,8.76,8.98,8.73,8.66,82.7,2.0,3.0,3.0,2.0,1.0,76.9,4.3,76.8,84.5,1.0,0,Core,1
22052,7.41,7.18,7.22,7.04,6.97,7.67,7.41,7.36,7.47,89.1,3.0,4.0,3.0,2.0,2.0,90.0,3.2,71.2,71.2,1.0,0,Core,1
44452,8.64,9.36,9.38,8.49,9.13,9.1,9.2,9.03,9.1,59.5,1.0,2.0,2.0,2.0,1.0,79.4,3.1,49.5,54.2,0.0,0,Core,1
12513,9.25,9.59,9.05,9.37,9.24,8.92,9.82,9.05,9.24,100.0,1.0,3.0,2.0,4.0,1.0,79.0,4.9,76.6,72.3,1.0,0,Core,1
48576,8.86,9.06,9.39,9.43,9.15,10.0,9.89,9.69,9.34,92.8,2.0,4.0,3.0,2.0,1.0,84.5,5.0,71.1,64.5,1.0,0,Core,1
18776,5.77,5.99,5.5,6.21,6.39,5.98,6.03,6.06,5.99,70.5,0.0,2.0,2.0,2.0,0.0,72.4,2.6,53.1,51.6,0.0,0,Core,0
15715,7.54,7.67,7.95,8.0,7.92,8.82,8.38,8.31,7.96,71.4,2.0,4.0,3.0,3.0,0.0,68.8,3.1,70.0,77.8,1.0,0,Core,1
7977,6.18,5.64,5.66,6.01,5.24,5.4,5.06,4.8,5.61,58.2,0.0,1.0,0.0,1.0,0.0,48.1,1.0,34.3,54.9,1.0,0,Core,0
33176,9.1,8.64,9.42,8.68,8.93,8.94,9.52,9.52,9.07,100.0,2.0,3.0,2.0,4.0,2.0,86.3,3.7,58.8,99.6,1.0,0,Core,1
47635,7.34,7.35,7.57,7.99,7.87,7.68,7.57,7.73,7.72,83.4,1.0,2.0,2.0,1.0,1.0,70.0,3.1,60.7,52.7,0.0,0,Core,1
8345,4.53,5.25,4.62,4.77,4.8,4.77,4.18,4.58,4.68,57.4,0.0,1.0,2.0,0.0,0.0,50.2,2.7,57.6,33.9,0.0,0,Core,0
30590,6.21,6.57,7.16,6.42,6.25,6.58,6.2,6.65,6.5,63.2,1.0,2.0,2.0,1.0,0.0,75.9,2.4,53.8,48.6,0.0,0,Core,0
11898,5.0,5.67,5.78,5.15,5.18,5.06,5.65,5.3,5.35,50.0,0.0,1.0,1.0,1.0,0.0,49.6,2.0,27.6,28.9,1.0,0,Core,0
25496,5.52,5.36,5.58,5.81,6.02,5.65,5.43,5.71,5.81,73.2,1.0,2.0,1.0,2.0,1.0,78.8,3.4,48.8,51.5,0.0,0,Core,0
22322,4.0,4.1,4.0,4.0,4.0,4.0,4.0,4.0,4.08,57.1,0.0,1.0,1.0,0.0,0.0,45.7,2.2,24.7,16.4,0.0,0,Core,0
17680,8.61,8.71,8.35,9.06,9.49,8.66,8.89,9.04,8.86,92.9,2.0,3.0,3.0,3.0,1.0,76.3,3.9,79.9,71.8,1.0,0,Core,1
12470,5.77,5.68,5.32,5.37,5.62,5.99,5.03,5.42,5.53,75.4,1.0,2.0,2.0,3.0,0.0,69.2,2.6,45.7,39.7,0.0,0,Core,1
4658,5.76,5.54,5.28,5.7,6.07,5.75,5.66,6.07,5.67,87.1,1.0,3.0,2.0,3.0,0.0,81.7,3.6,55.3,46.8,0.0,0,Core,1
48394,6.21,7.07,7.13,7.43,7.22,7.16,7.55,6.77,7.19,98.3,1.0,1.0,2.0,1.0,0.0,60.0,3.2,57.9,47.3,1.0,0,Core,0
1688,9.14,9.86,9.61,8.89,9.49,9.37,9.57,9.04,9.37,64.9,1.0,2.0,2.0,2.0,0.0,83.8,2.7,68.0,61.9,0.0,0,Core,1
22182,5.43,5.41,5.52,5.12,5.78,5.27,5.57,5.84,5.34,74.0,1.0,3.0,1.0,2.0,0.0,77.4,2.6,47.3,71.5,0.0,0,Core,0
12792,8.19,8.71,8.89,8.84,8.63,7.94,9.31,9.39,8.82,87.8,1.0,4.0,2.0,2.0,1.0,75.8,3.5,84.0,54.9,1.0,0,Core,1
8041,5.9,5.38,5.53,5.19,5.57,5.31,5.76,5.69,5.64,59.3,0.0,1.0,0.0,0.0,1.0,69.6,1.7,29.7,29.9,0.0,0,Core,0
31062,4.96,5.15,4.44,5.11,4.55,4.7,4.69,4.57,4.82,70.8,0.0,0.0,0.0,0.0,0.0,43.7,2.4,27.6,27.5,0.0,0,Core,0
35027,6.07,6.73,6.98,6.59,6.77,7.24,7.01,7.14,6.71,86.4,2.0,1.0,3.0,3.0,0.0,79.6,3.2,71.6,92.4,1.0,0,Core,1
14830,5.11,5.71,5.66,4.54,5.26,5.51,5.32,4.22,5.16,62.6,1.0,0.0,1.0,0.0,0.0,47.0,1.0,26.8,31.5,1.0,0,Core,0
38849,8.49,8.07,8.38,8.42,8.3,8.1,8.1,8.36,8.18,68.1,0.0,2.0,2.0,2.0,0.0,64.3,3.3,53.8,50.0,1.0,0,Core,0
20063,7.28,6.64,6.96,7.02,7.14,7.27,7.2,6.81,6.9,68.8,1.0,2.0,3.0,2.0,0.0,66.6,2.5,49.9,66.5,0.0,0,Core,0
28278,5.88,5.84,5.9,6.45,6.08,6.34,6.45,5.67,6.02,64.8,1.0,2.0,2.0,2.0,0.0,67.2,2.6,42.5,49.7,1.0,0,Core,0
34548,7.95,8.04,8.05,7.36,8.29,8.24,8.19,8.35,8.04,77.8,1.0,1.0,2.0,0.0,1.0,64.7,3.2,52.8,50.9,0.0,0,Core,1
10905,6.25,6.86,6.38,6.37,6.54,6.95,6.32,6.16,6.31,63.2,1.0,2.0,1.0,2.0,0.0,73.0,3.4,61.2,54.6,1.0,0,Core,1
19221,10.0,10.0,10.0,10.0,10.0,10.0,10.0,10.0,9.98,100.0,2.0,3.0,4.0,4.0,2.0,88.2,3.2,70.6,78.2,1.0,0,Core,1
24430,8.94,9.17,8.8,9.34,8.5,9.5,8.94,8.73,8.91,79.9,3.0,4.0,3.0,4.0,1.0,91.4,3.5,81.9,54.9,1.0,0,Core,1
47350,4.24,4.52,4.96,4.61,4.36,4.38,4.56,4.21,4.43,59.7,1.0,1.0,0.0,1.0,0.0,54.2,2.6,28.4,25.9,0.0,0,Core,0
18112,5.74,6.46,5.88,6.2,6.77,5.55,6.63,5.89,6.07,90.6,1.0,2.0,4.0,3.0,1.0,80.9,3.1,87.7,54.9,1.0,0,Core,1
3542,6.02,5.84,6.26,6.25,5.31,5.39,5.62,5.45,5.97,59.3,0.0,0.0,1.0,0.0,0.0,44.6,2.0,27.8,28.9,0.0,0,Core,0
25563,7.78,8.45,7.98,7.61,7.67,8.15,8.74,8.14,8.2,88.5,2.0,3.0,2.0,1.0,2.0,72.8,4.8,70.3,80.8,0.0,0,Core,1
6760,9.7,10.0,10.0,10.0,10.0,9.55,10.0,10.0,10.0,100.0,1.0,3.0,3.0,2.0,2.0,76.3,3.8,99.5,82.5,0.0,0,Core,1
33830,5.97,6.43,6.38,5.82,6.0,5.88,6.54,6.81,6.21,79.2,2.0,3.0,3.0,3.0,2.0,80.8,4.4,74.8,84.7,0.0,0,Core,1
21276,6.98,6.65,6.57,7.35,6.62,6.7,7.3,6.97,6.92,84.9,2.0,5.0,3.0,4.0,2.0,65.5,3.4,65.7,84.0,1.0,0,Core,1
38233,8.93,8.53,8.58,8.25,9.06,8.99,9.13,9.56,8.86,86.2,3.0,2.0,4.0,3.0,1.0,80.7,3.9,57.6,71.0,1.0,0,Core,1
14351,10.0,9.85,9.54,9.59,9.52,9.75,9.78,9.74,9.6,79.3,2.0,3.0,3.0,4.0,1.0,86.4,3.1,74.0,85.5,0.0,0,Core,1
1227,7.28,6.93,7.48,6.62,7.35,7.19,7.19,6.98,7.18,82.2,0.0,0.0,2.0,2.0,0.0,66.0,2.1,66.2,51.4,0.0,0,Core,0
9160,5.51,5.11,5.52,5.88,5.21,4.61,5.39,5.38,5.28,77.9,1.0,1.0,1.0,1.0,0.0,62.7,3.4,61.0,50.5,1.0,0,Core,0
25666,8.6,7.88,8.57,9.2,8.35,7.92,8.16,8.53,8.37,72.3,1.0,2.0,1.0,2.0,0.0,68.8,3.5,50.5,55.4,1.0,0,Core,1
20545,6.95,7.2,7.47,7.54,7.58,6.9,7.68,6.7,7.39,65.5,1.0,2.0,1.0,1.0,1.0,71.3,3.3,33.6,55.4,0.0,0,Core,1
4120,8.11,8.22,8.06,9.0,8.33,8.31,8.01,8.21,8.31,66.3,2.0,2.0,1.0,2.0,1.0,53.4,3.5,56.0,55.0,1.0,0,Core,1
278,6.72,6.44,6.95,6.37,7.0,6.2,6.74,6.43,6.56,69.3,2.0,2.0,3.0,2.0,1.0,70.3,3.1,51.1,54.1,0.0,0,Core,1
19037,6.63,7.15,6.96,6.8,6.76,6.74,6.84,6.85,6.93,79.1,2.0,1.0,1.0,1.0,1.0,68.3,3.6,59.0,61.2,1.0,0,Core,0
20047,9.24,9.23,9.28,9.44,9.47,9.41,8.91,9.2,9.24,94.7,2.0,4.0,3.0,2.0,0.0,80.9,4.0,76.0,78.1,1.0,0,Core,1
38649,10.0,10.0,10.0,10.0,10.0,9.95,9.76,10.0,10.0,89.4,2.0,3.0,4.0,3.0,2.0,78.2,3.2,85.3,81.4,1.0,0,Core,1
37313,7.99,8.62,8.79,8.54,8.53,8.67,8.58,7.88,8.37,83.0,2.0,3.0,3.0,4.0,2.0,87.4,4.9,89.6,83.3,1.0,0,Core,1
854,8.25,7.98,8.23,7.98,7.69,7.27,7.71,7.86,7.85,59.2,0.0,0.0,0.0,1.0,0.0,47.0,1.3,24.4,25.6,0.0,0,Core,0
43087,5.88,5.73,6.09,5.65,5.52,6.19,5.61,5.59,5.81,64.2,1.0,0.0,1.0,0.0,0.0,37.9,3.2,26.2,35.4,0.0,0,Core,0
46494,8.62,8.5,9.22,8.75,8.83,9.06,9.36,9.44,9.94,90.2,3.0,5.0,2.0,4.0,1.0,97.8,2.4,95.9,66.5,1.0,0,Core,1
19536,6.49,6.74,6.65,6.35,6.9,6.67,6.41,6.87,6.55,71.1,1.0,1.0,2.0,2.0,0.0,64.6,2.4,57.6,49.8,1.0,0,Core,1
16464,6.99,7.21,7.39,7.58,7.19,7.58,7.96,6.99,7.2,64.6,1.0,2.0,2.0,2.0,1.0,64.5,4.5,49.7,56.7,0.0,0,Core,1
36747,10.0,10.0,10.0,10.0,10.0,10.0,10.0,10.0,9.98,95.9,1.0,3.0,3.0,3.0,1.0,94.7,4.1,79.9,77.3,1.0,0,Core,1
29861,8.73,8.26,7.68,8.25,8.32,7.61,8.73,8.58,8.31,81.3,2.0,3.0,3.0,3.0,1.0,88.9,4.1,98.8,77.1,1.0,0,Core,1
885,6.63,7.01,6.74,6.91,6.77,6.42,6.37,6.58,6.74,78.9,0.0,2.0,1.0,2.0,0.0,67.8,2.9,61.8,51.0,1.0,0,Core,1
47843,5.06,4.63,4.7,5.01,4.66,5.38,4.46,4.6,4.9,66.2,1.0,0.0,0.0,0.0,0.0,55.2,1.9,57.6,54.9,0.0,0,Core,0
21462,5.8,5.08,5.55,6.07,5.79,5.26,5.51,5.49,5.4,91.3,1.0,2.0,1.0,2.0,1.0,67.3,3.8,51.0,57.3,1.0,0,Core,0
9404,7.68,7.96,8.09,8.0,8.59,8.85,8.42,8.53,9.96,100.0,3.0,5.0,3.0,3.0,1.0,98.8,3.7,98.5,72.4,1.0,0,Core,1
33416,9.13,9.0,9.3,9.62,9.2,9.04,9.54,10.0,9.34,82.9,2.0,4.0,2.0,3.0,1.0,77.8,3.3,71.3,67.7,1.0,0,Core,1
40744,9.79,9.8,9.55,10.0,10.0,10.0,9.91,10.0,10.0,90.0,2.0,4.0,3.0,4.0,2.0,76.8,4.2,89.7,66.7,0.0,0,Core,1
23977,9.89,10.0,9.73,10.0,10.0,10.0,10.0,10.0,9.79,93.2,1.0,3.0,2.0,3.0,1.0,80.9,3.7,72.6,67.9,1.0,0,Core,1
28140,9.78,10.0,10.0,10.0,9.58,10.0,10.0,10.0,9.87,89.0,1.0,4.0,2.0,3.0,1.0,75.3,3.3,69.5,58.6,1.0,0,Core,1
46079,5.3,4.99,5.43,5.04,5.49,5.15,5.58,5.39,5.42,57.7,1.0,2.0,2.0,2.0,0.0,70.2,2.9,42.5,41.2,1.0,0,Core,0
20718,7.55,7.36,7.56,7.5,7.6,7.6,7.75,8.33,7.72,73.4,1.0,2.0,1.0,2.0,0.0,59.2,2.7,57.6,54.3,1.0,0,Core,1
27648,9.13,9.4,9.32,9.5,9.33,9.09,9.46,9.62,9.27,96.2,2.0,3.0,2.0,3.0,1.0,70.3,4.9,62.3,63.1,1.0,0,Core,1
29971,5.15,5.7,5.09,4.84,4.86,4.95,5.58,5.03,5.18,73.5,1.0,1.0,2.0,1.0,0.0,68.3,4.0,54.4,51.6,0.0,0,Core,0
24243,8.17,8.02,7.98,8.08,7.78,7.96,8.1,8.16,7.78,88.4,1.0,2.0,2.0,2.0,0.0,55.5,3.2,66.0,46.4,0.0,0,Core,1
3036,9.28,9.56,9.83,10.0,9.7,9.85,10.0,10.0,9.81,100.0,2.0,3.0,2.0,4.0,1.0,73.8,4.3,86.6,54.9,1.0,0,Core,1
6977,7.33,7.66,7.74,7.63,7.6,7.9,7.74,7.62,7.66,78.6,0.0,2.0,2.0,2.0,0.0,68.8,2.8,57.5,54.5,1.0,0,Core,1
31766,7.85,7.71,8.09,8.17,7.77,7.49,8.27,8.26,8.15,78.8,2.0,2.0,1.0,2.0,1.0,68.4,3.8,81.4,60.5,0.0,0,Core,1
23702,9.74,9.77,10.0,10.0,9.71,10.0,9.57,10.0,9.75,100.0,2.0,2.0,3.0,4.0,2.0,75.9,3.2,65.6,62.1,1.0,0,Core,1
22078,4.77,4.48,4.7,4.97,4.62,4.58,4.47,4.33,4.67,77.7,1.0,2.0,2.0,2.0,1.0,60.2,1.7,57.0,54.8,1.0,0,Core,0
19236,7.2,7.79,7.01,7.25,7.51,7.49,7.36,7.34,7.43,85.7,1.0,1.0,2.0,2.0,0.0,67.7,1.5,59.8,53.6,1.0,0,Core,1
19893,8.26,7.9,8.36,8.43,8.47,7.49,8.6,8.04,8.16,70.2,1.0,2.0,2.0,2.0,0.0,69.6,4.1,74.4,59.2,1.0,0,Core,1
36415,6.34,7.13,6.95,7.08,6.56,6.99,6.76,6.7,6.79,84.4,1.0,2.0,1.0,1.0,1.0,63.9,2.7,62.3,39.9,0.0,0,Core,1
43916,5.56,5.94,4.98,5.54,5.77,5.48,5.57,5.93,5.53,83.9,0.0,2.0,1.0,2.0,1.0,67.5,2.0,51.3,53.1,1.0,0,Core,0
14698,7.73,7.18,6.38,6.96,7.08,7.26,7.64,7.01,7.16,85.5,1.0,1.0,3.0,2.0,0.0,67.9,3.0,52.7,64.9,0.0,0,Core,1
28276,10.0,9.65,10.0,10.0,9.59,10.0,10.0,9.92,9.98,93.8,1.0,3.0,3.0,4.0,2.0,100.0,3.2,92.3,82.3,1.0,0,Core,1
49862,9.27,9.17,9.61,9.53,9.46,9.07,9.67,9.5,9.51,70.0,2.0,4.0,4.0,4.0,1.0,78.2,4.5,89.0,54.9,0.0,0,Core,1
49925,9.04,8.77,8.96,8.78,9.01,9.22,8.97,9.41,8.99,89.0,0.0,4.0,3.0,2.0,3.0,93.6,4.2,78.3,80.4,1.0,0,Core,1
49960,8.94,9.14,8.45,7.85,8.53,8.53,8.32,8.14,8.52,76.8,0.0,2.0,1.0,1.0,0.0,67.6,1.5,62.9,57.1,0.0,0,Core,1
10093,5.98,6.41,5.4,6.2,6.18,5.27,5.76,6.11,5.78,83.4,1.0,2.0,2.0,1.0,0.0,75.0,2.3,58.6,55.9,0.0,0,Core,1
47577,8.5,8.59,8.7,8.7,8.35,8.52,9.38,8.57,8.55,78.2,1.0,4.0,3.0,2.0,2.0,75.5,4.5,81.5,79.8,0.0,0,Core,1
34859,5.95,5.96,5.28,6.16,6.02,6.2,5.83,5.59,5.85,69.6,0.0,1.0,1.0,2.0,1.0,86.9,2.8,55.5,47.4,0.0,0,Core,0
12806,6.51,6.94,6.45,6.37,6.33,6.26,5.82,5.77,6.32,60.0,0.0,0.0,0.0,0.0,0.0,56.1,2.5,28.8,26.4,0.0,0,Core,0
12423,9.23,9.1,9.15,9.1,9.18,9.4,9.13,9.01,9.2,81.2,2.0,3.0,3.0,3.0,2.0,77.6,3.7,61.7,77.1,1.0,0,Core,1
28729,7.05,7.15,7.15,7.18,7.83,7.35,7.13,6.78,7.02,80.0,1.0,2.0,2.0,1.0,1.0,76.3,3.2,48.9,45.4,0.0,0,Core,1
41924,4.18,4.61,4.31,4.99,4.0,4.35,4.09,4.29,4.47,65.7,1.0,2.0,2.0,1.0,1.0,58.8,3.9,57.6,46.9,0.0,0,Core,0
28237,7.24,7.25,6.73,7.02,6.72,7.22,7.08,7.11,6.94,67.0,1.0,0.0,0.0,0.0,0.0,48.2,1.3,30.2,26.9,0.0,0,Core,0
23311,6.44,6.54,6.54,6.9,7.11,6.61,6.37,7.11,6.88,89.5,2.0,4.0,3.0,3.0,1.0,69.6,5.0,57.7,73.5,0.0,0,Core,1
27812,5.72,5.42,5.9,6.21,5.59,5.92,5.86,5.97,5.93,77.8,1.0,2.0,2.0,1.0,1.0,82.0,3.3,51.0,58.1,1.0,0,Core,1
14712,7.01,7.15,7.01,7.32,6.67,6.89,7.7,7.43,7.09,68.9,1.0,3.0,2.0,3.0,1.0,91.6,3.5,83.9,75.3,1.0,0,Core,1
18795,8.41,8.11,8.51,9.01,8.64,9.09,9.06,8.89,8.63,75.1,2.0,4.0,3.0,3.0,2.0,72.8,3.2,80.3,54.9,0.0,0,Core,1
6889,8.98,8.66,8.34,9.0,8.93,8.48,8.71,8.84,9.79,82.7,3.0,5.0,3.0,5.0,2.0,96.5,4.6,98.4,72.5,1.0,0,Core,1
772,4.06,4.45,4.33,4.26,4.41,4.32,4.07,4.0,4.05,60.4,0.0,1.0,0.0,1.0,0.0,48.9,1.4,28.1,24.2,0.0,0,Core,0
2768,6.05,6.41,7.33,6.83,7.07,7.03,7.03,6.94,6.77,97.3,2.0,3.0,4.0,4.0,1.0,81.1,3.2,70.6,73.5,1.0,0,Core,1
33763,6.61,6.3,6.07,6.81,6.26,6.38,6.48,5.32,6.28,75.6,1.0,2.0,2.0,1.0,0.0,67.5,2.8,57.6,45.1,0.0,0,Core,0
43247,5.84,5.55,5.94,6.03,5.93,6.21,5.84,5.67,5.8,68.6,0.0,2.0,1.0,1.0,0.0,61.6,3.2,46.9,36.1,0.0,0,Core,0
32833,6.3,6.36,6.23,6.08,6.7,6.67,6.46,6.17,6.41,72.5,1.0,2.0,2.0,2.0,2.0,69.5,3.4,59.0,59.0,1.0,0,Core,1
13063,10.0,9.95,10.0,10.0,9.86,10.0,9.98,10.0,9.91,92.7,2.0,4.0,2.0,3.0,2.0,88.1,4.4,75.6,70.5,1.0,0,Core,1
44157,6.76,5.66,6.17,6.4,6.04,6.23,6.29,6.37,6.27,72.8,2.0,3.0,3.0,2.0,0.0,76.2,2.1,61.1,56.8,1.0,0,Core,1
34737,8.36,8.61,7.53,8.51,8.56,8.18,9.06,8.93,8.59,94.3,1.0,2.0,2.0,3.0,1.0,69.6,3.9,78.1,63.1,0.0,0,Core,1
24514,7.86,8.69,8.82,8.67,8.72,8.58,8.55,8.22,8.54,73.8,2.0,3.0,3.0,3.0,1.0,86.9,4.8,98.0,68.1,1.0,0,Core,1
46126,8.63,8.08,8.31,8.55,9.05,8.49,8.84,8.5,4.33,52.5971643,1.0,4.0,2.0,3.0,1.0,35.4,3.5,4.5,54.9,1.0,-1,Noise,1
38235,8.14,7.88,8.45,8.24,7.96,8.23,7.93,8.46,8.21,100.0,1.0,1.0,4.0,4.0,1.0,77.2,4.2,78.8,76.0,1.0,0,Core,1
25210,6.35,5.62,5.76,6.07,5.68,6.15,5.6,6.25,5.73,69.1,0.0,2.0,2.0,2.0,0.0,58.2,2.8,61.9,59.8,1.0,0,Core,0
26935,7.54,7.38,6.69,7.17,7.74,7.7,7.8,7.97,7.43,88.2,2.0,3.0,2.0,2.0,2.0,93.8,3.3,71.1,82.8,1.0,0,Core,1
21363,7.12,7.43,7.46,7.59,7.67,7.29,8.14,7.82,7.61,98.3,2.0,3.0,3.0,3.0,1.0,71.7,4.1,57.6,64.5,0.0,0,Core,1
32641,8.85,9.0,8.74,8.66,9.16,8.91,8.93,8.66,8.75,82.2,1.0,1.0,2.0,1.0,0.0,62.9,3.2,50.6,41.8,0.0,0,Core,1
46346,8.1,8.33,7.73,7.66,7.87,7.93,7.67,7.99,7.88,71.3,1.0,1.0,1.0,1.0,1.0,86.5,2.3,59.2,57.5,0.0,0,Core,1
22573,5.46,5.13,5.31,5.22,5.03,6.07,5.88,5.31,5.44,84.8,0.0,2.0,2.0,2.0,1.0,58.3,3.3,43.4,61.1,0.0,0,Core,0
31855,4.32,4.17,4.59,4.34,4.0,4.28,4.15,4.16,4.24,60.4,0.0,1.0,0.0,1.0,0.0,40.1,3.1,30.7,34.6,0.0,0,Core,0
5224,7.44,7.77,7.11,7.32,8.06,8.14,7.86,7.84,7.78,71.4,0.0,2.0,2.0,2.0,0.0,56.7,2.5,50.7,51.3,1.0,0,Core,1
13180,7.5,7.09,7.15,7.37,7.32,6.83,7.6,6.58,7.13,90.4,0.0,2.0,2.0,1.0,0.0,55.1,3.4,67.0,53.7,1.0,0,Core,0
17124,6.23,5.9,5.68,5.89,5.58,5.79,5.97,5.95,5.7,55.5,0.0,0.0,1.0,0.0,0.0,48.1,2.6,30.2,25.4,0.0,0,Core,0
20090,4.73,5.2,5.4,5.41,5.64,5.47,4.58,5.23,5.23,73.0,0.0,2.0,2.0,1.0,0.0,64.9,3.9,60.1,52.2,1.0,0,Core,0
5967,8.18,7.17,7.85,8.27,7.34,7.8,7.29,6.94,7.58,67.1,0.0,0.0,2.0,0.0,0.0,49.7,2.1,31.3,32.0,0.0,0,Core,0
36448,8.48,9.01,8.73,8.0,8.68,8.48,9.38,8.57,8.62,77.1,1.0,3.0,2.0,3.0,0.0,72.2,2.7,63.5,57.4,1.0,0,Core,1
647,8.65,8.13,8.22,8.39,8.53,8.35,8.62,8.82,8.57,70.7,1.0,2.0,2.0,2.0,0.0,60.5,3.3,46.6,54.9,1.0,0,Core,1
3781,8.26,7.48,7.54,7.54,7.86,8.05,7.44,7.43,7.5,71.5,1.0,2.0,1.0,1.0,1.0,71.8,3.4,62.0,44.0,1.0,0,Core,1
20232,9.73,9.51,9.57,9.54,9.77,9.5,9.75,10.0,9.68,84.7,1.0,4.0,3.0,2.0,2.0,89.1,5.0,81.7,64.5,1.0,0,Core,1
19264,8.01,8.39,8.12,7.85,8.06,8.05,8.91,8.2,8.13,92.7,3.0,3.0,3.0,3.0,2.0,72.7,3.9,65.6,80.9,1.0,0,Core,1
24762,7.77,8.36,8.41,7.48,7.96,8.57,7.96,7.92,7.99,79.5,1.0,3.0,2.0,3.0,1.0,87.7,2.2,69.4,54.9,1.0,0,Core,1
17161,4.96,6.12,6.22,6.27,5.84,5.12,5.81,5.55,5.77,82.0,1.0,1.0,2.0,0.0,0.0,77.9,3.7,49.7,42.1,0.0,0,Core,0
30810,6.77,6.94,6.5,7.32,6.77,6.74,6.84,7.45,7.02,75.1,1.0,2.0,2.0,2.0,0.0,64.1,2.7,57.6,43.5,0.0,0,Core,1
19736,8.18,8.1,8.26,8.15,8.41,8.09,7.95,8.15,8.08,68.3,1.0,1.0,2.0,2.0,1.0,76.5,3.3,57.0,56.8,1.0,0,Core,1
47429,7.67,6.83,7.36,7.23,7.56,7.4,7.15,7.48,7.29,74.7,2.0,4.0,2.0,4.0,1.0,92.4,3.2,78.9,89.4,1.0,0,Core,1
38060,7.83,9.27,8.27,8.74,8.51,9.19,8.36,9.17,8.68,82.0,2.0,2.0,2.0,1.0,2.0,80.8,4.8,85.7,68.8,1.0,0,Core,1
430,6.87,7.03,7.44,7.33,7.24,7.61,7.62,7.4,7.23,96.5,3.0,2.0,4.0,4.0,1.0,79.3,4.7,82.0,60.6,1.0,0,Core,1
9912,7.08,7.64,6.46,6.83,6.72,6.85,6.88,6.7,6.82,56.5,0.0,1.0,1.0,0.0,0.0,42.1,1.4,28.6,29.5,1.0,0,Core,0
4017,5.68,6.79,6.35,5.57,5.79,5.85,5.88,5.41,6.12,57.0,0.0,2.0,1.0,1.0,0.0,42.0,2.7,24.1,31.2,0.0,0,Core,0
2976,9.57,9.42,9.24,9.73,9.06,9.63,9.47,9.75,9.45,96.7,1.0,2.0,4.0,4.0,2.0,85.5,2.7,78.5,69.1,1.0,0,Core,1
22228,8.97,9.3,8.88,8.78,8.48,8.93,8.81,8.73,8.79,80.2,1.0,1.0,2.0,2.0,1.0,52.5,2.9,48.0,45.9,0.0,0,Core,0
46023,6.71,6.66,6.81,6.86,7.07,6.59,6.98,6.19,6.84,66.0,1.0,2.0,2.0,2.0,0.0,69.6,3.3,55.5,56.6,1.0,0,Core,1
31428,9.93,9.73,10.0,9.96,10.0,10.0,10.0,10.0,10.0,86.6,1.0,3.0,2.0,4.0,2.0,77.4,3.8,65.3,78.1,1.0,0,Core,1
38534,8.02,7.87,7.95,8.34,8.64,8.69,8.38,8.55,8.35,94.6,1.0,4.0,2.0,4.0,2.0,63.1,3.2,90.7,76.2,1.0,0,Core,1
32234,8.4,8.16,8.67,8.41,9.16,8.67,8.79,8.85,8.67,100.0,2.0,3.0,3.0,3.0,2.0,81.5,4.3,75.2,69.9,0.0,0,Core,1
37011,4.61,5.11,4.14,4.64,4.51,4.47,4.63,5.0,4.57,74.9,0.0,2.0,2.0,1.0,1.0,60.8,3.3,43.0,55.6,1.0,0,Core,0
18751,8.67,9.81,8.61,8.83,9.39,8.91,9.43,8.8,9.12,82.2,2.0,3.0,3.0,2.0,2.0,100.0,4.8,81.7,83.6,1.0,0,Core,1
46249,6.29,5.75,6.05,5.98,6.52,6.34,5.63,6.21,6.02,70.3,2.0,2.0,3.0,1.0,0.0,65.6,3.7,38.3,45.0,0.0,0,Core,1
8410,8.99,8.75,8.52,8.21,8.94,8.99,8.3,8.91,8.73,68.3,1.0,2.0,1.0,2.0,0.0,75.0,4.0,54.2,54.9,0.0,0,Core,1
10407,6.51,6.66,6.4,6.18,6.5,6.86,6.63,6.85,6.51,79.8,1.0,4.0,3.0,3.0,1.0,84.2,5.0,78.2,65.1,0.0,0,Core,1
23956,7.97,8.34,8.05,7.92,7.96,7.69,8.17,8.41,8.2,80.8,1.0,2.0,1.0,2.0,1.0,61.3,3.2,53.2,41.7,1.0,0,Core,1
23042,9.14,8.63,9.19,8.96,8.34,9.14,8.97,9.4,9.14,86.3,2.0,3.0,3.0,2.0,2.0,87.6,4.0,70.4,70.4,1.0,0,Core,1
19834,7.08,7.09,6.91,7.06,6.83,6.33,6.67,6.34,6.86,62.3,0.0,1.0,1.0,0.0,0.0,42.4,2.0,23.3,35.0,0.0,0,Core,0
48428,5.32,4.98,5.35,4.44,5.06,4.87,4.46,5.56,4.89,64.2,1.0,0.0,0.0,1.0,1.0,49.5,1.9,30.5,25.0,0.0,0,Core,0
7269,6.71,6.13,6.11,6.56,6.72,6.39,6.75,6.77,6.44,74.8,0.0,2.0,1.0,2.0,0.0,70.1,2.8,51.9,49.2,0.0,0,Core,0
44594,5.99,6.83,6.85,6.66,6.66,6.85,6.81,6.36,6.77,78.3,1.0,1.0,2.0,1.0,0.0,67.6,3.2,58.5,49.4,1.0,0,Core,0
1139,8.2,8.54,8.74,8.81,8.5,8.25,8.11,8.71,8.33,85.4,1.0,2.0,2.0,1.0,1.0,69.6,3.8,56.6,59.0,0.0,0,Core,1
4986,6.56,7.27,6.35,6.68,7.47,7.04,7.5,7.09,6.99,94.1,2.0,3.0,3.0,3.0,1.0,64.6,3.2,79.7,78.0,0.0,0,Core,1
2886,5.2,4.72,5.38,5.65,5.55,5.19,4.29,5.09,5.2,60.7,0.0,1.0,0.0,1.0,0.0,44.5,2.1,25.3,29.4,0.0,0,Core,0
48414,9.5,9.3,9.68,9.26,9.91,9.18,9.81,9.8,9.64,80.9,3.0,4.0,2.0,3.0,2.0,69.6,4.7,89.4,82.8,0.0,0,Core,1
14978,8.85,9.09,8.68,8.97,9.22,9.2,8.82,9.16,9.16,87.1,2.0,2.0,3.0,3.0,2.0,82.9,5.0,74.6,60.8,0.0,0,Core,1
38404,4.58,5.24,5.12,4.79,4.71,5.05,5.17,4.0,4.77,68.0,1.0,0.0,1.0,0.0,0.0,50.3,3.8,25.0,54.9,1.0,0,Core,0
23792,6.66,6.49,6.05,6.57,6.54,6.47,6.63,6.98,6.5,77.2,1.0,2.0,1.0,2.0,1.0,51.7,3.4,51.7,53.8,1.0,0,Core,1
10994,6.86,6.47,7.15,6.71,6.61,6.57,6.65,6.54,6.67,64.9,1.0,2.0,1.0,1.0,1.0,70.3,4.1,58.2,58.0,1.0,0,Core,1
44422,9.45,9.29,9.29,8.69,9.14,9.35,8.86,9.09,8.95,77.2,1.0,2.0,2.0,2.0,0.0,77.9,2.8,58.3,51.7,1.0,0,Core,1
26582,7.89,7.9,7.37,7.84,8.14,7.78,7.45,7.88,7.86,100.0,2.0,4.0,3.0,4.0,1.0,74.7,3.4,75.7,77.8,1.0,0,Core,1
3121,8.94,9.51,9.92,10.0,9.78,9.97,9.9,10.0,9.9,85.5,2.0,3.0,4.0,2.0,2.0,83.2,2.9,64.1,56.5,0.0,0,Core,1
39203,7.83,7.89,8.13,8.32,8.73,8.66,8.27,8.5,8.31,92.1,2.0,3.0,4.0,3.0,2.0,69.6,4.0,88.2,82.5,1.0,0,Core,1
37448,8.87,8.99,8.9,9.35,8.68,9.39,9.28,9.17,8.92,88.2,1.0,4.0,3.0,2.0,1.0,82.2,4.9,81.3,75.2,1.0,0,Core,1
4058,7.71,7.86,8.52,8.22,7.84,8.57,8.93,8.63,8.31,91.9,1.0,2.0,2.0,4.0,1.0,79.2,4.5,74.6,54.9,1.0,0,Core,1
31986,7.88,7.0,7.85,7.82,7.41,7.64,7.77,7.5,7.46,85.2,1.0,2.0,1.0,3.0,0.0,75.8,2.7,58.9,51.0,1.0,0,Core,1
49292,6.33,5.94,6.65,6.63,6.28,6.79,7.18,6.57,6.68,69.3,1.0,2.0,1.0,2.0,0.0,64.7,2.9,55.9,43.8,0.0,0,Core,1
18870,8.37,8.21,8.36,8.17,8.52,8.49,8.73,8.48,8.37,78.8,0.0,2.0,2.0,2.0,1.0,56.6,3.8,41.9,54.9,1.0,0,Core,1
27740,6.84,6.69,6.91,7.22,7.17,7.06,7.13,6.55,6.98,73.9,2.0,3.0,3.0,3.0,1.0,84.2,4.1,71.0,80.1,0.0,0,Core,1
7071,5.19,5.35,5.41,5.19,5.06,4.88,5.45,5.4,5.31,79.1,1.0,1.0,2.0,2.0,1.0,66.4,3.1,49.6,44.3,0.0,0,Core,0
33875,8.01,7.76,7.18,7.7,7.37,8.29,7.8,7.43,7.71,85.2,1.0,3.0,3.0,3.0,1.0,86.7,4.1,61.5,71.6,1.0,0,Core,1
29559,5.26,5.01,5.08,5.0,4.93,5.39,4.83,5.41,5.01,74.7,1.0,0.0,0.0,0.0,0.0,42.3,2.9,22.2,27.4,0.0,0,Core,0
17584,8.82,8.65,8.67,8.28,9.19,8.26,8.98,8.84,8.62,66.3,1.0,2.0,1.0,1.0,0.0,61.9,3.1,56.2,52.6,1.0,0,Core,1
43157,7.39,7.55,6.95,7.05,7.5,7.5,7.93,7.17,7.38,94.2,2.0,5.0,2.0,3.0,1.0,81.4,3.2,89.3,77.4,0.0,0,Core,1
18584,4.47,5.15,4.25,5.04,4.66,4.94,4.55,4.58,4.75,76.2,0.0,0.0,0.0,1.0,0.0,52.0,2.0,25.2,26.2,0.0,0,Core,0
13459,7.05,7.25,6.67,7.2,7.14,7.15,6.99,7.09,6.94,53.3,0.0,1.0,1.0,1.0,0.0,45.4,1.6,27.3,32.3,1.0,0,Core,0
17725,6.64,7.0,7.04,6.94,7.53,7.21,7.18,7.02,7.13,76.5,1.0,2.0,2.0,2.0,0.0,62.6,3.1,63.9,64.4,1.0,0,Core,1
4570,4.78,4.81,4.98,4.54,5.17,5.18,4.7,4.59,4.65,50.0,0.0,1.0,0.0,0.0,0.0,42.9,2.5,25.2,54.9,0.0,0,Core,0
31514,7.44,8.62,8.52,8.21,8.6,8.79,8.58,8.49,8.36,83.1,2.0,2.0,3.0,1.0,0.0,73.4,2.6,58.4,49.0,1.0,0,Core,1
21497,7.68,7.22,6.99,8.08,8.22,8.01,8.26,7.88,7.9,84.8,3.0,4.0,3.0,3.0,2.0,86.0,3.2,77.0,87.6,1.0,0,Core,1
18176,5.33,5.74,5.12,5.24,4.94,4.92,5.04,4.96,5.18,67.4,0.0,1.0,0.0,0.0,0.0,44.2,2.1,25.5,28.9,1.0,0,Core,0
6330,7.63,7.65,7.26,8.2,7.43,8.74,8.14,8.21,4.19,53.16366134,1.0,4.0,4.0,3.0,2.0,37.6,3.2,8.7,73.7,1.0,-1,Noise,1
14875,7.44,7.78,7.97,8.11,7.9,7.58,7.96,7.65,7.83,89.0,1.0,2.0,1.0,3.0,1.0,63.9,2.6,62.1,42.1,1.0,0,Core,0
40463,6.26,6.83,6.32,6.5,6.27,6.94,6.47,6.39,6.31,68.1,1.0,2.0,2.0,1.0,1.0,82.6,3.4,48.7,34.1,0.0,0,Core,1
47442,8.47,8.5,8.59,8.32,8.45,8.78,8.66,8.01,8.62,72.3,0.0,2.0,2.0,2.0,1.0,70.8,2.9,58.4,52.0,1.0,0,Core,1
39231,10.0,10.0,9.83,9.43,10.0,10.0,10.0,10.0,9.92,93.1,1.0,3.0,3.0,2.0,1.0,81.9,3.9,57.6,86.3,1.0,0,Core,1
30147,8.22,8.06,8.61,8.69,8.14,8.32,8.12,8.69,8.4,79.9,1.0,2.0,2.0,1.0,1.0,61.3,1.8,59.3,61.1,1.0,0,Core,1
49347,8.95,9.38,9.56,9.38,9.35,10.0,9.38,9.4,9.35,86.1,1.0,2.0,2.0,3.0,0.0,75.0,2.7,56.1,52.9,1.0,0,Core,1
199,5.16,5.37,5.4,5.39,5.08,4.88,4.72,5.28,5.27,58.6,0.0,0.0,0.0,0.0,0.0,37.3,1.2,22.6,33.3,0.0,0,Core,0
1449,4.9,4.9,4.64,4.75,4.5,4.66,4.69,4.51,4.66,64.5,0.0,0.0,1.0,1.0,0.0,42.4,1.4,31.5,29.9,0.0,0,Core,0
17758,6.72,6.86,6.99,7.3,6.76,6.6,7.11,7.21,6.94,70.2,1.0,2.0,2.0,2.0,1.0,64.0,3.0,57.7,42.0,0.0,0,Core,1
44012,6.18,6.82,7.33,6.64,6.9,7.24,6.63,6.94,6.8,81.8,1.0,2.0,3.0,4.0,1.0,70.8,2.3,87.3,75.9,1.0,0,Core,1
10269,6.75,7.19,7.12,6.85,6.81,6.79,7.6,7.07,7.08,81.7,2.0,3.0,2.0,3.0,2.0,99.4,3.2,71.7,72.1,1.0,0,Core,1
32009,5.7,5.27,5.61,5.67,5.17,5.53,5.33,5.28,4.4,53.96804981,0.0,1.0,1.0,0.0,0.0,34.2,1.3,57.6,54.9,0.0,0,Core,0
20834,9.14,8.41,8.88,8.53,9.11,8.36,8.45,8.73,8.7,69.5,1.0,2.0,1.0,1.0,0.0,67.8,2.2,59.1,58.2,0.0,0,Core,1
34627,5.71,5.97,5.59,5.93,5.9,5.72,5.8,5.91,5.87,72.8,2.0,2.0,2.0,3.0,0.0,72.9,3.3,57.6,56.0,1.0,0,Core,1
8660,6.16,6.36,6.02,6.25,6.67,6.05,6.33,6.36,6.36,61.5,0.0,0.0,0.0,1.0,1.0,54.0,1.7,27.6,25.5,1.0,0,Core,0
10046,7.22,7.28,6.46,6.93,7.16,7.26,6.95,7.35,6.89,65.7,1.0,2.0,1.0,3.0,0.0,67.9,3.2,58.5,47.3,1.0,0,Core,1
16380,5.96,6.0,6.05,5.96,5.54,5.37,5.55,5.41,5.74,52.8,0.0,1.0,1.0,0.0,0.0,53.1,2.0,24.2,32.6,0.0,0,Core,0
17245,7.81,7.43,7.2,7.44,8.24,7.8,7.36,7.82,7.57,82.1,1.0,1.0,2.0,2.0,1.0,65.6,3.7,54.9,55.0,0.0,0,Core,1
31571,5.77,6.1,6.14,6.28,5.98,6.37,6.15,5.99,6.05,53.2,1.0,1.0,1.0,1.0,0.0,51.0,2.4,31.6,33.5,0.0,0,Core,0
19724,7.21,7.09,7.02,6.91,7.13,6.77,7.29,6.87,7.09,81.7,2.0,2.0,2.0,1.0,0.0,77.4,3.7,62.4,45.8,0.0,0,Core,1
40337,6.34,6.76,6.33,6.76,6.58,6.62,6.53,6.73,6.55,75.9,1.0,2.0,2.0,3.0,1.0,65.8,2.9,57.0,41.6,1.0,0,Core,1
12619,7.08,7.42,7.39,6.7,7.22,7.41,7.04,7.57,7.33,85.0,2.0,4.0,3.0,4.0,2.0,74.6,3.9,72.7,56.5,1.0,0,Core,1
5747,8.88,8.16,8.91,8.6,9.28,8.73,8.49,9.29,8.91,73.2,0.0,2.0,1.0,2.0,0.0,66.3,3.2,57.6,47.1,0.0,0,Core,1
44071,5.83,6.4,6.11,5.9,6.02,5.91,5.67,6.19,6.09,79.1,0.0,0.0,2.0,0.0,0.0,44.1,2.0,34.0,28.5,0.0,0,Core,0
43135,6.35,5.61,6.42,5.82,6.06,5.97,6.68,6.5,6.29,64.3,1.0,2.0,2.0,2.0,1.0,59.7,3.2,48.9,54.7,1.0,0,Core,1
23576,7.22,7.64,7.68,7.73,7.44,7.22,7.22,6.83,7.32,59.6,0.0,1.0,0.0,0.0,0.0,46.0,1.0,29.0,18.3,0.0,0,Core,0
47224,6.64,6.79,6.44,6.3,6.58,6.48,6.63,7.14,6.63,70.5,1.0,1.0,2.0,2.0,1.0,61.9,3.8,48.5,52.3,1.0,0,Core,1
25327,8.56,8.85,8.83,9.23,8.91,8.97,9.06,8.79,8.81,89.4,2.0,5.0,3.0,4.0,1.0,80.6,4.0,87.4,66.3,1.0,0,Core,1
44217,6.53,6.17,6.37,6.34,5.54,5.9,6.01,5.97,6.07,75.9,1.0,1.0,2.0,3.0,0.0,69.6,2.5,60.1,48.2,0.0,0,Core,1
19820,6.22,5.24,5.92,5.13,5.31,5.14,5.38,5.74,9.95,56.0,3.0,5.0,1.0,0.0,0.0,98.3,1.7,96.8,31.9,0.0,1,Border,0
47714,5.7,6.0,5.92,5.97,5.69,5.89,6.42,6.18,6.1,84.2,2.0,2.0,3.0,3.0,1.0,87.9,4.0,58.9,73.1,0.0,0,Core,1
45674,6.18,6.13,6.9,6.91,6.74,6.01,6.65,6.04,6.25,77.5,1.0,2.0,2.0,1.0,1.0,59.2,3.5,57.6,54.5,1.0,0,Core,0
41828,6.56,6.97,6.48,6.17,6.99,6.44,6.87,7.66,6.73,69.9,0.0,1.0,2.0,2.0,0.0,62.0,3.1,57.6,54.9,0.0,0,Core,0
3841,7.4,7.79,8.12,7.83,7.87,7.77,8.19,8.24,8.02,84.4,1.0,2.0,2.0,2.0,1.0,68.9,1.3,44.1,54.2,0.0,0,Core,1
34966,5.23,5.0,5.4,4.91,5.38,5.25,5.21,5.65,5.28,63.3,0.0,1.0,0.0,0.0,0.0,47.7,2.4,33.9,34.2,0.0,0,Core,0
5646,7.58,6.84,8.14,7.85,7.62,8.07,7.81,7.0,7.69,89.6,2.0,4.0,3.0,2.0,1.0,95.9,4.1,78.6,77.6,1.0,0,Core,1
33932,9.59,9.47,9.7,9.51,10.0,9.57,9.73,10.0,9.75,80.9,2.0,2.0,2.0,3.0,2.0,82.8,2.7,68.4,72.2,1.0,0,Core,1
25316,8.95,9.17,8.76,8.78,9.22,9.22,8.76,9.0,8.87,92.7,3.0,3.0,3.0,4.0,1.0,83.3,4.3,83.9,78.2,1.0,0,Core,1
23047,8.05,7.19,7.95,7.04,8.15,7.75,6.93,7.39,7.65,79.5,1.0,1.0,2.0,2.0,0.0,61.8,3.9,53.4,56.9,1.0,0,Core,1
9673,6.05,6.35,6.78,6.34,6.85,6.88,6.8,6.49,6.66,84.4,2.0,3.0,2.0,1.0,0.0,81.9,1.4,52.9,51.1,1.0,0,Core,1
45834,4.83,4.46,4.84,5.1,4.74,4.88,4.21,4.85,4.48,56.3,0.0,1.0,1.0,0.0,0.0,42.5,1.0,25.7,29.1,0.0,0,Core,0
9243,5.07,6.04,5.69,5.93,5.74,5.98,5.38,5.46,5.67,76.5,1.0,2.0,2.0,2.0,0.0,74.8,3.2,50.5,43.0,1.0,0,Core,1
35275,8.29,8.33,8.91,9.2,8.83,8.64,9.77,8.56,8.68,93.3,0.0,3.0,3.0,3.0,1.0,90.1,5.0,83.8,73.9,1.0,0,Core,1
32447,7.97,7.58,8.13,8.1,7.83,8.35,8.3,8.11,8.23,80.5,1.0,3.0,3.0,3.0,2.0,71.5,4.3,77.8,72.4,1.0,0,Core,1
682,8.2,7.88,7.96,8.47,8.04,8.9,8.41,8.65,8.33,91.6,2.0,4.0,2.0,3.0,1.0,91.1,4.0,88.3,65.6,1.0,0,Core,1
45180,7.3,7.52,7.21,6.71,6.55,7.13,7.22,7.17,7.05,68.5,0.0,2.0,2.0,2.0,1.0,63.9,3.3,51.7,51.1,0.0,0,Core,1
46940,8.08,8.2,8.33,8.34,8.91,9.34,8.91,8.79,8.84,81.3,1.0,3.0,2.0,2.0,1.0,69.6,3.9,81.9,70.6,1.0,0,Core,1
41769,6.53,6.17,6.15,6.14,6.17,6.52,6.28,5.74,6.3,64.5,0.0,1.0,1.0,0.0,0.0,40.6,1.6,57.6,34.7,0.0,0,Core,0
8813,6.22,5.78,6.04,5.75,5.78,6.04,5.56,4.93,5.81,61.7,1.0,0.0,0.0,0.0,0.0,37.8,1.2,26.6,35.1,1.0,0,Core,0
40265,6.71,6.69,6.98,6.68,6.78,6.83,6.42,6.61,6.74,80.3,0.0,2.0,2.0,2.0,0.0,63.7,3.9,58.7,51.1,0.0,0,Core,0
25267,6.37,6.25,6.77,7.09,6.21,6.43,6.78,6.81,6.44,74.6,0.0,3.0,2.0,2.0,0.0,70.2,2.3,42.7,48.3,0.0,0,Core,0
49380,5.84,5.36,6.3,5.83,6.15,6.11,5.79,5.77,5.95,82.6,1.0,3.0,2.0,2.0,0.0,67.3,2.5,48.5,46.8,1.0,0,Core,0
28592,8.15,7.54,7.46,7.12,7.58,7.19,7.37,7.29,7.32,74.8,1.0,2.0,1.0,2.0,0.0,66.4,3.4,58.2,40.9,0.0,0,Core,1
12759,9.25,9.81,9.47,10.0,9.71,9.33,9.98,9.55,9.59,100.0,3.0,3.0,4.0,3.0,2.0,81.4,4.4,71.0,64.9,0.0,0,Core,1
8475,6.23,5.73,5.43,5.57,5.47,5.16,5.24,5.77,5.62,53.9,0.0,1.0,0.0,1.0,0.0,46.8,2.5,26.4,23.9,0.0,0,Core,0
24803,4.02,4.12,4.0,4.0,4.0,4.0,4.0,4.0,4.0,72.7,0.0,0.0,1.0,0.0,0.0,46.2,2.5,27.4,31.2,0.0,0,Core,0
13506,5.96,5.12,6.21,5.73,5.2,5.84,6.15,5.14,5.68,50.0,0.0,1.0,0.0,0.0,0.0,69.6,1.7,31.8,26.7,0.0,0,Core,0
18216,8.53,8.13,7.86,7.96,8.87,8.58,8.39,8.59,8.39,91.2,2.0,3.0,3.0,3.0,1.0,95.8,5.0,85.2,80.6,1.0,0,Core,1
44985,9.92,9.55,9.62,10.0,10.0,9.73,9.75,9.98,9.69,83.6,1.0,3.0,3.0,3.0,2.0,81.8,3.3,60.0,64.6,1.0,0,Core,1
6225,9.96,9.64,10.0,10.0,10.0,10.0,10.0,10.0,10.0,100.0,2.0,3.0,3.0,4.0,2.0,81.6,2.8,83.4,73.0,1.0,0,Core,1
33323,7.02,7.08,7.51,7.22,7.01,7.66,7.49,7.19,9.88,82.4,3.0,5.0,3.0,3.0,1.0,99.7,3.7,95.8,78.2,1.0,0,Core,1
32157,6.3,5.94,6.2,6.29,6.08,6.69,6.19,6.47,6.22,75.3,1.0,2.0,2.0,2.0,0.0,71.0,3.3,63.6,50.6,0.0,0,Core,0
45144,6.79,6.85,6.9,7.22,6.99,6.61,7.18,6.62,6.95,56.6,0.0,1.0,1.0,0.0,0.0,50.6,1.5,22.9,31.4,1.0,0,Core,0
10461,7.23,7.78,7.88,7.76,8.5,7.83,7.97,8.17,7.92,74.3,2.0,2.0,2.0,2.0,1.0,74.2,3.1,50.6,52.0,0.0,0,Core,1
34111,5.52,5.91,6.07,5.65,6.16,6.03,6.37,6.28,6.04,68.7,0.0,2.0,1.0,1.0,0.0,69.6,3.2,54.2,53.2,1.0,0,Core,0
36901,5.6,5.54,6.21,5.62,5.82,5.79,5.48,5.74,5.82,62.3,1.0,0.0,1.0,0.0,0.0,52.7,1.2,34.6,27.5,1.0,0,Core,0
36463,9.37,9.86,9.84,9.96,10.0,9.42,10.0,10.0,9.73,100.0,2.0,3.0,3.0,3.0,2.0,84.4,4.0,76.9,81.1,1.0,0,Core,1
586,7.17,6.52,6.95,7.6,7.31,7.47,7.2,7.7,7.47,72.2,1.0,2.0,2.0,4.0,1.0,83.1,4.4,77.0,88.6,0.0,0,Core,1
26502,7.18,6.57,6.8,6.11,6.69,6.8,6.6,7.21,6.87,83.1,1.0,2.0,2.0,1.0,1.0,59.3,3.3,67.1,53.8,0.0,0,Core,1
39110,6.46,6.76,7.09,6.36,6.82,6.64,6.44,6.06,6.43,64.6,0.0,1.0,1.0,1.0,0.0,52.6,1.9,34.7,29.4,0.0,0,Core,0
29317,5.8,5.65,5.66,5.7,5.68,5.88,5.6,5.59,5.71,76.3,1.0,2.0,2.0,2.0,1.0,75.8,2.4,46.1,54.9,0.0,0,Core,0
23209,7.37,7.2,7.56,7.3,7.58,7.51,7.56,7.33,7.41,73.4,1.0,1.0,2.0,2.0,0.0,55.0,1.8,57.6,47.6,0.0,0,Core,0
43786,6.14,5.8,5.92,5.71,5.76,5.71,5.1,4.94,5.74,59.0,0.0,0.0,2.0,1.0,0.0,40.7,1.8,30.8,32.2,1.0,0,Core,0
23585,7.15,6.99,6.94,7.4,7.26,6.6,6.93,7.19,7.23,81.4,1.0,1.0,3.0,2.0,1.0,71.7,4.7,52.0,59.9,0.0,0,Core,1
47911,6.25,6.04,5.75,5.67,5.36,5.75,5.93,4.92,5.56,75.0,1.0,2.0,2.0,2.0,1.0,60.1,3.5,56.5,44.0,0.0,0,Core,0
40065,4.47,4.32,4.0,4.14,4.0,4.0,4.0,4.0,9.81,62.0,3.0,5.0,1.0,1.0,0.0,96.2,2.1,57.6,32.9,0.0,-1,Noise,0
7651,8.93,8.55,8.33,8.55,8.92,8.56,8.53,8.67,8.61,78.9,2.0,2.0,2.0,2.0,1.0,90.6,4.6,87.6,72.2,1.0,0,Core,1
7585,6.23,6.47,6.53,6.19,6.27,6.58,6.07,6.5,6.38,76.3,1.0,2.0,1.0,1.0,0.0,75.9,3.3,57.6,52.9,0.0,0,Core,1
40552,6.88,6.46,6.4,6.61,6.93,7.13,6.69,7.37,6.9,78.5,2.0,1.0,2.0,2.0,1.0,68.0,3.5,52.3,42.1,0.0,0,Core,1
36928,7.13,7.17,7.46,7.09,6.94,6.96,6.77,7.13,6.97,65.0,2.0,2.0,1.0,1.0,0.0,82.1,3.2,53.1,54.9,1.0,0,Core,1
13374,7.84,7.5,7.87,8.17,7.95,7.78,8.2,7.91,7.98,87.5,1.0,1.0,2.0,2.0,1.0,69.6,2.8,55.1,50.2,1.0,0,Core,1
13485,5.18,5.4,5.26,5.55,5.33,5.95,5.51,4.98,9.92,84.4,3.0,5.0,2.0,1.0,0.0,98.7,2.7,97.5,59.5,0.0,1,Border,0
24493,8.8,9.33,9.43,9.22,8.85,9.37,9.9,9.65,9.39,87.7,1.0,4.0,1.0,4.0,1.0,69.6,4.7,78.7,54.9,0.0,0,Core,1
2464,7.02,8.09,7.94,7.5,6.96,7.68,7.61,7.58,7.47,73.0,1.0,1.0,2.0,2.0,1.0,77.2,2.7,44.7,53.7,1.0,0,Core,1
9830,6.03,6.43,6.52,6.51,6.8,6.98,6.13,5.81,6.49,68.1,2.0,2.0,2.0,2.0,1.0,70.8,3.6,68.1,53.1,0.0,0,Core,1
31685,10.0,10.0,10.0,9.74,10.0,10.0,10.0,10.0,9.93,88.6,2.0,4.0,3.0,3.0,2.0,87.6,4.8,82.7,79.5,0.0,0,Core,1
37429,8.45,8.64,9.16,9.17,9.08,9.1,8.45,8.6,8.88,82.5,1.0,3.0,4.0,4.0,2.0,75.9,3.7,83.1,68.5,1.0,0,Core,1
20340,4.84,4.65,5.02,4.99,4.2,4.91,4.0,4.47,4.69,55.3,0.0,1.0,0.0,0.0,0.0,69.6,3.2,26.6,32.5,0.0,0,Core,0
48860,8.63,8.33,7.96,8.67,8.33,8.6,8.29,8.38,8.42,83.1,1.0,1.0,1.0,2.0,1.0,69.6,2.9,52.7,47.9,0.0,0,Core,1
44241,8.36,8.35,9.32,8.95,8.62,9.4,8.56,8.94,8.87,91.0,3.0,3.0,4.0,4.0,2.0,83.8,3.4,62.8,54.9,1.0,0,Core,1
47408,9.05,9.98,10.0,10.0,10.0,10.0,10.0,10.0,9.72,100.0,1.0,4.0,3.0,3.0,2.0,71.6,4.3,78.4,63.7,1.0,0,Core,1
27507,8.21,8.05,7.75,8.33,7.98,8.29,7.8,8.13,8.09,73.0,1.0,2.0,2.0,2.0,0.0,61.3,2.7,42.3,53.0,0.0,0,Core,1
17553,6.81,7.26,6.88,6.98,7.45,7.18,6.93,6.48,7.03,72.7,1.0,2.0,2.0,2.0,0.0,74.1,2.9,57.5,53.3,0.0,0,Core,1
23515,9.46,8.92,9.3,8.71,9.56,9.72,10.0,9.45,9.47,100.0,1.0,3.0,3.0,4.0,1.0,78.1,3.1,81.0,54.9,1.0,0,Core,1
26007,7.74,8.31,7.51,8.25,7.95,7.72,8.51,8.71,9.85,79.1,3.0,5.0,3.0,4.0,1.0,96.3,4.6,100.0,76.0,1.0,0,Core,1
46860,4.0,4.0,4.16,4.0,4.0,4.02,4.0,4.0,4.0,54.0,0.0,1.0,1.0,1.0,0.0,48.7,2.0,19.0,29.1,0.0,0,Core,0
29597,8.97,8.69,8.77,9.37,9.65,9.53,9.32,9.35,9.22,90.4,2.0,3.0,3.0,2.0,1.0,71.7,4.1,89.5,65.1,0.0,0,Core,1
18047,6.8,6.61,6.22,6.48,6.65,6.84,6.6,6.69,6.59,53.6,0.0,1.0,0.0,0.0,0.0,51.4,1.8,30.0,33.4,1.0,0,Core,0
44419,8.39,8.39,7.94,7.79,8.17,8.08,8.06,7.67,8.07,61.2,0.0,2.0,3.0,2.0,0.0,75.3,3.0,51.4,59.5,1.0,0,Core,1
31563,9.42,9.73,9.34,9.52,9.84,9.7,10.0,10.0,9.91,88.5,1.0,3.0,3.0,3.0,1.0,81.9,3.8,78.0,46.0,1.0,0,Core,1
34963,6.72,6.48,6.93,7.2,6.97,7.29,7.06,7.36,6.95,79.9,1.0,1.0,1.0,2.0,1.0,64.9,2.7,57.2,48.8,0.0,0,Core,1
7056,6.49,6.66,6.98,6.68,7.23,6.83,7.83,6.81,7.02,96.5,1.0,3.0,2.0,3.0,2.0,81.6,2.9,63.1,91.2,0.0,0,Core,1
7647,8.43,8.99,8.34,8.51,8.04,8.37,8.06,8.2,8.51,69.8,1.0,2.0,2.0,2.0,0.0,62.4,3.7,70.0,51.1,1.0,0,Core,1
25771,10.0,9.65,10.0,10.0,9.9,10.0,9.83,9.85,9.9,82.2,2.0,3.0,1.0,3.0,1.0,75.6,3.6,97.3,54.9,0.0,0,Core,1
43936,8.09,8.47,7.91,7.83,8.2,7.66,8.02,8.16,7.96,77.5,0.0,1.0,2.0,3.0,0.0,56.7,3.2,61.5,57.8,0.0,0,Core,1
27720,8.13,8.55,8.15,8.28,8.43,8.6,8.98,8.58,8.46,92.3,2.0,4.0,3.0,3.0,1.0,88.7,4.5,55.8,76.3,1.0,0,Core,1
28449,7.38,7.12,7.23,7.37,7.61,7.35,7.55,7.21,7.47,60.9,1.0,2.0,1.0,2.0,0.0,69.7,3.1,57.6,52.8,0.0,0,Core,1
48431,10.0,9.68,10.0,10.0,10.0,10.0,10.0,10.0,9.99,99.3,1.0,4.0,2.0,4.0,1.0,85.9,2.5,70.7,78.6,1.0,0,Core,1
24385,7.38,7.34,7.39,6.84,7.02,7.38,7.52,7.32,7.42,71.6,1.0,2.0,2.0,2.0,0.0,77.1,2.3,49.7,63.4,0.0,0,Core,1
38940,5.16,5.19,5.49,5.54,5.41,5.19,5.11,5.31,5.46,75.9,0.0,2.0,1.0,2.0,0.0,69.4,2.7,50.7,52.0,1.0,0,Core,0
36466,6.39,6.82,6.78,6.79,7.17,6.66,7.52,7.9,6.89,94.9,2.0,3.0,3.0,3.0,1.0,72.7,4.1,81.7,74.2,1.0,0,Core,1
10928,7.15,7.66,7.1,7.17,7.77,7.14,7.3,7.47,7.27,75.8,1.0,1.0,2.0,2.0,0.0,71.8,3.0,49.7,62.0,0.0,0,Core,1
42424,10.0,10.0,10.0,10.0,10.0,10.0,9.69,10.0,9.92,91.7,2.0,3.0,3.0,4.0,1.0,88.8,3.3,72.1,77.7,1.0,0,Core,1
12895,7.01,6.88,6.66,7.08,7.51,6.71,7.3,6.55,6.81,62.3,1.0,2.0,1.0,2.0,0.0,80.7,2.9,57.6,58.5,1.0,0,Core,1
41068,7.43,7.69,7.38,8.01,7.89,7.48,7.47,8.0,7.57,81.7,0.0,2.0,2.0,1.0,0.0,65.9,3.3,55.1,46.2,1.0,0,Core,0
26107,8.42,8.04,8.57,8.16,8.25,8.59,8.7,8.0,8.1,87.7,2.0,3.0,2.0,4.0,1.0,77.9,3.5,75.4,78.2,1.0,0,Core,1
45575,8.35,8.65,8.49,8.55,8.83,8.65,9.05,8.62,8.67,80.3,2.0,3.0,3.0,3.0,2.0,69.0,3.6,67.4,69.7,1.0,0,Core,1
3291,10.0,9.39,10.0,9.54,9.87,10.0,9.53,10.0,10.0,82.6,2.0,4.0,3.0,2.0,2.0,80.3,3.2,70.0,54.9,1.0,0,Core,1
34118,9.9,9.97,9.95,10.0,10.0,10.0,10.0,10.0,9.91,94.8,2.0,4.0,2.0,3.0,1.0,87.5,4.1,75.4,68.5,1.0,0,Core,1
11428,4.0,4.0,4.0,4.0,4.0,4.39,4.0,4.44,4.26,73.4,1.0,2.0,1.0,2.0,0.0,72.4,1.2,44.9,57.5,1.0,0,Core,0
15055,8.54,8.73,8.22,8.78,9.45,8.98,9.17,8.66,8.73,70.0,1.0,3.0,3.0,1.0,1.0,61.4,3.1,53.6,45.7,1.0,0,Core,1
19475,9.51,9.49,9.73,9.52,9.68,10.0,9.78,10.0,9.74,88.9,1.0,3.0,3.0,4.0,1.0,85.2,4.8,91.4,91.6,1.0,0,Core,1
3495,6.35,6.82,6.95,5.81,6.93,6.62,6.55,6.7,6.64,87.9,1.0,1.0,1.0,2.0,1.0,64.9,3.6,60.1,44.4,1.0,0,Core,0
5265,6.69,6.63,6.24,6.64,6.56,6.3,6.46,5.92,6.3,50.3,1.0,1.0,1.0,0.0,0.0,43.0,1.5,27.7,35.1,0.0,0,Core,0
12378,8.53,8.08,8.26,8.7,7.88,8.47,8.35,8.54,8.18,89.6,1.0,0.0,1.0,3.0,0.0,70.7,3.1,53.8,53.1,1.0,0,Core,1
20367,6.86,6.16,6.2,5.75,5.9,5.45,6.14,6.72,6.23,68.0,0.0,0.0,1.0,0.0,0.0,42.4,1.9,25.5,54.9,1.0,0,Core,0
45678,5.39,4.78,4.79,4.8,5.46,5.35,4.78,4.63,5.15,62.6,0.0,1.0,0.0,1.0,0.0,40.5,1.2,29.4,32.1,1.0,0,Core,0
40830,9.62,9.74,9.83,9.52,10.0,9.53,9.51,9.58,9.74,80.0,1.0,3.0,3.0,4.0,2.0,57.3,4.2,57.6,73.2,1.0,0,Core,1
6917,6.71,6.9,6.82,6.94,6.84,7.42,6.74,6.98,7.16,74.9,1.0,1.0,1.0,0.0,1.0,71.7,2.5,48.2,48.4,1.0,0,Core,1
18028,6.96,6.86,7.24,6.67,7.36,7.26,8.0,7.08,7.02,77.4,1.0,2.0,1.0,1.0,1.0,63.4,3.0,66.5,54.9,1.0,0,Core,1
37746,5.45,5.54,5.56,6.35,6.21,6.28,5.67,5.48,5.63,55.0,0.0,1.0,1.0,1.0,0.0,50.6,1.5,32.6,35.0,0.0,0,Core,0
21329,7.02,6.44,6.77,7.03,6.47,7.29,7.11,6.92,6.91,72.6,1.0,3.0,1.0,2.0,1.0,79.3,3.0,49.9,53.1,1.0,0,Core,1
20280,8.05,7.99,8.1,8.42,8.58,8.39,7.96,8.35,8.32,70.8,2.0,4.0,2.0,3.0,1.0,72.6,4.1,64.8,62.5,1.0,0,Core,1
41886,7.99,8.43,8.18,7.88,7.94,8.55,8.49,8.15,8.24,75.9,1.0,3.0,2.0,2.0,0.0,63.1,2.9,49.7,45.4,1.0,0,Core,1
16546,5.66,5.95,5.76,5.79,5.93,6.32,6.4,6.53,5.99,63.8,1.0,1.0,2.0,1.0,1.0,59.9,2.6,57.6,46.3,1.0,0,Core,0
14068,7.57,7.96,7.45,7.95,7.91,7.61,8.09,7.91,4.23,50.5994234,2.0,3.0,2.0,3.0,2.0,35.9,4.7,9.0,74.2,1.0,-1,Noise,1
20631,7.67,6.75,7.55,7.37,6.86,6.94,7.14,6.8,7.15,53.0,1.0,1.0,2.0,1.0,0.0,60.3,2.5,23.2,22.9,1.0,0,Core,0
21240,6.11,6.48,6.17,6.15,5.74,6.09,6.27,6.28,6.23,76.1,1.0,2.0,1.0,2.0,1.0,66.7,3.6,50.7,62.0,1.0,0,Core,1
27153,7.13,7.66,7.73,7.55,8.08,7.58,8.18,8.27,7.79,85.0,3.0,3.0,3.0,2.0,1.0,59.6,4.4,58.9,60.6,0.0,0,Core,1
26635,6.84,6.16,6.03,5.67,6.58,6.36,6.38,6.65,4.24,52.72579989,0.0,0.0,1.0,0.0,1.0,33.5,2.3,8.7,30.3,0.0,0,Core,0
10822,9.45,10.0,9.9,9.87,9.82,10.0,10.0,10.0,10.0,88.9,2.0,4.0,4.0,3.0,2.0,78.2,3.9,79.0,69.2,1.0,0,Core,1
19016,8.51,8.18,8.6,8.41,8.31,8.94,8.52,9.31,8.61,97.7,2.0,3.0,3.0,2.0,1.0,69.6,3.9,71.9,76.0,0.0,0,Core,1
14760,6.73,7.97,7.07,7.11,7.22,7.58,7.36,7.22,7.24,82.1,2.0,3.0,2.0,5.0,1.0,86.5,4.8,57.6,72.5,1.0,0,Core,1
18120,7.24,7.11,7.43,6.52,6.04,6.76,6.9,7.45,6.84,66.0,1.0,1.0,1.0,1.0,0.0,37.6,1.0,26.3,25.3,1.0,0,Core,0
42882,7.75,8.43,7.93,8.01,7.75,8.21,8.47,7.53,7.98,73.5,1.0,3.0,3.0,0.0,1.0,66.7,2.3,56.4,50.5,1.0,0,Core,1
36208,6.85,7.81,6.96,7.27,7.31,7.8,7.6,7.63,7.31,72.3,1.0,3.0,3.0,2.0,3.0,82.5,3.2,79.5,69.8,1.0,0,Core,1
49475,9.03,8.78,8.44,8.56,9.14,8.44,9.11,8.96,8.87,89.6,2.0,3.0,2.0,4.0,2.0,81.3,3.2,80.3,66.1,0.0,0,Core,1
1825,7.66,7.38,7.16,7.87,7.2,7.94,7.73,7.53,7.56,62.7,1.0,2.0,1.0,1.0,1.0,55.9,2.7,52.4,49.5,1.0,0,Core,0
46195,7.57,6.96,7.89,7.05,8.07,7.46,7.58,7.65,7.48,88.3,2.0,5.0,3.0,4.0,1.0,77.0,2.9,77.4,74.8,0.0,0,Core,1
25435,4.47,5.06,5.66,4.77,4.65,4.87,4.3,5.49,5.01,73.2,1.0,2.0,2.0,2.0,0.0,73.5,2.5,47.8,54.1,1.0,0,Core,0
40079,6.85,6.62,6.83,7.25,6.96,7.71,6.72,7.46,6.97,97.7,2.0,3.0,3.0,3.0,1.0,82.7,5.0,83.0,67.0,1.0,0,Core,1
8910,6.58,6.83,6.67,6.45,5.79,6.24,6.25,5.72,6.14,56.9,1.0,0.0,1.0,1.0,0.0,43.1,1.5,19.5,24.1,0.0,0,Core,0
20854,5.34,4.85,5.32,5.1,5.57,5.52,5.49,5.13,5.35,64.5,0.0,1.0,2.0,1.0,0.0,46.9,2.3,30.3,27.4,0.0,0,Core,0
27451,8.08,8.31,8.69,9.02,8.77,8.15,8.46,8.62,8.44,84.2,1.0,3.0,4.0,4.0,2.0,55.8,4.6,80.0,83.1,1.0,0,Core,1
31938,5.08,4.84,5.54,4.74,5.0,4.54,4.79,4.52,4.7,59.8,0.0,1.0,0.0,0.0,0.0,69.6,1.8,21.4,30.6,1.0,0,Core,0
6947,8.21,7.7,7.51,7.8,8.6,8.58,8.67,8.89,8.13,77.2,1.0,3.0,4.0,3.0,1.0,90.1,3.1,67.1,80.2,1.0,0,Core,1
9686,7.1,7.39,6.9,7.32,6.95,7.5,7.29,7.28,7.34,83.4,1.0,2.0,1.0,2.0,0.0,65.3,3.6,60.5,55.8,1.0,0,Core,1
34335,6.64,6.92,7.01,7.1,7.13,6.97,6.95,7.64,7.09,76.0,1.0,2.0,1.0,1.0,0.0,61.5,3.1,54.3,45.3,1.0,0,Core,1
46759,7.0,7.16,6.71,6.16,6.92,7.2,7.08,7.21,6.99,79.0,2.0,4.0,3.0,3.0,1.0,72.6,3.0,73.6,78.4,1.0,0,Core,1
28475,7.04,6.51,6.97,6.57,7.23,6.52,6.34,6.6,6.67,66.9,0.0,2.0,2.0,2.0,1.0,61.1,2.8,60.2,54.9,0.0,0,Core,1
18669,5.55,5.86,5.7,6.0,5.68,5.71,5.92,5.5,5.65,64.7,1.0,1.0,1.0,1.0,0.0,69.6,2.0,21.2,27.9,0.0,0,Core,0
37157,6.54,7.26,7.17,7.31,6.43,6.98,6.73,6.44,4.38,51.38311177,1.0,2.0,1.0,2.0,0.0,32.3,2.3,3.1,40.5,1.0,0,Core,1
3565,8.67,8.23,8.51,8.95,8.98,8.63,8.72,8.9,8.59,66.4,1.0,2.0,2.0,1.0,1.0,77.4,3.2,58.4,60.3,1.0,0,Core,1
28541,5.72,5.28,5.49,4.76,5.59,5.81,5.75,6.22,5.54,71.4,1.0,1.0,2.0,2.0,1.0,69.6,3.4,62.0,54.9,1.0,0,Core,0
18050,6.38,5.96,6.4,6.27,6.16,6.18,5.75,5.79,6.04,57.5,1.0,1.0,1.0,0.0,0.0,50.2,3.2,21.4,25.2,0.0,0,Core,0
28080,5.4,4.38,4.84,4.81,4.75,4.84,4.63,4.39,4.77,66.2,1.0,0.0,1.0,0.0,0.0,56.2,2.6,29.3,35.5,1.0,0,Core,0
28533,4.4,4.52,4.57,4.42,4.54,4.22,4.06,4.51,4.22,66.6,0.0,1.0,1.0,0.0,1.0,54.5,2.0,25.9,28.2,0.0,0,Core,0
21421,8.18,8.73,8.49,8.4,7.96,8.2,8.34,8.97,8.35,72.2,1.0,1.0,1.0,2.0,1.0,67.1,2.7,42.7,51.1,0.0,0,Core,1
323,7.21,7.8,7.21,7.23,7.36,7.25,7.18,7.15,7.32,77.4,1.0,2.0,1.0,3.0,0.0,60.9,2.8,59.7,53.9,0.0,0,Core,0
47971,6.29,6.27,6.37,6.49,6.74,6.45,7.01,6.45,6.51,72.5,0.0,3.0,1.0,2.0,0.0,56.1,2.3,51.4,54.9,0.0,0,Core,0
19346,7.92,7.67,7.82,7.8,7.15,7.38,7.71,7.79,7.74,76.7,1.0,1.0,1.0,2.0,0.0,68.7,3.0,57.8,49.3,1.0,0,Core,1
14805,9.76,9.38,8.77,9.5,9.59,9.81,9.61,9.78,9.56,97.6,2.0,2.0,4.0,3.0,2.0,91.7,3.6,92.5,83.4,1.0,0,Core,1
45992,5.99,6.2,5.33,5.86,5.87,5.53,5.83,5.98,5.88,61.9,0.0,1.0,1.0,0.0,1.0,69.6,1.8,27.5,31.6,0.0,0,Core,0
45620,6.58,6.56,6.22,6.62,6.84,6.53,6.62,7.34,6.66,91.8,2.0,4.0,3.0,3.0,1.0,70.5,4.5,70.1,70.2,1.0,0,Core,1
49166,6.06,6.31,6.37,5.7,5.79,6.17,5.64,6.1,6.02,67.1,1.0,2.0,1.0,2.0,1.0,68.7,3.0,48.6,51.3,1.0,0,Core,1
28280,5.38,5.37,5.16,5.17,5.09,5.18,5.44,4.82,5.24,90.9,1.0,1.0,2.0,2.0,0.0,81.8,3.5,60.7,50.6,0.0,0,Core,0
38832,6.92,6.68,6.14,6.25,6.2,6.69,6.72,6.28,6.59,69.4,0.0,2.0,1.0,2.0,1.0,67.4,2.5,62.3,55.2,0.0,0,Core,0
29277,8.54,7.8,8.47,8.24,8.29,8.43,8.67,8.81,8.48,83.8,2.0,2.0,2.0,4.0,2.0,69.5,4.0,85.3,74.1,1.0,0,Core,1
27489,7.89,7.56,8.28,8.17,8.0,8.1,8.33,7.72,8.06,93.0,0.0,2.0,1.0,2.0,1.0,76.2,2.3,56.9,53.8,1.0,0,Core,1
43006,4.97,4.15,4.6,4.1,4.0,4.05,4.31,4.0,4.18,62.5,1.0,1.0,2.0,0.0,0.0,53.9,2.5,28.9,32.9,1.0,0,Core,0
10497,7.35,7.47,7.99,7.47,8.11,7.79,8.0,7.6,7.74,89.1,0.0,2.0,2.0,3.0,1.0,73.3,3.2,55.0,52.8,1.0,0,Core,1
42663,6.29,5.75,6.1,5.48,5.33,5.64,5.87,5.92,5.88,65.9,0.0,1.0,0.0,0.0,0.0,40.4,1.6,23.4,25.2,0.0,0,Core,0
5529,7.43,7.5,7.58,7.46,7.0,7.42,7.13,7.81,4.1,51.89051019,1.0,2.0,2.0,2.0,0.0,36.9,3.2,9.9,57.3,0.0,0,Border,1
35388,8.45,8.91,8.16,8.67,8.05,8.44,8.59,8.46,8.42,60.0,1.0,1.0,2.0,2.0,1.0,76.5,2.9,61.0,54.4,1.0,0,Core,1
31209,9.55,9.3,9.03,8.91,9.69,8.62,9.4,9.61,9.46,83.6,2.0,3.0,3.0,3.0,2.0,97.8,3.4,72.6,54.1,1.0,0,Core,1
40988,8.33,8.12,8.53,7.79,8.48,9.0,8.89,8.06,8.32,77.6,1.0,1.0,2.0,2.0,0.0,71.8,2.3,49.0,57.4,0.0,0,Core,1
21333,6.36,6.77,6.99,6.68,6.72,7.06,6.78,6.95,6.85,90.5,2.0,4.0,1.0,3.0,1.0,72.0,4.1,85.0,72.5,0.0,0,Core,1
3403,5.43,5.21,5.54,5.35,5.04,4.96,5.43,4.87,5.04,57.5,0.0,1.0,0.0,1.0,0.0,54.5,1.5,28.4,30.6,1.0,0,Core,0
7781,7.94,7.22,7.82,7.63,7.44,6.96,7.9,7.19,4.28,53.35095951,1.0,2.0,2.0,2.0,0.0,32.8,3.0,5.0,54.9,0.0,0,Border,1
27136,5.44,5.86,5.37,5.73,4.85,4.84,5.6,5.19,5.25,56.2,0.0,1.0,1.0,0.0,0.0,52.6,1.9,23.6,27.6,0.0,0,Core,0
45930,5.95,5.52,5.84,5.8,6.15,6.12,5.74,6.43,5.88,82.4,1.0,1.0,1.0,2.0,1.0,68.1,3.6,52.6,54.9,1.0,0,Core,1
25716,4.52,4.31,4.0,4.18,4.0,4.0,4.0,4.05,4.02,52.6,0.0,1.0,1.0,0.0,0.0,42.0,2.1,29.7,24.4,1.0,0,Core,0
22230,9.9,10.0,10.0,10.0,10.0,10.0,10.0,10.0,10.0,89.6,1.0,4.0,4.0,3.0,2.0,80.0,2.5,93.5,54.9,1.0,0,Core,1
483,7.64,7.33,7.24,7.81,7.76,7.48,7.48,7.55,7.48,78.6,1.0,1.0,2.0,1.0,1.0,65.7,3.9,64.3,50.1,0.0,0,Core,1
28662,7.72,7.78,7.86,7.94,7.9,8.73,7.97,9.0,7.84,77.2,3.0,4.0,2.0,3.0,1.0,92.3,4.5,66.6,81.3,1.0,0,Core,1
14182,5.69,5.7,5.99,5.94,6.12,6.77,6.78,6.13,6.2,100.0,1.0,4.0,3.0,3.0,2.0,83.5,3.3,87.4,78.6,1.0,0,Core,1
39685,9.32,8.93,9.39,9.71,9.16,9.14,9.15,9.28,9.11,65.2,2.0,2.0,2.0,2.0,1.0,64.6,3.2,52.0,49.0,1.0,0,Core,1
8791,5.47,5.31,5.45,5.96,5.27,5.13,5.69,5.24,5.41,60.2,0.0,0.0,1.0,0.0,0.0,51.5,1.7,29.3,27.8,1.0,0,Core,0
38979,6.31,6.87,6.51,6.45,6.48,6.4,6.45,6.28,6.35,50.0,1.0,0.0,0.0,0.0,0.0,46.2,1.2,31.3,23.9,0.0,0,Core,0
40402,9.61,9.49,9.22,9.36,8.93,9.12,9.2,9.5,9.21,87.4,2.0,3.0,2.0,3.0,1.0,100.0,4.5,84.2,72.5,0.0,0,Core,1
2875,5.02,4.89,4.91,5.0,5.47,5.36,5.0,5.09,5.14,72.2,0.0,2.0,2.0,2.0,1.0,69.2,3.1,57.6,43.6,1.0,0,Core,0
45436,6.47,6.0,7.03,6.87,6.54,6.92,6.85,7.12,6.66,83.8,2.0,2.0,3.0,2.0,1.0,67.1,3.2,72.5,71.5,0.0,0,Core,1
22604,6.46,6.14,6.51,6.43,6.52,6.16,6.39,6.36,6.38,75.7,1.0,2.0,2.0,2.0,0.0,74.8,3.0,59.2,51.3,0.0,0,Core,1
37028,9.75,9.99,9.58,10.0,9.8,9.81,10.0,10.0,9.82,90.8,2.0,3.0,4.0,3.0,1.0,81.9,5.0,86.7,71.8,1.0,0,Core,1
44394,5.72,5.77,6.02,6.0,6.02,5.88,5.47,6.11,5.94,82.3,0.0,2.0,2.0,2.0,1.0,83.9,2.5,49.0,54.9,0.0,0,Core,0
4216,4.95,5.26,5.07,5.26,5.25,5.18,5.28,4.51,5.14,55.7,0.0,1.0,0.0,1.0,0.0,52.6,2.4,26.5,54.9,0.0,0,Core,0
33068,7.89,7.41,7.06,7.01,7.08,7.78,7.56,7.09,7.31,72.9,1.0,2.0,1.0,1.0,1.0,57.1,3.7,51.2,55.2,0.0,0,Core,1
13592,4.82,5.23,5.19,5.5,5.4,5.53,5.52,5.41,5.24,72.1,1.0,2.0,2.0,2.0,1.0,63.7,2.5,56.6,54.9,0.0,0,Core,0
44341,9.53,10.0,10.0,9.88,9.87,9.82,9.74,10.0,9.93,89.4,2.0,5.0,4.0,4.0,2.0,88.1,4.2,72.8,54.9,1.0,0,Core,1
38870,5.49,5.46,4.94,4.65,4.68,4.78,4.68,4.82,5.02,69.1,0.0,1.0,2.0,1.0,0.0,42.7,1.6,28.8,27.0,0.0,0,Core,0
46869,9.46,9.96,10.0,9.57,9.94,10.0,10.0,9.9,9.95,74.3,3.0,2.0,2.0,3.0,2.0,93.8,2.5,70.3,69.6,0.0,0,Core,1
374,4.69,5.81,4.98,4.68,5.21,4.72,4.61,5.31,5.05,73.8,1.0,2.0,1.0,2.0,1.0,70.5,3.1,50.6,52.1,0.0,0,Core,0
48582,9.15,8.79,9.58,8.92,9.13,9.75,9.44,9.86,9.35,92.5,2.0,3.0,4.0,3.0,1.0,73.2,3.6,57.6,66.7,1.0,0,Core,1
39617,8.42,9.03,8.54,9.17,9.09,9.35,8.92,9.08,8.79,88.1,2.0,4.0,3.0,3.0,1.0,75.3,4.4,70.7,78.9,1.0,0,Core,1
27089,10.0,9.74,9.78,10.0,10.0,10.0,10.0,10.0,9.86,100.0,2.0,3.0,3.0,5.0,1.0,65.2,5.0,80.4,54.9,1.0,0,Core,1
32025,9.94,9.98,9.36,9.93,10.0,9.92,10.0,10.0,9.88,100.0,2.0,2.0,3.0,3.0,1.0,77.8,3.5,89.5,84.0,0.0,0,Core,1
21635,9.44,9.67,9.95,9.91,9.66,10.0,9.41,10.0,9.92,90.5,2.0,3.0,3.0,3.0,2.0,87.8,4.0,80.6,77.3,1.0,0,Core,1
4580,8.02,7.45,7.51,7.7,7.89,7.41,7.42,7.43,7.75,86.1,0.0,2.0,2.0,2.0,1.0,54.9,3.7,53.4,49.2,0.0,0,Core,0
39393,8.8,9.14,8.99,8.81,8.85,8.98,8.92,9.03,9.07,86.6,1.0,3.0,2.0,3.0,1.0,67.0,3.8,69.0,94.6,1.0,0,Core,1
17783,8.16,7.18,8.31,7.27,7.86,8.0,8.16,7.48,7.78,83.1,1.0,1.0,2.0,2.0,0.0,60.9,2.4,51.9,51.3,1.0,0,Core,1
40303,8.11,8.39,7.94,8.6,9.11,8.59,8.3,8.78,8.59,61.5,0.0,2.0,2.0,3.0,0.0,78.6,3.5,71.4,46.3,1.0,0,Core,1
19517,5.1,5.59,5.14,5.12,5.49,5.36,5.23,4.62,5.33,70.0,0.0,0.0,0.0,0.0,0.0,41.1,2.2,26.8,27.7,0.0,0,Core,0
28310,6.31,6.24,5.63,6.16,6.27,6.01,6.36,5.95,6.08,75.6,0.0,2.0,2.0,2.0,0.0,69.6,2.0,53.6,48.3,0.0,0,Core,0
12618,9.76,10.0,9.57,9.58,10.0,9.88,10.0,10.0,9.87,93.0,1.0,4.0,3.0,3.0,2.0,69.7,4.2,98.0,76.7,1.0,0,Core,1
35499,5.22,5.63,5.9,5.07,5.69,5.22,5.57,5.81,5.58,100.0,2.0,2.0,3.0,4.0,1.0,79.5,4.8,74.4,54.9,0.0,0,Border,1
35885,6.16,5.23,6.08,6.01,6.2,6.14,6.0,5.6,5.82,63.3,1.0,1.0,0.0,1.0,0.0,69.6,2.1,57.6,33.8,1.0,0,Core,0
31745,7.34,7.66,7.76,7.57,7.57,7.32,7.97,8.09,7.5,94.2,2.0,2.0,3.0,3.0,2.0,64.4,3.8,57.6,75.0,1.0,0,Core,1
48721,10.0,10.0,10.0,10.0,10.0,9.94,9.9,10.0,9.84,85.0,1.0,4.0,2.0,3.0,2.0,84.8,3.8,83.6,80.7,1.0,0,Core,1
13912,8.61,8.51,7.83,8.93,8.76,9.17,8.73,8.86,8.84,92.0,2.0,4.0,3.0,3.0,2.0,100.0,3.6,94.1,72.1,1.0,0,Core,1
7095,8.54,8.46,9.14,9.16,8.73,8.41,8.51,8.35,8.62,78.9,1.0,2.0,1.0,1.0,0.0,60.2,2.6,49.3,60.0,0.0,0,Core,1
15401,8.27,8.0,8.43,8.04,8.02,8.47,8.57,8.49,8.26,68.9,0.0,2.0,2.0,1.0,0.0,65.5,2.7,54.4,52.3,1.0,0,Core,1
42130,9.93,10.0,10.0,10.0,9.59,10.0,10.0,10.0,9.92,76.0,2.0,2.0,3.0,2.0,3.0,69.6,4.2,74.0,72.1,0.0,0,Core,1
29298,7.6,8.03,8.31,7.83,8.37,8.3,8.29,7.67,8.02,81.2,2.0,4.0,3.0,3.0,2.0,86.1,4.8,87.3,70.9,1.0,0,Core,1
33130,5.33,5.67,5.34,6.29,5.86,5.11,5.62,5.93,5.48,64.6,1.0,0.0,0.0,0.0,0.0,47.4,2.4,34.9,28.3,0.0,0,Core,0
29117,7.65,6.81,7.87,6.29,7.35,7.46,7.11,6.83,7.09,78.4,0.0,2.0,2.0,1.0,1.0,61.5,2.1,60.2,50.8,0.0,0,Core,1
7688,6.23,6.06,6.46,6.2,6.06,6.09,6.76,7.09,6.38,92.1,2.0,3.0,2.0,4.0,1.0,58.9,3.6,73.5,67.3,0.0,0,Core,1
45115,5.75,5.8,6.14,5.11,6.01,5.32,5.36,4.91,5.38,50.5,0.0,0.0,1.0,1.0,0.0,49.2,1.9,26.6,28.2,0.0,0,Core,0
63,6.15,6.48,6.43,5.86,6.4,6.16,6.56,5.9,6.37,54.9,0.0,1.0,0.0,0.0,1.0,53.2,2.5,28.9,26.2,0.0,0,Core,0
25110,9.81,9.98,9.85,9.81,10.0,9.97,10.0,10.0,10.0,90.5,2.0,4.0,3.0,2.0,2.0,78.4,3.6,94.9,84.0,1.0,0,Core,1
12025,7.88,7.67,8.22,7.92,7.76,7.84,7.9,7.99,7.87,86.2,1.0,1.0,2.0,2.0,0.0,72.5,3.2,58.8,49.8,1.0,0,Core,1
37596,9.76,9.76,9.82,9.6,9.94,9.63,10.0,10.0,9.82,88.1,1.0,3.0,3.0,3.0,1.0,89.8,4.4,67.3,75.5,0.0,0,Core,1
7893,4.0,4.0,4.06,4.0,4.08,4.0,4.0,4.0,4.0,67.0,0.0,1.0,0.0,0.0,0.0,49.8,3.2,25.3,30.0,0.0,0,Core,0
20266,10.0,10.0,9.92,10.0,10.0,10.0,10.0,10.0,9.91,92.8,2.0,3.0,3.0,4.0,1.0,69.6,4.8,76.8,86.4,0.0,0,Core,1
49707,4.77,5.27,5.04,4.84,5.06,4.71,5.25,4.82,4.94,76.1,1.0,1.0,1.0,2.0,1.0,69.6,3.7,50.3,46.1,1.0,0,Core,0
47293,10.0,10.0,10.0,9.94,10.0,9.87,10.0,10.0,10.0,100.0,2.0,5.0,3.0,4.0,2.0,91.6,3.6,80.1,84.7,1.0,0,Core,1
22682,6.62,7.05,7.13,6.7,7.18,7.11,7.32,7.28,7.19,75.4,2.0,2.0,2.0,3.0,1.0,84.5,3.8,90.6,80.2,0.0,0,Core,1
29910,7.44,7.06,7.47,7.71,8.07,8.3,7.84,7.29,7.74,91.1,2.0,4.0,2.0,4.0,1.0,83.0,4.0,61.0,58.0,0.0,0,Core,1
2386,7.54,7.47,7.68,7.81,7.74,7.98,7.17,8.15,7.75,79.3,1.0,1.0,2.0,1.0,1.0,69.6,1.8,49.1,53.3,0.0,0,Core,1
25885,6.7,6.27,6.98,6.26,6.67,6.64,7.33,6.66,6.77,64.0,1.0,2.0,2.0,1.0,0.0,64.6,4.1,55.4,48.3,1.0,0,Core,1
3185,6.37,6.96,6.73,6.97,6.92,6.6,6.96,6.61,6.87,89.0,0.0,2.0,1.0,2.0,0.0,78.4,3.2,61.9,54.9,1.0,0,Core,1
21753,5.37,4.82,5.04,4.98,4.85,4.86,5.31,5.48,5.13,62.7,1.0,3.0,2.0,2.0,1.0,69.9,3.2,58.2,52.1,1.0,0,Core,0
8359,8.17,8.91,8.29,8.94,9.06,8.63,8.75,8.65,8.6,80.3,1.0,4.0,4.0,3.0,1.0,94.5,4.3,74.6,76.2,0.0,0,Core,1
4996,4.76,4.99,4.67,5.1,5.12,4.72,4.76,4.68,4.93,58.3,0.0,1.0,0.0,0.0,0.0,46.4,1.1,26.5,31.8,0.0,0,Core,0
19991,7.09,6.98,6.97,7.48,7.26,6.79,7.1,6.42,6.92,92.3,1.0,2.0,2.0,1.0,0.0,72.9,2.9,59.3,47.7,1.0,0,Core,1
37219,8.41,8.81,8.91,8.38,8.44,8.47,8.6,9.01,8.42,85.9,3.0,3.0,3.0,4.0,2.0,70.0,4.5,96.5,64.5,1.0,0,Core,1
45048,6.52,6.77,6.57,6.5,6.7,6.14,5.71,6.5,6.49,66.4,0.0,0.0,0.0,0.0,0.0,51.9,1.0,30.2,29.5,1.0,0,Core,0
13735,4.41,4.43,5.1,4.49,4.69,4.8,5.11,5.34,4.68,76.0,1.0,2.0,2.0,2.0,1.0,73.2,2.3,56.4,51.6,0.0,0,Core,0
6112,6.14,6.31,5.92,6.11,6.14,6.05,6.59,6.05,6.11,76.4,2.0,2.0,1.0,2.0,1.0,65.6,4.2,63.1,54.9,0.0,0,Core,1
5374,7.81,8.54,7.82,7.96,7.33,8.1,7.68,7.89,7.84,81.9,1.0,2.0,2.0,2.0,0.0,80.9,2.3,54.8,54.9,0.0,0,Core,1
42275,7.65,7.8,8.03,7.87,8.21,8.07,8.16,8.49,8.16,75.8,0.0,3.0,2.0,2.0,1.0,75.3,4.0,54.7,56.5,1.0,0,Core,1
12432,7.7,7.71,7.17,8.32,7.74,8.34,8.42,7.53,7.94,93.0,2.0,2.0,4.0,2.0,2.0,75.7,4.2,79.8,89.8,1.0,0,Core,1
7919,5.71,6.29,6.08,5.69,7.09,6.95,6.82,6.74,6.5,79.0,1.0,4.0,2.0,4.0,1.0,87.4,4.1,84.5,71.4,1.0,0,Core,1
35812,9.19,8.74,8.67,9.22,9.24,9.06,9.69,9.16,9.03,87.3,1.0,3.0,2.0,3.0,2.0,71.9,3.4,77.6,82.0,1.0,0,Core,1
37631,8.61,8.19,8.46,8.97,8.43,8.89,8.66,9.14,8.71,93.4,2.0,4.0,4.0,4.0,1.0,69.6,2.6,57.6,80.5,1.0,0,Core,1
12141,5.92,6.2,6.01,5.85,6.05,5.94,6.1,6.06,6.0,69.2,1.0,2.0,2.0,1.0,0.0,65.2,2.7,57.9,54.9,1.0,0,Core,0
39635,8.11,7.92,7.66,7.65,7.65,8.38,8.32,7.92,7.83,80.5,1.0,2.0,2.0,1.0,1.0,61.2,3.4,58.9,54.9,1.0,0,Core,1
9646,5.51,5.22,5.52,5.52,5.33,5.44,5.24,5.26,5.43,93.6,1.0,1.0,1.0,1.0,0.0,75.7,3.4,52.1,50.7,0.0,0,Core,1
43842,6.96,6.96,6.93,6.17,7.4,6.68,6.74,6.64,6.84,87.3,1.0,2.0,2.0,1.0,0.0,71.0,2.7,61.9,54.9,1.0,0,Core,0
36449,6.67,6.58,6.2,6.06,6.43,6.49,7.29,7.17,6.72,82.8,2.0,4.0,2.0,3.0,2.0,90.8,4.3,83.7,78.3,1.0,0,Core,1
25314,6.57,6.37,6.7,6.83,6.5,6.44,6.55,6.11,6.33,64.5,0.0,1.0,0.0,0.0,0.0,69.6,1.9,27.4,54.9,0.0,0,Core,0
46536,4.74,5.32,5.3,5.46,5.45,5.25,4.91,5.19,5.11,61.1,0.0,0.0,1.0,0.0,0.0,69.6,1.8,24.7,23.9,1.0,0,Core,0
5305,4.73,5.45,4.58,4.76,5.07,5.47,5.36,5.52,4.99,69.3,0.0,3.0,2.0,2.0,1.0,76.2,3.5,57.6,49.2,0.0,0,Core,0
38770,5.31,5.58,4.75,5.72,4.77,4.86,4.95,4.57,5.17,55.9,0.0,0.0,0.0,0.0,0.0,55.9,2.7,24.3,31.3,1.0,0,Core,0
22446,8.85,9.24,9.18,9.48,9.29,9.31,9.35,8.92,9.22,91.8,1.0,5.0,3.0,3.0,1.0,94.0,4.2,96.3,80.0,1.0,0,Core,1
10325,8.58,8.52,8.42,9.17,8.57,8.66,8.34,8.65,8.51,85.0,2.0,2.0,2.0,3.0,2.0,96.8,5.0,72.8,71.1,1.0,0,Core,1
37747,8.23,7.77,8.05,8.2,8.27,8.04,8.16,7.9,8.08,77.3,0.0,1.0,3.0,1.0,0.0,77.0,2.7,60.5,52.6,1.0,0,Core,1
41365,9.86,9.84,9.7,9.81,9.87,10.0,10.0,10.0,9.94,87.5,1.0,4.0,2.0,3.0,2.0,90.7,2.3,83.3,80.0,0.0,0,Core,1
3181,8.73,9.12,8.69,8.72,8.15,8.97,8.64,9.58,8.73,99.2,1.0,4.0,2.0,4.0,1.0,80.6,3.9,70.2,61.9,1.0,0,Core,1
29110,6.12,5.28,5.94,6.05,6.01,5.85,5.72,6.27,5.86,100.0,2.0,3.0,3.0,4.0,0.0,86.5,3.8,80.0,74.0,1.0,0,Core,1
26630,7.71,7.77,7.53,8.16,7.6,7.53,7.26,8.22,7.52,77.2,2.0,4.0,4.0,4.0,1.0,69.6,4.3,100.0,65.9,1.0,0,Core,1
17021,10.0,9.76,9.66,10.0,10.0,10.0,10.0,10.0,9.9,74.7,3.0,3.0,3.0,4.0,2.0,81.8,5.0,91.6,71.8,1.0,0,Core,1
4615,9.22,9.1,8.87,8.95,9.61,9.3,9.33,9.16,9.36,93.2,2.0,4.0,2.0,4.0,1.0,70.9,3.4,71.8,86.2,1.0,0,Core,1
30559,10.0,10.0,10.0,10.0,10.0,10.0,9.85,10.0,10.0,94.6,2.0,3.0,3.0,2.0,1.0,67.1,3.8,82.7,66.7,1.0,0,Core,1
429,7.32,7.5,7.86,6.91,7.31,7.71,7.41,7.72,7.45,68.4,1.0,1.0,2.0,1.0,0.0,80.0,2.2,50.9,56.6,0.0,0,Core,1
45145,7.71,8.0,7.95,8.45,8.55,8.68,8.65,9.0,8.46,80.6,2.0,4.0,2.0,3.0,1.0,65.1,4.5,57.2,63.6,1.0,0,Core,1
36166,6.36,6.72,6.19,6.2,6.55,7.01,6.47,6.65,6.55,72.6,1.0,3.0,2.0,2.0,1.0,59.2,3.1,54.8,54.7,0.0,0,Core,1
46192,9.49,9.49,9.31,9.11,10.0,9.71,9.61,9.96,9.6,96.4,1.0,5.0,2.0,5.0,2.0,69.6,3.6,78.3,78.0,1.0,0,Core,1
43339,8.89,8.51,8.05,8.36,8.59,9.17,9.16,8.95,8.66,81.1,2.0,3.0,3.0,3.0,2.0,75.4,4.6,82.0,66.0,0.0,0,Core,1
21862,8.8,8.85,8.83,8.64,8.87,8.11,8.43,8.92,8.77,75.2,1.0,1.0,1.0,2.0,1.0,69.6,3.3,67.2,40.2,0.0,0,Core,1
24212,4.0,4.48,4.38,4.0,4.0,4.0,4.0,4.0,4.14,58.0,0.0,1.0,0.0,1.0,0.0,47.6,1.4,27.7,31.1,0.0,0,Core,0
10366,6.5,6.83,6.96,6.68,6.36,7.05,6.73,6.92,6.95,67.1,1.0,2.0,3.0,1.0,1.0,60.5,2.8,51.7,53.2,0.0,0,Core,1
39273,9.2,8.71,9.13,8.67,9.5,8.91,9.49,8.96,9.0,78.5,1.0,1.0,2.0,2.0,1.0,67.3,2.8,40.9,53.5,1.0,0,Core,1
33413,7.08,7.37,7.34,7.54,7.38,7.31,7.35,7.19,7.14,64.8,2.0,3.0,3.0,3.0,2.0,69.6,4.1,90.9,69.4,1.0,0,Core,1
20850,10.0,10.0,10.0,10.0,10.0,10.0,10.0,10.0,10.0,86.1,2.0,2.0,3.0,4.0,1.0,71.1,5.0,59.7,76.0,1.0,0,Core,1
16843,5.79,5.78,5.45,5.06,5.22,5.2,5.28,5.26,5.53,58.8,0.0,0.0,1.0,0.0,0.0,45.1,2.4,34.6,32.1,0.0,0,Core,0
9999,5.93,6.22,5.94,5.83,6.43,6.61,6.43,5.99,6.15,84.9,1.0,2.0,1.0,1.0,1.0,54.7,3.1,43.9,61.1,0.0,0,Core,1
23187,7.33,7.41,7.28,7.09,7.19,6.82,6.87,7.21,7.33,66.4,0.0,1.0,0.0,0.0,0.0,69.6,1.9,34.7,33.9,0.0,0,Core,0
7498,4.8,5.29,5.38,4.84,4.93,5.09,5.2,4.38,4.94,62.4,0.0,1.0,0.0,1.0,0.0,54.7,2.6,35.6,28.7,0.0,0,Core,0
5460,5.33,5.12,5.3,5.9,4.87,4.87,5.7,4.6,5.29,63.7,0.0,1.0,0.0,1.0,1.0,55.2,2.4,27.7,31.5,1.0,0,Core,0
4574,8.4,8.28,7.71,8.07,8.39,8.11,8.31,7.97,8.21,72.0,1.0,2.0,3.0,1.0,1.0,56.2,2.5,54.2,59.4,0.0,0,Core,1
8172,6.63,5.76,6.21,5.38,6.0,6.1,6.24,5.24,5.88,70.5,1.0,1.0,2.0,1.0,0.0,44.1,2.0,27.7,34.6,0.0,0,Core,0
33840,4.56,4.61,4.61,4.98,4.79,4.35,4.38,4.72,4.68,66.6,0.0,0.0,0.0,1.0,0.0,52.3,1.5,33.5,32.2,0.0,0,Core,0
23589,5.57,5.0,5.27,4.78,4.89,4.77,4.82,4.8,4.93,67.0,0.0,1.0,1.0,0.0,0.0,48.6,2.7,25.7,28.5,1.0,0,Core,0
41913,9.9,10.0,9.94,10.0,10.0,10.0,10.0,10.0,10.0,84.4,2.0,2.0,3.0,3.0,2.0,69.6,4.8,87.8,71.9,1.0,0,Core,1
7295,7.39,7.37,6.78,7.36,6.94,7.7,7.74,7.32,7.35,97.4,3.0,2.0,3.0,3.0,1.0,93.5,3.7,70.9,86.9,1.0,0,Core,1
25914,7.08,7.49,7.68,7.67,7.35,7.13,6.91,7.12,7.25,93.1,2.0,2.0,2.0,3.0,1.0,66.0,3.0,55.4,44.7,0.0,0,Core,1
16358,6.22,4.83,5.33,5.25,5.61,5.32,5.79,5.58,5.45,67.7,1.0,2.0,1.0,2.0,0.0,59.0,2.4,48.0,46.1,0.0,0,Core,0
36330,4.04,4.18,4.0,4.0,4.0,4.0,4.0,4.0,4.09,57.9,1.0,1.0,1.0,0.0,0.0,54.1,1.6,25.4,31.6,1.0,0,Core,0
46763,8.84,9.58,9.91,9.96,9.77,9.93,9.91,9.76,9.71,100.0,2.0,4.0,2.0,4.0,1.0,70.7,5.0,66.0,77.0,0.0,0,Core,1
13264,5.99,6.12,6.39,6.08,5.41,5.84,6.33,6.59,6.07,69.4,1.0,3.0,2.0,1.0,1.0,72.2,3.2,49.9,61.6,0.0,0,Core,1
33511,9.12,8.9,9.45,9.74,9.79,9.46,9.3,10.0,9.49,82.9,1.0,4.0,2.0,3.0,1.0,98.3,3.8,57.6,54.9,1.0,0,Core,1
44106,6.32,6.29,6.21,6.08,6.1,6.57,6.35,5.96,6.21,75.8,1.0,2.0,1.0,1.0,1.0,62.9,3.2,61.0,54.4,1.0,0,Core,0
11193,8.04,8.32,8.7,8.34,8.43,8.84,9.03,8.37,8.69,88.4,2.0,3.0,2.0,3.0,1.0,81.6,5.0,75.5,61.9,1.0,0,Core,1
27639,5.73,5.34,5.44,5.36,4.86,4.99,5.13,4.93,5.21,53.5,0.0,1.0,0.0,0.0,0.0,35.7,1.3,31.3,29.6,0.0,0,Core,0
35306,7.12,7.41,7.98,7.35,7.99,7.77,7.92,7.94,7.58,78.2,0.0,2.0,2.0,1.0,1.0,65.2,2.6,49.3,63.0,0.0,0,Core,1
17715,8.24,8.26,8.08,8.51,8.99,8.36,8.53,8.57,8.5,98.6,1.0,2.0,2.0,3.0,1.0,100.0,4.1,95.1,59.1,1.0,0,Core,1
32664,6.6,6.83,7.09,7.3,7.25,6.4,6.88,6.68,9.74,69.9,3.0,5.0,0.0,2.0,0.0,96.7,3.2,98.7,62.2,0.0,0,Border,1
13168,9.72,9.49,9.24,9.7,9.81,9.99,10.0,10.0,9.66,93.4,2.0,3.0,2.0,2.0,2.0,73.5,2.6,89.7,73.8,1.0,0,Core,1
25291,8.81,9.52,8.81,9.26,9.29,9.99,9.56,10.0,9.3,100.0,1.0,3.0,2.0,3.0,1.0,89.0,4.1,69.5,55.5,0.0,0,Core,1
27402,5.82,5.75,6.13,5.94,5.7,6.07,5.95,6.56,6.1,70.2,1.0,2.0,3.0,2.0,0.0,76.9,3.0,47.6,54.0,0.0,0,Core,1
12458,8.33,8.55,8.21,8.26,8.07,7.75,8.12,8.3,8.01,74.6,1.0,1.0,2.0,1.0,0.0,59.1,3.8,44.8,51.4,1.0,0,Core,0
2186,4.0,4.0,4.35,4.0,4.53,4.0,4.0,4.0,4.2,61.5,1.0,1.0,1.0,0.0,0.0,55.0,1.8,26.6,54.9,1.0,0,Core,0
37088,10.0,10.0,10.0,10.0,10.0,10.0,10.0,10.0,9.93,87.8,2.0,5.0,3.0,3.0,1.0,93.6,3.6,88.6,69.3,0.0,0,Core,1
21359,8.93,9.16,8.91,9.12,9.51,9.59,9.18,9.15,9.15,98.0,2.0,4.0,3.0,4.0,1.0,85.8,3.8,83.3,86.2,0.0,0,Core,1
40554,5.42,5.41,5.33,5.96,6.25,5.8,5.29,6.19,5.6,71.3,1.0,1.0,2.0,2.0,0.0,68.8,2.6,43.5,37.4,1.0,0,Core,1
25254,6.96,6.72,7.41,7.7,6.62,6.96,7.33,7.07,7.23,84.2,1.0,1.0,2.0,2.0,0.0,65.6,2.0,55.0,63.7,1.0,0,Core,1
2495,5.49,5.39,5.55,5.84,5.6,5.34,5.92,6.45,5.74,78.2,0.0,1.0,1.0,2.0,0.0,66.8,2.6,57.6,52.0,0.0,0,Core,0
11033,7.61,7.25,6.75,6.91,7.21,7.45,7.08,6.85,7.13,90.2,1.0,2.0,2.0,1.0,0.0,68.3,3.1,54.7,41.9,1.0,0,Core,1
13612,4.0,4.05,4.0,4.05,4.0,4.06,4.0,4.0,4.02,53.0,0.0,1.0,1.0,0.0,0.0,69.6,1.8,27.7,26.9,0.0,0,Core,0
26445,6.51,6.65,6.23,7.0,6.37,5.96,6.23,6.6,6.39,65.1,0.0,1.0,0.0,2.0,0.0,69.6,2.3,31.3,35.6,0.0,0,Core,0
41258,7.05,6.6,7.05,6.96,7.09,7.19,6.42,6.12,6.74,73.0,0.0,0.0,0.0,1.0,0.0,48.3,1.7,24.9,28.5,0.0,0,Core,0
11763,7.63,8.11,7.33,7.46,7.25,7.48,7.89,7.5,7.52,84.9,0.0,1.0,1.0,2.0,0.0,74.1,3.2,58.4,47.2,1.0,0,Core,0
5236,7.81,8.54,8.7,8.38,9.16,8.42,8.77,9.18,4.41,52.58510929,2.0,3.0,3.0,3.0,0.0,35.5,3.6,5.2,75.3,1.0,-1,Noise,1
5764,6.73,6.84,6.75,7.61,6.46,7.07,7.58,7.76,7.21,93.2,1.0,5.0,4.0,3.0,1.0,54.3,4.4,78.0,62.1,1.0,0,Core,1
19733,6.32,6.31,5.9,5.53,6.06,6.38,6.08,5.88,5.96,69.4,1.0,2.0,1.0,2.0,0.0,69.8,2.8,58.9,62.4,1.0,0,Core,1
39018,7.56,7.99,7.59,6.78,7.75,7.61,7.41,7.4,7.39,57.0,0.0,0.0,0.0,1.0,0.0,42.1,2.2,28.8,26.0,0.0,0,Core,0
36079,7.73,7.7,7.44,7.7,7.44,7.18,7.11,7.06,7.39,69.5,2.0,3.0,2.0,1.0,0.0,67.9,2.3,52.5,63.5,0.0,0,Core,0
44768,4.38,5.47,5.31,5.26,5.17,4.57,5.15,5.13,5.02,54.8,1.0,0.0,1.0,0.0,0.0,47.9,1.5,26.3,36.2,0.0,0,Core,0
28281,8.4,8.54,7.97,8.36,8.32,8.29,8.45,8.5,8.25,75.0,1.0,1.0,2.0,2.0,0.0,61.2,3.4,50.0,54.9,0.0,0,Core,1
46355,4.74,4.98,5.12,4.62,5.28,4.63,4.19,4.0,4.58,59.3,0.0,1.0,1.0,1.0,0.0,50.5,1.7,32.2,34.1,0.0,0,Core,0
42759,8.52,8.23,8.82,8.09,8.48,8.82,8.69,8.23,8.65,93.1,2.0,2.0,2.0,2.0,1.0,81.5,4.4,66.8,78.2,1.0,0,Core,1
48921,6.04,6.66,5.47,5.26,5.87,6.26,6.06,5.41,6.01,57.8,0.0,1.0,1.0,0.0,0.0,46.2,3.2,28.2,30.2,1.0,0,Core,0
47079,5.22,6.0,5.37,5.49,5.18,4.63,5.39,4.67,5.17,58.5,0.0,0.0,1.0,0.0,1.0,44.8,1.4,21.9,38.9,0.0,0,Core,0
18152,5.57,5.99,5.33,6.21,5.84,5.62,5.62,5.38,5.52,62.7,0.0,1.0,0.0,1.0,0.0,50.5,3.0,28.5,54.9,0.0,0,Core,0
41441,4.52,5.24,5.0,4.37,5.19,4.41,4.9,4.29,4.84,56.2,0.0,1.0,1.0,0.0,0.0,52.3,2.1,28.7,31.2,0.0,0,Core,0
18347,9.42,9.47,9.8,9.33,9.14,9.57,9.88,9.43,9.31,76.3,1.0,1.0,2.0,1.0,0.0,65.0,3.2,71.3,42.6,1.0,0,Core,1
21523,6.76,5.98,6.18,6.93,6.87,6.69,6.41,6.71,6.64,92.1,2.0,2.0,2.0,4.0,2.0,85.0,4.1,74.0,72.2,1.0,0,Core,1
39093,4.37,4.0,4.28,4.28,4.27,4.0,4.0,4.0,4.26,70.8,0.0,1.0,0.0,0.0,0.0,48.9,2.1,28.7,26.5,0.0,0,Core,0
29609,5.23,5.45,5.37,4.84,5.38,4.93,5.17,5.24,9.9,65.9,3.0,5.0,2.0,3.0,1.0,99.1,3.2,96.4,56.6,1.0,1,Border,0
19137,8.48,7.97,8.19,8.25,8.58,8.53,8.19,8.62,8.23,92.6,2.0,3.0,2.0,3.0,1.0,68.7,3.9,73.8,77.9,1.0,0,Core,1
9385,6.79,6.22,6.64,6.76,6.71,6.35,5.96,7.0,6.52,71.5,1.0,2.0,3.0,2.0,1.0,72.7,3.5,56.5,56.7,1.0,0,Core,0
21113,5.37,5.4,5.51,6.11,5.18,5.72,5.49,5.34,5.59,81.2,2.0,2.0,2.0,2.0,1.0,60.2,1.7,54.9,50.6,1.0,0,Core,0
43031,5.72,5.59,5.82,5.46,5.72,5.35,5.97,6.3,5.69,67.9,2.0,3.0,2.0,3.0,0.0,66.7,3.2,55.3,43.5,1.0,0,Core,0
16159,8.56,8.26,8.78,8.76,8.48,9.28,9.13,9.08,8.78,89.2,2.0,4.0,3.0,4.0,1.0,65.2,4.9,57.6,80.8,1.0,0,Core,1
24593,5.47,5.32,5.33,4.69,4.95,4.8,5.26,4.7,5.14,59.2,0.0,0.0,0.0,0.0,0.0,46.7,1.5,26.6,28.8,0.0,0,Core,0
27462,8.92,9.45,9.31,8.75,9.32,9.02,9.45,9.04,9.23,86.5,2.0,3.0,3.0,4.0,1.0,95.1,4.1,73.5,88.7,1.0,0,Core,1
10167,5.03,5.04,5.15,5.21,5.11,5.32,5.46,5.85,5.37,65.4,1.0,2.0,1.0,2.0,0.0,69.6,2.3,47.6,50.1,0.0,0,Core,0
34916,10.0,9.88,9.89,10.0,10.0,10.0,10.0,9.93,10.0,76.3,1.0,3.0,3.0,4.0,2.0,69.6,3.3,87.3,66.2,0.0,0,Core,1
34138,7.7,6.98,7.48,7.41,7.38,7.67,8.08,8.22,7.58,90.0,2.0,3.0,3.0,3.0,3.0,91.4,5.0,70.5,60.2,1.0,0,Core,1
31231,8.4,8.7,8.6,8.41,8.79,8.66,8.47,8.0,8.49,77.4,1.0,2.0,2.0,2.0,1.0,72.1,3.6,54.2,44.2,1.0,0,Core,1
44958,9.3,8.81,9.23,8.52,9.11,9.02,9.61,9.55,9.21,84.5,1.0,3.0,3.0,4.0,1.0,88.8,3.4,89.3,70.7,0.0,0,Core,1
3031,7.36,7.72,8.31,7.76,7.55,7.55,8.07,8.07,7.83,91.3,1.0,3.0,4.0,3.0,0.0,69.6,3.6,86.3,75.0,1.0,0,Core,1
29207,6.85,7.34,6.95,6.69,7.49,7.1,7.73,7.45,7.27,81.9,1.0,2.0,2.0,5.0,1.0,53.1,3.0,80.8,76.9,1.0,0,Core,1
31461,7.59,7.36,6.82,7.3,7.37,8.09,7.39,7.32,7.42,89.5,2.0,4.0,2.0,2.0,2.0,83.9,3.3,71.3,66.4,1.0,0,Core,1
40777,7.65,7.25,8.01,7.59,7.48,7.71,7.65,8.06,7.77,63.0,2.0,1.0,1.0,2.0,1.0,67.1,3.3,59.5,54.9,0.0,0,Core,1
43706,7.64,7.82,8.21,8.63,8.05,8.47,7.89,8.58,8.1,87.3,2.0,4.0,4.0,4.0,1.0,91.9,3.8,99.6,69.3,1.0,0,Core,1
28615,8.35,8.1,8.22,7.87,7.58,8.05,7.88,7.82,8.14,82.8,2.0,4.0,1.0,4.0,0.0,87.7,2.8,85.3,81.6,1.0,0,Core,1
30871,5.18,5.14,4.64,5.14,5.52,5.14,5.33,5.03,4.09,53.40633255,1.0,1.0,1.0,2.0,1.0,32.7,2.5,7.6,62.0,1.0,0,Border,0
9069,9.73,9.18,9.64,9.28,8.82,9.45,9.43,9.27,9.32,83.3,1.0,4.0,3.0,4.0,1.0,88.7,4.4,78.1,62.2,1.0,0,Core,1
22922,6.8,6.03,6.3,5.86,5.87,5.95,6.23,6.34,6.04,62.2,0.0,0.0,0.0,1.0,0.0,53.7,2.3,25.7,29.7,0.0,0,Core,0
36212,6.44,6.48,6.5,6.24,6.12,6.34,6.5,5.93,9.77,72.0,3.0,5.0,1.0,2.0,0.0,97.5,3.1,95.7,48.2,1.0,0,Border,1
30421,5.45,5.36,5.63,5.37,5.25,5.55,5.44,4.86,5.38,57.4,0.0,1.0,1.0,0.0,0.0,50.9,1.7,57.6,32.1,0.0,0,Core,0
3228,5.67,5.92,6.2,6.23,6.05,5.96,5.82,6.01,5.98,79.1,0.0,2.0,2.0,2.0,1.0,62.3,3.1,52.6,65.3,0.0,0,Core,0
44490,9.08,8.88,9.01,8.86,8.55,8.95,9.15,8.97,8.8,69.9,2.0,3.0,4.0,3.0,2.0,87.4,4.8,70.7,58.8,0.0,0,Core,1
25420,5.4,5.27,5.33,5.95,5.22,5.32,4.73,5.4,5.44,73.2,0.0,1.0,1.0,1.0,0.0,44.6,2.0,33.0,25.4,0.0,0,Core,0
32344,9.62,9.36,8.78,9.02,9.21,9.39,9.2,8.88,9.44,84.0,2.0,4.0,4.0,3.0,1.0,84.3,3.4,98.8,78.5,1.0,0,Core,1
30373,7.16,6.52,6.42,6.55,7.16,6.34,6.55,6.4,6.7,63.6,1.0,1.0,1.0,1.0,0.0,44.8,1.9,24.3,32.2,0.0,0,Core,0
18380,5.75,6.05,5.87,5.81,5.54,5.56,5.92,6.56,5.86,70.5,1.0,2.0,2.0,1.0,0.0,93.6,3.6,51.3,54.9,1.0,0,Core,1
35716,8.26,8.34,8.25,8.79,8.36,7.96,9.09,8.66,8.36,97.3,2.0,2.0,3.0,3.0,2.0,64.3,4.6,96.6,75.6,1.0,0,Core,1
43932,6.21,6.68,6.59,6.69,6.69,7.25,6.69,6.6,6.73,87.7,1.0,1.0,1.0,1.0,0.0,73.9,3.2,46.9,44.7,0.0,0,Core,1
5708,7.97,7.63,7.75,8.1,7.74,8.38,8.37,8.05,8.09,96.1,1.0,3.0,2.0,3.0,1.0,81.7,5.0,75.8,78.3,0.0,0,Core,1
49578,6.56,5.78,6.24,6.49,6.08,6.36,6.13,6.96,6.36,72.4,1.0,2.0,3.0,4.0,1.0,77.5,4.9,81.1,90.9,1.0,0,Core,1
26773,4.79,5.11,5.14,5.4,5.38,4.77,4.73,4.11,4.83,60.9,1.0,1.0,1.0,0.0,0.0,44.0,1.3,29.5,30.6,0.0,0,Core,0
37655,6.73,7.6,7.71,6.84,7.55,8.18,7.72,7.81,7.49,93.0,2.0,4.0,2.0,3.0,1.0,84.0,3.8,77.5,78.2,0.0,0,Core,1
386,7.4,7.76,7.27,7.57,7.38,7.02,7.4,7.76,7.4,50.5,0.0,0.0,0.0,1.0,0.0,38.0,3.2,26.3,28.8,0.0,0,Core,0
39191,4.78,4.86,4.55,4.62,4.0,4.56,4.0,5.12,4.55,59.6,0.0,0.0,1.0,0.0,0.0,46.5,2.1,18.8,33.4,0.0,0,Core,0
3376,8.0,8.22,8.39,8.07,7.77,8.31,8.0,8.09,8.09,73.9,1.0,2.0,2.0,1.0,1.0,60.8,2.7,53.1,55.4,1.0,0,Core,1
29725,4.36,4.38,4.0,4.0,4.38,4.37,4.17,4.0,4.36,58.9,0.0,1.0,1.0,1.0,0.0,69.6,2.0,34.6,29.5,0.0,0,Core,0
18893,7.9,8.21,7.29,7.67,7.93,7.46,7.68,8.14,7.88,81.4,1.0,1.0,1.0,2.0,1.0,49.6,2.5,50.1,50.6,1.0,0,Core,0
30062,6.31,6.78,6.95,6.42,7.21,6.96,7.15,6.29,6.58,91.8,0.0,4.0,3.0,2.0,2.0,69.6,4.3,83.9,68.0,0.0,0,Core,1
3864,8.85,9.11,9.12,8.71,9.29,9.21,9.15,9.04,9.01,93.0,2.0,2.0,4.0,3.0,1.0,82.1,4.1,70.7,66.8,1.0,0,Core,1
43116,9.82,9.62,10.0,10.0,10.0,10.0,10.0,10.0,9.91,70.6,1.0,3.0,3.0,3.0,1.0,78.5,4.8,68.3,54.9,1.0,0,Core,1
7210,6.77,6.93,6.96,6.89,7.01,6.2,6.29,7.53,6.84,76.5,1.0,2.0,2.0,2.0,0.0,74.8,2.9,47.8,63.3,1.0,0,Core,1
3367,7.09,7.38,7.87,7.56,7.68,7.81,7.84,8.04,7.68,94.3,2.0,3.0,2.0,3.0,1.0,64.7,3.3,74.0,61.2,1.0,0,Core,1
14442,8.32,8.12,7.8,8.24,7.9,8.28,8.59,7.98,8.06,78.9,1.0,1.0,2.0,2.0,0.0,74.3,2.9,52.8,54.9,1.0,0,Core,1
15971,5.63,6.15,6.38,5.63,6.12,5.53,5.62,5.54,5.91,50.0,1.0,1.0,0.0,1.0,0.0,48.1,1.4,34.0,28.4,1.0,0,Core,0
45343,6.21,6.31,6.57,7.0,5.71,6.69,6.76,6.58,6.83,78.5,2.0,2.0,1.0,1.0,0.0,77.1,3.2,72.6,54.0,1.0,0,Core,1
6076,10.0,10.0,10.0,10.0,10.0,10.0,10.0,10.0,4.26,50.32387047,2.0,2.0,2.0,5.0,1.0,30.8,3.3,3.5,68.4,1.0,-1,Noise,1
32811,6.86,6.98,6.79,7.08,6.65,7.57,7.24,7.1,6.95,84.4,1.0,2.0,2.0,2.0,2.0,73.7,3.8,92.8,85.0,1.0,0,Core,1
47849,7.38,6.89,7.28,7.54,7.23,7.37,7.25,7.35,7.18,73.6,2.0,3.0,3.0,4.0,2.0,90.8,3.6,74.9,75.9,0.0,0,Core,1
38202,6.99,7.61,7.45,7.59,7.23,7.32,7.54,7.55,7.29,88.7,1.0,3.0,4.0,3.0,1.0,90.1,3.7,77.5,68.9,0.0,0,Core,1
32662,8.85,9.36,8.23,8.76,9.37,8.83,8.59,9.0,8.86,68.1,2.0,5.0,2.0,4.0,2.0,92.8,5.0,71.6,69.7,1.0,0,Core,1
2096,6.11,5.78,6.1,6.26,6.75,6.02,5.57,5.88,5.94,77.6,1.0,3.0,2.0,1.0,0.0,58.9,3.0,52.5,50.4,0.0,0,Core,0
28781,6.44,5.62,6.4,5.57,5.71,5.87,5.74,5.45,5.75,58.7,0.0,1.0,2.0,2.0,1.0,63.5,4.0,58.3,53.1,1.0,0,Core,0
42963,5.78,6.24,6.08,5.85,5.73,5.54,5.21,5.44,5.67,54.3,0.0,0.0,0.0,0.0,0.0,46.8,1.8,25.8,29.2,1.0,0,Core,0
31466,5.04,5.9,5.14,5.69,5.46,5.77,4.99,5.24,5.49,87.1,1.0,2.0,0.0,2.0,0.0,59.5,3.1,56.6,40.1,1.0,0,Core,0
3759,8.04,8.39,7.83,9.11,9.04,8.56,7.92,8.47,8.44,67.1,2.0,3.0,2.0,2.0,1.0,59.7,3.9,55.8,46.6,1.0,0,Core,1
30137,4.15,4.53,4.49,4.52,4.19,4.57,4.34,4.37,4.42,60.5,1.0,1.0,0.0,0.0,0.0,41.4,2.0,25.8,24.9,0.0,0,Core,0
13343,10.0,9.8,10.0,9.8,10.0,10.0,10.0,10.0,10.0,93.9,2.0,3.0,3.0,4.0,1.0,90.4,3.5,84.4,71.5,1.0,0,Core,1
37834,7.36,8.17,7.96,7.85,8.21,8.23,8.57,8.76,8.17,75.8,2.0,4.0,3.0,3.0,2.0,83.0,2.7,69.7,82.7,1.0,0,Core,1
16919,4.24,4.63,4.42,4.0,4.36,4.2,4.12,4.7,4.17,63.4,0.0,1.0,0.0,0.0,0.0,52.4,1.9,25.7,31.6,0.0,0,Core,0
26793,10.0,10.0,10.0,10.0,10.0,10.0,10.0,10.0,10.0,74.4,2.0,4.0,3.0,3.0,1.0,92.9,3.4,83.6,82.0,1.0,0,Core,1
28792,6.75,6.61,7.01,6.92,6.44,6.68,7.4,6.78,6.89,76.3,1.0,2.0,2.0,1.0,1.0,82.6,2.5,55.9,64.6,0.0,0,Core,1
46386,6.78,7.12,7.92,7.37,7.44,7.54,7.44,7.34,7.15,68.9,1.0,0.0,2.0,2.0,0.0,68.7,3.2,65.6,55.2,0.0,0,Core,1
47795,5.83,6.15,6.57,6.54,6.48,6.51,6.64,6.7,6.45,87.8,1.0,4.0,3.0,2.0,2.0,80.9,3.9,70.2,78.3,1.0,0,Core,1
13675,5.61,5.55,5.41,4.95,6.02,5.38,5.67,4.95,5.35,52.3,0.0,1.0,0.0,0.0,0.0,55.5,1.6,33.8,30.1,0.0,0,Core,0
19394,7.76,8.13,8.15,7.97,7.88,7.59,7.94,7.58,8.1,86.5,0.0,2.0,1.0,1.0,1.0,66.3,2.9,57.6,54.7,0.0,0,Core,0
16766,7.58,7.99,7.86,8.35,7.5,8.27,7.89,7.78,7.81,90.3,2.0,2.0,2.0,2.0,2.0,93.3,4.1,57.6,64.8,1.0,0,Core,1
11314,5.12,4.26,4.55,4.29,4.39,4.0,4.18,4.7,9.9,51.5,3.0,5.0,1.0,1.0,0.0,97.6,1.6,98.6,37.5,0.0,-1,Noise,0
46457,8.26,8.63,8.73,9.07,9.06,8.72,8.85,8.37,8.72,83.2,2.0,4.0,3.0,4.0,1.0,70.9,3.1,62.8,58.7,1.0,0,Core,1
22609,6.43,6.32,6.93,6.92,6.97,7.08,6.47,6.99,6.68,76.6,1.0,2.0,2.0,2.0,1.0,58.8,4.3,57.6,52.5,1.0,0,Core,1
8921,8.16,7.7,6.79,7.22,7.57,7.01,7.51,7.04,7.42,76.8,1.0,3.0,2.0,2.0,0.0,68.5,3.5,57.0,48.6,1.0,0,Core,1
1282,7.57,7.63,7.82,7.62,7.83,7.9,7.81,7.89,7.85,78.8,1.0,0.0,2.0,2.0,0.0,59.4,3.4,51.8,63.3,0.0,0,Core,1
46450,5.97,5.82,4.95,5.22,5.0,4.61,5.17,4.83,5.21,60.3,0.0,1.0,1.0,0.0,0.0,53.6,3.2,27.3,28.5,0.0,0,Core,0
33864,5.3,5.49,5.54,5.23,5.61,5.13,4.93,5.88,5.43,77.6,1.0,2.0,2.0,2.0,1.0,61.2,2.6,44.9,58.3,1.0,0,Core,0
9065,5.92,5.32,5.51,6.11,5.35,5.44,6.51,5.9,5.77,73.8,1.0,1.0,2.0,3.0,0.0,64.6,4.0,51.2,54.9,1.0,0,Core,0
39822,6.2,6.7,7.06,7.05,7.27,7.04,7.48,7.6,7.09,83.3,3.0,4.0,2.0,3.0,2.0,79.0,4.0,74.7,69.6,1.0,0,Core,1
23078,4.57,5.42,4.62,4.89,5.0,4.99,4.76,5.03,4.94,84.7,0.0,2.0,1.0,1.0,0.0,69.6,2.7,59.3,50.8,1.0,0,Core,0
24066,6.42,6.22,6.55,6.27,6.9,6.05,6.86,6.49,6.3,79.8,1.0,1.0,2.0,2.0,1.0,70.6,3.4,62.1,57.7,0.0,0,Core,1
915,6.5,7.02,7.11,6.7,6.78,6.42,7.41,6.93,6.72,84.6,1.0,2.0,2.0,1.0,0.0,62.4,4.4,48.7,45.4,0.0,0,Core,1
22126,9.54,9.24,8.87,9.66,9.61,9.62,9.78,9.68,9.45,84.6,2.0,3.0,3.0,3.0,2.0,100.0,3.5,67.8,74.0,1.0,0,Core,1
23365,4.41,4.27,4.36,4.34,4.31,4.39,4.24,4.0,4.27,64.6,1.0,1.0,0.0,0.0,0.0,52.9,2.5,31.0,35.6,0.0,0,Core,0
31432,6.92,6.91,6.91,7.34,7.55,6.75,6.75,6.95,6.97,68.2,1.0,2.0,2.0,1.0,1.0,69.8,3.2,55.9,50.3,1.0,0,Core,0
26750,8.1,7.98,7.84,7.72,7.84,7.93,8.34,8.53,8.06,76.1,2.0,3.0,2.0,3.0,1.0,74.9,3.5,87.5,73.0,1.0,0,Core,1
33780,5.4,4.83,4.16,4.61,4.89,4.57,4.74,5.12,4.86,75.6,1.0,2.0,0.0,1.0,1.0,61.6,3.6,49.6,38.5,1.0,0,Core,0
41928,5.85,6.12,5.8,5.91,5.85,6.02,5.78,5.82,5.9,82.0,1.0,2.0,3.0,3.0,0.0,74.8,2.8,54.3,52.8,0.0,0,Core,0
17472,7.72,7.99,8.11,8.0,8.06,8.48,8.5,8.27,7.88,100.0,1.0,3.0,3.0,3.0,1.0,66.5,4.5,90.2,78.9,1.0,0,Core,1
19316,6.98,7.01,7.41,7.18,6.79,6.99,6.46,6.92,6.95,56.2,0.0,1.0,0.0,1.0,0.0,44.1,2.3,30.3,54.9,1.0,0,Core,0
44429,7.12,7.06,7.35,6.83,7.39,7.79,7.66,7.81,7.35,85.6,3.0,3.0,3.0,3.0,1.0,78.6,3.5,65.3,73.7,1.0,0,Core,1
32657,6.21,6.0,6.18,6.13,6.21,6.32,6.33,6.11,6.18,85.6,1.0,3.0,1.0,3.0,1.0,73.4,3.1,57.2,49.1,0.0,0,Core,1
36918,6.96,7.09,7.26,7.18,6.8,7.2,7.15,7.27,7.15,64.7,0.0,2.0,1.0,2.0,1.0,68.5,2.5,48.0,52.1,0.0,0,Core,1
899,7.19,7.9,7.08,7.44,7.17,7.63,7.5,7.49,7.47,84.8,2.0,2.0,2.0,4.0,2.0,91.4,4.8,68.8,64.1,0.0,0,Core,1
23559,6.09,6.6,5.87,6.67,6.42,6.87,6.27,6.94,6.64,77.5,1.0,2.0,1.0,1.0,0.0,65.0,3.3,62.8,54.9,0.0,0,Core,1
46238,8.49,7.92,8.35,8.33,8.26,8.04,8.15,8.7,8.38,73.4,1.0,2.0,2.0,3.0,1.0,74.0,2.4,57.6,52.2,0.0,0,Core,1
40171,9.35,8.9,9.7,9.8,9.53,9.01,9.96,10.0,9.63,95.5,1.0,3.0,2.0,4.0,2.0,91.8,5.0,57.6,68.3,1.0,0,Core,1
23308,8.49,8.06,7.96,8.08,8.33,8.47,8.51,8.65,8.39,80.9,1.0,3.0,2.0,5.0,0.0,62.8,4.3,91.5,87.9,1.0,0,Core,1
17629,7.57,7.74,7.43,7.05,7.51,7.8,7.39,7.72,7.53,66.7,1.0,2.0,2.0,1.0,1.0,74.7,3.3,47.3,49.1,1.0,0,Core,1
17519,4.54,4.59,4.63,5.1,4.55,4.2,4.34,4.13,4.45,53.9,0.0,1.0,0.0,0.0,0.0,51.0,1.2,27.2,29.3,0.0,0,Core,0
972,5.67,5.5,5.33,5.13,4.27,5.68,4.89,4.93,5.37,50.0,0.0,1.0,0.0,1.0,0.0,69.6,1.7,24.1,33.9,1.0,0,Core,0
35853,4.85,5.15,4.08,4.77,4.72,4.89,4.64,4.51,4.66,63.6,0.0,0.0,0.0,0.0,0.0,49.2,2.7,27.3,30.2,0.0,0,Core,0
12131,6.96,7.29,6.79,6.37,6.83,7.2,6.45,6.4,6.7,84.7,1.0,2.0,0.0,1.0,0.0,78.3,3.2,49.0,55.9,1.0,0,Core,1
11462,10.0,9.71,10.0,10.0,10.0,10.0,10.0,10.0,10.0,83.9,0.0,3.0,3.0,4.0,1.0,76.7,4.7,59.5,76.1,1.0,0,Core,1
18695,8.29,7.91,8.51,7.88,8.39,8.43,7.82,8.37,8.36,82.6,1.0,2.0,2.0,1.0,1.0,61.1,2.9,52.2,50.9,1.0,0,Core,1
44136,7.61,7.64,7.43,7.53,7.47,8.11,7.84,7.82,7.72,77.6,1.0,2.0,2.0,1.0,0.0,72.3,3.2,66.8,54.5,1.0,0,Core,1
11049,8.41,8.39,7.84,7.42,8.12,7.49,7.78,7.88,7.95,65.6,1.0,2.0,2.0,2.0,0.0,63.5,3.7,64.1,52.8,1.0,0,Core,1
18127,5.88,5.72,5.4,5.61,5.53,5.68,5.84,5.51,5.51,80.6,1.0,1.0,2.0,1.0,1.0,66.5,3.2,56.3,51.1,1.0,0,Core,0
6527,8.42,8.4,7.7,7.72,8.52,8.11,8.25,8.36,8.17,100.0,2.0,3.0,4.0,3.0,1.0,71.6,4.3,78.3,86.4,0.0,0,Core,1
35963,10.0,10.0,9.9,9.92,10.0,10.0,10.0,10.0,4.43,51.19721468,2.0,3.0,2.0,3.0,1.0,35.2,3.1,4.9,75.8,0.0,-1,Noise,1
2133,7.88,7.33,8.47,7.57,7.09,7.28,7.19,7.29,9.9,62.1,3.0,5.0,1.0,3.0,0.0,69.6,2.0,96.2,44.7,1.0,0,Border,0
32291,4.92,5.56,4.92,5.04,4.82,5.07,5.63,4.77,5.11,99.7,1.0,2.0,1.0,2.0,1.0,63.2,2.6,57.6,44.0,0.0,0,Core,0
11225,6.26,6.12,6.19,6.33,6.11,6.29,5.8,6.26,6.14,89.1,2.0,1.0,2.0,1.0,1.0,70.9,3.3,56.1,51.2,0.0,0,Core,1
49691,5.91,5.68,5.15,5.14,5.12,4.58,4.43,4.7,5.33,58.9,0.0,1.0,1.0,1.0,0.0,48.2,3.2,24.6,33.2,0.0,0,Core,0
2373,6.72,6.22,6.13,6.72,6.98,6.42,6.6,7.35,6.61,76.9,1.0,2.0,2.0,1.0,1.0,55.1,3.1,54.2,54.9,0.0,0,Core,1
19000,6.45,6.02,6.33,6.28,6.28,5.76,5.77,5.59,6.01,51.1,0.0,1.0,0.0,0.0,0.0,46.4,1.3,33.2,27.8,0.0,0,Core,0
6485,8.06,8.22,7.77,7.86,7.98,8.22,8.06,7.88,4.06,54.17031495,2.0,4.0,2.0,4.0,1.0,34.9,3.2,3.4,60.6,1.0,-1,Noise,1
18254,6.83,7.03,7.49,7.47,7.33,7.49,7.38,7.05,7.4,67.8,1.0,2.0,1.0,2.0,0.0,66.7,3.9,59.3,48.1,0.0,0,Core,1
38924,5.44,5.57,5.4,5.5,5.27,5.87,5.36,6.38,5.5,87.2,2.0,2.0,2.0,1.0,1.0,64.2,2.6,61.0,54.2,1.0,0,Core,0
8616,6.0,5.77,5.99,6.03,5.9,6.19,5.69,5.36,5.94,52.3,0.0,1.0,0.0,0.0,0.0,53.4,2.6,30.1,38.8,0.0,0,Core,0
28323,6.01,5.0,5.4,5.77,5.16,5.47,5.47,5.68,5.43,69.3,1.0,1.0,2.0,1.0,1.0,60.0,3.2,50.9,40.3,1.0,0,Core,0
36524,7.8,7.63,7.43,7.92,7.78,8.06,7.4,7.55,7.7,80.2,1.0,2.0,2.0,2.0,1.0,81.5,3.1,53.8,51.2,1.0,0,Core,1
8579,9.66,9.64,9.49,9.72,10.0,9.95,9.72,9.11,9.71,86.0,2.0,5.0,4.0,3.0,2.0,73.1,4.2,78.0,83.7,0.0,0,Core,1
42514,4.48,4.4,4.25,4.34,4.41,4.49,4.06,4.29,4.3,65.0,1.0,1.0,1.0,1.0,0.0,45.7,1.1,26.0,28.1,0.0,0,Core,0
8021,6.07,5.76,5.61,5.62,6.08,6.44,6.05,6.3,5.93,80.9,2.0,3.0,1.0,2.0,0.0,68.6,3.0,51.3,48.1,0.0,0,Core,1
47345,5.55,5.73,5.68,5.39,5.75,5.72,5.8,6.63,5.7,93.9,2.0,2.0,2.0,2.0,1.0,82.7,4.4,69.9,78.2,1.0,0,Core,1
39101,7.73,7.82,8.02,8.09,7.76,7.53,8.26,7.6,7.82,59.0,1.0,2.0,1.0,2.0,0.0,50.8,2.4,54.8,53.7,1.0,0,Core,1
38367,6.26,6.22,5.98,6.02,6.36,5.97,5.49,5.97,6.03,52.4,0.0,1.0,2.0,0.0,0.0,46.9,2.0,30.8,29.4,1.0,0,Core,0
1013,5.24,5.28,5.09,4.64,4.84,4.33,4.6,4.53,4.83,63.8,0.0,1.0,0.0,1.0,0.0,46.6,2.1,28.7,30.4,1.0,0,Core,0
2248,5.41,5.68,5.34,5.13,4.86,5.29,5.06,5.48,5.38,54.7,0.0,0.0,1.0,0.0,0.0,69.6,2.3,22.6,36.0,0.0,0,Core,0
21318,6.93,6.57,6.84,6.53,6.34,6.24,6.95,7.0,6.75,86.9,3.0,4.0,4.0,4.0,1.0,88.8,4.6,65.0,69.8,0.0,0,Core,1
44843,9.9,9.65,9.43,9.68,10.0,9.98,9.99,10.0,9.76,80.6,2.0,3.0,3.0,3.0,1.0,100.0,4.3,68.2,49.9,1.0,0,Core,1
33284,5.85,6.31,6.52,5.97,6.1,6.49,6.1,6.33,6.15,64.3,0.0,1.0,0.0,0.0,0.0,46.6,2.3,31.3,54.9,0.0,0,Core,0
37639,8.33,8.02,8.25,8.37,8.65,8.84,8.11,8.19,8.45,93.2,3.0,3.0,3.0,2.0,2.0,70.8,3.4,55.5,72.1,1.0,0,Core,1
41587,8.26,8.16,7.68,8.36,7.58,7.09,7.76,7.69,7.83,78.9,1.0,1.0,2.0,3.0,0.0,74.7,3.0,58.7,44.9,1.0,0,Core,1
49129,9.49,9.17,9.5,9.34,9.46,9.3,9.81,9.52,9.24,99.8,2.0,3.0,3.0,3.0,1.0,67.8,3.2,67.8,93.9,1.0,0,Core,1
48363,4.78,4.0,4.0,4.13,4.08,4.58,4.37,4.53,4.55,71.2,0.0,3.0,2.0,2.0,0.0,82.3,3.2,56.9,54.8,0.0,0,Core,0
44020,9.91,9.74,9.45,10.0,10.0,10.0,10.0,10.0,9.82,82.2,1.0,3.0,2.0,3.0,1.0,91.2,4.1,68.8,66.8,1.0,0,Core,1
20496,5.28,5.67,4.92,5.8,5.94,5.32,5.98,5.2,5.55,67.2,0.0,1.0,0.0,0.0,0.0,50.0,3.0,22.7,32.6,1.0,0,Core,0
5568,5.66,5.82,5.4,5.82,5.58,5.87,5.6,5.34,5.45,81.3,1.0,1.0,2.0,2.0,1.0,69.6,2.8,57.6,52.2,1.0,0,Core,0
11833,7.62,7.49,7.53,7.8,7.37,7.11,7.03,7.39,7.37,65.8,1.0,2.0,2.0,2.0,0.0,72.8,3.8,58.7,48.6,1.0,0,Core,1
38331,5.19,5.67,5.05,4.9,5.2,5.1,5.93,5.56,5.26,63.7,0.0,1.0,0.0,1.0,0.0,50.4,2.1,28.7,30.2,0.0,0,Core,0
32212,6.19,6.22,6.62,7.38,6.06,6.72,6.49,6.56,6.44,69.6,1.0,2.0,2.0,3.0,1.0,60.7,2.6,63.0,54.9,1.0,0,Core,1
25616,6.22,5.75,6.25,6.21,6.12,6.36,5.86,6.36,6.11,80.1,0.0,2.0,1.0,2.0,0.0,58.0,2.8,47.2,61.7,1.0,0,Core,0
44932,6.83,6.86,7.18,6.91,6.73,6.99,6.9,7.02,6.8,73.0,1.0,2.0,1.0,1.0,0.0,66.9,2.9,55.1,56.1,0.0,0,Core,1
232,5.19,5.4,5.38,5.0,5.58,5.0,5.37,5.48,5.48,83.6,0.0,3.0,2.0,1.0,0.0,66.4,2.8,61.2,53.1,1.0,0,Core,0
38515,6.78,6.74,7.34,6.97,6.57,7.22,7.2,6.79,6.91,78.9,0.0,2.0,1.0,1.0,0.0,73.1,4.5,57.6,57.5,1.0,0,Core,1
41664,8.06,7.47,8.14,7.62,7.71,7.82,7.92,8.04,7.89,74.7,1.0,1.0,3.0,1.0,0.0,60.0,3.0,37.1,57.3,0.0,0,Core,1
5978,9.0,9.57,9.57,9.18,10.0,10.0,9.94,10.0,9.53,100.0,1.0,4.0,3.0,3.0,2.0,75.5,3.2,78.2,69.6,1.0,0,Core,1
6649,7.28,6.39,6.74,6.67,6.9,6.39,7.03,6.26,6.83,76.8,2.0,2.0,2.0,2.0,1.0,86.9,3.8,39.9,48.2,0.0,0,Core,1
40880,9.3,9.51,9.75,9.81,9.53,9.29,9.07,9.5,9.65,98.7,2.0,3.0,3.0,4.0,1.0,77.0,3.2,67.0,86.1,1.0,0,Core,1
37519,8.89,8.95,9.08,9.22,7.81,9.03,8.67,8.9,8.71,73.1,1.0,2.0,1.0,3.0,1.0,73.0,3.0,59.2,47.2,0.0,0,Core,1
17610,7.58,7.56,7.79,6.94,7.0,7.29,7.53,7.18,7.49,75.9,0.0,2.0,2.0,2.0,0.0,67.8,3.5,61.5,58.8,0.0,0,Core,1
28060,5.83,5.68,6.19,5.65,6.27,6.15,6.31,5.81,5.97,76.1,1.0,1.0,1.0,2.0,0.0,73.7,2.6,48.1,55.9,1.0,0,Core,0
12258,7.63,8.5,8.38,8.14,7.92,8.25,7.9,8.64,8.13,86.4,2.0,1.0,0.0,2.0,1.0,66.2,2.5,57.6,46.4,1.0,0,Core,1
23746,8.04,7.88,7.59,7.95,7.52,7.64,8.14,7.98,7.67,86.2,2.0,3.0,2.0,3.0,2.0,78.6,3.2,90.3,77.5,0.0,0,Core,1
21357,5.75,6.21,6.31,6.59,6.63,5.84,6.33,5.7,6.19,75.8,1.0,2.0,2.0,1.0,0.0,81.1,1.9,62.1,57.4,0.0,0,Core,1
2894,7.33,7.21,6.58,6.93,7.59,7.1,6.95,7.17,6.99,68.6,1.0,1.0,2.0,1.0,1.0,79.9,3.1,63.2,59.5,0.0,0,Core,1
24415,5.88,5.27,5.3,5.2,5.63,5.22,5.47,5.35,9.98,64.1,3.0,5.0,2.0,2.0,0.0,99.8,2.7,96.8,58.2,1.0,1,Border,0
14230,8.21,8.27,8.01,8.1,8.33,9.0,8.51,8.06,8.27,90.4,1.0,4.0,2.0,4.0,1.0,74.4,4.1,81.9,89.9,1.0,0,Core,1
23400,5.93,5.41,6.14,6.39,6.13,6.48,6.5,6.14,6.04,94.2,1.0,4.0,2.0,3.0,2.0,86.6,5.0,77.4,88.2,1.0,0,Core,1
2639,4.13,4.0,4.19,4.31,4.0,4.0,4.0,4.0,4.0,64.0,0.0,1.0,1.0,0.0,0.0,54.7,2.1,31.2,30.6,0.0,0,Core,0
47262,9.67,10.0,9.73,10.0,10.0,10.0,10.0,10.0,9.72,91.8,2.0,3.0,3.0,2.0,1.0,74.1,3.6,85.2,73.2,1.0,0,Core,1
10152,10.0,10.0,10.0,9.49,10.0,10.0,10.0,9.83,9.84,84.5,1.0,3.0,1.0,4.0,1.0,70.3,4.9,87.6,66.9,1.0,0,Core,1
45311,5.5,5.36,5.61,5.62,5.87,5.88,6.02,5.07,5.52,83.8,1.0,2.0,1.0,1.0,1.0,68.3,3.0,54.4,49.0,1.0,0,Core,0
14418,6.32,6.42,6.39,6.52,6.48,6.88,6.86,6.69,6.66,67.7,1.0,2.0,2.0,2.0,0.0,72.5,3.0,58.0,48.0,1.0,0,Core,0
39357,4.54,5.08,4.61,4.66,4.43,4.81,4.65,5.0,4.84,72.5,1.0,2.0,2.0,2.0,0.0,68.5,3.5,53.4,54.9,0.0,0,Core,0
30251,5.85,6.0,5.82,6.2,5.44,5.52,5.45,5.91,5.79,81.2,1.0,1.0,2.0,2.0,1.0,63.0,3.2,49.3,51.5,1.0,0,Core,0
28593,8.36,8.29,7.87,8.5,8.31,8.17,8.69,8.74,8.36,89.8,1.0,3.0,4.0,3.0,2.0,76.8,4.5,78.1,81.4,0.0,0,Core,1
48389,8.56,7.93,8.29,8.6,8.24,8.55,8.51,8.46,8.34,99.1,2.0,4.0,3.0,2.0,1.0,69.6,4.6,96.6,78.4,0.0,0,Core,1
21211,7.56,7.22,6.86,6.62,6.43,7.25,7.5,7.25,7.11,76.3,1.0,2.0,2.0,2.0,1.0,69.6,3.2,59.2,50.6,0.0,0,Core,1
42733,8.8,9.05,8.45,9.13,9.02,8.67,8.14,8.55,8.62,86.7,2.0,3.0,2.0,3.0,2.0,69.6,3.9,96.2,74.4,0.0,0,Core,1
10971,6.93,6.74,6.44,7.34,6.71,6.21,7.62,6.76,6.81,75.2,1.0,2.0,2.0,2.0,0.0,65.8,3.5,56.9,56.7,0.0,0,Core,1
31538,5.86,5.12,4.48,4.95,4.64,5.06,5.0,5.28,4.82,90.3,2.0,1.0,1.0,1.0,1.0,67.8,2.3,67.9,59.8,1.0,0,Core,1
26534,6.06,6.62,6.15,6.65,5.98,6.17,5.97,6.11,5.92,79.9,1.0,1.0,2.0,2.0,1.0,84.1,3.6,52.9,52.1,1.0,0,Core,1
29312,8.12,7.88,7.62,7.61,7.41,8.12,7.71,7.86,7.69,75.2,1.0,2.0,2.0,2.0,0.0,59.9,4.1,58.5,56.2,0.0,0,Core,1
36836,6.36,7.1,6.82,6.7,7.28,7.1,6.94,6.93,7.03,67.5,1.0,0.0,1.0,3.0,0.0,71.5,2.8,52.7,47.2,0.0,0,Core,0
5932,9.3,8.99,9.28,9.65,9.18,9.84,9.57,9.72,9.49,87.8,1.0,3.0,2.0,2.0,0.0,70.3,4.5,72.7,59.7,1.0,0,Core,1
3805,5.59,6.05,6.39,5.37,6.09,6.82,6.25,6.27,6.04,89.3,1.0,3.0,4.0,3.0,1.0,96.1,3.8,64.6,83.6,1.0,0,Core,1
30203,4.95,4.94,4.41,4.94,4.69,5.5,4.72,4.47,4.83,66.2,1.0,1.0,0.0,0.0,0.0,49.4,1.0,30.3,29.6,1.0,0,Core,0
33212,7.29,6.53,6.94,6.71,6.68,7.0,6.92,7.26,9.82,90.0,3.0,5.0,2.0,1.0,0.0,98.7,2.3,97.9,54.5,1.0,0,Border,0
48170,7.73,7.33,7.81,7.4,7.17,7.88,7.13,7.77,7.34,73.0,1.0,2.0,2.0,1.0,0.0,81.2,1.9,54.3,53.3,0.0,0,Core,1
2981,10.0,10.0,9.88,9.76,9.86,10.0,9.78,10.0,9.91,73.4,1.0,2.0,1.0,2.0,0.0,75.9,3.0,65.7,58.4,0.0,0,Core,1
16786,7.09,6.95,6.78,7.19,7.1,7.48,7.4,7.29,7.3,78.9,2.0,0.0,2.0,2.0,2.0,76.5,2.9,57.6,52.5,1.0,0,Core,1
25498,9.04,9.04,9.17,9.06,8.86,9.48,10.0,9.45,9.47,84.1,1.0,4.0,3.0,4.0,1.0,79.9,4.1,79.5,69.8,1.0,0,Core,1
3738,10.0,10.0,10.0,9.33,10.0,9.65,9.86,9.61,9.71,81.2,0.0,3.0,2.0,2.0,0.0,69.3,2.8,62.0,58.8,1.0,0,Core,1
31467,6.93,7.22,6.5,7.09,7.18,6.7,6.88,6.7,6.82,62.7,1.0,0.0,1.0,0.0,0.0,44.9,2.5,29.3,35.9,0.0,0,Core,0
21681,7.04,7.41,6.76,6.66,7.22,6.59,6.93,7.18,6.88,79.6,1.0,2.0,1.0,2.0,1.0,69.5,3.2,60.0,42.2,1.0,0,Core,1
47030,4.67,4.51,4.18,4.37,4.11,4.0,4.55,4.44,4.52,51.9,0.0,1.0,1.0,1.0,1.0,69.6,1.7,28.7,30.1,1.0,0,Core,0
20993,8.51,8.94,8.78,8.73,9.03,8.92,8.29,9.26,8.7,78.1,1.0,2.0,2.0,1.0,1.0,62.1,2.0,64.3,54.9,1.0,0,Core,1
23410,7.28,7.01,7.21,6.87,7.24,6.79,6.74,6.69,6.96,82.4,1.0,2.0,1.0,1.0,1.0,78.1,3.4,39.7,47.8,1.0,0,Core,0
4378,4.93,4.81,5.2,5.26,4.59,4.72,4.29,4.38,4.74,68.4,0.0,0.0,0.0,1.0,0.0,56.1,2.5,29.7,31.2,0.0,0,Core,0
24848,7.53,8.19,8.15,7.76,8.58,8.18,7.99,7.88,7.91,92.1,2.0,2.0,2.0,5.0,1.0,85.9,4.8,86.7,78.5,0.0,0,Core,1
45656,8.0,7.8,7.61,7.54,7.89,7.31,8.03,8.46,7.87,85.9,1.0,2.0,2.0,2.0,0.0,71.5,2.7,62.9,50.6,0.0,0,Core,1
42861,9.57,10.0,10.0,10.0,10.0,10.0,10.0,10.0,9.77,79.4,2.0,3.0,2.0,3.0,2.0,94.3,2.7,63.8,69.4,1.0,0,Core,1
43942,8.4,8.13,8.05,8.18,8.38,8.4,8.77,8.52,8.51,76.5,1.0,2.0,2.0,2.0,1.0,78.0,3.0,57.6,51.8,0.0,0,Core,1
3096,6.67,6.8,7.33,7.13,7.18,7.58,7.05,6.79,7.19,80.7,1.0,3.0,2.0,1.0,1.0,63.3,3.2,55.2,54.9,0.0,0,Core,1
36268,8.46,7.22,7.75,8.27,7.77,7.69,7.64,7.38,7.8,71.2,1.0,1.0,1.0,1.0,1.0,62.3,2.4,54.8,53.0,0.0,0,Core,0
14278,6.76,7.11,7.64,7.14,6.84,6.68,7.27,6.6,7.06,86.8,1.0,2.0,2.0,2.0,0.0,67.5,3.8,54.2,43.2,1.0,0,Core,1
11592,4.57,4.53,4.26,4.08,4.26,4.7,4.66,4.13,4.45,59.5,1.0,2.0,0.0,1.0,0.0,46.0,1.1,30.4,30.8,1.0,0,Core,0
44476,4.4,4.84,4.38,4.79,4.63,4.48,4.33,4.0,4.46,57.3,0.0,1.0,0.0,1.0,0.0,44.4,2.1,30.0,31.4,1.0,0,Core,0
46566,6.46,6.92,7.2,7.24,6.94,7.03,6.15,7.29,6.98,86.5,1.0,3.0,3.0,4.0,0.0,75.0,4.2,85.9,88.5,1.0,0,Core,1
43711,6.97,6.34,6.58,6.33,6.2,6.18,6.36,6.68,6.6,73.7,1.0,2.0,2.0,3.0,0.0,60.6,4.1,57.9,36.6,1.0,0,Core,1
38692,8.15,8.52,8.43,8.24,8.55,8.88,8.18,8.59,8.31,83.3,1.0,2.0,1.0,2.0,0.0,59.1,3.3,61.3,52.4,0.0,0,Core,1
27025,7.55,7.55,7.53,7.47,8.05,7.76,7.72,7.71,7.62,92.6,2.0,4.0,2.0,3.0,0.0,86.2,5.0,87.5,71.7,1.0,0,Core,1
38845,7.55,7.59,7.86,7.92,7.86,7.5,8.2,8.21,7.92,80.4,2.0,4.0,3.0,3.0,1.0,94.3,4.3,76.1,81.3,1.0,0,Core,1
30142,4.29,4.33,4.1,4.02,4.0,4.5,4.0,4.29,4.26,50.8,0.0,1.0,0.0,0.0,0.0,51.4,1.2,30.6,26.0,0.0,0,Core,0
8395,7.26,8.12,8.21,6.99,7.27,7.65,7.19,7.21,7.57,79.2,1.0,2.0,2.0,1.0,1.0,63.1,3.0,59.0,48.5,0.0,0,Core,1
4606,4.32,4.0,4.0,4.4,4.0,4.0,4.0,4.0,4.01,61.6,0.0,1.0,0.0,0.0,0.0,47.8,1.6,19.5,23.5,0.0,0,Core,0
33052,10.0,9.67,10.0,10.0,10.0,9.92,10.0,10.0,9.94,79.8,2.0,3.0,2.0,3.0,1.0,94.9,4.0,71.5,68.1,1.0,0,Core,1
35010,7.42,7.85,8.11,7.34,7.13,7.59,7.53,7.92,7.46,66.2,2.0,2.0,2.0,2.0,0.0,69.6,2.5,53.7,41.7,1.0,0,Core,1
16696,9.11,8.78,9.02,8.61,9.22,9.05,9.26,9.01,8.98,70.4,1.0,3.0,2.0,2.0,1.0,75.3,3.0,62.6,57.4,1.0,0,Core,1
24588,8.75,8.36,9.1,9.08,9.18,9.19,9.2,9.2,8.81,78.6,2.0,3.0,3.0,3.0,1.0,69.6,4.5,99.1,82.7,0.0,0,Core,1
18984,7.04,6.39,6.95,6.83,7.14,6.64,7.01,6.12,6.77,57.5,1.0,2.0,2.0,2.0,1.0,70.3,3.5,47.7,60.8,0.0,0,Core,1
5716,6.53,6.56,6.83,7.02,6.96,6.46,6.54,7.71,6.88,100.0,1.0,4.0,3.0,4.0,1.0,79.9,3.7,91.3,76.1,0.0,0,Core,1
34076,8.9,8.54,8.81,8.37,8.81,9.41,8.72,9.36,8.92,73.2,2.0,4.0,3.0,2.0,3.0,69.6,3.4,80.9,66.1,1.0,0,Core,1
41052,8.65,8.81,9.07,8.38,9.09,9.42,8.5,8.86,8.83,90.6,2.0,2.0,3.0,3.0,1.0,82.0,4.7,82.4,76.7,0.0,0,Core,1
22740,6.45,5.88,6.15,6.18,6.31,6.3,5.9,5.81,6.05,56.3,0.0,1.0,1.0,1.0,0.0,58.9,1.6,27.9,30.0,0.0,0,Core,0
32477,8.87,8.64,8.66,9.0,8.07,8.65,8.93,9.27,8.55,88.4,2.0,2.0,3.0,4.0,1.0,89.9,4.2,85.1,98.1,1.0,0,Core,1
42199,7.12,6.47,6.48,6.63,6.39,6.46,5.91,6.33,6.25,50.0,1.0,0.0,1.0,0.0,1.0,39.7,2.4,25.8,27.0,0.0,0,Core,0
23866,10.0,9.86,9.99,9.69,9.66,10.0,10.0,10.0,9.92,84.0,2.0,4.0,4.0,4.0,2.0,78.1,3.2,80.3,79.6,1.0,0,Core,1
48816,6.71,7.31,6.73,7.06,6.7,6.65,5.9,7.24,6.7,65.2,0.0,1.0,1.0,0.0,0.0,69.6,3.2,27.7,29.0,0.0,0,Core,0
42085,7.44,7.33,7.03,7.11,7.54,7.32,7.18,7.34,7.38,63.9,0.0,0.0,0.0,1.0,0.0,50.5,1.0,26.1,30.5,0.0,0,Core,0
1877,6.25,6.21,6.82,5.88,6.72,6.36,6.7,6.99,6.3,73.2,1.0,1.0,1.0,2.0,0.0,67.3,2.8,49.4,61.3,1.0,0,Core,0
7790,9.13,9.29,9.01,9.21,9.52,9.14,10.0,8.86,9.34,62.6,1.0,2.0,2.0,2.0,1.0,76.3,3.3,61.9,45.6,1.0,0,Core,1
4306,7.95,7.96,7.87,7.71,7.23,8.18,8.35,7.85,7.87,88.9,2.0,3.0,3.0,3.0,1.0,74.1,4.0,80.0,67.8,1.0,0,Core,1
626,6.12,6.03,5.43,5.38,6.38,5.72,5.92,6.25,5.76,66.8,2.0,2.0,2.0,2.0,0.0,79.9,2.6,59.4,61.4,1.0,0,Core,0
39756,10.0,9.41,10.0,10.0,10.0,9.88,10.0,10.0,4.26,53.57579397,2.0,3.0,3.0,3.0,1.0,33.5,2.8,5.9,45.3,0.0,-1,Noise,1
15001,9.09,8.98,8.79,8.72,8.56,9.35,8.82,8.9,8.97,76.7,1.0,2.0,2.0,2.0,1.0,61.1,2.5,48.7,67.1,0.0,0,Core,1
15645,7.01,6.99,7.39,6.93,7.01,7.3,7.46,7.64,7.17,91.9,2.0,3.0,2.0,4.0,1.0,78.7,3.2,61.8,77.1,0.0,0,Core,1
30603,7.37,6.89,7.33,7.19,7.09,6.96,7.31,7.79,7.15,84.5,1.0,1.0,2.0,3.0,1.0,72.2,3.0,61.6,67.6,1.0,0,Core,1
29898,8.15,7.6,8.67,7.09,7.71,7.54,7.91,8.09,7.97,80.1,1.0,4.0,3.0,3.0,2.0,76.2,4.6,78.5,72.1,0.0,0,Core,1
34420,6.13,6.31,7.11,6.41,7.42,6.51,6.48,6.45,6.61,66.7,1.0,2.0,1.0,2.0,0.0,72.1,2.6,56.6,46.9,1.0,0,Core,1
41101,5.3,5.1,4.51,4.91,4.87,5.17,4.64,4.34,4.91,65.0,0.0,1.0,1.0,1.0,1.0,46.5,2.2,26.8,25.6,0.0,0,Core,0
14033,6.0,5.97,5.38,5.25,5.6,5.83,5.77,4.93,5.74,65.6,0.0,1.0,1.0,1.0,0.0,49.0,2.3,29.7,31.0,0.0,0,Core,0
19141,6.16,5.58,5.92,5.58,6.09,6.04,5.45,5.89,5.71,66.0,0.0,1.0,0.0,1.0,0.0,59.4,1.5,35.8,30.2,0.0,0,Core,0
35631,6.93,7.34,7.44,7.33,6.95,6.87,7.17,7.06,7.1,67.0,1.0,2.0,2.0,2.0,1.0,69.6,2.9,49.9,54.4,1.0,0,Core,1
48655,6.2,6.09,5.32,5.97,5.65,5.71,5.36,5.58,5.69,56.0,0.0,0.0,2.0,0.0,0.0,51.3,2.2,30.5,25.8,0.0,0,Core,0
35023,9.78,9.81,10.0,9.84,10.0,10.0,10.0,10.0,9.98,100.0,2.0,3.0,2.0,4.0,2.0,91.8,4.3,78.3,59.9,1.0,0,Core,1
46127,8.15,8.35,8.22,8.0,8.79,8.35,8.66,8.72,8.55,73.5,2.0,3.0,3.0,3.0,2.0,88.8,3.7,69.1,87.1,1.0,0,Core,1
5611,9.52,9.62,10.0,10.0,10.0,10.0,10.0,10.0,9.88,89.4,1.0,3.0,2.0,5.0,2.0,86.2,3.2,65.7,86.1,1.0,0,Core,1
39232,6.46,6.19,6.83,6.66,6.48,6.31,5.97,5.96,9.81,80.3,3.0,5.0,1.0,1.0,0.0,98.6,3.2,99.2,53.9,1.0,1,Border,1
10645,8.97,8.93,8.86,9.1,8.56,9.03,9.3,9.11,8.85,91.0,1.0,3.0,3.0,3.0,1.0,69.6,4.9,81.3,71.8,1.0,0,Core,1
49989,5.74,5.57,5.68,6.05,6.08,5.91,6.4,6.17,5.79,93.2,2.0,4.0,2.0,3.0,2.0,79.2,4.1,66.4,69.8,0.0,0,Core,1
19372,5.82,5.96,5.83,5.88,6.21,6.4,5.97,6.19,6.09,73.1,1.0,2.0,2.0,2.0,1.0,63.0,2.7,49.7,54.9,1.0,0,Core,0
35076,6.04,6.44,6.32,6.84,6.45,7.32,7.14,6.27,6.77,100.0,1.0,4.0,3.0,3.0,1.0,73.6,4.5,59.7,78.0,0.0,0,Core,1
45172,5.2,4.88,5.55,5.02,5.26,5.35,4.66,4.97,5.08,53.9,0.0,1.0,1.0,1.0,0.0,50.4,2.4,30.4,35.4,0.0,0,Core,0
4385,4.26,4.22,4.59,4.61,4.32,4.77,4.24,4.15,4.38,59.2,1.0,1.0,1.0,1.0,0.0,45.7,1.7,25.4,34.8,0.0,0,Core,0
14459,6.39,6.55,6.13,6.13,6.18,6.34,6.35,6.16,6.22,79.4,1.0,0.0,1.0,1.0,1.0,56.8,3.0,51.1,54.9,1.0,0,Core,0
16477,9.02,8.8,9.57,9.17,8.74,9.0,9.18,8.7,9.03,93.1,2.0,3.0,2.0,3.0,2.0,78.7,4.4,77.6,74.2,0.0,0,Core,1
12762,7.04,7.05,6.61,6.49,7.12,7.16,6.87,6.88,6.71,88.2,1.0,2.0,1.0,3.0,0.0,69.6,3.2,50.4,61.2,1.0,0,Core,1
24555,6.62,7.34,7.31,6.46,6.21,7.11,6.76,6.91,6.76,59.2,0.0,1.0,2.0,2.0,1.0,63.5,2.5,49.6,54.9,0.0,0,Core,0
20454,8.64,8.26,8.44,8.32,8.25,8.98,8.06,8.01,8.45,72.2,2.0,2.0,1.0,1.0,1.0,60.6,2.2,71.4,53.3,0.0,0,Core,1
481,7.36,7.07,7.98,7.43,7.69,7.52,7.78,7.44,7.65,75.6,1.0,3.0,1.0,1.0,0.0,69.6,2.8,53.7,50.0,0.0,0,Core,1
37869,8.48,8.59,8.81,8.93,8.38,8.61,8.59,8.77,8.79,85.5,1.0,1.0,2.0,2.0,1.0,73.5,3.7,58.2,47.1,1.0,0,Core,1
42002,6.26,5.96,5.92,6.04,6.3,5.88,6.08,5.8,6.05,56.4,0.0,1.0,1.0,0.0,0.0,51.6,2.0,24.5,33.3,0.0,0,Core,0
42704,8.28,8.39,8.13,8.06,8.71,8.54,8.41,7.97,8.22,77.5,1.0,2.0,2.0,2.0,1.0,67.8,1.8,62.7,52.6,1.0,0,Core,1
38466,6.6,6.44,6.15,6.49,6.53,7.07,6.17,6.45,6.53,80.7,1.0,3.0,2.0,2.0,0.0,72.6,1.9,54.0,44.0,0.0,0,Core,0
12981,8.65,8.58,8.98,8.94,8.79,9.0,8.74,9.15,8.73,77.8,2.0,4.0,2.0,3.0,2.0,77.5,5.0,82.5,73.6,1.0,0,Core,1
9734,9.91,10.0,9.74,10.0,9.69,9.48,10.0,10.0,9.85,82.4,1.0,2.0,2.0,3.0,1.0,58.3,3.7,59.2,50.6,0.0,0,Core,1
26183,7.47,7.17,7.2,6.97,7.74,7.28,7.39,7.28,7.28,65.8,1.0,2.0,2.0,1.0,0.0,68.9,3.6,70.3,48.0,0.0,0,Core,0
28681,7.35,7.66,7.37,7.6,7.45,7.5,6.62,7.22,7.34,86.1,0.0,3.0,1.0,2.0,1.0,65.5,3.5,49.4,47.5,1.0,0,Core,0
15190,5.74,5.32,4.97,5.31,4.93,5.99,4.99,5.73,5.34,72.2,1.0,2.0,1.0,2.0,1.0,64.5,3.4,54.0,62.4,0.0,0,Core,0
45947,6.69,6.36,6.12,7.22,6.3,6.81,6.47,6.55,6.48,88.8,2.0,3.0,1.0,2.0,1.0,72.7,4.6,80.6,62.4,1.0,0,Core,1
36080,7.93,8.07,8.18,8.38,8.66,8.87,8.0,8.62,8.26,89.4,2.0,4.0,3.0,4.0,2.0,77.3,4.3,81.3,77.6,0.0,0,Core,1
31256,7.64,7.97,7.63,7.61,8.55,8.6,8.71,8.6,8.31,93.3,3.0,4.0,2.0,3.0,1.0,71.9,4.5,80.2,66.3,1.0,0,Core,1
47127,10.0,10.0,9.53,10.0,10.0,10.0,10.0,10.0,9.8,93.7,2.0,3.0,2.0,4.0,1.0,85.2,4.6,73.8,77.6,1.0,0,Core,1
26493,6.99,7.72,8.19,7.24,7.21,7.67,7.61,7.07,7.55,93.9,2.0,4.0,3.0,3.0,1.0,80.8,4.8,85.0,81.7,1.0,0,Core,1
47923,10.0,10.0,9.88,10.0,10.0,10.0,10.0,9.71,9.79,75.1,1.0,3.0,3.0,3.0,1.0,90.6,3.8,81.8,87.9,1.0,0,Core,1
7328,7.39,7.48,7.58,8.12,8.13,7.5,8.44,8.14,7.92,80.6,1.0,2.0,1.0,2.0,1.0,76.2,3.8,57.6,46.1,0.0,0,Core,1
274,5.88,5.26,5.72,5.23,5.65,5.04,5.43,5.13,5.37,60.4,0.0,1.0,0.0,1.0,0.0,58.6,2.5,31.5,32.7,0.0,0,Core,0
29651,7.71,7.92,7.66,7.63,7.4,7.58,8.33,7.65,7.63,69.8,1.0,1.0,1.0,2.0,1.0,56.8,2.9,47.3,47.2,0.0,0,Core,0
32907,4.0,4.5,4.23,4.12,4.09,4.25,4.05,4.03,4.22,87.5,0.0,1.0,2.0,2.0,0.0,65.9,2.5,68.4,58.7,0.0,0,Core,0
15040,7.34,7.64,7.75,7.46,7.18,7.36,7.24,6.97,7.19,83.4,0.0,1.0,1.0,1.0,0.0,60.4,3.4,52.4,54.9,0.0,0,Core,0
23849,5.97,5.73,6.01,6.55,6.22,6.25,6.14,6.09,6.31,50.0,1.0,1.0,0.0,0.0,0.0,48.0,1.7,27.2,24.1,1.0,0,Core,0
32854,7.12,6.88,7.38,6.64,7.51,6.85,6.82,6.67,6.93,64.4,1.0,0.0,0.0,1.0,0.0,69.6,1.1,33.3,27.9,1.0,0,Core,0
15109,7.05,6.89,7.4,7.12,7.45,7.37,7.48,7.02,7.11,80.5,1.0,2.0,1.0,1.0,1.0,62.1,3.1,54.7,51.7,1.0,0,Core,1
16160,9.56,9.8,9.91,9.57,9.68,9.6,9.21,9.24,9.55,87.3,2.0,5.0,2.0,3.0,2.0,89.3,3.3,94.0,77.6,1.0,0,Core,1
42475,6.77,7.2,6.67,7.29,7.04,6.65,6.75,7.34,6.91,64.1,1.0,2.0,1.0,2.0,0.0,75.8,3.4,49.8,54.9,1.0,0,Core,1
2175,5.98,6.41,5.93,6.27,6.04,6.11,5.95,6.27,6.01,86.5,2.0,4.0,4.0,3.0,0.0,86.1,4.2,89.7,78.8,0.0,0,Border,1
43099,5.86,5.96,5.52,5.64,5.28,5.46,5.79,5.98,5.55,58.6,1.0,1.0,0.0,1.0,0.0,43.2,1.9,27.4,26.8,1.0,0,Core,0
26678,9.66,9.72,10.0,10.0,10.0,10.0,10.0,9.86,9.79,93.3,2.0,4.0,3.0,4.0,1.0,69.6,4.7,78.1,82.4,0.0,0,Core,1
20125,5.79,5.54,5.69,5.83,5.34,5.91,5.77,6.22,4.29,50.03101179,1.0,1.0,1.0,2.0,0.0,35.2,3.2,3.6,46.4,0.0,0,Core,0
46575,8.61,8.03,8.21,7.91,8.08,8.03,7.8,8.08,8.03,84.6,1.0,2.0,2.0,2.0,0.0,63.9,2.1,49.6,52.1,0.0,0,Core,1
38342,5.68,4.91,5.31,6.07,4.92,5.12,5.24,5.75,5.39,58.0,0.0,1.0,1.0,0.0,0.0,43.6,1.7,25.4,31.9,0.0,0,Core,0
31064,8.75,8.83,8.59,8.56,8.42,8.81,8.55,8.75,8.53,72.7,0.0,1.0,2.0,2.0,0.0,69.6,2.8,37.6,48.0,0.0,0,Core,1
4352,6.22,6.09,6.35,6.12,6.43,6.38,6.82,5.95,6.33,72.1,0.0,2.0,2.0,2.0,0.0,69.6,3.5,50.2,45.4,1.0,0,Core,0
15299,6.88,7.0,6.79,6.22,7.26,6.71,6.77,7.06,6.89,71.3,1.0,2.0,2.0,1.0,1.0,69.2,3.9,50.3,54.9,1.0,0,Core,1
759,5.35,4.82,4.45,4.59,4.0,4.0,4.0,4.32,4.43,54.7,1.0,1.0,0.0,0.0,0.0,46.4,1.1,57.6,35.9,0.0,0,Core,0
25813,7.82,7.88,8.16,8.18,7.26,7.76,7.89,7.82,7.8,81.4,2.0,3.0,2.0,3.0,2.0,87.3,4.0,57.6,54.0,1.0,0,Core,1
23973,6.92,7.01,7.29,7.26,7.65,7.09,7.56,7.46,7.22,73.3,2.0,4.0,3.0,2.0,1.0,69.6,4.4,92.2,64.2,0.0,0,Core,1
22141,8.08,8.11,8.15,8.46,8.67,8.21,7.84,8.04,8.21,86.1,1.0,2.0,1.0,2.0,0.0,59.4,3.6,62.1,54.9,1.0,0,Core,1
7515,9.51,9.17,9.8,9.77,9.6,9.72,9.89,9.8,9.55,69.5,1.0,2.0,2.0,2.0,0.0,69.6,2.5,61.8,51.9,0.0,0,Core,1
1819,6.39,6.33,6.39,6.27,6.54,6.39,6.22,6.21,9.91,73.0,3.0,5.0,2.0,2.0,0.0,98.3,3.4,98.0,53.5,0.0,0,Border,0
13820,8.43,7.88,8.32,8.1,8.33,8.42,8.09,8.25,8.18,98.4,1.0,5.0,3.0,4.0,2.0,69.9,3.5,88.4,71.3,1.0,0,Core,1
46526,6.15,6.65,6.15,6.5,6.38,6.18,6.39,6.53,6.38,77.3,1.0,2.0,1.0,1.0,0.0,64.3,3.0,65.3,39.8,0.0,0,Core,1
42048,5.3,5.05,4.72,4.63,5.66,5.55,4.75,4.93,5.01,62.1,0.0,1.0,0.0,0.0,0.0,50.8,1.4,23.9,26.0,1.0,0,Core,0
27012,7.2,7.47,7.75,7.49,7.5,7.71,7.7,8.09,7.64,83.8,2.0,3.0,2.0,3.0,2.0,75.3,3.8,100.0,75.1,1.0,0,Core,1
47048,8.74,8.94,9.36,9.84,9.18,9.56,9.17,9.72,9.33,81.1,2.0,4.0,3.0,3.0,1.0,82.0,3.2,67.3,86.6,1.0,0,Core,1
14364,6.23,5.43,6.0,6.26,5.97,5.72,5.87,6.45,6.01,57.1,1.0,0.0,0.0,0.0,0.0,42.1,3.2,21.6,22.3,1.0,0,Core,0
13905,6.88,7.42,7.39,7.28,7.92,7.56,7.96,7.89,7.57,76.4,1.0,1.0,2.0,2.0,0.0,65.7,3.5,57.0,40.4,1.0,0,Core,1
36896,6.58,5.48,6.11,5.72,6.1,5.77,6.22,5.73,5.77,77.0,1.0,2.0,1.0,3.0,0.0,60.4,3.5,56.9,55.4,1.0,0,Core,1
38798,5.86,5.75,5.76,6.45,5.56,5.74,6.27,6.3,6.0,75.9,1.0,3.0,1.0,2.0,1.0,75.6,2.8,60.1,39.4,1.0,0,Core,0
44982,7.08,6.59,6.93,6.68,6.39,6.8,6.68,7.25,6.86,84.6,1.0,4.0,2.0,2.0,2.0,69.6,4.9,57.6,84.2,1.0,0,Core,1
32837,9.37,9.42,9.36,9.49,9.43,10.0,9.75,10.0,9.74,97.7,3.0,5.0,3.0,3.0,1.0,97.4,3.7,96.2,54.9,1.0,0,Core,1
44959,5.34,5.02,5.02,4.67,5.11,4.86,4.88,4.72,5.02,69.9,0.0,1.0,0.0,0.0,0.0,40.4,2.3,27.7,30.6,1.0,0,Core,0
29503,6.84,7.25,7.36,7.15,6.94,7.67,7.47,7.27,7.23,78.9,1.0,3.0,2.0,1.0,1.0,75.6,3.3,60.7,48.6,1.0,0,Core,1
34119,8.59,8.16,8.35,8.39,8.84,8.6,8.23,8.11,8.22,92.4,1.0,2.0,3.0,3.0,2.0,89.5,4.2,55.0,65.3,1.0,0,Core,1
25431,6.5,6.52,6.53,6.49,6.7,6.53,6.6,6.64,6.56,77.1,1.0,2.0,1.0,1.0,1.0,69.6,3.2,55.4,46.7,1.0,0,Core,0
25377,6.14,6.39,6.3,6.18,5.97,6.27,6.42,6.51,6.24,56.6,0.0,0.0,0.0,1.0,1.0,53.2,2.2,19.9,54.9,0.0,0,Core,0
48787,8.88,9.12,8.76,9.41,8.78,8.94,9.06,8.83,4.04,53.19327,2.0,3.0,1.0,4.0,2.0,35.9,5.0,3.9,72.1,0.0,-1,Noise,1
40185,7.5,8.0,7.68,7.55,7.51,8.02,7.47,8.03,7.83,97.5,2.0,4.0,3.0,4.0,2.0,85.7,3.6,89.0,67.9,0.0,0,Core,1
17594,9.45,9.17,9.29,9.75,9.28,9.76,9.55,9.7,9.61,76.0,3.0,4.0,3.0,2.0,2.0,81.7,3.5,78.2,76.1,1.0,0,Core,1
22679,6.87,6.65,7.35,6.74,6.91,6.56,6.84,6.94,6.75,78.5,1.0,2.0,2.0,1.0,1.0,64.0,3.2,57.4,54.2,1.0,0,Core,1
15240,8.98,9.15,8.68,9.02,9.11,9.34,9.1,8.97,9.17,98.1,3.0,4.0,3.0,4.0,2.0,82.8,3.2,67.9,54.9,0.0,0,Core,1
8405,5.95,6.08,6.12,6.23,5.53,5.82,5.16,5.88,5.91,69.9,1.0,2.0,2.0,2.0,0.0,62.2,2.6,58.7,58.8,0.0,0,Core,0
11397,5.74,6.58,5.56,5.76,5.67,5.62,5.69,6.04,6.03,86.3,1.0,2.0,2.0,2.0,0.0,81.1,4.4,58.3,49.7,0.0,0,Core,1
38655,4.78,4.15,4.87,4.57,4.77,4.8,4.6,4.36,4.51,84.1,2.0,1.0,2.0,1.0,0.0,59.3,3.0,63.0,53.2,1.0,0,Core,0
20501,8.73,8.68,8.6,8.63,8.68,8.64,8.66,8.87,8.71,73.4,2.0,1.0,1.0,2.0,0.0,56.5,3.1,51.7,60.9,0.0,0,Core,1
17067,7.05,7.01,6.8,7.35,6.92,6.84,6.9,7.1,6.99,81.5,1.0,2.0,1.0,1.0,1.0,77.3,2.8,51.2,43.2,0.0,0,Core,1
48546,5.56,4.66,5.52,5.67,5.66,5.76,5.41,5.8,5.63,86.5,1.0,1.0,2.0,1.0,1.0,63.3,3.8,54.0,61.1,0.0,0,Core,1
7802,7.14,8.31,7.45,7.66,8.03,8.44,7.81,7.6,7.89,100.0,2.0,3.0,2.0,3.0,2.0,82.9,4.2,82.9,69.9,1.0,0,Core,1
44528,7.49,7.37,7.52,7.36,7.16,7.34,7.37,7.2,7.48,80.5,1.0,2.0,1.0,2.0,0.0,65.5,3.7,53.7,37.8,1.0,0,Core,1
46622,6.11,5.92,6.19,5.81,6.2,6.2,6.0,5.69,6.05,58.3,0.0,0.0,0.0,1.0,0.0,46.2,1.7,29.2,30.2,0.0,0,Core,0
12231,8.42,8.52,8.46,8.89,8.19,8.16,8.48,8.05,8.33,74.2,1.0,1.0,2.0,1.0,1.0,69.6,3.4,49.4,58.3,0.0,0,Core,1
26507,8.98,8.83,8.66,8.82,8.44,8.87,8.74,8.59,8.65,83.0,1.0,3.0,1.0,1.0,0.0,56.9,3.2,56.5,55.5,0.0,0,Core,1
40433,7.31,7.07,7.62,7.32,7.23,7.46,7.28,7.55,7.4,87.5,1.0,1.0,1.0,2.0,0.0,64.1,3.9,52.7,54.9,1.0,0,Core,1
41027,6.85,7.35,6.37,7.51,6.44,6.88,7.66,7.28,7.1,81.2,1.0,1.0,1.0,2.0,2.0,69.6,3.5,54.0,62.1,1.0,0,Core,0
5267,9.18,9.1,8.76,9.46,8.95,9.79,9.18,9.35,9.3,91.5,2.0,3.0,2.0,4.0,1.0,84.4,3.5,84.2,54.9,1.0,0,Core,1
35760,7.54,7.31,7.37,7.69,7.19,7.08,7.12,7.26,7.39,73.0,1.0,2.0,0.0,2.0,0.0,75.2,2.0,62.9,37.0,1.0,0,Core,1
43568,7.41,7.38,7.99,7.29,7.48,7.56,7.88,7.59,7.55,92.8,1.0,4.0,4.0,4.0,1.0,82.3,3.6,86.2,70.2,1.0,0,Core,1
352,4.4,5.27,5.55,4.45,4.55,5.16,4.0,4.62,4.7,71.5,0.0,1.0,1.0,1.0,0.0,51.5,1.4,27.4,21.7,0.0,0,Core,0
5012,6.48,6.42,6.16,6.79,6.91,6.64,6.77,7.18,6.66,91.6,0.0,3.0,3.0,2.0,1.0,60.4,4.6,57.6,59.3,1.0,0,Core,1
6577,5.61,5.32,5.74,5.31,5.09,5.3,5.42,5.84,5.43,68.7,0.0,1.0,2.0,0.0,0.0,69.6,1.8,23.9,29.8,0.0,0,Core,0
3223,7.17,7.65,7.88,7.27,8.26,8.39,7.91,7.72,7.96,84.2,2.0,3.0,3.0,5.0,1.0,88.4,4.4,63.3,73.9,0.0,0,Core,1
1577,7.59,7.67,7.97,7.67,7.9,8.35,7.73,8.28,7.83,76.9,2.0,3.0,4.0,3.0,1.0,87.0,4.5,85.1,81.6,1.0,0,Core,1
3662,5.68,5.83,6.0,6.26,6.11,6.25,5.48,6.26,6.11,76.0,1.0,3.0,1.0,2.0,0.0,73.5,4.2,45.8,43.6,0.0,0,Core,1
15045,8.01,8.03,7.46,8.1,7.99,7.88,7.82,8.16,8.1,82.0,1.0,1.0,2.0,2.0,0.0,67.4,2.4,61.6,54.9,1.0,0,Core,1
16235,8.54,9.26,8.41,8.97,8.0,8.36,8.58,8.5,8.94,66.0,2.0,3.0,2.0,1.0,0.0,80.9,4.0,60.8,50.3,1.0,0,Core,1
40297,9.5,10.0,10.0,10.0,10.0,9.74,10.0,10.0,9.96,76.1,2.0,3.0,1.0,3.0,1.0,69.6,4.0,88.8,73.3,0.0,0,Core,1
17547,7.92,8.25,8.47,7.77,7.49,8.05,8.3,8.02,8.1,78.3,1.0,1.0,2.0,1.0,0.0,69.6,2.8,54.6,42.7,1.0,0,Core,1
22883,4.83,5.27,5.02,5.22,5.49,5.45,5.47,5.35,5.42,70.6,1.0,2.0,2.0,2.0,1.0,64.8,3.1,55.1,41.6,1.0,0,Core,0
3540,9.48,9.54,9.51,9.5,9.53,9.71,9.54,9.66,9.64,72.3,1.0,4.0,3.0,3.0,1.0,80.6,4.7,73.5,71.1,1.0,0,Core,1
11043,5.3,5.85,5.46,5.2,5.17,4.75,4.57,5.31,5.22,55.4,0.0,0.0,0.0,1.0,0.0,45.4,1.8,28.8,34.3,0.0,0,Core,0
21164,8.69,9.19,8.49,8.83,8.58,8.6,8.91,8.39,8.59,100.0,1.0,4.0,2.0,4.0,1.0,78.6,4.7,91.9,72.6,0.0,0,Core,1
10825,8.09,7.93,7.89,7.81,8.18,7.91,8.43,8.13,8.03,87.3,1.0,2.0,1.0,3.0,1.0,66.6,2.6,56.1,58.4,0.0,0,Core,1
26492,9.41,9.06,9.37,9.28,9.05,9.49,9.23,9.11,9.29,76.2,1.0,2.0,2.0,2.0,1.0,58.6,2.2,61.7,41.0,0.0,0,Core,1
13587,5.39,4.76,4.87,5.37,4.75,5.48,4.72,5.44,5.07,65.0,0.0,1.0,0.0,1.0,0.0,55.7,2.9,30.4,32.6,0.0,0,Core,0
31850,7.76,8.31,7.41,7.94,7.86,7.72,7.71,7.96,7.75,79.9,1.0,1.0,1.0,2.0,1.0,66.4,3.0,58.1,63.1,1.0,0,Core,1
18125,6.91,6.89,6.73,6.77,6.41,7.01,6.62,7.18,6.91,82.0,1.0,2.0,2.0,2.0,0.0,60.2,3.0,45.8,41.1,1.0,0,Core,1
3605,8.57,8.75,9.37,9.52,9.12,9.7,9.67,9.34,9.05,92.7,1.0,3.0,3.0,4.0,1.0,69.6,4.3,77.5,67.2,1.0,0,Core,1
44360,5.35,5.14,5.46,4.9,5.11,5.35,5.45,5.53,5.2,68.4,0.0,1.0,1.0,1.0,0.0,55.3,2.1,37.0,24.8,1.0,0,Core,0
25609,5.81,6.69,6.23,6.34,6.52,6.9,6.21,6.32,6.39,74.6,1.0,2.0,1.0,2.0,0.0,71.9,2.6,56.6,60.7,0.0,0,Core,1
35066,5.62,5.51,5.29,5.55,5.5,5.36,4.43,4.98,5.33,75.3,1.0,1.0,1.0,1.0,0.0,58.1,1.3,21.7,28.3,0.0,0,Core,0
38939,8.38,7.7,8.2,7.62,8.03,8.3,8.04,8.75,8.28,93.1,1.0,3.0,3.0,3.0,2.0,90.7,3.9,77.4,62.6,1.0,0,Core,1
13487,6.27,6.35,5.88,5.93,6.39,6.01,6.06,6.35,6.19,78.3,1.0,2.0,2.0,1.0,0.0,59.1,2.7,51.8,53.5,0.0,0,Core,1
49621,8.28,8.26,9.01,8.5,8.64,8.33,8.7,8.49,9.71,50.0,3.0,5.0,2.0,2.0,0.0,69.6,3.2,95.6,54.3,1.0,0,Border,1
14749,8.79,8.5,8.69,8.71,8.68,8.99,9.15,9.42,9.06,84.7,3.0,3.0,3.0,3.0,1.0,91.7,3.2,93.6,62.0,1.0,0,Core,1
41952,7.92,7.67,8.15,7.54,8.25,7.95,7.94,7.47,7.9,69.7,1.0,1.0,1.0,2.0,0.0,60.7,2.4,57.2,54.9,1.0,0,Core,1
37351,6.84,5.97,6.31,6.9,6.4,6.36,6.27,7.02,6.44,81.0,1.0,2.0,2.0,2.0,0.0,55.4,3.1,57.6,55.3,0.0,0,Core,0
39609,6.35,6.88,6.42,6.48,6.47,6.05,6.04,6.33,6.46,58.3,0.0,0.0,0.0,0.0,1.0,69.6,2.5,32.7,23.8,1.0,0,Core,0
35203,9.28,9.15,8.84,9.09,9.25,9.64,9.25,9.78,9.39,87.1,2.0,4.0,3.0,3.0,1.0,69.6,5.0,62.1,74.7,0.0,0,Core,1
40379,6.88,6.8,6.45,6.61,6.44,6.89,6.35,7.15,6.83,85.2,1.0,2.0,2.0,2.0,1.0,65.1,2.7,52.6,50.1,1.0,0,Core,0
46315,8.02,8.14,8.32,8.58,8.26,8.37,8.63,8.16,8.25,78.0,1.0,2.0,1.0,1.0,0.0,55.9,4.2,56.4,60.6,1.0,0,Core,1
38374,4.0,4.0,4.47,4.25,4.0,4.31,4.0,4.0,4.11,61.4,0.0,0.0,1.0,1.0,1.0,57.0,2.3,30.0,25.3,0.0,0,Core,0
26979,9.1,8.76,9.42,9.1,9.2,9.13,9.27,8.93,8.96,92.5,1.0,2.0,2.0,4.0,1.0,90.8,4.3,96.4,74.7,1.0,0,Core,1
33253,9.61,9.26,9.47,9.7,9.45,9.4,9.81,9.8,9.54,75.8,2.0,4.0,3.0,2.0,1.0,75.4,3.9,78.4,71.2,1.0,0,Core,1
41290,5.96,5.71,5.8,5.91,6.26,6.14,5.49,5.9,5.87,59.4,0.0,0.0,0.0,1.0,0.0,52.6,1.8,25.9,34.8,1.0,0,Core,0
44004,4.93,4.94,5.21,4.68,4.85,4.62,5.11,5.28,4.86,71.7,0.0,1.0,1.0,0.0,0.0,45.7,3.2,31.9,32.2,0.0,0,Core,0
35416,4.58,5.13,5.13,4.94,4.6,5.78,5.02,5.07,4.88,89.4,0.0,2.0,1.0,2.0,0.0,70.1,4.0,58.2,53.8,1.0,0,Core,0
32841,9.35,9.81,9.69,9.4,9.97,9.87,9.77,9.61,9.77,85.9,2.0,3.0,2.0,2.0,2.0,86.7,5.0,57.6,62.3,1.0,0,Core,1
6966,9.02,9.25,9.44,9.33,8.94,9.38,9.44,9.68,9.22,85.1,1.0,4.0,3.0,3.0,1.0,70.1,3.5,81.0,75.9,0.0,0,Core,1
39301,5.5,5.62,4.77,4.76,4.98,5.49,4.89,5.05,5.33,68.5,1.0,2.0,2.0,1.0,1.0,81.4,2.7,49.7,50.2,1.0,0,Core,0
30104,8.47,8.28,8.26,7.92,8.31,8.45,8.69,8.57,8.53,96.8,2.0,3.0,2.0,2.0,1.0,83.1,4.0,69.4,89.8,1.0,0,Core,1
6789,4.86,5.17,4.88,5.27,5.57,4.36,4.63,4.83,5.1,62.4,1.0,1.0,0.0,0.0,0.0,49.4,2.4,24.2,17.6,1.0,0,Core,0
29667,6.56,6.04,6.32,5.96,6.36,6.01,5.94,5.94,6.13,79.5,0.0,2.0,1.0,2.0,1.0,52.9,3.2,53.4,49.1,0.0,0,Core,0
35221,5.72,5.27,5.39,4.59,5.43,5.08,5.24,5.29,5.35,59.6,0.0,0.0,2.0,0.0,0.0,51.0,2.3,30.6,31.2,0.0,0,Core,0
18594,7.64,7.45,8.18,7.97,8.22,7.73,8.1,7.77,7.85,79.5,1.0,1.0,2.0,2.0,1.0,52.8,3.5,46.3,50.1,0.0,0,Core,0
35449,9.06,8.89,8.76,9.61,9.03,8.33,8.61,9.14,8.94,68.6,1.0,3.0,2.0,2.0,0.0,46.0,4.2,47.3,43.3,0.0,0,Core,1
6996,5.13,4.47,4.56,4.48,4.84,4.62,4.02,4.72,4.58,72.0,1.0,2.0,1.0,2.0,1.0,67.1,2.0,63.3,58.7,0.0,0,Core,0
9166,5.79,5.41,5.58,5.61,5.95,5.87,5.34,5.46,5.56,73.7,0.0,0.0,0.0,0.0,0.0,69.6,1.0,30.1,32.7,0.0,0,Core,0
9190,4.33,4.09,4.32,4.18,4.29,4.64,4.56,4.61,4.39,57.3,0.0,1.0,2.0,0.0,0.0,69.6,2.0,37.5,24.3,0.0,0,Core,0
36616,5.46,5.61,5.97,5.83,5.39,5.63,5.76,5.87,5.49,72.5,1.0,2.0,2.0,2.0,1.0,61.5,2.4,59.2,53.6,1.0,0,Core,0
43159,5.61,6.71,5.91,6.39,5.72,6.5,6.08,5.89,6.08,76.8,1.0,2.0,2.0,2.0,1.0,61.9,3.3,52.7,64.3,0.0,0,Core,0
16781,7.75,8.15,7.72,7.54,8.01,7.72,7.65,8.05,7.82,73.1,1.0,2.0,2.0,1.0,1.0,75.5,3.2,48.0,57.8,1.0,0,Core,1
13672,6.5,6.87,6.47,7.08,6.88,6.28,6.99,6.49,6.76,93.8,2.0,2.0,4.0,3.0,1.0,88.3,4.2,87.0,89.2,0.0,0,Core,1
49474,8.56,8.52,8.44,8.37,8.59,8.04,8.4,8.21,8.35,76.3,2.0,2.0,2.0,2.0,0.0,76.1,2.7,64.2,46.1,0.0,0,Core,1
17420,7.95,7.84,7.87,7.63,8.49,8.0,8.18,7.61,8.01,84.2,1.0,2.0,2.0,1.0,0.0,62.9,3.8,56.7,44.7,1.0,0,Core,1
5035,10.0,9.64,10.0,10.0,10.0,10.0,10.0,10.0,9.98,83.9,3.0,3.0,2.0,3.0,1.0,75.7,4.4,85.4,79.4,1.0,0,Core,1
2903,8.61,8.75,8.8,8.92,8.73,8.72,8.7,8.73,8.75,83.3,1.0,2.0,4.0,4.0,1.0,69.6,4.8,72.7,91.5,1.0,0,Core,1
11477,6.26,5.75,5.98,6.06,6.44,5.92,6.45,6.17,5.97,74.7,1.0,1.0,2.0,2.0,0.0,63.0,3.2,52.4,54.9,1.0,0,Core,1
2435,5.45,5.58,4.53,4.85,5.37,5.1,5.08,4.75,5.1,66.4,0.0,0.0,0.0,1.0,0.0,50.5,3.2,30.3,28.2,0.0,0,Core,0
36501,4.89,4.36,4.54,4.34,5.14,4.66,4.0,4.0,4.53,69.9,0.0,1.0,0.0,1.0,0.0,43.6,3.2,31.7,54.9,0.0,0,Core,0
1854,5.49,5.1,5.27,4.74,5.09,5.24,5.15,4.85,5.1,59.4,0.0,1.0,0.0,0.0,0.0,42.4,1.0,34.6,22.7,1.0,0,Core,0
19474,8.98,8.86,8.86,8.96,8.5,9.38,8.43,9.42,8.86,81.7,2.0,4.0,3.0,3.0,1.0,69.6,5.0,65.8,72.5,1.0,0,Core,1
30046,7.02,7.04,7.06,6.91,6.54,6.6,7.68,7.05,7.02,71.9,0.0,1.0,2.0,2.0,0.0,66.0,3.4,52.1,57.3,0.0,0,Core,0
37818,8.28,8.47,8.6,8.24,8.8,8.22,9.23,8.67,8.45,97.4,1.0,4.0,2.0,3.0,2.0,99.7,5.0,79.6,60.7,1.0,0,Core,1
3830,6.56,5.87,6.53,6.4,6.17,5.83,6.23,6.85,6.32,89.6,2.0,4.0,2.0,4.0,1.0,81.3,4.5,92.3,54.9,0.0,0,Core,1
27075,8.4,7.82,7.63,7.84,7.95,7.77,8.21,8.34,7.98,94.7,1.0,2.0,2.0,2.0,2.0,81.3,3.9,82.8,66.3,1.0,0,Core,1
21052,7.58,7.64,7.84,7.67,8.22,8.06,8.48,8.16,7.95,90.3,2.0,5.0,2.0,3.0,2.0,86.0,4.5,87.4,54.9,1.0,0,Core,1
34500,9.05,9.49,10.0,9.44,9.21,9.03,9.4,9.58,9.46,87.8,1.0,3.0,3.0,3.0,1.0,71.8,3.8,57.6,69.6,1.0,0,Core,1
559,5.49,5.62,5.45,5.9,5.11,5.06,4.96,5.65,5.57,68.0,2.0,2.0,2.0,2.0,1.0,80.5,3.9,57.6,54.9,0.0,0,Core,0
26896,7.35,7.92,7.69,7.78,8.26,8.12,8.38,7.81,9.75,88.3,3.0,5.0,3.0,3.0,1.0,99.9,4.6,98.8,60.9,1.0,0,Core,1
39390,5.88,6.61,6.45,5.94,5.86,5.58,6.47,5.99,6.04,73.2,2.0,2.0,2.0,2.0,1.0,65.2,2.7,63.6,52.9,1.0,0,Core,0
11839,9.38,9.26,8.92,9.41,9.47,9.7,10.0,9.63,9.56,74.5,2.0,3.0,2.0,2.0,2.0,69.6,4.9,75.5,73.4,1.0,0,Core,1
46260,4.67,4.0,4.24,4.5,4.0,4.42,4.0,4.23,4.3,53.4,0.0,1.0,0.0,1.0,0.0,47.2,1.5,22.8,27.9,1.0,0,Core,0
23813,7.05,7.55,7.37,6.28,6.88,7.13,7.41,7.37,7.33,71.3,1.0,2.0,2.0,2.0,1.0,61.4,3.7,48.1,56.3,1.0,0,Core,1
29540,8.4,8.16,8.13,8.12,7.81,8.09,8.31,8.27,8.08,79.5,1.0,2.0,2.0,1.0,1.0,73.6,3.5,58.0,45.8,1.0,0,Core,1
9667,10.0,10.0,10.0,9.67,9.9,10.0,10.0,9.95,9.59,100.0,2.0,2.0,4.0,3.0,2.0,75.5,4.3,81.7,93.7,1.0,0,Core,1
21112,8.6,8.42,9.16,8.8,8.83,8.13,9.02,9.04,8.58,80.7,2.0,3.0,3.0,3.0,3.0,87.1,4.4,73.1,88.9,1.0,0,Core,1
12815,10.0,10.0,9.99,10.0,9.92,10.0,10.0,10.0,9.88,83.3,3.0,3.0,2.0,4.0,1.0,100.0,4.1,57.6,56.7,1.0,0,Core,1
40446,6.72,6.43,7.07,6.92,6.92,6.92,6.46,6.15,6.63,73.7,1.0,2.0,2.0,2.0,1.0,57.9,2.6,58.7,54.9,1.0,0,Core,1
8436,7.1,7.33,7.35,7.47,7.32,7.29,7.74,7.43,7.54,81.2,3.0,4.0,4.0,2.0,1.0,95.2,3.9,76.9,74.7,1.0,0,Core,1
9986,7.76,7.34,8.0,8.13,7.8,7.72,8.57,7.83,7.84,67.3,2.0,2.0,1.0,1.0,1.0,68.0,3.0,56.7,68.6,0.0,0,Core,1
12487,5.37,6.61,5.88,6.35,6.13,6.4,6.35,6.2,4.43,53.11161973,0.0,2.0,2.0,1.0,1.0,36.0,4.3,7.8,48.2,0.0,0,Border,0
43562,9.63,9.97,9.79,9.79,9.43,9.11,10.0,9.09,9.67,88.5,1.0,4.0,3.0,3.0,2.0,85.2,3.2,67.8,54.9,1.0,0,Core,1
104,5.99,6.28,5.95,6.21,7.26,6.6,6.35,6.31,6.29,81.2,0.0,1.0,2.0,2.0,0.0,55.0,3.5,59.2,42.8,1.0,0,Core,0
48962,6.04,6.21,6.15,6.32,5.95,6.38,5.65,6.13,6.18,74.9,1.0,2.0,1.0,1.0,0.0,68.0,2.8,55.6,52.9,1.0,0,Core,1
36814,5.95,5.6,6.09,6.12,4.74,5.91,5.57,5.64,5.6,55.7,1.0,0.0,0.0,0.0,0.0,44.5,2.3,23.9,23.8,0.0,0,Core,0
26138,6.67,6.09,6.28,6.39,6.47,7.09,5.99,6.41,6.41,73.8,1.0,2.0,2.0,2.0,1.0,62.5,2.4,53.4,51.9,0.0,0,Core,1
33089,5.54,5.88,5.84,5.73,5.43,5.61,5.94,5.86,5.66,76.9,1.0,2.0,2.0,1.0,0.0,70.3,3.2,64.3,51.3,0.0,0,Core,0
16342,6.63,6.5,6.68,6.65,6.92,6.59,6.42,6.55,6.69,79.3,1.0,2.0,1.0,2.0,1.0,67.9,2.3,54.5,52.5,1.0,0,Core,0
40021,10.0,9.82,10.0,9.65,10.0,9.73,10.0,10.0,9.97,84.0,0.0,5.0,3.0,3.0,2.0,82.0,4.5,86.6,76.2,0.0,0,Core,1
39722,7.94,7.79,8.48,7.54,8.29,8.28,8.19,8.3,8.14,73.4,1.0,2.0,1.0,2.0,0.0,69.9,2.9,60.4,55.5,0.0,0,Core,1
14598,5.66,4.95,4.84,5.2,5.37,4.86,4.32,5.19,4.95,69.2,1.0,0.0,0.0,0.0,0.0,59.1,1.7,24.9,28.9,0.0,0,Core,0
1481,6.09,6.03,6.66,6.07,6.06,6.0,6.23,6.05,6.11,60.7,0.0,1.0,0.0,1.0,0.0,50.1,2.5,25.1,34.3,0.0,0,Core,0
16691,5.8,5.83,5.79,5.76,5.84,5.87,5.75,5.49,5.87,74.9,0.0,1.0,2.0,3.0,1.0,59.0,3.5,55.0,45.2,1.0,0,Core,0
19636,7.39,7.31,6.9,7.43,7.83,6.87,7.2,7.81,7.24,74.8,1.0,1.0,2.0,1.0,1.0,56.0,2.1,39.7,50.3,0.0,0,Core,0
3793,5.78,5.61,5.85,5.38,5.44,5.61,5.61,5.61,5.7,74.4,1.0,1.0,2.0,2.0,0.0,69.6,2.9,54.2,59.1,1.0,0,Core,0
4981,5.32,5.78,5.59,5.53,5.23,5.43,5.34,5.87,5.62,69.3,0.0,0.0,2.0,0.0,0.0,44.6,1.9,26.7,27.3,1.0,0,Core,0
19667,8.51,8.88,8.42,9.0,8.21,8.52,8.8,8.63,8.59,87.1,1.0,2.0,2.0,2.0,1.0,83.2,2.2,50.1,50.7,1.0,0,Core,1
24641,8.86,8.98,9.84,8.93,9.04,9.23,9.23,9.08,9.25,89.4,1.0,3.0,3.0,3.0,1.0,73.9,4.5,82.3,54.9,1.0,0,Core,1
7504,6.81,6.55,6.27,6.99,6.78,6.79,6.89,7.45,6.71,75.8,1.0,3.0,3.0,3.0,1.0,56.6,2.9,75.3,84.5,0.0,0,Core,1
12576,8.06,7.5,7.75,7.86,7.86,8.09,7.66,8.21,7.83,100.0,1.0,3.0,4.0,2.0,2.0,90.3,2.9,57.6,72.7,1.0,0,Core,1
7123,7.09,7.57,7.84,7.84,7.56,7.25,6.77,7.8,7.43,68.3,1.0,1.0,2.0,1.0,0.0,76.3,2.8,48.4,47.1,1.0,0,Core,1
38790,7.33,7.49,7.45,7.36,7.59,7.88,7.48,7.32,7.39,79.8,2.0,3.0,3.0,3.0,1.0,87.7,4.4,77.1,54.9,0.0,0,Core,1
1867,10.0,9.93,10.0,10.0,10.0,10.0,10.0,10.0,9.88,91.7,1.0,2.0,3.0,2.0,1.0,73.7,3.6,72.9,64.2,0.0,0,Core,1
13204,7.02,6.71,7.21,7.32,7.01,6.72,7.34,6.66,6.95,61.5,0.0,0.0,0.0,0.0,0.0,54.7,2.1,27.5,30.5,0.0,0,Core,0
24082,7.63,7.79,7.78,7.71,7.75,8.33,8.29,8.35,7.95,87.0,2.0,4.0,4.0,3.0,2.0,86.1,3.8,92.0,80.3,1.0,0,Core,1
33385,7.39,7.18,7.19,7.21,7.43,7.0,6.58,7.62,7.18,69.3,1.0,3.0,1.0,2.0,0.0,73.6,2.9,49.8,54.9,0.0,0,Core,1
849,7.09,7.05,6.89,7.1,7.05,6.76,6.84,7.64,6.99,89.0,1.0,1.0,1.0,1.0,1.0,69.3,2.2,55.0,57.6,1.0,0,Core,0
14050,8.37,8.07,8.7,8.37,8.14,8.62,7.97,8.39,8.28,94.7,2.0,4.0,2.0,4.0,1.0,84.3,3.3,79.0,69.3,0.0,0,Core,1
47308,7.17,6.64,6.55,6.78,6.29,6.86,5.96,6.41,6.48,72.2,1.0,2.0,1.0,2.0,1.0,69.0,2.0,40.5,48.3,0.0,0,Core,1
45634,6.88,6.87,7.24,7.74,7.73,7.3,7.88,7.25,7.26,96.4,1.0,2.0,2.0,2.0,1.0,52.8,3.3,60.0,56.2,1.0,0,Core,1
8659,9.75,10.0,9.81,10.0,10.0,10.0,9.47,10.0,9.86,79.1,2.0,3.0,2.0,4.0,3.0,80.8,3.5,63.7,71.8,1.0,0,Core,1
7516,4.4,4.04,4.0,4.05,4.35,4.0,4.05,4.0,4.12,57.2,0.0,1.0,2.0,0.0,0.0,55.0,2.4,28.4,19.4,0.0,0,Core,0
703,8.87,8.55,8.97,8.82,9.02,8.82,9.03,8.96,8.89,75.2,1.0,4.0,3.0,4.0,1.0,70.8,4.0,57.6,75.4,1.0,0,Core,1
31987,4.59,4.82,4.34,4.62,4.22,4.25,4.56,4.0,4.26,61.3,1.0,1.0,2.0,1.0,0.0,47.9,3.2,31.0,36.3,0.0,0,Core,0
28488,6.62,6.14,6.46,6.23,6.15,6.46,6.56,6.83,6.56,79.9,1.0,2.0,2.0,2.0,1.0,58.9,3.0,60.6,53.1,1.0,0,Core,0
47472,6.98,7.55,7.08,7.4,6.83,7.23,7.62,6.9,7.07,77.1,1.0,2.0,2.0,2.0,1.0,73.9,4.5,47.4,48.0,1.0,0,Core,1
42185,7.7,8.5,8.34,8.25,8.49,8.29,8.49,8.53,8.38,85.3,2.0,3.0,3.0,2.0,0.0,69.3,3.5,81.1,76.1,1.0,0,Core,1
25605,6.74,6.34,7.17,7.45,6.8,6.71,7.69,6.99,6.85,62.1,1.0,2.0,2.0,1.0,1.0,55.3,2.8,45.4,53.0,0.0,0,Core,1
35675,8.89,8.18,8.52,8.76,8.42,8.8,9.07,8.76,8.69,92.7,3.0,3.0,4.0,4.0,2.0,68.1,3.3,74.5,71.6,1.0,0,Core,1
4670,8.79,9.28,8.44,9.01,8.8,8.98,9.33,8.55,8.98,71.0,1.0,2.0,1.0,2.0,0.0,76.4,3.9,51.2,50.4,1.0,0,Core,1
28049,8.06,7.07,7.41,7.92,7.8,7.84,8.29,7.94,7.77,88.3,1.0,3.0,2.0,4.0,1.0,75.5,2.9,75.0,72.8,1.0,0,Core,1
35033,7.7,7.29,7.33,7.78,8.4,8.05,7.97,7.69,7.75,79.7,1.0,2.0,2.0,1.0,1.0,64.6,3.4,47.2,52.4,0.0,0,Core,0
18240,7.73,8.54,8.15,8.33,8.33,9.06,8.46,8.39,8.37,80.8,2.0,4.0,2.0,3.0,1.0,76.6,3.4,93.1,67.9,1.0,0,Core,1
26404,8.19,7.69,8.85,8.7,8.41,8.18,8.27,8.78,8.39,74.0,1.0,2.0,2.0,2.0,0.0,57.6,2.7,57.6,48.4,0.0,0,Core,1
11209,6.47,6.17,6.71,5.78,6.43,6.02,6.0,6.37,6.38,82.3,3.0,4.0,3.0,2.0,2.0,69.6,3.0,87.1,70.3,1.0,0,Core,1
31334,10.0,10.0,9.95,10.0,10.0,10.0,10.0,10.0,10.0,89.8,2.0,4.0,3.0,3.0,2.0,58.7,3.9,82.5,74.8,1.0,0,Core,1
43186,10.0,10.0,10.0,10.0,10.0,10.0,10.0,10.0,10.0,71.6,2.0,3.0,2.0,5.0,2.0,82.6,3.7,80.6,70.3,1.0,0,Core,1
48347,8.54,8.12,7.94,8.4,8.47,8.13,9.02,8.91,8.49,86.7,2.0,4.0,2.0,3.0,2.0,86.7,3.2,83.8,84.2,1.0,0,Core,1
777,8.53,8.21,8.37,8.52,8.55,8.58,8.86,9.05,8.52,86.1,3.0,3.0,4.0,3.0,2.0,88.5,3.5,73.5,71.6,0.0,0,Core,1
20772,9.12,9.49,9.68,10.0,9.71,9.97,10.0,9.21,9.58,85.9,1.0,4.0,3.0,2.0,1.0,85.6,3.3,76.6,72.9,1.0,0,Core,1
33265,9.64,9.69,10.0,10.0,9.95,10.0,10.0,10.0,9.72,85.4,1.0,3.0,3.0,2.0,1.0,89.8,3.2,86.9,78.0,1.0,0,Core,1
19215,7.09,6.67,6.82,7.19,7.16,6.88,7.31,7.11,7.02,76.7,1.0,1.0,1.0,1.0,0.0,61.8,3.2,52.9,43.8,0.0,0,Core,0
11798,7.75,7.32,7.29,7.52,7.92,7.61,7.34,8.26,7.64,70.0,2.0,2.0,2.0,3.0,0.0,71.9,2.9,52.0,44.9,1.0,0,Core,1
8666,6.47,6.97,6.52,6.94,6.7,6.29,6.88,6.64,6.59,77.0,1.0,3.0,2.0,2.0,1.0,72.6,2.4,47.9,50.4,1.0,0,Core,1
15014,7.09,7.46,6.77,6.02,7.09,6.8,6.9,7.0,6.75,92.9,1.0,2.0,1.0,1.0,1.0,52.4,3.1,39.9,54.9,1.0,0,Core,1
14225,8.31,7.44,7.48,7.93,7.68,7.34,7.46,7.39,7.64,61.0,1.0,2.0,2.0,2.0,1.0,64.8,3.7,51.4,47.5,1.0,0,Core,0
12869,7.51,7.48,8.13,7.65,7.36,8.0,8.32,7.5,7.84,59.5,0.0,1.0,2.0,1.0,1.0,69.9,3.7,51.7,52.5,1.0,0,Core,0
15046,6.66,6.9,6.81,6.71,6.42,6.75,6.59,6.72,6.56,71.1,1.0,1.0,1.0,2.0,0.0,66.7,2.5,60.7,48.4,1.0,0,Core,1
7837,8.07,7.23,8.01,7.51,7.88,7.65,7.93,7.51,4.02,51.74333825,1.0,2.0,2.0,3.0,0.0,35.7,3.6,4.9,61.8,0.0,0,Border,1
16090,5.23,5.48,5.23,5.05,4.91,4.96,5.17,4.82,5.06,60.9,0.0,0.0,0.0,1.0,0.0,44.5,2.2,34.4,29.9,1.0,0,Core,0
48553,9.77,9.4,9.84,9.37,9.45,9.37,9.48,9.84,9.59,85.6,2.0,3.0,3.0,3.0,1.0,85.4,3.5,86.9,60.5,1.0,0,Core,1
6101,6.54,6.44,6.76,6.51,6.69,6.39,6.93,6.23,6.44,73.2,1.0,2.0,1.0,1.0,0.0,75.6,3.5,58.1,55.4,0.0,0,Core,1
2056,8.41,8.26,8.22,7.95,8.0,8.38,8.34,8.01,8.34,72.2,1.0,2.0,2.0,1.0,0.0,70.7,2.7,60.1,48.7,0.0,0,Core,1
746,4.45,4.07,4.29,4.49,4.0,4.0,4.09,4.0,4.12,67.0,1.0,1.0,0.0,0.0,0.0,32.4,1.3,27.8,26.5,0.0,0,Core,0
13237,7.33,6.69,7.34,7.04,7.69,6.42,7.12,7.61,7.13,74.4,2.0,3.0,2.0,3.0,2.0,74.1,4.4,57.6,56.6,1.0,0,Core,1
13198,5.68,6.03,5.15,5.77,5.81,5.77,5.37,5.39,5.67,92.7,1.0,1.0,2.0,2.0,1.0,41.3,2.7,55.4,53.8,0.0,0,Core,0
49958,5.21,4.72,5.11,5.05,5.56,4.82,5.07,5.63,5.23,75.3,1.0,2.0,2.0,1.0,0.0,75.3,3.2,64.0,49.8,0.0,0,Core,0
20629,7.74,6.91,7.13,7.58,7.48,7.32,7.17,7.02,7.27,63.9,0.0,0.0,1.0,1.0,0.0,49.2,1.7,27.5,41.3,1.0,0,Core,0
2852,9.32,8.69,9.02,9.21,9.38,8.96,9.49,9.68,9.37,94.8,2.0,5.0,2.0,3.0,1.0,95.1,3.7,90.1,54.9,0.0,0,Core,1
39858,7.37,7.75,7.62,7.82,7.85,7.95,7.49,8.05,7.74,78.1,2.0,2.0,1.0,2.0,1.0,76.4,3.0,61.4,51.3,0.0,0,Core,1
20165,5.18,6.18,5.93,5.81,5.87,5.62,5.7,6.22,5.74,72.5,2.0,2.0,1.0,2.0,1.0,65.0,3.4,53.7,54.9,0.0,0,Core,1
19151,7.45,7.96,7.31,7.35,7.39,7.11,7.58,7.48,7.48,56.4,1.0,1.0,2.0,1.0,0.0,65.0,2.2,57.6,56.6,1.0,0,Core,1
46520,9.87,10.0,10.0,9.85,10.0,10.0,10.0,10.0,9.9,89.8,2.0,4.0,3.0,3.0,2.0,81.7,3.2,86.3,70.5,0.0,0,Core,1
10747,6.85,6.82,6.37,6.77,6.33,6.64,5.67,5.82,6.25,62.2,0.0,1.0,1.0,0.0,0.0,44.7,3.0,25.6,32.7,1.0,0,Core,0
28151,8.1,8.48,8.36,8.26,8.71,8.44,8.33,8.65,8.29,82.6,1.0,3.0,2.0,3.0,2.0,75.5,3.9,80.0,77.2,1.0,0,Core,1
3037,6.94,6.76,6.14,6.81,6.63,6.03,6.57,6.38,6.53,50.3,1.0,1.0,2.0,2.0,1.0,64.8,4.1,55.3,52.7,0.0,0,Core,1
7461,6.06,6.83,6.6,6.15,6.52,6.79,6.96,6.44,6.35,71.3,1.0,1.0,2.0,2.0,1.0,69.8,3.0,52.3,44.0,1.0,0,Core,1
24114,6.29,5.49,5.48,6.06,5.54,5.79,5.68,5.72,5.57,50.0,0.0,1.0,1.0,1.0,0.0,60.6,1.2,26.4,31.7,0.0,0,Core,0
22643,6.77,7.14,7.24,6.69,7.15,7.08,7.34,6.98,9.75,85.4,3.0,5.0,3.0,5.0,1.0,98.8,4.7,96.6,76.2,1.0,0,Border,1
1683,6.07,5.23,6.49,6.2,6.25,6.44,5.64,6.09,5.92,81.2,0.0,1.0,2.0,2.0,1.0,64.8,3.1,64.8,57.8,1.0,0,Core,0
4878,7.01,7.44,7.27,7.25,7.54,7.14,7.23,7.15,7.21,72.9,1.0,2.0,2.0,1.0,1.0,78.7,4.0,59.5,51.8,1.0,0,Core,1
13724,10.0,10.0,9.97,10.0,9.96,10.0,10.0,10.0,9.76,84.2,2.0,3.0,2.0,3.0,1.0,74.1,3.7,80.4,69.1,1.0,0,Core,1
10902,7.44,7.43,7.31,6.97,7.16,7.27,7.39,6.99,7.19,78.7,1.0,2.0,2.0,1.0,0.0,62.2,2.7,56.7,44.4,1.0,0,Core,1
49636,6.79,6.48,7.02,7.82,7.45,7.5,7.13,7.55,7.15,70.4,0.0,2.0,1.0,2.0,1.0,67.4,3.3,74.7,63.5,0.0,0,Core,1
21740,8.94,9.43,9.39,9.35,8.81,9.51,9.1,9.63,9.23,87.5,1.0,2.0,3.0,2.0,1.0,77.0,4.0,72.1,69.2,1.0,0,Core,1
5429,5.33,5.33,4.98,5.02,5.44,5.49,4.74,5.41,5.36,77.2,1.0,1.0,2.0,1.0,1.0,84.5,3.4,54.0,54.9,1.0,0,Core,0
15889,6.49,6.0,6.85,6.59,6.58,6.72,6.54,6.12,6.49,87.7,0.0,1.0,2.0,2.0,0.0,65.5,2.1,66.6,54.9,1.0,0,Core,0
29365,6.93,6.39,7.31,7.33,7.07,7.1,7.44,7.03,7.15,81.0,2.0,3.0,3.0,3.0,1.0,97.5,4.1,57.6,64.5,1.0,0,Core,1
36450,8.63,8.73,8.4,8.76,9.37,8.77,7.68,8.31,8.58,82.1,1.0,2.0,1.0,2.0,0.0,68.7,3.2,59.6,50.6,0.0,0,Core,1
41758,7.28,7.64,7.19,7.11,7.77,7.7,7.56,7.38,7.47,73.1,1.0,3.0,2.0,2.0,1.0,69.6,3.6,57.6,49.0,1.0,0,Core,1
7983,7.32,7.43,6.52,7.14,7.48,7.31,7.52,7.26,7.35,81.4,0.0,3.0,2.0,1.0,0.0,69.0,2.8,64.5,51.3,0.0,0,Core,1
8181,10.0,10.0,9.94,10.0,9.9,9.98,10.0,10.0,9.98,92.1,2.0,3.0,3.0,2.0,1.0,82.4,4.4,87.5,84.7,1.0,0,Core,1
23317,6.23,5.98,6.45,6.65,6.55,6.0,6.11,6.7,6.37,76.7,1.0,2.0,1.0,2.0,1.0,69.3,3.1,57.5,44.6,1.0,0,Core,0
25892,6.69,6.76,6.42,7.11,7.05,7.09,7.38,7.59,7.01,82.8,1.0,2.0,2.0,4.0,2.0,89.0,4.5,86.0,72.5,1.0,0,Core,1
20490,7.59,7.57,8.21,7.84,7.54,8.06,8.05,8.32,7.82,89.3,2.0,4.0,2.0,2.0,1.0,99.5,2.9,57.6,54.9,0.0,0,Core,1
9607,5.31,5.54,5.74,5.03,5.84,4.74,5.23,4.96,5.19,66.1,0.0,1.0,2.0,1.0,0.0,40.9,2.1,57.6,24.6,0.0,0,Core,0
31688,5.55,5.26,5.47,5.25,5.27,5.05,5.39,5.53,5.32,67.1,1.0,1.0,2.0,2.0,0.0,69.6,2.3,48.1,51.2,0.0,0,Core,0
20974,5.42,5.41,4.7,4.95,4.74,4.18,4.38,5.27,4.87,60.9,0.0,0.0,1.0,1.0,0.0,57.5,1.4,27.8,24.8,0.0,0,Core,0
14961,4.11,4.31,4.05,4.0,4.2,4.0,4.1,4.0,4.05,68.1,2.0,1.0,2.0,2.0,1.0,52.1,2.6,62.3,58.3,0.0,0,Core,0
4832,9.97,9.39,9.78,10.0,9.31,10.0,9.92,9.78,9.68,71.7,1.0,2.0,2.0,1.0,0.0,60.0,3.5,60.5,51.4,1.0,0,Core,1
15881,8.1,7.83,7.28,8.43,8.02,8.21,8.85,8.43,8.12,87.4,3.0,3.0,3.0,5.0,2.0,69.6,3.2,86.0,73.3,1.0,0,Core,1
14262,5.03,5.25,5.48,5.54,4.89,5.69,5.34,4.97,5.3,56.5,1.0,1.0,2.0,0.0,0.0,46.6,1.2,25.2,31.9,0.0,0,Core,0
34198,7.0,6.96,6.94,6.89,6.78,6.49,6.62,6.48,6.75,56.8,0.0,1.0,2.0,1.0,0.0,49.5,2.4,57.6,28.6,0.0,0,Core,0
1001,10.0,10.0,10.0,10.0,10.0,10.0,10.0,10.0,9.86,80.0,2.0,2.0,2.0,3.0,2.0,100.0,3.9,53.8,78.0,1.0,0,Core,1
13115,7.12,7.48,7.02,7.23,7.23,7.09,7.36,7.18,7.22,83.0,1.0,2.0,2.0,3.0,1.0,78.1,2.2,48.3,59.1,0.0,0,Core,0
18873,6.83,6.86,6.88,6.82,6.76,6.59,6.65,7.2,7.0,76.1,1.0,2.0,2.0,2.0,0.0,61.4,3.0,69.3,44.2,0.0,0,Core,1
30971,6.79,7.17,6.63,6.58,7.09,6.88,6.63,7.64,6.95,80.6,1.0,2.0,2.0,2.0,0.0,65.4,3.7,51.1,50.5,1.0,0,Core,1
3987,8.96,9.38,10.0,9.51,9.25,10.0,10.0,9.41,9.59,85.4,3.0,5.0,3.0,3.0,1.0,88.3,3.2,86.3,80.2,1.0,0,Core,1
12790,5.56,6.23,6.0,5.88,6.11,5.81,5.88,6.19,5.9,87.4,1.0,2.0,2.0,2.0,0.0,55.3,3.1,58.6,56.5,0.0,0,Core,1
35643,5.7,6.28,6.36,6.18,6.55,6.64,6.13,6.41,6.37,91.7,1.0,1.0,2.0,3.0,0.0,61.3,3.2,52.2,58.3,0.0,0,Core,0
13696,7.14,7.04,6.27,6.7,7.08,7.26,7.17,6.78,6.81,92.6,1.0,3.0,2.0,4.0,1.0,83.1,4.1,100.0,73.2,0.0,0,Core,1
13476,7.54,7.71,7.83,7.65,7.26,7.82,7.61,7.48,7.49,81.0,2.0,4.0,3.0,3.0,2.0,89.8,4.8,94.7,54.9,1.0,0,Core,1
11750,7.29,6.63,7.15,6.97,6.86,7.39,6.9,6.92,6.94,77.5,2.0,5.0,3.0,4.0,2.0,92.5,4.2,85.7,63.4,0.0,0,Core,1
10593,6.6,6.6,6.64,5.82,6.08,6.73,6.16,6.21,6.34,88.4,1.0,3.0,2.0,2.0,1.0,49.1,2.6,57.3,60.3,1.0,0,Core,0
36536,6.5,6.97,7.3,7.43,7.34,7.63,6.53,7.27,7.12,71.7,1.0,2.0,2.0,2.0,1.0,68.8,2.6,52.7,57.5,1.0,0,Core,1
19272,7.57,7.03,6.47,7.21,6.51,6.51,6.44,6.55,6.85,51.2,0.0,0.0,0.0,0.0,0.0,44.2,2.8,30.2,54.9,0.0,0,Core,0
40740,8.02,7.98,8.15,8.19,8.13,8.21,9.02,8.61,8.23,74.2,1.0,3.0,3.0,3.0,2.0,80.8,3.9,86.3,92.2,0.0,0,Core,1
45397,4.68,4.23,4.95,4.46,4.38,4.71,4.45,4.0,4.51,71.9,0.0,1.0,1.0,0.0,0.0,47.5,1.0,29.7,27.6,0.0,0,Core,0
11873,8.39,7.46,8.1,8.19,7.96,8.31,8.66,8.3,8.07,86.9,3.0,3.0,3.0,2.0,1.0,94.8,3.6,75.5,73.8,1.0,0,Core,1
7479,5.95,6.39,5.72,6.55,5.67,5.38,5.41,5.19,5.68,56.8,1.0,1.0,1.0,0.0,0.0,69.6,2.0,32.3,27.1,1.0,0,Core,0
21082,8.0,8.46,8.69,8.26,8.86,7.78,8.79,8.12,8.46,77.2,1.0,2.0,3.0,2.0,1.0,67.8,3.7,51.6,49.2,1.0,0,Core,1
13294,7.27,6.85,7.22,7.53,7.24,7.27,7.44,7.4,7.37,94.6,2.0,3.0,3.0,4.0,2.0,87.9,4.1,86.6,88.4,1.0,0,Core,1
24024,7.44,7.49,7.86,6.79,7.61,7.11,8.28,8.0,7.46,87.6,0.0,3.0,2.0,2.0,0.0,58.3,3.4,56.2,46.7,1.0,0,Core,1
23126,8.0,8.1,7.82,7.72,7.96,8.36,7.67,8.4,8.04,82.6,1.0,1.0,2.0,1.0,1.0,80.6,2.2,51.2,44.5,1.0,0,Core,1
11661,6.39,6.49,6.58,5.66,6.08,6.11,6.24,5.91,6.19,61.4,0.0,0.0,1.0,1.0,0.0,46.3,1.6,30.6,35.5,0.0,0,Core,0
38199,7.03,6.95,7.28,7.7,7.68,7.21,7.25,7.55,7.39,76.5,1.0,2.0,2.0,1.0,0.0,83.4,1.8,57.3,49.5,1.0,0,Core,1
6751,8.49,7.79,8.54,8.18,8.9,8.1,8.65,8.18,8.5,88.0,1.0,4.0,2.0,3.0,2.0,100.0,4.2,83.4,79.2,1.0,0,Core,1
48819,6.23,5.54,5.66,5.72,5.58,5.64,5.71,5.36,5.7,56.4,1.0,1.0,0.0,1.0,0.0,42.0,1.0,34.5,28.0,0.0,0,Core,0
7917,8.45,8.34,8.15,7.91,8.4,8.23,8.82,8.27,8.25,83.8,1.0,1.0,2.0,1.0,1.0,69.6,3.3,61.0,47.5,1.0,0,Core,1
16605,9.21,8.8,9.14,8.97,8.87,9.64,9.38,9.49,9.07,97.8,3.0,3.0,3.0,3.0,2.0,85.0,4.5,64.5,67.2,1.0,0,Core,1
5368,8.73,8.6,9.27,8.83,8.4,8.59,8.93,8.41,8.64,59.4,1.0,2.0,0.0,1.0,0.0,82.6,2.5,56.3,39.6,1.0,0,Core,1
3445,6.14,5.54,5.63,5.49,5.24,5.45,5.44,4.62,5.37,62.2,0.0,1.0,0.0,0.0,0.0,48.9,1.9,27.7,31.1,0.0,0,Core,0
8570,8.72,9.23,9.28,9.66,9.23,9.52,9.25,10.0,9.28,73.4,2.0,3.0,3.0,4.0,1.0,96.0,3.1,76.5,72.9,1.0,0,Core,1
8930,6.48,5.96,5.55,5.31,5.91,5.3,5.55,5.56,5.79,61.8,0.0,0.0,0.0,0.0,0.0,40.4,1.3,30.3,31.0,0.0,0,Core,0
21908,9.38,9.53,9.15,9.81,10.0,9.46,9.49,9.55,9.44,100.0,2.0,4.0,2.0,4.0,3.0,71.2,4.4,74.0,70.5,1.0,0,Core,1
3932,7.61,7.54,7.63,7.73,8.15,7.55,7.79,7.75,7.79,96.4,2.0,4.0,3.0,2.0,2.0,79.8,4.3,78.8,54.9,0.0,0,Core,1
5349,7.11,7.48,7.15,7.18,7.3,6.7,6.88,6.85,7.28,84.6,1.0,2.0,1.0,1.0,0.0,67.6,2.0,53.8,44.7,0.0,0,Core,1
28245,4.04,4.58,4.17,4.0,4.0,4.0,4.42,4.18,4.16,60.6,0.0,1.0,0.0,0.0,0.0,55.1,2.1,29.6,54.9,0.0,0,Core,0
32605,5.31,5.47,5.49,5.64,5.58,5.03,5.13,5.28,5.21,68.1,0.0,1.0,1.0,0.0,0.0,45.8,1.0,29.2,28.8,0.0,0,Core,0
11536,5.21,5.15,5.32,5.5,4.99,5.49,5.33,4.64,5.04,53.0,0.0,1.0,1.0,0.0,0.0,41.4,2.0,25.9,31.3,0.0,0,Core,0
17122,8.02,7.79,7.63,8.14,7.43,7.95,7.7,7.27,7.79,80.6,1.0,2.0,1.0,1.0,0.0,71.3,3.0,45.3,54.6,1.0,0,Core,1
46474,4.88,5.31,5.38,5.39,4.83,5.34,4.94,5.0,5.2,59.6,0.0,1.0,1.0,1.0,0.0,46.4,2.2,19.9,28.8,1.0,0,Core,0
22349,7.28,8.02,8.08,8.22,7.8,8.21,8.08,7.85,7.91,86.3,2.0,3.0,3.0,3.0,2.0,95.1,3.5,70.8,61.4,1.0,0,Core,1
26261,6.61,6.46,6.39,6.59,6.43,5.96,6.55,6.62,6.45,75.0,1.0,2.0,1.0,2.0,1.0,57.8,3.0,56.5,57.8,1.0,0,Core,1
16136,5.11,5.25,4.96,5.56,4.94,5.03,5.08,5.21,5.07,79.9,1.0,1.0,2.0,2.0,1.0,58.7,3.4,48.1,50.1,1.0,0,Core,0
10501,7.28,6.86,7.35,7.58,7.58,7.73,7.54,7.91,7.39,92.9,2.0,3.0,2.0,4.0,2.0,98.8,3.8,92.4,47.0,1.0,0,Core,1
18234,9.13,9.43,9.4,9.37,9.96,9.72,10.0,9.82,9.43,84.5,2.0,2.0,4.0,5.0,1.0,83.1,4.0,73.6,82.1,0.0,0,Core,1
13296,5.47,5.51,5.48,5.57,5.23,5.27,5.41,5.29,5.22,71.3,2.0,3.0,3.0,4.0,2.0,73.1,4.6,80.6,53.4,0.0,0,Border,1
28715,7.04,6.22,6.36,6.4,6.15,6.28,6.26,6.38,6.44,76.8,0.0,2.0,1.0,1.0,0.0,74.4,3.2,66.6,49.3,1.0,0,Core,0
27661,7.32,7.28,7.17,6.98,7.61,7.43,7.6,8.35,7.46,68.5,2.0,3.0,2.0,4.0,2.0,74.4,4.7,85.6,87.1,1.0,0,Core,1
13269,4.54,4.27,4.14,4.0,4.0,4.07,4.0,4.31,4.38,60.4,1.0,0.0,1.0,0.0,0.0,69.6,1.3,26.1,32.9,1.0,0,Core,0
47920,5.12,5.44,5.46,5.43,5.76,5.47,5.9,5.4,5.51,96.4,2.0,4.0,3.0,2.0,2.0,90.1,4.2,78.7,72.2,1.0,0,Core,1
34429,7.18,6.51,6.66,6.86,6.63,6.48,7.12,6.75,6.83,68.1,0.0,2.0,2.0,2.0,1.0,73.0,3.4,53.8,52.1,1.0,0,Core,1
3266,8.95,9.04,9.42,9.12,9.42,9.08,9.51,9.51,9.36,100.0,1.0,4.0,3.0,4.0,2.0,85.3,4.1,88.3,54.9,1.0,0,Core,1
45851,7.95,7.64,8.37,8.56,7.49,7.67,8.08,8.16,8.01,80.4,1.0,2.0,2.0,2.0,0.0,69.1,2.6,46.7,55.9,0.0,0,Core,1
15005,10.0,9.56,9.43,9.44,10.0,9.8,10.0,9.8,9.92,96.1,3.0,4.0,3.0,2.0,2.0,77.8,4.4,71.0,60.7,0.0,0,Core,1
22397,6.06,6.4,6.1,6.54,6.2,6.46,5.81,6.17,6.16,69.7,1.0,1.0,0.0,1.0,0.0,52.5,1.2,26.7,34.8,0.0,0,Core,0
34430,8.42,8.31,8.65,9.14,9.16,8.82,9.0,8.67,8.71,87.6,3.0,3.0,3.0,4.0,2.0,83.2,4.9,57.6,69.6,0.0,0,Core,1
24213,8.39,8.9,8.91,8.63,8.62,9.23,8.79,8.52,8.79,63.6,1.0,2.0,0.0,1.0,0.0,71.9,2.5,53.9,54.9,1.0,0,Core,1
44043,8.82,9.46,9.27,9.03,9.18,9.11,9.14,9.5,9.28,93.5,1.0,2.0,3.0,3.0,2.0,82.3,4.9,59.8,71.5,1.0,0,Core,1
6523,6.76,5.84,6.71,6.96,6.53,6.72,6.62,6.35,6.46,69.0,1.0,2.0,2.0,1.0,0.0,67.7,3.3,63.8,51.0,1.0,0,Core,1
28633,7.56,7.53,7.83,7.55,7.72,7.44,7.31,7.7,7.67,73.3,1.0,2.0,2.0,2.0,1.0,67.2,3.6,67.0,59.9,1.0,0,Core,1
47704,7.74,7.28,7.37,7.49,7.9,7.97,7.72,7.64,7.62,77.0,2.0,5.0,2.0,3.0,2.0,67.3,4.1,81.3,57.0,0.0,0,Core,1
20212,9.77,9.54,9.2,9.78,9.97,9.67,9.9,9.75,9.76,79.7,2.0,4.0,3.0,3.0,2.0,69.6,3.7,70.3,57.9,1.0,0,Core,1
31723,8.8,8.85,8.17,8.82,9.35,8.99,8.87,8.9,8.78,89.0,2.0,4.0,3.0,4.0,3.0,61.2,5.0,85.5,57.7,1.0,0,Core,1
4895,6.3,6.82,6.87,6.32,7.27,6.89,7.18,6.83,6.85,82.7,0.0,1.0,2.0,2.0,0.0,71.9,2.2,65.3,49.4,1.0,0,Core,1
15192,10.0,9.85,9.74,10.0,10.0,10.0,10.0,10.0,9.93,88.0,2.0,4.0,3.0,4.0,2.0,76.1,4.9,59.6,67.9,1.0,0,Core,1
18210,5.72,5.8,6.15,5.25,5.62,5.83,5.4,5.24,5.79,71.4,1.0,2.0,2.0,2.0,0.0,69.6,3.1,79.2,47.2,0.0,0,Core,0
39809,9.57,9.9,10.0,9.84,10.0,10.0,10.0,9.8,9.76,66.8,2.0,2.0,2.0,3.0,1.0,85.9,4.3,84.4,62.1,1.0,0,Core,1
30546,7.54,7.06,7.42,7.86,7.44,7.63,7.86,8.26,4.02,51.02783398,1.0,2.0,2.0,2.0,1.0,30.5,2.8,8.5,60.0,0.0,0,Border,1
7668,7.66,6.66,8.07,7.61,7.47,7.39,7.7,7.54,7.66,85.4,1.0,1.0,1.0,2.0,0.0,73.5,3.5,53.3,55.0,0.0,0,Core,1
28074,6.54,6.28,6.8,6.67,6.2,7.06,6.32,6.97,6.51,68.3,0.0,3.0,1.0,2.0,0.0,64.0,2.0,54.8,54.6,1.0,0,Core,0
34015,4.0,4.0,4.0,4.0,4.31,4.0,4.0,4.0,4.04,60.5,0.0,1.0,0.0,1.0,1.0,50.9,2.2,26.3,29.0,0.0,0,Core,0
31119,7.86,8.43,8.61,7.71,8.89,8.81,8.48,8.11,8.43,81.9,1.0,2.0,1.0,1.0,0.0,54.5,4.0,57.6,61.9,1.0,0,Core,1
461,7.88,8.45,8.13,7.66,7.69,7.97,7.86,8.17,7.93,92.2,1.0,4.0,3.0,3.0,1.0,88.9,4.5,57.6,57.5,1.0,0,Core,1
28187,6.67,6.48,5.94,7.05,6.8,6.14,6.49,6.51,6.5,81.3,1.0,3.0,2.0,1.0,0.0,73.2,2.3,54.1,64.1,0.0,0,Core,0
25681,6.64,7.05,6.25,6.73,7.06,7.2,6.97,6.87,6.75,81.1,0.0,2.0,2.0,3.0,1.0,64.6,1.8,47.2,42.7,0.0,0,Core,0
11681,5.39,6.19,6.02,5.65,5.88,6.02,5.42,6.34,5.84,72.2,2.0,5.0,2.0,4.0,1.0,79.3,4.5,88.2,91.9,1.0,0,Border,1
12948,7.01,7.72,7.0,7.38,7.58,7.23,8.22,7.94,7.36,91.4,3.0,3.0,2.0,3.0,3.0,91.9,4.2,70.0,80.8,1.0,0,Core,1
14238,9.58,9.59,9.47,9.67,9.61,9.88,9.7,9.81,9.69,82.7,1.0,4.0,2.0,3.0,2.0,76.5,3.7,79.8,72.2,1.0,0,Core,1
7687,5.14,4.69,5.18,5.3,5.28,5.9,5.2,5.81,5.37,88.0,1.0,2.0,2.0,2.0,0.0,72.2,3.0,46.1,49.8,0.0,0,Core,1
46605,7.98,8.4,7.89,8.35,8.75,8.16,9.02,8.32,8.54,79.5,1.0,2.0,2.0,1.0,1.0,65.8,3.2,61.1,62.4,0.0,0,Core,1
23443,4.22,4.0,4.0,4.23,4.03,4.0,4.0,4.0,4.02,66.4,0.0,1.0,0.0,1.0,0.0,38.4,2.1,29.7,29.9,0.0,0,Core,0
9932,7.19,7.75,7.4,7.82,8.75,7.52,7.42,8.08,7.5,80.6,2.0,4.0,3.0,4.0,2.0,100.0,4.3,74.3,65.3,1.0,0,Core,1
32939,7.71,7.19,7.86,7.28,7.45,7.76,7.54,7.94,7.73,68.5,0.0,0.0,0.0,0.0,0.0,54.1,2.5,32.6,25.7,0.0,0,Core,0
28217,10.0,10.0,10.0,10.0,10.0,10.0,9.63,10.0,10.0,87.3,1.0,3.0,4.0,2.0,1.0,57.7,4.2,66.8,84.5,1.0,0,Core,1
8455,6.21,6.18,5.38,5.46,5.52,5.92,5.36,5.86,5.76,64.3,0.0,0.0,1.0,1.0,0.0,49.8,2.0,57.6,30.4,0.0,0,Core,0
5842,7.73,8.3,8.25,7.78,7.73,8.2,8.32,7.94,7.78,88.1,3.0,2.0,2.0,4.0,1.0,83.6,4.8,83.3,75.3,1.0,0,Core,1
13376,9.05,8.83,9.18,8.65,8.68,8.75,8.83,8.79,8.76,98.2,0.0,2.0,1.0,1.0,0.0,58.9,2.2,48.1,56.0,1.0,0,Core,0
37380,6.74,6.89,7.18,6.41,7.48,6.94,6.56,6.95,6.85,78.5,2.0,2.0,2.0,1.0,1.0,60.1,4.2,50.5,52.4,0.0,0,Core,1
2136,7.0,6.58,6.64,6.57,6.48,6.78,7.11,6.3,6.7,64.7,0.0,0.0,1.0,1.0,0.0,52.3,2.9,30.2,54.9,0.0,0,Core,0
7818,5.43,5.64,5.34,4.88,4.86,5.45,5.08,5.05,5.21,65.5,0.0,0.0,1.0,1.0,0.0,45.3,2.3,31.0,33.0,0.0,0,Core,0
1378,6.39,6.61,6.45,6.56,6.83,6.94,6.71,7.11,6.67,60.0,1.0,2.0,2.0,2.0,0.0,68.2,2.2,57.6,50.9,1.0,0,Core,0
10176,8.55,8.2,8.25,8.78,8.62,8.66,9.23,8.58,8.72,89.0,1.0,4.0,2.0,2.0,1.0,81.5,3.5,90.6,54.9,0.0,0,Core,1
4690,5.91,6.29,6.6,5.77,6.47,6.1,5.9,5.72,6.16,50.3,1.0,1.0,2.0,1.0,0.0,52.5,1.6,32.6,54.9,1.0,0,Core,0
28427,7.85,7.55,8.16,7.39,7.52,8.29,7.85,7.6,7.75,98.1,2.0,3.0,3.0,3.0,2.0,92.7,3.8,80.6,49.5,1.0,0,Core,1
46128,7.0,6.27,6.12,6.39,6.6,6.51,6.32,6.38,6.61,67.3,0.0,1.0,1.0,0.0,0.0,44.6,2.3,28.3,28.2,1.0,0,Core,0
20185,6.97,6.83,7.05,7.07,7.27,6.53,7.18,6.97,6.72,65.0,1.0,1.0,1.0,1.0,0.0,82.8,2.9,48.6,54.9,0.0,0,Core,1
49386,4.28,4.48,4.2,4.4,4.67,4.0,4.04,4.28,4.33,58.6,0.0,0.0,0.0,0.0,0.0,44.4,1.8,29.7,30.4,0.0,0,Core,0
40578,4.87,5.2,5.48,4.86,4.96,5.0,4.38,4.38,4.81,58.9,0.0,0.0,0.0,0.0,0.0,69.6,2.3,35.6,23.8,0.0,0,Core,0
11814,6.95,7.1,7.1,7.48,7.84,7.53,7.36,7.6,7.52,87.5,3.0,3.0,3.0,2.0,2.0,92.1,5.0,57.6,79.2,1.0,0,Core,1
27521,8.36,9.26,8.47,9.18,8.89,8.49,8.97,8.33,8.73,75.5,0.0,1.0,2.0,2.0,0.0,64.8,3.5,57.6,48.8,0.0,0,Core,1
42505,8.32,9.07,8.45,8.43,8.66,8.56,9.12,8.84,8.87,67.4,2.0,2.0,4.0,3.0,2.0,83.4,3.6,57.6,66.3,1.0,0,Core,1
24354,6.39,6.39,6.33,6.48,6.67,6.12,6.81,6.83,6.37,74.6,3.0,2.0,2.0,3.0,1.0,94.7,4.0,53.9,70.6,0.0,0,Core,1
22295,6.91,6.96,6.93,7.39,6.93,6.9,6.66,7.13,7.03,74.8,1.0,2.0,2.0,2.0,1.0,83.4,3.7,57.6,87.9,0.0,0,Core,1
47725,6.36,6.23,6.74,6.66,6.38,6.79,6.22,6.56,6.26,89.6,1.0,2.0,1.0,3.0,1.0,79.3,3.6,83.8,67.8,1.0,0,Core,1
31462,8.64,8.98,9.03,8.04,8.89,8.51,8.68,8.99,8.73,100.0,2.0,3.0,2.0,2.0,2.0,81.0,3.8,68.6,73.7,0.0,0,Core,1
31870,5.23,4.75,4.51,5.07,4.7,4.84,4.77,4.42,4.65,55.2,0.0,1.0,1.0,1.0,0.0,42.4,2.3,23.0,29.9,0.0,0,Core,0
39164,9.48,9.28,9.4,9.65,9.19,9.32,9.25,9.55,9.35,70.8,1.0,4.0,4.0,3.0,1.0,84.0,3.2,62.0,72.1,1.0,0,Core,1
47877,8.95,9.0,10.0,9.4,9.31,9.54,10.0,9.58,9.38,76.9,2.0,4.0,3.0,5.0,1.0,96.1,4.6,83.7,67.0,1.0,0,Core,1
4257,5.82,6.47,5.37,6.18,5.81,6.13,6.08,6.07,5.99,64.3,1.0,1.0,1.0,0.0,0.0,37.1,2.6,31.6,31.6,0.0,0,Core,0
5188,7.57,7.16,7.87,7.55,7.85,7.84,7.23,7.58,7.5,80.2,0.0,2.0,1.0,2.0,0.0,73.6,2.2,72.1,54.9,0.0,0,Core,1
29761,4.93,4.0,4.67,4.66,4.95,4.27,4.18,4.85,4.48,57.5,1.0,1.0,1.0,0.0,0.0,45.0,2.4,31.2,22.5,0.0,0,Core,0
4741,7.92,7.57,8.0,7.83,7.8,8.15,8.27,7.78,7.81,74.0,1.0,2.0,1.0,1.0,0.0,68.8,2.9,57.6,47.9,0.0,0,Core,1
47836,5.99,5.95,6.57,5.64,5.89,5.19,5.9,5.57,5.81,58.3,0.0,0.0,0.0,0.0,0.0,49.8,1.9,25.9,27.6,0.0,0,Core,0
6014,8.14,8.53,7.59,7.96,8.3,8.06,8.64,8.12,8.25,76.9,1.0,2.0,1.0,1.0,1.0,68.7,3.1,53.9,44.6,1.0,0,Core,1
16056,7.12,6.63,6.36,6.57,7.3,7.1,6.24,6.9,9.81,69.1,3.0,5.0,2.0,1.0,1.0,69.6,3.2,99.8,48.6,0.0,0,Border,1
3701,9.17,8.52,8.56,8.87,9.24,8.96,8.81,8.53,8.76,73.8,1.0,1.0,2.0,2.0,1.0,51.7,3.0,50.6,58.9,0.0,0,Core,1
217,9.55,9.98,10.0,9.7,10.0,9.84,9.53,10.0,9.85,87.5,1.0,3.0,3.0,4.0,1.0,89.9,3.8,85.1,60.4,1.0,0,Core,1
40469,7.48,7.97,7.61,8.07,7.72,8.4,7.98,7.93,8.01,71.9,1.0,2.0,2.0,1.0,0.0,71.3,2.9,49.4,60.3,0.0,0,Core,1
23895,9.69,10.0,9.94,9.99,10.0,10.0,10.0,10.0,9.9,73.5,2.0,3.0,4.0,3.0,1.0,79.0,4.3,57.6,73.6,0.0,0,Core,1
30501,5.55,5.5,5.99,5.42,5.68,5.37,4.91,5.17,5.42,65.6,0.0,1.0,0.0,1.0,0.0,48.1,1.9,25.8,27.8,0.0,0,Core,0
27238,7.78,7.96,7.48,8.05,7.82,8.06,8.52,7.79,7.8,65.7,1.0,2.0,1.0,1.0,1.0,69.5,2.4,51.0,43.5,1.0,0,Core,1
13884,8.13,8.69,8.41,9.58,9.16,8.33,8.11,9.21,8.68,98.5,1.0,3.0,4.0,2.0,1.0,81.9,5.0,75.4,75.5,1.0,0,Core,1
21548,5.48,4.8,4.9,4.97,5.55,4.96,5.05,4.26,5.17,66.6,1.0,0.0,1.0,1.0,0.0,47.3,1.7,33.2,26.9,1.0,0,Core,0
22511,6.94,6.44,6.16,6.92,6.87,6.32,6.74,6.78,6.54,72.5,0.0,2.0,1.0,2.0,0.0,59.4,3.5,57.0,42.9,1.0,0,Core,1
11036,4.89,4.55,4.66,4.62,4.83,4.32,4.91,5.31,4.83,56.1,1.0,0.0,0.0,0.0,0.0,45.0,1.9,30.1,28.8,0.0,0,Core,0
20692,4.42,4.08,4.08,4.36,4.32,4.24,4.59,4.0,4.17,58.6,0.0,1.0,1.0,0.0,0.0,43.9,1.4,57.6,21.4,0.0,0,Core,0
35721,6.84,7.52,6.78,7.12,8.11,7.37,7.43,7.79,7.39,83.4,1.0,4.0,3.0,3.0,2.0,82.6,3.4,80.1,63.3,1.0,0,Core,1
14505,8.46,7.88,8.74,8.16,8.55,9.01,8.71,8.68,8.6,84.2,2.0,3.0,2.0,3.0,1.0,78.1,4.4,69.9,68.6,0.0,0,Core,1
7894,6.56,6.97,6.36,6.53,7.08,7.21,7.2,7.63,6.89,81.3,2.0,2.0,3.0,1.0,0.0,74.7,3.2,60.1,43.5,0.0,0,Core,1
27680,7.26,7.02,7.63,7.33,7.58,7.85,7.51,7.79,4.1,50.42397922,1.0,3.0,1.0,2.0,1.0,33.1,3.0,7.4,44.3,1.0,0,Border,0
5909,9.51,8.87,10.0,9.63,10.0,10.0,9.48,9.7,9.78,88.4,2.0,3.0,4.0,4.0,1.0,96.7,4.4,73.1,89.4,1.0,0,Core,1
4505,5.7,5.99,5.93,5.64,6.38,5.73,6.17,5.89,6.0,85.2,2.0,2.0,2.0,1.0,1.0,69.6,3.8,36.6,48.0,0.0,0,Core,1
9087,6.11,5.86,6.45,5.95,5.91,5.92,6.11,6.13,6.02,78.2,1.0,1.0,2.0,2.0,0.0,67.1,4.1,49.4,35.8,1.0,0,Core,0
2329,8.65,8.58,8.63,8.76,9.37,8.94,9.21,8.55,8.93,73.6,1.0,1.0,2.0,1.0,0.0,71.2,3.7,44.4,61.7,1.0,0,Core,1
44442,7.29,7.39,7.41,7.3,7.84,7.81,8.21,7.56,7.69,89.5,3.0,4.0,2.0,5.0,1.0,93.8,3.8,81.5,68.3,1.0,0,Core,1
32784,6.16,6.24,6.52,6.79,5.89,6.79,6.3,6.03,6.17,65.9,1.0,2.0,2.0,2.0,1.0,69.6,3.2,62.2,45.2,0.0,0,Core,1
47360,5.06,5.07,4.84,4.89,4.25,5.27,4.53,5.53,5.15,73.8,2.0,2.0,2.0,3.0,1.0,67.9,3.1,40.8,61.6,0.0,0,Core,1
46675,6.35,6.37,7.28,6.63,6.4,6.64,6.36,6.62,6.57,96.3,2.0,4.0,3.0,4.0,1.0,74.9,3.9,60.0,79.8,1.0,0,Core,1
15855,9.22,9.62,9.61,9.68,9.21,9.17,9.58,10.0,9.88,89.2,3.0,5.0,3.0,3.0,1.0,69.6,4.1,95.7,72.2,1.0,0,Core,1
49480,6.99,7.43,6.32,6.81,7.05,7.23,7.03,7.15,7.04,85.7,0.0,3.0,2.0,4.0,2.0,93.4,5.0,100.0,54.9,1.0,0,Core,1
42205,8.62,8.77,8.66,8.96,9.05,8.44,8.95,8.54,8.81,76.4,2.0,3.0,4.0,3.0,2.0,86.8,4.1,73.7,64.0,1.0,0,Core,1
12958,5.17,5.27,5.07,4.53,4.67,5.14,4.56,4.93,4.93,66.3,0.0,1.0,0.0,0.0,0.0,56.2,1.5,24.9,54.9,0.0,0,Core,0
35130,10.0,10.0,10.0,10.0,9.8,9.67,10.0,10.0,10.0,88.7,2.0,4.0,2.0,2.0,1.0,89.0,4.3,73.8,77.5,1.0,0,Core,1
15147,10.0,9.72,10.0,10.0,9.62,9.56,10.0,9.88,9.81,79.3,1.0,2.0,1.0,3.0,1.0,70.0,2.8,58.7,52.4,0.0,0,Core,1
31308,5.94,5.83,6.61,6.66,6.26,6.49,6.32,6.15,6.32,85.4,1.0,2.0,2.0,1.0,1.0,63.0,2.7,50.8,54.9,1.0,0,Core,0
7415,6.37,6.73,6.12,6.47,5.96,6.41,6.34,6.85,6.56,71.4,1.0,2.0,1.0,2.0,1.0,82.9,3.1,55.2,47.7,0.0,0,Core,1
6309,6.21,6.04,6.2,6.36,6.04,5.78,6.26,6.4,6.06,79.4,0.0,2.0,2.0,2.0,1.0,66.3,2.4,54.2,61.5,0.0,0,Core,0
27368,4.49,4.0,4.0,4.15,4.02,4.13,4.0,4.0,4.16,59.7,0.0,0.0,0.0,1.0,0.0,37.5,2.2,31.5,29.6,1.0,0,Core,0
9847,5.76,5.82,5.75,5.64,5.46,5.32,5.5,5.66,5.56,50.6,0.0,1.0,0.0,1.0,0.0,69.6,2.1,31.0,54.9,0.0,0,Core,0
13371,7.11,7.1,7.17,6.88,6.8,7.0,7.09,6.78,7.01,60.6,0.0,1.0,2.0,0.0,0.0,50.8,1.7,20.8,32.7,0.0,0,Core,0
45334,6.39,5.88,6.35,6.34,5.97,5.6,5.96,5.76,6.12,63.0,0.0,1.0,2.0,0.0,0.0,43.8,1.7,35.3,30.9,0.0,0,Core,0
33177,6.92,6.92,6.43,6.87,6.88,6.41,7.1,6.99,6.68,83.0,1.0,2.0,2.0,2.0,0.0,85.6,3.3,45.9,44.8,1.0,0,Core,1
32130,6.77,7.06,7.17,6.95,7.14,6.71,7.11,7.09,7.14,94.8,2.0,4.0,3.0,4.0,2.0,78.3,3.2,78.2,95.3,0.0,0,Core,1
17213,9.38,9.08,9.31,9.17,9.14,8.97,9.0,9.13,9.01,82.1,0.0,2.0,1.0,1.0,1.0,66.0,2.8,66.7,63.1,0.0,0,Core,1
24295,8.86,8.86,8.77,9.07,9.28,8.97,9.31,8.88,8.93,90.4,2.0,3.0,2.0,3.0,1.0,89.8,4.7,64.4,59.5,1.0,0,Core,1
13745,6.63,6.1,6.36,7.2,7.04,7.09,6.56,7.53,6.87,96.2,1.0,3.0,2.0,3.0,0.0,91.9,3.2,77.6,79.2,0.0,0,Core,1
2437,5.03,5.38,4.87,5.36,5.54,4.9,4.8,5.26,5.26,62.7,1.0,3.0,2.0,2.0,0.0,66.0,4.6,64.0,54.2,0.0,0,Core,0
22106,6.88,6.53,7.27,7.69,6.83,7.25,6.96,7.3,7.15,71.5,1.0,1.0,2.0,1.0,0.0,79.7,2.7,45.0,54.9,1.0,0,Core,1
47786,8.46,7.94,8.39,7.77,7.98,8.23,7.84,7.71,8.1,63.4,1.0,2.0,3.0,1.0,0.0,65.3,2.8,61.6,54.9,1.0,0,Core,1
34895,5.95,5.8,6.01,6.03,5.79,6.57,6.05,6.23,5.93,73.5,2.0,1.0,1.0,1.0,0.0,74.3,3.6,55.8,52.4,1.0,0,Core,1
20411,7.84,7.21,7.8,7.72,7.27,7.66,7.87,7.66,7.64,81.0,2.0,3.0,3.0,2.0,1.0,76.2,3.7,70.0,64.4,1.0,0,Core,1
32237,8.05,7.87,8.58,7.84,7.76,7.64,8.21,8.22,8.09,83.2,2.0,2.0,2.0,3.0,2.0,88.3,4.3,71.1,54.9,0.0,0,Core,1
30913,6.65,7.03,6.5,6.97,6.4,6.76,6.85,6.62,6.74,92.0,0.0,1.0,1.0,2.0,1.0,68.2,1.8,52.7,38.5,0.0,0,Core,0
48464,4.87,5.29,5.25,5.16,5.26,4.49,5.08,5.04,4.98,70.7,1.0,0.0,2.0,1.0,0.0,43.6,2.7,27.0,27.8,0.0,0,Core,0
32885,5.33,5.59,4.84,5.0,5.15,5.29,5.42,5.18,5.32,72.6,2.0,2.0,1.0,1.0,0.0,69.6,2.4,45.5,56.6,0.0,0,Core,1
42110,7.42,6.82,7.14,6.97,7.06,7.37,7.19,7.35,7.09,88.3,2.0,3.0,3.0,3.0,1.0,93.3,4.1,78.7,71.3,1.0,0,Core,1
39510,8.73,9.07,9.4,9.45,8.58,8.96,9.35,9.19,9.13,85.5,2.0,3.0,2.0,4.0,1.0,83.1,4.7,84.5,64.8,0.0,0,Core,1
41122,8.77,8.65,8.67,8.08,8.18,8.72,8.5,8.65,8.42,87.9,1.0,2.0,2.0,2.0,1.0,63.6,3.5,55.6,40.2,1.0,0,Core,1
29711,8.27,8.03,8.16,8.43,8.12,8.25,8.3,8.1,8.36,86.1,1.0,2.0,2.0,2.0,1.0,72.0,3.4,57.6,46.5,0.0,0,Core,1
33117,8.43,7.63,8.33,8.19,7.8,8.63,8.83,8.55,8.21,76.8,1.0,3.0,3.0,3.0,1.0,71.1,4.0,77.6,76.4,0.0,0,Core,1
9350,5.12,5.75,5.54,5.17,5.4,5.08,4.66,5.61,5.26,68.2,1.0,0.0,1.0,2.0,0.0,60.1,1.7,19.0,33.0,0.0,0,Core,0
20841,9.83,9.86,9.95,10.0,10.0,10.0,9.93,10.0,9.88,100.0,2.0,4.0,2.0,3.0,1.0,96.5,4.4,76.9,80.1,0.0,0,Core,1
40354,7.59,7.28,8.12,7.39,7.83,7.47,7.85,7.68,7.58,86.6,1.0,2.0,2.0,1.0,1.0,62.2,2.9,55.7,57.7,1.0,0,Core,0
17240,7.0,5.57,5.8,5.87,5.83,5.94,5.93,5.39,5.97,55.3,1.0,1.0,0.0,0.0,0.0,44.9,1.5,27.7,33.5,1.0,0,Core,0
48606,5.07,4.49,4.35,4.64,4.7,4.54,4.67,4.79,4.62,76.2,0.0,2.0,2.0,2.0,0.0,67.8,2.1,42.2,57.5,1.0,0,Core,0
16177,7.81,8.17,7.85,7.81,8.52,8.17,8.02,8.62,8.24,69.5,1.0,1.0,2.0,2.0,1.0,52.4,3.2,41.9,54.3,1.0,0,Core,1
12832,8.4,9.16,8.63,9.12,9.06,8.68,9.27,8.85,8.92,85.9,2.0,5.0,2.0,4.0,2.0,75.4,3.7,83.7,60.2,0.0,0,Core,1
38589,9.89,9.21,9.94,9.96,9.61,9.95,10.0,9.98,9.78,82.1,2.0,2.0,3.0,3.0,2.0,93.5,3.5,64.3,67.0,1.0,0,Core,1
48801,8.69,8.74,8.51,8.34,8.52,9.05,9.14,9.02,8.88,86.0,1.0,4.0,2.0,4.0,1.0,98.6,3.3,57.6,63.1,1.0,0,Core,1
45872,7.06,6.17,6.12,6.56,6.39,6.52,6.76,5.74,6.33,77.8,1.0,2.0,1.0,2.0,1.0,77.5,3.0,60.7,45.0,0.0,0,Core,1
48922,5.45,5.74,6.63,6.4,6.45,6.25,6.59,6.22,6.22,77.9,2.0,4.0,3.0,2.0,1.0,100.0,4.5,98.5,54.9,1.0,0,Core,1
7201,7.89,8.21,8.04,7.87,7.98,8.02,7.54,7.6,7.66,66.9,1.0,2.0,1.0,1.0,1.0,70.6,3.2,58.9,65.1,1.0,0,Core,1
36990,8.31,7.36,7.68,7.68,7.47,7.8,7.71,7.89,7.78,75.5,1.0,3.0,2.0,3.0,1.0,69.9,2.3,62.9,46.3,0.0,0,Core,0
45963,4.0,4.01,4.0,4.23,4.0,4.0,4.0,4.0,4.03,60.0,0.0,1.0,1.0,0.0,0.0,44.5,1.0,24.7,27.9,0.0,0,Core,0
891,6.56,6.48,6.13,6.23,6.14,5.96,5.99,6.44,6.18,82.7,1.0,2.0,2.0,1.0,0.0,66.8,3.2,55.9,54.9,1.0,0,Core,1
48015,5.04,4.61,5.14,4.89,5.17,4.81,5.18,5.05,4.93,68.3,1.0,1.0,2.0,3.0,0.0,59.9,3.2,50.4,55.0,0.0,0,Core,0
7891,9.57,9.59,10.0,9.59,9.76,10.0,9.81,9.68,9.68,90.0,2.0,3.0,2.0,3.0,0.0,80.4,4.5,84.7,76.5,0.0,0,Core,1
20400,7.31,7.08,7.55,6.69,7.11,7.21,7.26,7.06,7.12,80.4,1.0,1.0,1.0,2.0,0.0,62.0,2.5,52.8,51.2,1.0,0,Core,0
16228,4.0,4.17,4.0,4.0,4.0,4.17,4.0,4.0,4.36,51.35226635,1.0,1.0,0.0,0.0,0.0,69.6,1.5,4.6,22.6,0.0,0,Core,0
5688,5.92,5.47,6.05,5.21,5.45,5.75,5.33,5.36,5.38,62.5,0.0,1.0,1.0,0.0,0.0,50.3,1.7,29.1,54.9,0.0,0,Core,0
31163,5.4,5.55,4.89,4.99,5.05,5.11,4.94,4.72,5.01,60.8,0.0,1.0,0.0,0.0,0.0,49.1,1.1,20.9,25.7,0.0,0,Core,0
43029,6.12,5.72,5.4,5.12,5.57,5.95,5.4,5.03,5.7,66.7,1.0,0.0,1.0,1.0,0.0,52.6,2.0,27.1,30.2,0.0,0,Core,0
48149,5.08,5.46,5.44,5.76,5.21,5.34,5.0,5.66,5.24,100.0,2.0,5.0,2.0,2.0,1.0,67.9,2.9,88.6,77.4,1.0,0,Border,1
45402,7.77,7.77,8.17,7.8,8.53,8.29,8.08,7.75,7.9,69.7,1.0,2.0,0.0,1.0,1.0,56.8,2.5,51.7,59.7,1.0,0,Core,1
41757,7.21,7.37,7.09,7.13,7.8,7.31,7.49,7.27,7.13,70.8,2.0,2.0,2.0,2.0,0.0,75.4,2.9,57.6,42.1,0.0,0,Core,1
8529,5.87,6.01,6.07,6.34,6.06,6.4,5.77,5.5,6.0,68.9,1.0,1.0,2.0,1.0,1.0,76.6,3.0,53.3,48.9,1.0,0,Core,0
40909,7.6,7.6,7.24,7.7,7.4,7.34,7.91,7.88,7.54,74.6,2.0,1.0,2.0,2.0,0.0,65.6,3.4,58.4,56.1,1.0,0,Core,1
652,7.28,7.38,7.39,7.1,6.94,7.36,7.62,7.36,7.25,77.0,1.0,2.0,2.0,2.0,1.0,68.6,3.1,49.1,60.7,0.0,0,Core,0
13907,7.45,7.63,7.61,7.16,8.18,7.53,7.64,7.4,7.53,65.0,1.0,0.0,0.0,0.0,0.0,46.7,2.4,29.4,33.9,1.0,0,Core,0
23232,8.28,8.5,8.47,8.64,8.61,8.39,9.16,8.76,8.61,100.0,1.0,3.0,4.0,3.0,1.0,94.4,4.0,88.0,78.9,0.0,0,Core,1
23344,6.79,7.14,7.25,6.78,7.66,6.92,7.21,7.78,7.18,74.0,0.0,1.0,2.0,2.0,1.0,50.5,3.0,50.2,50.0,0.0,0,Core,0
27498,9.1,9.43,9.68,9.45,9.66,9.67,9.95,9.2,9.53,78.6,2.0,3.0,2.0,4.0,2.0,88.4,4.8,75.9,70.3,1.0,0,Core,1
5011,10.0,9.82,9.87,9.92,10.0,10.0,10.0,10.0,10.0,87.3,2.0,3.0,2.0,3.0,0.0,75.8,4.5,55.6,88.3,1.0,0,Core,1
18149,8.49,7.82,8.24,8.21,7.8,7.94,7.94,7.99,8.04,73.6,1.0,2.0,2.0,2.0,1.0,62.2,3.4,46.5,57.7,0.0,0,Core,1
36688,4.86,4.87,5.05,5.09,4.59,4.79,5.35,5.1,4.83,74.6,1.0,2.0,2.0,3.0,1.0,69.2,2.9,57.6,48.0,0.0,0,Core,0
28577,6.88,6.88,6.78,6.96,7.43,6.73,7.09,7.69,7.15,79.2,1.0,3.0,2.0,5.0,1.0,88.5,5.0,57.6,80.9,1.0,0,Core,1
34714,8.42,8.12,8.74,9.2,8.87,7.94,8.18,8.99,8.5,69.9,1.0,2.0,2.0,1.0,1.0,67.3,3.2,57.6,50.2,0.0,0,Core,1
33392,6.52,6.52,7.07,6.8,6.56,6.76,6.3,6.59,6.76,82.8,1.0,2.0,2.0,1.0,0.0,59.7,2.7,51.1,34.8,0.0,0,Core,0
49768,6.26,6.4,6.27,6.01,6.26,6.13,6.32,6.05,6.18,85.3,2.0,1.0,2.0,2.0,0.0,68.1,3.1,52.0,44.8,1.0,0,Core,0
46160,5.26,5.08,5.75,5.09,5.52,5.02,5.31,5.08,5.33,58.3,1.0,0.0,2.0,0.0,0.0,49.8,1.2,25.4,54.9,0.0,0,Core,0
35268,5.84,6.36,6.29,5.99,5.76,6.5,6.11,5.96,6.23,74.1,1.0,2.0,2.0,1.0,1.0,71.6,3.2,58.5,54.9,1.0,0,Core,1
2555,8.27,8.98,8.31,8.99,9.05,8.84,9.04,8.58,8.75,88.3,1.0,3.0,4.0,3.0,2.0,69.6,4.5,89.1,81.8,1.0,0,Core,1
3715,4.26,4.05,4.78,4.65,4.13,4.29,4.0,4.0,4.29,62.1,0.0,0.0,2.0,0.0,0.0,44.8,1.7,31.1,30.5,0.0,0,Core,0
16564,7.11,6.53,6.38,6.14,6.34,6.21,6.7,6.4,6.58,94.2,1.0,2.0,1.0,2.0,0.0,72.3,2.9,59.5,56.6,1.0,0,Core,1
24881,7.39,8.02,7.43,7.04,8.09,7.88,7.78,7.68,7.66,85.3,1.0,2.0,1.0,2.0,0.0,70.7,2.1,49.8,60.2,0.0,0,Core,1
21280,8.19,8.86,9.01,8.59,9.32,8.57,9.27,8.73,8.82,83.9,2.0,3.0,1.0,3.0,2.0,92.9,4.2,57.6,89.9,1.0,0,Core,1
38942,6.83,6.35,6.66,6.32,6.57,5.99,6.61,6.7,6.65,88.6,1.0,1.0,2.0,2.0,0.0,76.5,3.1,57.6,65.1,1.0,0,Core,1
12388,6.0,6.08,5.97,5.75,6.35,5.74,5.93,6.31,6.11,89.4,1.0,2.0,2.0,1.0,0.0,62.3,2.7,69.1,54.9,1.0,0,Core,1
33417,7.9,7.47,8.16,8.07,8.52,8.15,8.23,8.46,8.15,72.2,1.0,3.0,1.0,2.0,1.0,66.3,4.0,53.6,48.2,1.0,0,Core,1
11809,8.54,8.27,8.59,8.31,8.21,8.23,7.88,8.53,8.38,100.0,2.0,3.0,3.0,2.0,2.0,81.8,4.6,78.1,61.8,1.0,0,Core,1
25954,9.99,9.76,10.0,9.57,10.0,10.0,10.0,9.96,10.0,86.6,2.0,3.0,2.0,2.0,2.0,70.6,4.2,70.6,60.4,1.0,0,Core,1
19322,6.65,6.46,6.31,6.43,6.63,6.26,6.61,6.7,9.82,70.3,3.0,5.0,1.0,1.0,0.0,98.3,1.7,57.6,31.3,1.0,1,Border,0
43437,6.4,6.8,6.57,6.3,6.02,6.32,5.98,5.36,6.24,50.0,0.0,1.0,0.0,1.0,0.0,69.6,2.5,24.9,29.7,0.0,0,Core,0
26429,10.0,10.0,9.79,10.0,10.0,10.0,10.0,10.0,10.0,89.4,1.0,4.0,3.0,3.0,1.0,91.3,4.2,58.0,77.5,1.0,0,Core,1
34883,5.39,5.46,5.97,5.8,5.45,5.32,5.57,5.47,5.45,54.3,1.0,0.0,0.0,1.0,0.0,47.8,2.6,27.0,31.8,0.0,0,Core,0
10010,7.3,7.98,7.79,7.89,7.53,8.03,7.64,7.48,7.8,67.9,1.0,3.0,0.0,1.0,0.0,53.8,3.2,54.6,51.6,1.0,0,Core,1
27091,6.05,6.07,6.68,6.4,6.19,6.34,5.82,6.48,6.28,60.2,1.0,1.0,1.0,0.0,1.0,47.9,3.1,31.6,27.6,0.0,0,Core,0
9126,5.75,5.29,5.03,4.48,5.04,5.69,5.66,5.32,5.28,68.0,1.0,0.0,1.0,0.0,0.0,50.5,1.4,29.7,38.6,1.0,0,Core,0
37456,7.18,6.4,7.1,6.9,6.84,6.53,5.99,6.16,6.58,55.0,0.0,1.0,2.0,0.0,0.0,40.9,1.9,30.5,35.4,0.0,0,Core,0
48233,5.45,6.12,5.49,5.54,6.37,6.54,6.23,5.68,6.06,77.3,2.0,3.0,4.0,3.0,1.0,84.5,5.0,60.6,72.0,1.0,0,Core,1
29214,5.7,5.98,5.76,5.93,5.82,5.82,5.78,6.16,6.01,65.9,0.0,1.0,1.0,1.0,0.0,50.0,1.7,31.3,26.7,1.0,0,Core,0
8518,5.84,6.33,5.77,6.44,6.2,5.7,5.73,6.04,5.93,59.1,0.0,1.0,1.0,1.0,0.0,48.2,1.4,25.2,30.2,0.0,0,Core,0
17714,7.11,7.22,6.99,7.2,7.46,7.56,7.03,7.19,7.28,83.4,0.0,2.0,1.0,2.0,0.0,69.5,1.4,51.2,46.6,1.0,0,Core,1
22947,7.36,8.41,8.56,7.62,7.72,8.21,7.79,7.86,7.61,79.7,2.0,2.0,1.0,1.0,0.0,65.6,3.1,51.4,64.9,1.0,0,Core,1
37539,8.46,8.52,8.93,9.1,9.11,9.09,8.71,8.84,8.97,91.1,1.0,2.0,4.0,2.0,0.0,69.6,4.2,84.3,69.3,0.0,0,Core,1
8275,6.67,6.73,6.59,7.02,7.01,6.81,6.56,6.59,6.83,67.0,1.0,2.0,2.0,2.0,1.0,66.5,3.0,68.6,46.6,0.0,0,Core,1
34449,8.83,9.11,8.35,8.62,9.04,8.78,8.44,9.15,8.77,83.0,1.0,3.0,2.0,3.0,1.0,94.7,4.0,72.4,69.9,0.0,0,Core,1
48377,7.91,8.73,7.67,8.16,8.55,8.24,8.17,8.13,4.13,53.4140186,1.0,2.0,3.0,3.0,2.0,31.3,4.6,9.6,83.2,1.0,-1,Noise,1
49914,6.88,7.26,7.27,7.97,8.08,7.66,7.28,7.3,7.47,77.2,1.0,1.0,2.0,1.0,0.0,68.5,2.9,57.4,54.9,0.0,0,Core,1
30339,5.48,6.06,6.21,6.24,5.53,6.14,6.22,5.73,5.98,80.6,1.0,2.0,2.0,1.0,0.0,77.5,2.5,53.3,54.1,1.0,0,Core,0
29619,8.25,8.61,8.18,8.29,8.09,8.41,8.5,8.04,8.34,76.5,1.0,2.0,1.0,2.0,1.0,71.0,2.8,53.2,45.9,1.0,0,Core,1
4827,9.05,8.86,9.07,9.27,9.12,8.72,8.85,8.87,8.9,61.5,1.0,2.0,2.0,1.0,0.0,65.7,3.2,51.9,52.1,1.0,0,Core,1
32086,8.57,8.51,8.69,8.47,8.46,8.5,8.44,7.96,8.47,74.8,1.0,3.0,2.0,3.0,0.0,60.9,2.4,53.2,41.1,0.0,0,Core,1
10172,9.4,9.62,9.55,9.66,10.0,10.0,9.6,9.62,9.57,89.2,1.0,3.0,2.0,5.0,1.0,72.1,4.8,79.9,76.3,1.0,0,Core,1
10784,6.91,6.41,6.66,6.64,6.62,7.24,6.87,6.98,6.85,80.7,1.0,2.0,1.0,2.0,0.0,73.9,3.2,64.6,62.7,1.0,0,Core,0
17691,5.59,5.61,5.36,6.11,6.33,5.47,6.15,5.8,5.82,85.7,2.0,3.0,3.0,2.0,1.0,71.9,3.2,63.4,76.9,1.0,0,Core,1
45905,6.56,6.68,6.61,7.11,6.6,6.64,7.47,7.11,6.69,82.8,0.0,2.0,2.0,2.0,0.0,70.5,2.8,59.7,47.6,0.0,0,Core,1
39304,6.69,6.45,6.76,6.77,7.01,6.98,7.18,6.83,6.81,70.0,0.0,1.0,1.0,2.0,0.0,64.2,3.3,46.5,58.2,0.0,0,Core,1
33544,9.3,9.97,9.51,9.84,9.43,10.0,9.77,10.0,9.76,72.3,2.0,1.0,1.0,2.0,1.0,53.4,2.4,58.9,57.1,0.0,0,Core,1
21675,7.72,7.61,7.92,8.0,8.0,7.62,7.95,7.77,7.97,79.4,1.0,1.0,1.0,1.0,0.0,61.5,2.1,50.6,49.2,1.0,0,Core,1
15220,6.16,6.12,5.89,5.68,5.73,6.24,6.05,6.53,6.25,82.9,0.0,2.0,2.0,2.0,1.0,64.4,3.3,53.1,49.0,1.0,0,Core,0
7512,6.68,7.05,6.85,6.61,6.86,6.83,7.5,6.81,6.97,64.0,0.0,0.0,0.0,0.0,0.0,54.2,2.6,26.3,27.8,1.0,0,Core,0
19435,6.98,7.34,7.25,7.01,6.72,7.1,6.96,6.77,7.15,73.7,1.0,2.0,2.0,1.0,0.0,65.1,2.6,49.9,51.1,0.0,0,Core,1
22923,6.44,6.7,6.28,6.44,6.59,6.97,6.72,6.52,6.66,86.7,2.0,2.0,3.0,3.0,1.0,73.3,4.9,69.6,64.5,1.0,0,Core,1
38110,8.37,8.42,7.9,8.84,8.67,8.49,8.53,8.9,8.45,98.1,2.0,3.0,2.0,5.0,1.0,70.6,4.4,89.8,63.1,0.0,0,Core,1
46999,9.27,8.87,9.0,9.04,9.08,9.3,9.06,9.3,9.1,60.1,1.0,2.0,1.0,2.0,0.0,68.1,2.5,36.7,54.9,0.0,0,Core,1
40521,8.65,9.14,8.38,8.13,8.74,8.74,9.22,8.56,8.73,74.1,1.0,3.0,3.0,2.0,1.0,68.5,4.7,85.6,66.6,1.0,0,Core,1
36347,8.19,8.85,8.99,8.84,8.06,8.76,8.84,9.25,8.75,68.6,1.0,2.0,2.0,1.0,1.0,62.7,3.4,62.4,54.9,1.0,0,Core,1
2515,6.99,6.98,7.07,7.07,7.36,6.87,7.6,7.33,7.2,74.5,1.0,1.0,1.0,2.0,1.0,66.9,3.3,56.0,54.9,1.0,0,Core,0
19719,4.87,5.6,4.54,4.48,4.35,4.44,4.47,4.61,4.77,62.0,0.0,0.0,1.0,0.0,0.0,42.6,1.0,24.2,27.6,1.0,0,Core,0
42954,10.0,10.0,9.92,9.94,10.0,10.0,10.0,10.0,9.79,72.3,3.0,4.0,3.0,4.0,2.0,94.2,3.2,89.6,88.8,1.0,0,Core,1
17142,5.86,5.53,5.67,5.77,5.27,5.49,5.53,5.62,5.58,50.0,0.0,0.0,0.0,0.0,0.0,36.5,1.8,25.2,54.9,0.0,0,Core,0
35992,6.03,5.83,5.63,5.69,5.33,5.72,5.75,5.25,5.7,61.0,0.0,0.0,1.0,1.0,0.0,41.7,3.2,31.4,33.6,0.0,0,Core,0
7678,5.45,6.43,6.54,5.95,6.16,6.31,6.01,5.54,4.42,52.34874355,1.0,1.0,1.0,0.0,0.0,33.8,1.1,1.0,25.7,0.0,0,Core,0
8443,7.36,7.63,7.92,7.8,6.99,7.64,7.38,7.21,7.38,93.1,1.0,2.0,1.0,1.0,0.0,67.1,3.0,47.4,55.3,1.0,0,Core,1
48274,7.38,7.59,7.27,7.32,7.41,7.38,7.8,7.88,7.38,100.0,2.0,2.0,3.0,2.0,1.0,69.6,4.5,76.3,80.2,1.0,0,Core,1
43494,9.81,9.67,9.73,9.7,9.96,9.69,9.69,9.54,9.63,76.3,2.0,4.0,3.0,4.0,1.0,86.9,5.0,73.1,86.7,1.0,0,Core,1
48640,9.17,9.58,9.62,9.71,9.18,9.63,9.75,9.52,9.37,63.7,1.0,2.0,1.0,2.0,1.0,74.2,4.5,57.6,54.8,0.0,0,Core,1
43503,5.12,4.62,4.72,5.58,5.26,4.98,5.33,5.35,5.1,82.3,1.0,2.0,2.0,2.0,1.0,69.3,2.5,59.8,50.1,0.0,0,Core,0
13792,7.85,8.03,8.53,8.14,8.64,8.25,8.63,8.72,8.36,100.0,1.0,4.0,3.0,4.0,2.0,69.6,3.2,80.1,92.2,1.0,0,Core,1
8618,9.26,9.41,8.89,8.58,9.35,9.48,9.27,10.0,9.21,99.2,1.0,4.0,3.0,3.0,1.0,69.6,4.1,68.2,65.7,1.0,0,Core,1
4249,8.14,9.18,9.27,8.75,8.88,8.7,8.83,9.84,8.89,73.1,2.0,1.0,1.0,2.0,1.0,69.6,3.7,57.6,54.9,0.0,0,Core,1
21721,7.24,7.54,7.49,7.01,7.28,7.76,6.84,7.14,7.39,61.9,0.0,2.0,2.0,1.0,1.0,54.4,2.3,56.1,53.5,1.0,0,Core,0
26309,7.59,7.36,7.83,7.82,7.81,7.96,8.06,8.15,8.0,82.6,2.0,3.0,3.0,4.0,1.0,83.1,4.2,80.0,65.0,1.0,0,Core,1
2516,5.44,6.26,5.99,6.0,5.34,5.91,5.48,5.47,5.74,61.0,1.0,0.0,0.0,1.0,0.0,47.4,2.7,30.8,54.9,0.0,0,Core,0
2727,9.91,9.59,9.46,9.83,9.73,10.0,10.0,9.96,9.77,93.3,1.0,3.0,2.0,3.0,1.0,68.1,4.3,76.5,74.1,1.0,0,Core,1
49877,7.8,7.94,7.72,7.3,7.9,7.51,7.56,7.74,7.91,64.2,1.0,1.0,1.0,1.0,0.0,68.5,3.1,57.3,48.4,0.0,0,Core,1
22551,7.49,7.74,7.59,7.62,7.63,7.5,7.97,8.16,7.83,70.4,1.0,1.0,2.0,1.0,0.0,62.3,3.4,55.5,51.1,1.0,0,Core,1
25562,6.84,7.21,7.44,6.72,7.46,7.43,7.4,7.85,7.42,86.4,1.0,3.0,3.0,4.0,0.0,92.9,3.3,82.3,76.0,1.0,0,Core,1
46564,6.65,6.88,7.49,7.61,7.05,7.28,6.93,7.24,7.22,100.0,2.0,2.0,3.0,5.0,1.0,75.4,4.2,74.2,80.9,1.0,0,Core,1
6586,7.88,7.78,8.25,7.71,7.86,8.17,7.55,8.1,7.94,84.6,1.0,1.0,2.0,2.0,0.0,66.1,3.9,65.2,46.9,0.0,0,Core,1
40733,6.51,6.65,6.74,6.31,6.43,6.74,6.54,6.61,6.84,85.0,1.0,2.0,2.0,1.0,0.0,72.1,3.3,49.1,56.7,0.0,0,Core,0
24852,7.33,6.35,7.18,6.96,7.01,6.67,6.4,7.51,6.88,52.5,1.0,1.0,0.0,0.0,0.0,59.8,1.8,27.2,28.7,0.0,0,Core,0
29429,9.46,10.0,10.0,10.0,10.0,10.0,10.0,9.58,9.84,96.5,2.0,3.0,3.0,1.0,1.0,86.6,4.3,79.6,70.7,1.0,0,Core,1
31804,8.0,7.76,8.2,7.73,8.06,8.21,8.46,8.25,8.07,57.6,2.0,2.0,3.0,2.0,0.0,81.1,2.5,61.2,52.3,1.0,0,Core,1
43731,8.59,8.12,8.04,8.45,8.6,8.09,8.13,8.71,8.28,72.5,0.0,3.0,2.0,1.0,0.0,78.6,2.8,59.1,52.4,1.0,0,Core,1
25705,6.55,6.59,7.67,6.44,6.8,6.62,7.11,7.19,6.74,77.3,1.0,1.0,2.0,2.0,1.0,74.1,3.0,51.9,46.7,0.0,0,Core,1
30343,6.58,6.66,6.35,6.82,6.56,6.26,6.19,7.36,6.64,84.3,1.0,1.0,2.0,2.0,1.0,68.8,2.6,56.8,49.4,1.0,0,Core,0
21074,6.19,5.99,6.8,6.47,6.83,7.08,6.48,7.07,6.6,80.4,2.0,4.0,2.0,3.0,1.0,64.6,3.6,84.2,72.1,1.0,0,Core,1
16813,5.95,6.25,5.36,5.55,5.42,5.83,5.51,5.57,5.8,60.1,0.0,1.0,0.0,1.0,0.0,44.7,1.5,25.6,27.7,0.0,0,Core,0
46205,8.01,7.92,8.25,8.26,8.19,8.46,7.97,8.51,8.43,75.7,1.0,2.0,2.0,1.0,0.0,65.5,2.6,53.2,51.0,1.0,0,Core,1
32292,6.18,6.39,6.28,6.28,6.73,7.09,6.65,6.29,6.42,75.4,0.0,2.0,3.0,2.0,1.0,63.8,4.2,43.2,41.6,0.0,0,Core,1
35506,7.27,7.45,7.38,7.64,7.71,7.14,7.82,7.72,7.59,78.6,1.0,3.0,1.0,1.0,1.0,67.1,3.4,59.6,53.6,0.0,0,Core,1
29984,6.38,7.1,6.62,6.2,6.67,6.14,6.03,7.34,6.6,72.6,1.0,1.0,1.0,2.0,0.0,75.3,2.9,60.3,40.1,0.0,0,Core,1
35084,5.78,6.42,6.33,6.69,5.99,6.83,5.98,6.6,6.26,80.1,1.0,1.0,1.0,1.0,1.0,78.8,2.6,54.1,51.8,1.0,0,Core,1
14286,7.57,7.94,7.8,7.67,8.22,8.07,7.29,7.82,7.93,89.0,1.0,2.0,1.0,1.0,0.0,80.2,2.5,56.4,57.0,0.0,0,Core,1
31624,7.14,7.23,7.38,7.32,7.38,7.25,7.01,7.28,7.32,76.8,3.0,2.0,2.0,2.0,1.0,77.2,3.2,52.5,52.1,1.0,0,Core,1
37327,6.48,7.08,5.8,6.79,6.03,6.49,6.55,6.15,6.43,63.7,1.0,2.0,2.0,1.0,0.0,69.6,2.7,51.8,55.8,0.0,0,Core,0
6794,8.03,8.13,8.52,7.85,8.03,8.29,7.71,8.97,8.3,80.1,1.0,5.0,3.0,4.0,0.0,82.9,3.1,78.3,74.9,1.0,0,Core,1
2901,9.84,10.0,9.65,10.0,9.93,9.95,9.83,10.0,9.86,86.4,1.0,4.0,2.0,3.0,1.0,89.7,3.7,91.7,73.7,1.0,0,Core,1
9744,6.86,7.08,6.61,6.65,6.74,6.79,6.82,6.72,6.68,77.5,1.0,2.0,1.0,1.0,0.0,68.1,3.0,58.6,54.3,1.0,0,Core,1
15838,7.61,7.5,8.03,7.89,7.02,7.19,8.0,7.16,7.7,66.8,0.0,1.0,2.0,2.0,0.0,62.7,3.0,49.3,53.7,0.0,0,Core,1
42212,7.84,7.89,8.04,8.13,8.16,7.96,7.74,8.69,8.13,85.8,2.0,3.0,3.0,3.0,1.0,61.6,3.5,95.8,75.4,1.0,0,Core,1
4705,7.63,7.91,7.84,7.72,7.49,7.72,7.79,7.92,7.67,69.1,1.0,3.0,1.0,1.0,1.0,66.2,2.1,59.5,49.9,0.0,0,Core,1
27326,7.41,6.99,7.29,6.97,6.83,7.15,7.4,7.57,7.31,82.7,1.0,5.0,3.0,3.0,2.0,77.3,3.2,80.7,67.8,0.0,0,Core,1
29520,8.32,8.16,7.7,8.52,8.32,8.28,8.74,8.71,8.35,73.9,1.0,1.0,2.0,1.0,0.0,65.7,3.0,54.5,52.7,0.0,0,Core,1
12525,7.95,8.67,7.79,8.08,8.05,8.12,8.17,8.27,8.07,96.8,2.0,3.0,2.0,4.0,1.0,87.3,4.8,74.0,83.6,1.0,0,Core,1
937,7.13,7.04,7.33,7.24,7.57,7.56,7.43,7.3,7.31,99.2,2.0,3.0,2.0,4.0,1.0,86.8,4.6,62.1,81.3,0.0,0,Core,1
38818,4.71,4.62,5.13,5.02,4.41,4.96,5.02,4.72,4.78,65.4,0.0,0.0,1.0,1.0,0.0,47.2,3.2,30.4,25.1,1.0,0,Core,0
40299,9.6,9.78,9.92,9.69,10.0,10.0,9.96,9.94,9.9,81.4,1.0,2.0,3.0,4.0,2.0,70.8,4.4,85.4,80.2,0.0,0,Core,1
30143,8.65,8.88,8.25,9.12,8.1,8.55,8.64,9.67,8.64,100.0,2.0,3.0,3.0,3.0,1.0,77.2,4.2,92.8,69.8,0.0,0,Core,1
32194,7.91,7.26,7.99,7.41,7.2,7.7,7.93,7.8,7.68,81.8,0.0,2.0,2.0,1.0,0.0,76.2,2.8,53.0,50.5,0.0,0,Core,1
40975,5.01,4.79,4.78,4.71,4.27,4.65,4.41,4.81,4.69,57.8,0.0,1.0,0.0,0.0,0.0,45.4,1.9,28.0,26.6,0.0,0,Core,0
5749,5.43,5.58,5.58,5.65,5.56,5.58,4.64,4.73,5.35,66.0,0.0,0.0,0.0,1.0,0.0,55.2,2.0,28.4,30.8,1.0,0,Core,0
21049,4.33,4.06,4.57,4.05,4.61,4.0,4.0,4.32,4.15,60.2,0.0,0.0,0.0,1.0,0.0,56.8,1.8,26.9,34.7,0.0,0,Core,0
21974,5.05,4.35,4.0,4.64,4.7,4.46,4.12,4.32,4.44,53.03440775,1.0,1.0,0.0,1.0,0.0,36.5,1.9,8.2,33.9,0.0,0,Core,0
14555,9.72,9.91,9.9,10.0,10.0,10.0,10.0,10.0,9.83,79.2,1.0,3.0,3.0,3.0,2.0,71.4,4.7,76.8,76.8,1.0,0,Core,1
20563,8.24,7.72,8.51,8.54,8.37,8.52,8.9,8.67,8.44,70.2,0.0,2.0,2.0,2.0,1.0,68.5,2.0,59.4,52.5,1.0,0,Core,1
48809,6.01,4.27,4.95,5.15,4.94,4.75,4.52,5.27,4.79,54.4,0.0,1.0,0.0,1.0,0.0,56.2,2.6,30.0,54.9,0.0,0,Core,0
27160,9.21,9.12,9.03,9.23,9.22,9.4,9.05,9.36,4.36,53.07108304,3.0,3.0,2.0,2.0,1.0,35.2,4.0,5.9,82.9,1.0,-1,Noise,1
31828,10.0,10.0,9.68,9.93,10.0,10.0,10.0,10.0,10.0,78.8,2.0,3.0,2.0,3.0,1.0,66.3,4.7,59.1,76.7,1.0,0,Core,1
12623,5.06,4.78,4.31,4.64,4.41,4.92,4.57,4.48,4.52,68.0,1.0,0.0,1.0,1.0,0.0,53.0,2.5,29.4,23.9,1.0,0,Core,0
5922,5.32,5.11,5.58,5.39,5.29,5.1,5.17,5.3,5.07,59.4,1.0,0.0,1.0,0.0,0.0,49.1,2.2,27.7,30.4,0.0,0,Core,0
1721,7.27,7.2,7.76,7.09,7.4,7.66,7.35,7.7,7.3,80.1,2.0,4.0,2.0,3.0,1.0,65.4,4.4,67.4,75.8,1.0,0,Core,1
582,6.41,6.73,6.07,7.02,7.09,6.23,6.13,5.9,6.48,66.6,0.0,1.0,0.0,1.0,0.0,34.7,2.4,23.8,31.2,0.0,0,Core,0
24466,6.02,5.63,6.29,5.7,6.04,6.19,6.03,6.34,6.02,81.4,1.0,3.0,1.0,1.0,1.0,47.1,3.2,50.1,53.8,1.0,0,Core,1
6144,5.25,4.73,4.95,4.81,5.04,4.87,4.97,4.71,5.06,59.3,0.0,0.0,1.0,0.0,0.0,48.5,2.1,57.6,36.4,0.0,0,Core,0
47121,5.86,6.41,6.18,6.82,6.46,5.9,6.2,6.59,6.19,98.4,1.0,3.0,2.0,3.0,2.0,96.9,3.2,62.9,82.9,0.0,0,Core,1
12663,6.4,5.84,5.7,5.59,6.03,5.74,5.23,5.52,5.69,74.9,0.0,2.0,2.0,2.0,1.0,72.6,4.1,53.0,52.3,0.0,0,Core,1
6362,9.59,9.43,10.0,9.99,9.96,9.81,10.0,9.39,9.81,77.7,1.0,1.0,2.0,1.0,1.0,69.6,2.4,57.5,42.9,1.0,0,Core,1
42202,7.88,8.13,7.96,7.34,8.36,8.14,8.11,8.16,4.37,50.09935457,1.0,3.0,1.0,2.0,0.0,35.4,2.0,9.2,47.5,1.0,0,Border,1
34562,6.73,7.25,7.05,7.26,7.25,7.77,6.81,7.58,7.33,72.2,1.0,2.0,2.0,2.0,1.0,59.6,2.9,59.3,54.9,1.0,0,Core,1
29124,5.75,4.32,5.25,4.25,4.73,4.73,4.29,4.99,4.61,62.9,1.0,0.0,1.0,0.0,0.0,45.8,1.7,26.4,22.4,0.0,0,Core,0
20306,7.45,7.49,7.59,7.7,7.42,7.67,7.25,7.53,7.54,92.1,1.0,2.0,1.0,1.0,0.0,78.3,4.4,44.3,45.7,0.0,0,Core,1
34089,8.23,7.93,7.81,8.0,8.07,7.56,8.25,7.43,7.89,82.1,2.0,3.0,3.0,3.0,1.0,84.0,3.5,74.1,83.0,0.0,0,Core,1
10255,7.67,7.28,7.56,7.9,7.79,7.39,7.66,7.63,7.51,57.2,0.0,1.0,0.0,0.0,0.0,61.3,1.6,27.1,30.5,0.0,0,Core,0
46736,7.86,8.15,8.08,8.11,7.7,8.61,8.35,8.36,8.28,87.6,2.0,3.0,3.0,3.0,0.0,82.6,4.3,91.7,71.2,1.0,0,Core,1
28682,4.37,4.3,4.24,4.0,4.09,4.28,4.3,4.91,4.41,78.8,0.0,2.0,2.0,2.0,0.0,69.6,2.3,59.5,54.1,0.0,0,Core,0
46607,8.93,8.91,9.27,8.13,8.8,9.27,8.91,8.98,8.96,93.6,1.0,4.0,3.0,3.0,1.0,69.6,3.2,93.7,75.5,1.0,0,Core,1
7500,5.95,6.21,5.99,5.86,6.84,6.37,6.45,5.43,6.13,77.1,1.0,3.0,2.0,1.0,0.0,73.7,3.9,58.6,62.2,0.0,0,Core,0
24976,7.05,6.99,7.4,7.07,7.11,7.22,7.63,7.81,7.18,88.9,2.0,3.0,4.0,2.0,1.0,73.7,3.8,77.9,89.0,1.0,0,Core,1
16001,9.41,9.7,9.44,9.4,10.0,9.76,9.68,9.65,9.62,77.9,1.0,4.0,3.0,4.0,1.0,96.3,3.7,68.6,75.5,1.0,0,Core,1
40863,9.73,10.0,10.0,10.0,10.0,10.0,10.0,10.0,9.98,90.5,2.0,3.0,2.0,3.0,2.0,72.4,4.3,78.0,71.8,1.0,0,Core,1
23014,9.09,9.51,9.07,8.98,9.54,8.98,9.11,9.02,8.99,68.5,1.0,2.0,1.0,2.0,1.0,65.9,3.5,53.3,54.9,1.0,0,Core,1
771,10.0,9.64,10.0,10.0,10.0,9.54,10.0,10.0,9.73,90.8,3.0,3.0,3.0,4.0,0.0,69.6,4.3,88.7,88.0,1.0,0,Core,1
4092,8.38,7.81,8.44,8.2,8.56,8.45,8.33,8.81,8.41,95.8,2.0,3.0,3.0,4.0,2.0,80.2,4.1,76.7,78.7,1.0,0,Core,1
47649,9.03,8.1,8.58,8.33,8.61,8.6,8.64,8.69,8.63,86.0,1.0,2.0,2.0,2.0,0.0,68.9,3.2,56.8,42.8,1.0,0,Core,1
30054,5.06,5.26,5.21,4.99,4.38,4.69,5.2,4.83,5.04,73.1,1.0,1.0,0.0,1.0,1.0,48.9,2.2,32.7,38.2,0.0,0,Core,0
48859,7.1,7.6,7.45,7.77,7.11,7.22,7.64,7.18,7.19,79.2,1.0,1.0,2.0,1.0,0.0,77.8,3.2,60.4,54.5,0.0,0,Core,1
19581,7.02,7.08,6.84,6.87,7.49,6.9,7.43,7.21,6.95,72.3,1.0,2.0,1.0,2.0,0.0,56.2,3.9,55.8,60.2,1.0,0,Core,1
30108,7.09,6.63,7.14,6.49,6.82,7.6,7.26,6.86,6.87,85.2,1.0,2.0,2.0,1.0,1.0,65.9,3.2,57.9,50.0,1.0,0,Core,1
42971,6.23,6.53,6.41,6.03,6.32,6.22,6.0,6.47,6.3,98.0,2.0,3.0,2.0,3.0,1.0,76.7,4.2,61.7,68.2,1.0,0,Core,1
43110,6.07,5.71,6.1,6.23,5.46,5.65,6.2,4.87,5.79,64.3,0.0,0.0,0.0,0.0,0.0,47.0,2.0,34.9,37.6,0.0,0,Core,0
35981,4.47,5.27,4.46,4.95,4.56,4.26,4.42,4.32,4.55,81.0,1.0,2.0,2.0,1.0,1.0,65.8,2.6,69.9,54.9,1.0,0,Core,0
16314,7.61,7.49,7.26,8.13,7.99,7.76,7.92,8.36,7.74,83.8,1.0,2.0,3.0,3.0,2.0,85.1,4.0,70.9,69.3,1.0,0,Core,1
38043,6.8,6.65,6.79,6.75,6.32,6.4,6.78,6.59,6.67,56.7,1.0,1.0,1.0,1.0,1.0,70.2,2.1,59.6,52.2,1.0,0,Core,0
45023,9.61,9.37,8.74,8.78,9.38,9.31,8.93,8.98,4.3,52.5811563,2.0,4.0,2.0,2.0,2.0,69.6,4.2,57.6,81.4,1.0,-1,Noise,1
14357,5.46,5.52,5.31,4.94,4.94,4.58,5.12,4.5,4.44,51.94785905,0.0,1.0,0.0,0.0,0.0,34.1,3.2,3.5,30.0,0.0,0,Core,0
298,8.37,8.47,8.35,8.45,8.47,8.62,8.88,8.65,8.57,82.8,2.0,3.0,3.0,3.0,1.0,81.7,3.6,82.0,57.1,1.0,0,Core,1
33785,10.0,9.94,10.0,10.0,10.0,10.0,10.0,10.0,9.72,96.0,2.0,3.0,2.0,5.0,1.0,87.3,3.7,82.4,83.1,1.0,0,Core,1
34174,6.72,7.16,6.89,7.18,7.37,7.41,7.13,6.98,7.0,60.0,1.0,2.0,2.0,2.0,1.0,64.3,2.8,54.2,54.9,1.0,0,Core,1
23495,4.21,4.71,4.29,4.0,5.07,4.18,4.38,4.0,4.28,56.5,1.0,1.0,0.0,1.0,0.0,54.4,1.6,32.7,35.8,0.0,0,Core,0
43720,9.5,8.88,9.48,9.04,9.68,9.31,9.52,9.43,9.31,84.0,2.0,4.0,3.0,3.0,1.0,79.9,4.3,62.3,71.9,0.0,0,Core,1
40397,8.55,9.21,9.21,9.97,9.57,9.6,9.04,9.59,9.44,78.5,1.0,3.0,3.0,3.0,2.0,77.3,4.1,87.8,54.9,1.0,0,Core,1
21601,4.0,4.0,4.17,4.07,4.0,4.0,4.12,4.05,4.0,66.4,1.0,1.0,0.0,0.0,0.0,39.2,1.6,34.0,31.4,0.0,0,Core,0
12396,9.05,9.16,8.44,8.53,8.65,8.49,8.54,8.53,8.74,81.8,1.0,3.0,1.0,1.0,0.0,64.6,3.6,52.3,56.0,0.0,0,Core,1
34846,6.09,6.21,6.35,6.11,5.34,6.31,6.04,6.05,6.03,53.8,0.0,0.0,2.0,0.0,0.0,53.4,2.5,30.1,29.6,1.0,0,Core,0
13996,6.84,6.82,7.41,6.77,7.26,7.49,7.29,6.77,6.97,70.7,1.0,1.0,2.0,2.0,0.0,68.8,2.4,53.1,59.7,0.0,0,Core,0
45700,4.14,4.02,4.0,4.03,4.0,4.24,4.0,4.0,4.2,63.7,0.0,0.0,0.0,0.0,0.0,42.9,1.3,57.6,33.6,0.0,0,Core,0
1279,9.55,9.56,9.6,9.89,9.92,9.73,10.0,10.0,9.91,86.5,2.0,2.0,3.0,3.0,2.0,88.0,3.0,64.8,84.3,0.0,0,Core,1
42636,5.58,5.32,5.46,5.51,5.71,4.91,5.28,5.59,5.16,60.2,1.0,1.0,2.0,0.0,0.0,37.6,2.3,31.2,29.1,1.0,0,Core,0
4725,9.5,9.8,9.91,10.0,10.0,10.0,10.0,10.0,9.92,70.9,2.0,3.0,3.0,3.0,1.0,66.0,5.0,91.5,70.1,0.0,0,Core,1
32826,5.9,5.8,6.45,6.1,5.93,5.84,6.21,6.41,4.46,54.01311587,1.0,2.0,1.0,1.0,0.0,34.9,2.9,0.5,46.5,1.0,0,Core,1
26813,7.75,7.53,7.08,7.65,7.32,7.8,8.03,7.8,7.85,72.5,2.0,1.0,2.0,2.0,0.0,69.6,3.2,51.8,55.1,0.0,0,Core,1
20223,6.28,6.81,6.78,6.66,6.87,6.34,6.72,6.56,6.6,74.4,1.0,1.0,1.0,1.0,1.0,65.7,2.2,34.6,44.1,1.0,0,Core,1
42965,8.58,9.02,7.9,8.66,8.61,8.33,8.48,8.52,8.5,70.9,1.0,2.0,2.0,2.0,0.0,57.4,3.5,46.0,58.3,1.0,0,Core,1
27614,8.34,7.89,7.44,7.89,7.61,7.41,7.66,7.29,7.65,78.6,1.0,2.0,1.0,2.0,1.0,62.1,3.0,50.6,49.1,1.0,0,Core,1
19362,5.52,5.2,4.87,5.12,5.4,4.91,5.59,4.57,5.11,64.8,0.0,1.0,1.0,1.0,0.0,42.6,1.6,22.5,27.0,0.0,0,Core,0
18371,6.94,6.76,6.18,6.42,7.32,5.6,6.06,6.57,6.44,83.7,0.0,1.0,2.0,1.0,0.0,62.4,3.2,65.6,47.6,1.0,0,Core,0
46232,4.78,4.97,5.08,5.49,5.24,4.4,4.75,4.81,4.17,54.46644711,1.0,1.0,1.0,1.0,1.0,37.6,1.8,6.9,27.4,1.0,0,Core,0
45630,7.94,8.17,7.91,8.77,8.64,8.49,8.43,8.81,8.36,96.8,2.0,3.0,3.0,3.0,2.0,64.3,4.0,76.7,93.2,1.0,0,Core,1
37761,7.7,7.17,7.66,7.42,7.73,8.35,7.9,8.67,7.87,77.4,3.0,3.0,3.0,4.0,1.0,69.6,5.0,75.6,64.8,0.0,0,Core,1
43167,7.46,7.81,7.81,8.66,7.92,8.29,7.99,8.26,8.05,82.3,1.0,1.0,1.0,3.0,1.0,78.1,2.9,44.0,48.7,0.0,0,Core,1
28122,4.51,4.45,4.49,4.73,4.0,4.63,4.36,4.14,4.5,65.5,0.0,0.0,0.0,1.0,0.0,43.1,3.2,23.8,32.4,0.0,0,Core,0
3309,6.36,6.68,6.68,6.89,7.2,7.09,6.5,6.92,6.8,76.2,1.0,2.0,2.0,2.0,0.0,68.6,2.9,46.9,50.3,1.0,0,Core,1
17682,6.24,6.32,6.88,6.89,6.67,6.73,6.65,6.72,6.48,76.4,1.0,1.0,1.0,1.0,1.0,81.3,2.8,58.5,54.9,1.0,0,Core,0
29103,4.02,4.24,4.0,4.16,4.0,4.0,4.0,4.0,4.0,61.6,0.0,1.0,0.0,0.0,0.0,48.3,1.6,28.6,28.2,0.0,0,Core,0
12105,9.74,10.0,9.8,10.0,10.0,10.0,9.89,10.0,9.95,95.5,1.0,4.0,4.0,2.0,1.0,79.9,5.0,65.7,66.3,0.0,0,Core,1
17487,6.89,7.05,7.28,6.91,7.29,7.28,7.71,6.85,7.11,73.1,0.0,2.0,1.0,2.0,1.0,77.2,3.3,41.5,53.3,0.0,0,Core,0
38604,5.1,5.7,5.11,5.8,5.16,5.49,5.37,5.36,5.26,62.3,1.0,1.0,1.0,0.0,0.0,50.4,2.1,25.6,27.0,0.0,0,Core,0
38486,6.18,6.81,6.51,6.61,6.51,6.42,6.04,5.84,6.35,52.4,1.0,1.0,0.0,0.0,0.0,47.9,1.8,27.6,54.9,0.0,0,Core,0
34692,8.64,9.0,9.19,8.52,9.07,9.66,9.43,9.43,9.33,96.0,1.0,4.0,3.0,4.0,1.0,90.0,4.3,82.8,72.1,0.0,0,Core,1
14062,4.0,4.16,4.41,4.43,4.56,4.0,4.0,4.03,4.09,63.6,0.0,1.0,0.0,0.0,0.0,47.9,2.4,28.2,24.3,0.0,0,Core,0
31027,10.0,10.0,10.0,10.0,10.0,10.0,10.0,9.89,10.0,82.5,2.0,3.0,2.0,2.0,1.0,78.9,3.3,65.8,72.9,1.0,0,Core,1
9926,8.61,8.58,9.06,8.86,9.02,8.4,8.86,8.9,8.89,82.2,1.0,3.0,2.0,4.0,1.0,83.1,2.3,57.6,77.8,1.0,0,Core,1
3402,8.19,8.15,7.67,8.0,8.18,8.04,8.47,8.22,8.01,82.5,2.0,3.0,2.0,3.0,2.0,72.2,4.5,57.6,54.9,1.0,0,Core,1
43024,9.34,9.8,9.3,9.33,9.03,9.42,10.0,10.0,9.56,76.1,1.0,3.0,4.0,3.0,1.0,74.4,4.1,77.3,60.7,1.0,0,Core,1
15297,4.91,5.25,4.73,4.84,4.59,5.01,4.57,5.15,4.71,60.0,0.0,0.0,0.0,1.0,0.0,46.1,2.2,23.4,35.0,0.0,0,Core,0
18675,6.46,7.4,6.82,6.45,7.28,6.42,6.87,6.49,6.8,77.7,3.0,3.0,2.0,3.0,2.0,69.6,4.9,70.8,69.7,1.0,0,Core,1
47624,8.61,9.35,8.69,8.99,8.26,8.83,9.04,9.24,8.66,83.0,1.0,3.0,3.0,2.0,1.0,89.6,3.8,89.4,62.8,1.0,0,Core,1
23615,4.85,5.33,4.85,5.43,5.06,5.03,5.14,5.32,5.27,86.6,0.0,2.0,1.0,2.0,0.0,58.6,2.8,51.3,43.4,1.0,0,Core,0
26363,9.3,8.83,8.67,8.8,8.96,8.67,8.69,9.12,8.77,79.7,1.0,2.0,1.0,2.0,0.0,61.1,3.6,45.9,48.9,1.0,0,Core,1
37637,4.62,5.27,4.62,4.92,4.85,4.66,4.78,5.01,4.82,78.6,2.0,2.0,2.0,1.0,1.0,68.8,1.3,62.0,53.3,1.0,0,Core,0
30888,6.29,5.79,5.35,5.98,5.88,5.28,5.95,5.68,5.77,64.4,0.0,0.0,0.0,1.0,1.0,43.4,2.3,30.4,27.6,0.0,0,Core,0
46316,8.84,9.55,9.13,9.24,9.69,9.99,9.26,9.61,9.42,94.9,2.0,4.0,2.0,4.0,2.0,99.3,3.8,81.3,77.8,1.0,0,Core,1
9382,9.33,9.77,9.27,9.02,9.67,9.39,10.0,9.59,9.48,96.3,1.0,3.0,3.0,3.0,2.0,91.8,3.2,71.4,79.3,1.0,0,Core,1
22703,6.76,7.48,7.34,6.92,7.34,7.24,6.61,6.9,7.22,84.4,1.0,2.0,2.0,1.0,0.0,66.8,4.1,47.3,47.5,0.0,0,Core,1
43633,7.59,8.12,8.06,8.35,8.63,8.09,8.99,8.89,9.86,92.3,3.0,5.0,3.0,3.0,0.0,96.9,3.2,99.5,65.0,1.0,0,Core,1
27562,8.35,8.68,8.42,8.46,8.53,8.49,8.75,9.02,8.43,75.9,1.0,3.0,2.0,3.0,1.0,66.0,3.7,57.6,73.9,1.0,0,Core,1
33625,6.56,6.92,7.09,6.16,6.59,6.78,7.15,6.98,6.81,69.6,1.0,1.0,2.0,2.0,1.0,52.6,2.3,48.7,48.7,1.0,0,Core,0
47597,5.26,4.61,4.87,4.76,4.59,5.08,4.64,4.48,4.66,64.5,1.0,1.0,1.0,0.0,1.0,52.9,2.1,24.5,25.6,0.0,0,Core,0
21936,8.51,8.65,8.58,8.52,8.5,9.41,9.11,9.52,8.77,76.5,1.0,4.0,2.0,2.0,1.0,79.0,3.4,88.5,80.0,0.0,0,Core,1
18170,7.67,7.43,7.23,7.59,7.77,7.96,7.74,7.76,7.88,77.1,2.0,4.0,2.0,2.0,2.0,78.4,4.2,57.6,72.1,1.0,0,Core,1
29420,7.05,6.79,7.18,7.37,7.04,7.23,7.71,7.58,7.3,100.0,2.0,3.0,3.0,3.0,2.0,95.1,3.8,95.7,54.9,0.0,0,Core,1
36617,4.74,4.76,4.6,4.43,4.73,4.43,4.35,4.64,4.57,60.1,0.0,1.0,1.0,0.0,0.0,39.1,1.6,27.7,25.7,0.0,0,Core,0
10594,8.69,8.56,8.45,8.18,8.54,8.75,8.16,8.87,8.64,73.7,2.0,3.0,4.0,2.0,0.0,66.8,3.4,77.4,68.6,1.0,0,Core,1
37424,4.03,4.0,4.28,4.0,4.0,4.0,4.0,4.0,4.0,64.0,0.0,0.0,0.0,0.0,0.0,55.9,3.1,20.8,22.8,1.0,0,Core,0
16675,9.33,9.16,8.91,9.32,8.65,9.32,9.01,9.07,9.13,68.6,0.0,1.0,1.0,1.0,1.0,59.4,3.1,50.5,54.9,0.0,0,Core,1
21394,5.78,5.73,5.69,5.54,5.84,5.57,5.78,5.27,5.68,60.5,0.0,1.0,1.0,0.0,0.0,47.0,3.2,31.9,37.4,0.0,0,Core,0
44423,4.73,5.11,5.4,5.48,5.76,5.05,5.32,5.62,5.33,86.5,2.0,1.0,2.0,2.0,0.0,85.5,3.7,56.8,59.7,1.0,0,Core,0
6294,9.48,8.89,9.38,9.08,8.98,8.57,9.5,9.52,9.2,86.9,1.0,3.0,2.0,3.0,2.0,81.4,4.3,95.4,72.0,0.0,0,Core,1
37182,5.46,5.16,5.02,5.78,5.19,5.41,5.54,5.18,5.28,77.7,1.0,2.0,2.0,2.0,0.0,64.1,2.4,55.6,49.9,1.0,0,Core,0
18588,7.65,7.84,7.18,7.36,7.24,7.65,7.72,7.95,7.63,83.0,1.0,2.0,2.0,0.0,1.0,56.7,3.2,58.2,54.9,0.0,0,Core,1
3426,7.8,7.58,7.0,7.63,7.87,7.51,7.18,7.96,7.53,88.9,1.0,2.0,2.0,1.0,0.0,70.1,3.2,60.7,61.3,1.0,0,Core,1
3231,8.84,8.63,8.4,8.49,8.34,8.35,8.51,8.99,8.4,79.9,1.0,2.0,2.0,2.0,0.0,70.1,3.0,49.8,48.9,0.0,0,Core,1
41879,8.75,8.95,8.66,8.98,8.58,8.5,8.55,8.89,8.72,84.8,2.0,2.0,2.0,3.0,1.0,74.8,3.4,66.9,77.4,1.0,0,Core,1
14464,8.74,9.14,8.57,9.07,9.01,8.46,8.76,8.9,8.88,85.7,2.0,1.0,2.0,3.0,1.0,69.6,4.1,77.9,77.4,0.0,0,Core,1
15354,5.76,6.17,5.82,5.4,5.55,5.49,5.81,5.53,5.62,65.1,0.0,0.0,0.0,0.0,0.0,50.1,2.2,30.2,25.4,0.0,0,Core,0
42731,8.72,8.44,9.27,8.82,8.2,9.21,8.7,9.22,8.81,95.6,2.0,3.0,2.0,3.0,1.0,86.0,4.2,95.1,77.3,1.0,0,Core,1
17787,7.67,7.74,8.74,7.96,7.48,7.89,7.89,8.34,7.93,82.3,1.0,3.0,2.0,2.0,1.0,82.9,3.0,79.8,76.5,1.0,0,Core,1
46331,7.32,6.78,7.54,6.61,7.11,7.3,7.57,7.46,7.21,74.0,1.0,2.0,2.0,1.0,0.0,65.5,2.3,52.4,50.2,1.0,0,Core,1
16393,6.56,6.28,5.89,6.38,6.78,6.64,6.23,6.08,6.31,79.6,1.0,2.0,2.0,2.0,1.0,58.8,3.2,56.4,57.7,0.0,0,Core,0
16853,8.04,8.07,7.4,7.4,7.85,7.52,7.3,7.73,7.84,62.7,0.0,1.0,3.0,2.0,1.0,67.8,3.2,52.6,54.3,1.0,0,Core,0
34835,7.61,7.68,7.37,7.15,7.01,7.54,7.59,7.77,7.4,88.1,2.0,3.0,2.0,3.0,1.0,83.0,3.9,86.6,68.3,0.0,0,Core,1
32530,6.91,6.85,6.56,6.79,6.46,6.51,7.32,6.82,6.7,76.2,1.0,2.0,1.0,1.0,1.0,73.0,3.1,58.1,54.9,1.0,0,Core,1
43524,7.45,7.1,7.52,7.89,7.39,7.09,7.89,7.82,7.64,66.0,1.0,2.0,2.0,1.0,1.0,64.7,3.7,52.9,54.2,1.0,0,Core,1
41558,7.34,7.43,7.27,7.1,7.04,6.43,6.93,6.88,7.29,64.4,0.0,1.0,1.0,0.0,0.0,45.1,2.2,32.3,33.8,0.0,0,Core,0
16582,7.02,6.75,7.31,6.72,6.39,6.44,6.68,6.94,6.8,79.2,1.0,1.0,2.0,1.0,0.0,69.6,3.1,61.0,40.7,0.0,0,Core,1
17556,7.9,7.99,8.29,7.32,7.51,7.76,7.48,8.84,7.96,80.9,3.0,4.0,3.0,3.0,1.0,77.0,4.1,82.3,64.9,1.0,0,Core,1
30230,10.0,9.21,9.76,10.0,10.0,9.84,10.0,10.0,9.89,94.0,2.0,4.0,2.0,4.0,2.0,61.5,3.2,82.9,67.9,1.0,0,Core,1
4131,9.31,8.74,9.1,9.17,8.89,8.73,9.43,9.32,8.98,88.5,2.0,4.0,2.0,3.0,1.0,85.4,3.6,70.9,69.5,1.0,0,Core,1
38307,5.78,6.05,6.33,5.91,5.89,5.91,6.35,5.46,5.92,62.4,1.0,1.0,0.0,0.0,0.0,44.2,2.5,26.8,30.5,0.0,0,Core,0
26809,8.85,8.98,9.47,9.46,9.02,9.22,9.64,9.51,9.34,78.9,1.0,3.0,3.0,2.0,1.0,81.3,3.8,63.7,87.3,1.0,0,Core,1
37062,6.34,6.05,6.14,5.8,6.45,5.46,6.2,5.92,6.09,69.5,1.0,2.0,2.0,1.0,0.0,56.7,2.4,58.1,44.3,0.0,0,Core,0
17363,5.74,5.63,5.43,5.75,5.69,5.69,5.95,5.6,5.66,72.3,0.0,0.0,2.0,1.0,0.0,52.7,1.8,28.8,54.9,1.0,0,Core,0
48398,8.4,8.83,8.49,8.39,8.75,8.92,9.28,9.34,8.75,70.6,2.0,4.0,2.0,1.0,1.0,86.3,3.9,91.5,55.0,1.0,0,Core,1
1078,6.27,6.85,6.08,7.0,6.41,6.53,6.81,6.55,6.4,70.9,1.0,2.0,1.0,0.0,1.0,66.2,3.4,53.9,54.9,1.0,0,Core,0
47207,6.78,6.4,7.0,6.82,7.61,6.89,7.2,6.75,6.71,81.9,1.0,4.0,2.0,4.0,2.0,81.4,5.0,59.1,63.1,1.0,0,Core,1
41034,5.66,5.67,5.29,5.44,5.67,4.97,4.74,5.03,5.21,60.7,0.0,1.0,1.0,1.0,0.0,46.0,2.0,31.1,29.7,1.0,0,Core,0
5502,7.51,7.46,7.08,7.51,7.52,7.39,7.49,7.94,7.48,84.8,1.0,4.0,3.0,2.0,2.0,78.9,3.6,60.0,67.4,1.0,0,Core,1
4414,6.45,6.12,6.87,6.19,6.11,6.55,6.49,6.22,6.42,67.7,1.0,3.0,2.0,3.0,0.0,71.1,2.0,58.0,42.8,0.0,0,Core,1
23803,10.0,9.97,9.83,9.84,9.7,10.0,10.0,10.0,9.8,93.7,1.0,4.0,3.0,3.0,1.0,69.6,3.2,57.6,80.1,1.0,0,Core,1
34529,7.57,8.07,7.68,7.6,7.65,8.16,8.64,8.27,7.97,87.6,2.0,2.0,3.0,3.0,1.0,89.3,4.9,86.1,92.1,0.0,0,Core,1
21245,5.87,5.44,6.1,5.93,5.65,6.3,5.91,5.76,5.79,84.6,1.0,2.0,2.0,2.0,1.0,69.8,4.0,63.3,56.1,0.0,0,Core,0
3001,6.16,6.62,6.18,6.96,6.16,6.35,7.14,6.86,6.61,74.8,0.0,2.0,2.0,2.0,1.0,63.0,3.0,48.4,66.7,0.0,0,Core,0
39704,8.19,7.58,8.01,8.5,8.02,8.4,8.76,8.41,8.29,91.7,2.0,2.0,2.0,3.0,2.0,79.1,3.7,59.3,65.7,0.0,0,Core,1
47445,8.93,9.24,8.78,8.79,8.51,9.47,8.56,8.62,8.87,69.1,2.0,3.0,1.0,2.0,1.0,64.7,3.1,57.6,61.5,0.0,0,Core,1
4760,4.0,4.0,4.07,4.0,4.13,4.0,4.4,4.0,4.11,55.3,0.0,1.0,0.0,0.0,1.0,31.8,1.7,24.2,29.1,1.0,0,Core,0
49277,7.84,8.52,7.17,7.15,7.54,8.53,7.65,7.73,7.75,91.6,1.0,4.0,3.0,4.0,2.0,87.4,4.4,79.0,79.0,1.0,0,Core,1
44283,8.48,8.66,9.35,8.75,9.6,8.91,9.22,9.34,9.22,94.8,1.0,4.0,4.0,3.0,1.0,79.1,4.9,75.9,74.6,1.0,0,Core,1
16540,5.55,5.62,4.94,5.63,5.75,5.8,5.38,5.58,5.55,60.8,0.0,1.0,0.0,1.0,0.0,48.3,2.4,33.3,27.5,0.0,0,Core,0
43801,8.22,8.33,7.71,8.21,8.73,8.21,8.41,8.83,8.35,81.8,1.0,2.0,2.0,3.0,1.0,69.6,3.1,52.9,49.2,1.0,0,Core,1
25152,6.28,6.45,6.55,6.98,6.93,6.82,6.58,6.2,6.52,75.0,1.0,1.0,2.0,0.0,1.0,72.5,2.9,57.6,42.6,0.0,0,Core,0
8323,7.61,8.0,8.13,7.84,8.1,7.99,8.67,8.42,4.12,52.51009707,3.0,2.0,3.0,3.0,1.0,32.2,2.6,57.6,75.5,1.0,-1,Noise,1
38151,6.02,6.73,6.45,6.08,6.47,6.76,6.33,6.85,6.52,82.5,0.0,2.0,1.0,2.0,0.0,76.2,3.1,51.3,52.4,1.0,0,Core,0
47905,7.35,6.47,7.44,6.75,7.39,7.13,7.58,6.85,7.2,70.8,1.0,1.0,2.0,2.0,0.0,69.6,3.2,55.7,50.7,1.0,0,Core,1
14947,7.64,7.52,8.23,7.75,8.68,7.27,8.21,8.03,7.88,81.0,2.0,3.0,3.0,3.0,2.0,80.1,3.2,86.3,81.8,1.0,0,Core,1
48621,7.63,7.44,7.62,8.1,7.35,7.01,7.65,7.8,7.9,84.1,2.0,4.0,3.0,4.0,0.0,76.0,4.7,92.3,75.4,1.0,0,Core,1
43423,10.0,10.0,10.0,10.0,10.0,10.0,10.0,9.85,9.95,71.2,2.0,3.0,3.0,2.0,2.0,88.2,4.6,57.6,79.3,0.0,0,Core,1
9469,7.48,7.75,7.72,7.67,7.81,8.15,6.82,7.45,7.52,80.7,1.0,2.0,3.0,3.0,1.0,62.8,4.8,57.6,46.2,0.0,0,Core,1
5309,4.0,4.12,4.0,4.17,4.0,4.41,4.0,4.0,4.18,79.1,0.0,1.0,0.0,0.0,0.0,39.6,2.5,23.3,29.5,0.0,0,Core,0
24989,5.29,5.63,4.56,4.67,4.18,4.36,4.87,4.67,4.66,50.0,0.0,0.0,0.0,1.0,0.0,69.6,2.5,36.5,33.2,0.0,0,Core,0
34483,5.12,4.5,4.8,5.4,4.74,4.7,4.87,4.39,4.91,66.0,0.0,1.0,0.0,1.0,0.0,46.8,2.0,27.4,30.4,0.0,0,Core,0
31681,7.78,8.44,8.5,8.31,8.78,8.34,8.6,8.99,8.71,100.0,2.0,3.0,3.0,3.0,1.0,100.0,4.2,83.7,76.0,0.0,0,Core,1
4476,7.34,7.5,7.29,7.62,7.43,7.37,7.27,7.36,7.51,79.3,1.0,1.0,1.0,2.0,0.0,64.7,1.8,57.6,56.3,0.0,0,Core,1
23091,6.44,6.6,7.17,6.88,6.32,6.88,7.68,7.1,6.65,66.6,1.0,2.0,2.0,2.0,1.0,58.5,3.1,57.8,33.7,0.0,0,Core,1
12262,7.95,7.76,8.08,7.84,8.05,8.64,8.55,8.39,8.15,96.5,1.0,2.0,1.0,1.0,0.0,66.0,3.6,62.6,50.6,1.0,0,Core,1
2418,7.39,7.31,7.47,7.25,7.03,7.02,7.44,7.6,7.43,86.3,1.0,4.0,4.0,3.0,1.0,82.8,2.4,76.4,61.3,1.0,0,Core,1
10215,5.66,5.96,5.54,6.09,5.79,5.96,5.18,5.36,5.71,66.8,0.0,0.0,0.0,0.0,0.0,42.6,2.1,29.5,37.8,0.0,0,Core,0
42120,8.74,9.02,9.15,9.27,9.62,8.77,9.15,9.46,9.02,93.2,2.0,2.0,3.0,3.0,1.0,62.4,3.2,95.6,81.7,1.0,0,Core,1
6986,9.31,9.73,9.45,9.79,9.52,9.91,9.42,9.64,9.62,94.7,1.0,4.0,3.0,3.0,0.0,51.3,4.8,91.2,79.0,0.0,0,Core,1
4121,7.93,8.29,8.38,8.46,8.62,8.37,8.83,8.44,8.48,78.6,3.0,3.0,3.0,2.0,2.0,76.2,3.2,76.8,71.9,1.0,0,Core,1
34897,8.77,8.19,8.21,8.63,8.49,8.18,8.31,8.19,8.49,78.4,1.0,2.0,1.0,2.0,0.0,70.8,3.2,57.6,66.5,1.0,0,Core,1
26496,6.94,6.66,7.33,6.64,7.26,7.04,7.15,6.84,7.07,65.8,2.0,2.0,2.0,2.0,0.0,79.8,4.1,63.2,54.9,0.0,0,Core,1
49745,8.54,7.75,8.01,8.12,7.38,8.01,8.02,7.88,7.82,91.1,1.0,4.0,2.0,3.0,2.0,69.8,3.9,79.4,65.3,1.0,0,Core,1
5795,7.14,6.69,6.99,6.9,7.13,7.3,7.53,7.11,7.04,70.6,1.0,1.0,2.0,2.0,1.0,73.8,2.7,57.2,54.1,1.0,0,Core,1
32818,9.69,10.0,10.0,10.0,10.0,10.0,9.98,10.0,9.92,97.6,2.0,3.0,3.0,4.0,2.0,84.5,3.9,95.8,72.3,0.0,0,Core,1
38895,8.31,8.45,7.63,8.5,7.99,7.74,8.22,8.01,8.15,75.4,1.0,2.0,1.0,1.0,1.0,61.4,2.6,52.3,48.5,1.0,0,Core,1
24906,8.33,8.14,7.56,7.91,7.37,7.44,7.82,8.15,7.91,81.7,1.0,2.0,2.0,2.0,1.0,66.7,1.6,48.5,48.0,1.0,0,Core,1
10164,7.58,7.87,8.5,8.1,7.92,7.98,8.16,7.95,8.18,79.8,1.0,1.0,2.0,0.0,0.0,76.6,3.4,62.5,55.7,0.0,0,Core,1
2830,8.14,7.87,7.85,7.52,8.21,7.61,8.49,7.95,7.88,78.5,2.0,3.0,2.0,3.0,2.0,63.3,3.6,70.8,96.0,0.0,0,Core,1
46557,10.0,9.59,10.0,9.86,10.0,10.0,10.0,9.95,9.82,95.7,1.0,2.0,2.0,4.0,1.0,69.6,3.3,63.8,80.1,1.0,0,Core,1
37520,7.37,7.21,7.27,7.94,7.41,7.75,7.74,8.07,7.51,69.3,1.0,2.0,1.0,2.0,0.0,73.7,4.0,63.3,48.5,1.0,0,Core,1
13827,6.46,7.34,6.15,6.29,6.74,7.0,6.84,6.41,6.75,78.9,0.0,2.0,2.0,1.0,2.0,69.6,3.0,56.5,56.4,1.0,0,Core,1
30761,7.84,7.29,7.24,7.59,7.52,7.28,7.36,7.19,7.41,64.4,1.0,1.0,1.0,0.0,0.0,46.1,2.2,32.9,28.4,0.0,0,Core,0
32272,7.73,7.22,6.91,7.23,8.02,7.36,7.18,7.18,7.49,84.2,1.0,2.0,1.0,2.0,1.0,61.8,3.3,53.1,58.7,0.0,0,Core,1
23116,8.45,9.51,8.86,9.37,8.9,9.02,9.41,9.7,9.27,88.4,2.0,4.0,3.0,3.0,0.0,97.8,2.8,72.0,55.8,1.0,0,Core,1
22684,8.64,9.36,9.05,9.17,9.23,8.93,9.41,8.86,9.14,97.7,2.0,4.0,2.0,3.0,1.0,69.6,4.3,66.0,68.3,1.0,0,Core,1
28908,5.84,6.33,5.65,5.47,6.31,5.9,6.0,5.8,5.91,70.2,0.0,1.0,0.0,1.0,0.0,46.6,1.5,26.9,54.9,0.0,0,Core,0
442,4.01,4.0,4.0,4.54,4.02,4.0,4.0,4.0,4.0,62.9,0.0,0.0,1.0,0.0,0.0,41.0,2.4,23.7,32.3,0.0,0,Core,0
35277,6.52,6.74,6.51,6.77,6.59,7.17,6.68,6.81,6.71,69.8,1.0,2.0,2.0,1.0,1.0,71.8,4.6,55.1,59.8,1.0,0,Core,1
38709,4.18,5.17,5.09,4.26,4.35,4.57,4.56,4.58,4.66,62.7,0.0,1.0,0.0,0.0,0.0,45.8,2.1,21.9,38.0,0.0,0,Core,0
34544,8.47,8.15,8.71,8.77,8.07,8.59,8.79,9.12,8.58,93.9,2.0,2.0,3.0,4.0,1.0,69.1,3.8,80.9,54.9,1.0,0,Core,1
15365,5.08,5.38,5.38,5.36,5.06,5.37,5.35,4.92,5.41,61.7,0.0,1.0,0.0,0.0,0.0,46.3,2.7,24.5,28.4,0.0,0,Core,0
33649,7.86,7.82,7.5,7.61,7.74,8.04,7.58,7.9,7.84,87.2,1.0,3.0,1.0,1.0,1.0,52.6,3.1,46.2,57.8,1.0,0,Core,1
196,8.2,8.05,7.85,8.48,8.37,8.07,8.44,8.83,8.19,75.6,1.0,3.0,2.0,4.0,2.0,85.5,3.3,83.7,86.0,1.0,0,Core,1
2706,6.0,5.78,5.38,5.67,5.8,5.11,5.38,4.97,5.41,53.1,0.0,1.0,1.0,1.0,0.0,58.1,1.6,30.4,34.8,0.0,0,Core,0
16461,10.0,9.63,10.0,10.0,10.0,10.0,10.0,9.58,9.95,88.3,2.0,3.0,3.0,3.0,1.0,87.3,4.2,59.8,77.8,0.0,0,Core,1
42390,7.98,8.31,8.5,8.36,9.03,8.61,9.2,8.34,8.56,95.4,2.0,2.0,4.0,2.0,0.0,74.0,4.0,64.9,72.7,1.0,0,Core,1
32668,4.18,4.54,4.02,4.0,4.23,4.12,4.0,4.0,4.13,63.7,0.0,0.0,0.0,0.0,0.0,40.5,2.4,27.9,32.4,0.0,0,Core,0
31903,9.14,9.47,9.19,9.11,9.17,9.3,9.48,9.76,9.33,63.0,1.0,2.0,2.0,2.0,0.0,71.6,2.5,52.0,46.7,1.0,0,Core,1
24320,6.43,6.32,6.58,7.07,6.3,6.3,6.89,6.59,6.42,70.0,1.0,2.0,1.0,1.0,0.0,72.4,3.1,56.1,44.2,1.0,0,Core,0
27516,8.44,8.49,9.02,8.7,7.85,8.16,7.9,8.37,8.24,79.1,1.0,2.0,2.0,1.0,1.0,70.1,3.2,56.3,59.6,1.0,0,Core,1
39163,6.66,6.18,5.76,6.69,5.5,6.5,5.84,6.33,6.18,57.2,0.0,0.0,1.0,1.0,0.0,46.8,1.4,32.5,26.8,0.0,0,Core,0
16915,7.71,7.84,8.2,8.0,8.0,8.36,8.08,8.46,8.18,93.8,2.0,4.0,2.0,3.0,1.0,77.8,3.0,88.5,54.9,0.0,0,Core,1
40618,6.99,7.45,6.34,6.59,6.67,6.68,6.48,6.82,6.62,76.2,0.0,1.0,1.0,2.0,2.0,69.6,2.4,64.2,50.4,1.0,0,Core,0
44156,5.51,5.64,5.57,6.1,5.75,6.28,5.95,5.84,5.88,55.4,1.0,0.0,0.0,1.0,0.0,51.2,1.3,23.5,35.2,0.0,0,Core,0
32385,6.86,6.71,7.19,6.48,6.82,7.31,6.75,6.74,6.96,90.2,1.0,2.0,1.0,2.0,0.0,62.8,2.2,50.0,42.3,0.0,0,Core,1
29602,9.91,10.0,9.91,10.0,10.0,10.0,9.84,10.0,9.85,94.6,2.0,2.0,2.0,3.0,2.0,89.6,3.7,98.2,73.5,1.0,0,Core,1
34542,8.08,8.05,7.23,8.05,7.87,7.96,7.93,7.84,7.88,72.5,1.0,2.0,2.0,2.0,0.0,78.7,4.0,54.9,54.9,1.0,0,Core,1
6654,7.09,6.23,7.1,6.85,7.31,7.32,6.64,6.86,7.06,87.8,2.0,3.0,2.0,3.0,0.0,69.6,4.0,57.6,76.0,1.0,0,Core,1
46469,7.37,7.33,6.76,7.81,6.62,6.79,7.21,6.98,7.12,73.3,1.0,2.0,2.0,1.0,0.0,69.9,3.3,49.2,47.6,0.0,0,Core,0
1471,4.86,5.23,4.83,4.94,4.96,4.91,5.86,4.77,4.96,75.5,1.0,2.0,3.0,1.0,1.0,67.0,2.8,54.1,59.7,1.0,0,Core,0
10908,9.1,8.87,8.5,8.6,8.89,9.23,9.09,9.65,9.72,75.9,3.0,5.0,2.0,2.0,1.0,99.8,3.6,98.5,39.1,1.0,0,Core,1
41442,8.83,8.81,8.71,8.45,8.77,8.6,9.02,8.95,8.83,83.0,1.0,4.0,3.0,4.0,1.0,75.8,5.0,89.3,73.8,1.0,0,Core,1
43322,8.18,7.86,7.85,8.19,8.05,8.26,8.16,8.18,7.96,79.4,2.0,3.0,3.0,2.0,2.0,82.4,4.7,66.4,66.7,0.0,0,Core,1
6393,6.36,5.74,5.95,6.14,6.2,6.88,6.93,6.73,6.5,79.5,1.0,2.0,1.0,2.0,0.0,77.6,3.2,60.8,58.0,0.0,0,Core,1
28954,6.81,7.37,7.27,6.84,7.02,7.5,6.92,6.62,7.06,74.4,1.0,2.0,1.0,2.0,1.0,62.2,3.2,46.5,54.0,0.0,0,Core,1
16657,8.37,8.42,8.86,8.32,8.72,8.43,8.89,9.13,8.51,73.3,2.0,2.0,2.0,1.0,0.0,78.6,2.6,50.6,41.0,0.0,0,Core,1
17923,6.12,6.51,6.92,6.07,6.5,6.41,6.24,6.62,9.9,69.4,3.0,5.0,1.0,1.0,1.0,98.3,3.2,97.9,59.4,1.0,0,Border,0
19589,8.23,8.95,8.13,8.41,8.68,7.86,8.32,8.75,8.37,74.3,1.0,1.0,1.0,2.0,1.0,69.6,3.1,67.5,57.7,1.0,0,Core,1
32632,6.26,7.32,6.4,7.47,6.88,7.26,6.89,7.36,7.01,89.3,2.0,4.0,3.0,3.0,1.0,80.4,3.3,86.0,76.7,1.0,0,Core,1
22898,6.18,5.52,5.89,5.83,5.97,5.75,6.22,6.35,5.84,86.5,1.0,3.0,3.0,3.0,1.0,86.9,3.7,81.9,70.8,1.0,0,Core,1
6341,10.0,9.92,10.0,10.0,10.0,9.99,10.0,10.0,10.0,94.9,1.0,3.0,3.0,4.0,0.0,70.4,3.2,79.4,67.6,0.0,0,Core,1
23906,7.51,7.46,7.66,7.27,8.16,7.83,8.19,8.04,7.74,96.4,1.0,3.0,2.0,3.0,1.0,82.6,2.7,67.1,63.7,0.0,0,Core,1
38423,8.73,8.74,9.4,9.36,8.75,8.6,9.2,9.71,9.09,84.8,2.0,2.0,3.0,3.0,2.0,92.5,2.3,99.7,82.8,1.0,0,Core,1
18917,7.01,6.61,7.15,6.92,7.24,7.16,6.93,6.78,6.94,76.5,0.0,1.0,2.0,2.0,1.0,74.9,2.7,62.1,48.2,0.0,0,Core,0
25896,4.53,4.21,4.0,4.0,4.37,4.08,4.17,4.0,4.18,74.0,1.0,0.0,0.0,1.0,0.0,46.1,2.4,26.5,31.6,0.0,0,Core,0
12956,7.31,8.3,7.44,7.37,7.5,7.91,7.73,7.6,7.7,96.5,1.0,2.0,2.0,2.0,1.0,69.6,4.1,60.7,58.0,0.0,0,Core,1
29066,8.69,8.57,8.69,8.75,8.66,8.46,8.48,8.81,8.62,83.7,1.0,2.0,1.0,2.0,1.0,64.3,2.9,54.8,45.1,0.0,0,Core,1
45252,5.53,5.64,5.19,5.78,4.76,5.18,4.78,5.61,5.36,63.4,0.0,1.0,0.0,1.0,0.0,46.3,2.1,26.7,27.4,1.0,0,Core,0
35183,7.59,7.66,7.59,7.23,7.9,7.44,7.95,7.95,7.69,89.2,1.0,3.0,2.0,3.0,0.0,71.1,3.5,52.7,45.6,1.0,0,Core,1
31471,6.4,5.94,6.23,6.29,6.15,6.49,6.2,5.9,6.15,68.5,1.0,2.0,2.0,1.0,1.0,71.1,3.3,48.8,57.6,1.0,0,Core,1
1158,6.95,6.86,7.07,6.76,6.56,6.16,6.45,6.92,6.62,60.3,1.0,1.0,0.0,0.0,0.0,47.9,2.4,33.9,24.4,0.0,0,Core,1
18108,9.64,10.0,10.0,10.0,10.0,10.0,10.0,10.0,9.94,89.9,2.0,3.0,2.0,3.0,1.0,88.0,4.6,91.3,82.7,1.0,0,Core,1
28859,7.7,7.42,7.64,7.46,7.62,7.36,7.55,7.57,4.24,50.92097663,1.0,3.0,1.0,2.0,0.0,33.1,3.0,57.6,54.9,1.0,0,Border,1
16052,8.36,8.54,8.46,8.46,8.23,8.88,8.5,8.5,8.48,81.2,2.0,1.0,1.0,2.0,1.0,76.7,3.1,56.7,54.0,0.0,0,Core,1
17288,6.89,6.77,6.99,7.25,7.08,7.12,6.99,6.84,7.17,100.0,2.0,5.0,3.0,2.0,2.0,75.6,3.3,100.0,57.1,1.0,0,Core,1
29983,5.72,5.57,5.91,5.66,5.38,5.31,5.08,5.36,5.69,52.4,1.0,0.0,0.0,1.0,0.0,46.2,1.7,25.8,26.6,0.0,0,Core,0
579,7.27,6.68,6.26,6.96,6.93,6.38,6.64,6.5,6.45,85.1,1.0,1.0,2.0,1.0,0.0,63.7,3.3,49.0,41.2,1.0,0,Core,0
5693,6.5,6.82,6.04,6.04,6.5,6.87,6.06,5.94,6.29,75.8,0.0,2.0,2.0,2.0,1.0,70.9,3.7,47.8,48.7,0.0,0,Core,0
25473,5.06,5.51,5.47,5.03,4.8,5.26,5.44,5.04,5.13,56.7,0.0,0.0,0.0,0.0,0.0,56.0,2.4,28.2,22.6,0.0,0,Core,0
40200,10.0,10.0,9.91,10.0,10.0,10.0,10.0,10.0,10.0,82.1,2.0,2.0,2.0,3.0,2.0,99.6,5.0,84.1,76.7,1.0,0,Core,1
8961,8.53,9.1,9.01,8.69,8.66,9.49,9.04,9.16,8.92,100.0,2.0,4.0,2.0,3.0,0.0,72.2,3.2,66.3,78.8,1.0,0,Core,1
3859,8.13,7.93,7.92,8.48,7.63,8.38,8.0,7.76,8.08,64.6,1.0,2.0,2.0,1.0,1.0,64.8,2.7,51.7,49.2,1.0,0,Core,1
32562,5.07,5.38,5.32,5.21,5.75,5.18,5.18,5.71,5.29,61.2,0.0,0.0,0.0,0.0,0.0,55.0,2.1,25.5,54.9,0.0,0,Core,0
38793,9.15,9.52,8.41,9.52,8.89,8.62,9.03,8.97,8.89,95.8,1.0,2.0,2.0,1.0,1.0,74.7,3.4,39.0,52.7,1.0,0,Core,1
8446,7.32,7.77,7.31,7.59,7.66,7.37,7.27,7.25,7.36,75.3,1.0,2.0,1.0,2.0,1.0,67.1,2.3,55.2,54.4,1.0,0,Core,1
7773,7.39,6.68,7.37,7.36,7.37,7.43,7.36,7.01,7.27,91.6,1.0,2.0,3.0,3.0,2.0,92.1,4.3,82.2,54.9,1.0,0,Core,1
10870,8.97,8.94,8.4,9.02,9.08,9.41,9.1,8.61,8.83,69.2,1.0,2.0,1.0,1.0,0.0,68.4,3.3,42.5,44.1,0.0,0,Core,1
46361,7.72,7.97,8.3,7.79,8.27,8.11,7.98,8.13,8.07,67.9,0.0,2.0,2.0,2.0,1.0,62.9,2.5,63.1,65.6,0.0,0,Core,1
48807,5.74,5.21,5.33,5.39,5.17,5.52,5.1,4.7,5.36,58.0,0.0,0.0,1.0,1.0,0.0,69.6,1.2,30.5,29.5,0.0,0,Core,0
29175,9.1,8.63,9.12,8.62,8.96,9.52,9.25,9.58,9.13,84.5,1.0,4.0,3.0,5.0,2.0,76.2,3.4,72.3,59.9,1.0,0,Core,1
41829,5.97,5.72,5.9,5.45,5.81,5.83,5.98,5.7,9.93,80.8,3.0,5.0,2.0,2.0,1.0,96.9,4.2,95.3,54.0,0.0,0,Border,1
29274,8.15,7.74,7.8,7.77,8.2,7.93,7.48,8.6,7.89,87.1,2.0,1.0,2.0,1.0,1.0,69.6,3.2,69.9,41.7,0.0,0,Core,1
16740,5.46,6.49,5.87,6.22,6.1,6.41,5.79,6.05,5.89,67.1,0.0,1.0,2.0,2.0,0.0,69.3,2.2,53.5,56.7,1.0,0,Core,0
43133,5.21,4.83,5.25,4.83,4.99,5.15,4.78,5.38,5.08,60.2,1.0,1.0,1.0,1.0,0.0,50.6,2.3,34.5,54.9,1.0,0,Core,0
26969,6.58,6.72,6.93,6.49,6.67,6.82,6.59,6.94,6.66,82.4,2.0,3.0,2.0,3.0,2.0,80.7,3.9,62.2,76.8,1.0,0,Core,1
21536,6.18,6.1,6.82,6.27,6.26,6.69,6.07,6.42,6.34,50.0,0.0,0.0,1.0,1.0,0.0,69.6,2.2,28.3,26.4,0.0,0,Core,0
30282,7.49,6.83,7.4,7.16,7.55,7.41,6.9,7.18,7.22,90.3,1.0,1.0,3.0,1.0,0.0,70.7,2.3,56.0,55.4,0.0,0,Core,0
29014,7.02,6.77,7.33,6.6,6.96,7.01,7.09,6.52,6.93,83.4,2.0,1.0,2.0,1.0,0.0,74.2,3.2,64.7,48.8,1.0,0,Core,1
43841,5.88,5.79,5.06,5.48,5.67,4.92,5.2,5.29,5.52,61.3,0.0,1.0,1.0,0.0,0.0,36.3,1.8,25.6,21.6,0.0,0,Core,0
48723,5.75,5.75,6.33,6.09,5.95,5.49,5.99,5.83,5.65,81.8,1.0,2.0,2.0,1.0,0.0,66.0,2.0,51.6,52.0,0.0,0,Core,0
32478,6.8,6.72,6.31,6.65,6.26,6.69,6.45,6.63,6.54,76.0,1.0,1.0,1.0,1.0,0.0,77.7,2.1,61.6,47.8,0.0,0,Core,1
15042,9.43,9.17,8.48,9.09,8.86,9.74,9.3,9.69,9.11,80.0,2.0,5.0,2.0,4.0,2.0,83.0,4.3,87.4,54.9,1.0,0,Core,1
2741,8.87,8.63,8.74,8.46,8.25,8.74,8.43,8.52,8.44,82.0,2.0,1.0,1.0,1.0,1.0,69.4,2.5,57.0,41.8,0.0,0,Core,1
48418,7.68,8.35,7.65,7.78,7.24,7.08,7.31,7.62,7.66,92.0,1.0,2.0,2.0,2.0,0.0,67.6,3.1,61.4,54.6,1.0,0,Core,1
6129,8.67,8.37,8.03,8.32,8.12,8.81,8.58,8.71,8.46,77.3,2.0,2.0,3.0,3.0,2.0,78.8,5.0,81.5,54.9,1.0,0,Core,1
11576,8.26,7.97,7.75,7.49,8.34,8.45,7.93,8.38,8.06,75.4,3.0,2.0,4.0,2.0,1.0,80.5,3.7,89.5,86.3,1.0,0,Core,1
26971,9.61,9.46,9.58,9.39,9.52,9.52,9.19,9.76,9.41,75.2,1.0,1.0,2.0,2.0,0.0,68.6,3.5,50.4,52.4,0.0,0,Core,1
48529,8.04,8.59,8.9,8.43,8.87,8.54,8.63,8.59,8.58,95.4,2.0,3.0,4.0,2.0,2.0,57.5,4.8,91.7,75.7,1.0,0,Core,1
25632,7.37,7.23,7.27,6.56,7.19,6.67,7.0,6.62,7.1,80.3,1.0,1.0,1.0,2.0,0.0,66.8,1.9,66.0,55.5,1.0,0,Core,0
4035,6.67,6.76,6.35,6.11,6.83,6.37,6.9,5.94,6.47,90.6,3.0,4.0,2.0,2.0,2.0,73.2,3.7,70.8,80.0,1.0,0,Core,1
16730,7.8,8.23,7.75,7.74,8.24,7.89,7.75,8.5,7.88,80.4,1.0,2.0,2.0,2.0,1.0,68.6,3.1,42.5,57.2,1.0,0,Core,1
26042,7.81,8.66,8.51,7.63,8.44,8.77,8.2,8.91,8.35,93.0,1.0,3.0,2.0,3.0,1.0,85.7,4.6,75.9,65.0,1.0,0,Core,1
42859,8.27,8.1,7.75,7.72,7.69,6.99,8.29,7.96,7.98,100.0,1.0,4.0,4.0,3.0,1.0,74.6,4.0,72.7,89.2,1.0,0,Core,1
41755,8.01,7.9,7.98,8.13,7.99,8.11,7.99,8.24,8.12,96.1,1.0,3.0,3.0,3.0,2.0,76.8,5.0,75.6,91.0,1.0,0,Core,1
29996,6.29,5.87,5.98,5.77,6.35,6.35,5.82,5.82,6.19,56.0,0.0,0.0,1.0,1.0,0.0,37.8,1.9,29.7,30.3,0.0,0,Core,0
19793,8.26,8.49,8.04,7.93,8.64,7.9,7.94,8.08,8.26,71.5,1.0,3.0,2.0,2.0,0.0,68.8,3.4,66.1,50.2,0.0,0,Core,1
40179,8.58,8.85,8.4,8.45,9.55,9.45,8.99,9.54,9.05,91.4,2.0,1.0,3.0,3.0,1.0,96.5,4.8,74.7,82.2,1.0,0,Core,1
20211,8.9,8.46,8.69,8.1,7.8,8.31,8.7,8.38,8.55,80.8,2.0,2.0,3.0,3.0,1.0,87.9,2.6,90.1,67.8,0.0,0,Core,1
13965,4.95,4.77,5.09,4.53,5.16,4.43,5.07,4.83,4.8,73.1,0.0,2.0,2.0,2.0,1.0,58.0,3.0,54.5,55.2,0.0,0,Core,0
27920,6.52,7.65,6.73,7.21,6.6,6.8,7.3,7.48,7.2,85.6,3.0,2.0,2.0,3.0,1.0,67.0,3.3,74.1,96.3,1.0,0,Core,1
18138,5.27,5.42,5.31,4.71,5.34,5.26,5.5,4.75,5.13,52.1,0.0,1.0,1.0,1.0,0.0,52.9,2.4,57.6,34.7,0.0,0,Core,0
30114,7.27,7.47,8.3,7.69,7.93,7.76,8.06,7.91,7.84,91.2,2.0,3.0,2.0,2.0,1.0,79.1,3.9,57.6,54.9,1.0,0,Core,1
37768,8.77,8.93,8.98,9.05,8.97,8.99,8.97,8.5,8.98,100.0,3.0,3.0,3.0,3.0,1.0,89.8,5.0,70.1,83.9,1.0,0,Core,1
49317,7.38,7.29,7.3,7.25,7.77,7.04,7.2,7.2,7.31,78.3,2.0,2.0,1.0,2.0,0.0,72.1,1.6,50.4,47.0,0.0,0,Core,1
24250,7.99,8.09,8.06,8.27,6.88,7.92,7.52,7.51,7.75,83.9,1.0,2.0,2.0,1.0,1.0,74.3,4.2,57.6,53.5,1.0,0,Core,1
17354,8.26,8.09,7.75,8.11,8.32,8.4,7.99,7.78,8.1,86.7,2.0,3.0,2.0,3.0,1.0,69.5,5.0,64.6,54.9,1.0,0,Core,1
2082,7.68,7.86,7.35,7.35,7.52,7.58,7.48,7.54,7.57,87.5,3.0,3.0,2.0,2.0,2.0,81.7,3.2,73.4,54.9,1.0,0,Core,1
41682,5.9,5.5,5.83,5.99,6.17,5.59,5.29,5.27,5.73,59.4,0.0,0.0,0.0,1.0,0.0,54.1,2.5,27.7,30.8,0.0,0,Core,0
43417,6.42,6.27,6.21,6.96,6.74,7.26,6.94,7.1,6.82,72.7,2.0,2.0,1.0,2.0,1.0,60.8,3.2,44.4,60.9,1.0,0,Core,1
30366,8.65,8.73,8.64,8.91,8.68,8.79,8.45,8.77,8.68,93.6,2.0,4.0,2.0,2.0,2.0,69.6,2.8,85.6,85.0,1.0,0,Core,1
41712,6.03,6.53,5.57,6.11,6.01,6.29,6.23,5.27,5.86,64.4,0.0,0.0,0.0,1.0,0.0,43.6,1.6,27.5,35.6,0.0,0,Core,0
40156,9.78,10.0,10.0,10.0,10.0,10.0,10.0,10.0,9.98,88.7,1.0,4.0,4.0,2.0,2.0,87.2,3.2,73.7,69.4,0.0,0,Core,1
42811,8.4,8.98,8.61,8.62,8.76,8.11,9.16,8.76,8.73,64.3,0.0,2.0,2.0,2.0,1.0,56.6,3.4,60.3,40.8,1.0,0,Core,1
30365,6.09,6.95,6.77,6.84,6.75,6.65,6.64,6.84,6.73,69.7,1.0,2.0,2.0,1.0,0.0,62.4,2.5,61.3,53.2,0.0,0,Core,1
42193,7.22,7.39,8.19,8.0,8.07,8.1,7.86,7.7,7.82,77.2,1.0,2.0,2.0,1.0,0.0,69.2,2.7,58.7,51.1,0.0,0,Core,1
6851,7.72,7.49,7.6,8.42,7.74,7.97,8.05,7.87,7.86,97.7,2.0,4.0,3.0,3.0,2.0,75.8,4.4,79.2,54.9,1.0,0,Core,1
12066,9.24,9.09,9.33,8.82,9.7,9.15,9.07,9.27,9.2,77.5,1.0,3.0,0.0,2.0,0.0,71.8,1.7,71.9,49.2,1.0,0,Core,1
11221,9.91,10.0,10.0,10.0,10.0,10.0,10.0,10.0,9.99,79.4,1.0,4.0,3.0,1.0,2.0,94.3,3.2,57.6,63.6,1.0,0,Core,1
15945,9.78,9.21,9.74,9.79,9.62,9.77,9.38,10.0,9.81,89.9,2.0,3.0,3.0,3.0,2.0,73.7,4.6,62.0,76.0,1.0,0,Core,1
524,6.08,5.85,5.89,6.02,5.05,4.83,5.18,5.43,5.68,62.7,0.0,0.0,1.0,0.0,0.0,52.0,1.9,37.3,34.3,0.0,0,Core,0
38824,5.98,6.46,6.59,6.41,5.98,6.03,6.21,6.01,6.08,77.2,1.0,3.0,2.0,4.0,1.0,87.7,5.0,69.3,58.1,0.0,0,Core,1
40946,6.93,7.5,6.98,7.42,7.3,7.46,7.11,7.31,7.07,72.2,1.0,2.0,2.0,2.0,1.0,72.3,3.6,63.1,52.3,1.0,0,Core,1
35690,7.33,7.0,7.16,7.41,6.72,7.35,7.06,7.01,7.05,76.9,1.0,3.0,2.0,2.0,1.0,70.6,2.8,55.2,60.9,1.0,0,Core,1
30838,4.35,4.6,4.48,4.27,4.33,4.0,4.51,4.46,4.23,55.8,0.0,1.0,0.0,1.0,0.0,47.0,2.0,57.6,32.3,0.0,0,Core,0
11988,9.68,9.42,9.86,9.3,10.0,9.73,10.0,9.79,9.65,99.5,1.0,3.0,4.0,3.0,2.0,84.9,4.4,79.0,73.0,1.0,0,Core,1
38203,9.36,9.66,9.36,9.2,9.78,9.87,9.71,9.16,9.42,73.7,1.0,1.0,2.0,1.0,0.0,62.8,2.7,55.1,52.5,1.0,0,Core,1
38004,10.0,10.0,9.92,9.75,10.0,10.0,10.0,10.0,9.92,91.9,2.0,3.0,2.0,3.0,1.0,63.8,3.6,76.4,72.1,1.0,0,Core,1
18481,6.1,6.38,6.03,5.93,6.29,5.92,5.85,5.94,6.17,76.9,1.0,3.0,2.0,2.0,1.0,66.8,3.7,52.8,50.8,0.0,0,Core,1
44014,9.37,8.78,8.9,8.94,8.96,9.17,8.92,9.43,9.13,83.0,1.0,4.0,2.0,2.0,2.0,69.6,3.1,75.9,71.1,1.0,0,Core,1
30037,4.94,4.65,4.87,5.17,4.66,4.94,4.23,4.47,4.67,66.0,1.0,1.0,0.0,1.0,0.0,65.0,1.7,28.1,25.7,0.0,0,Core,0
46036,9.16,9.03,9.01,8.65,8.66,8.66,9.36,8.85,8.74,72.8,1.0,2.0,2.0,2.0,1.0,46.1,2.9,56.1,49.8,1.0,0,Core,1
36925,7.33,8.02,8.43,7.59,7.94,7.75,7.71,7.58,7.58,83.7,1.0,2.0,3.0,2.0,0.0,55.3,3.2,42.9,49.8,0.0,0,Core,0
29625,5.59,5.41,5.89,5.12,5.28,5.48,5.75,5.66,5.49,92.7,1.0,2.0,1.0,2.0,1.0,65.3,3.2,48.6,50.2,0.0,0,Core,0
30694,6.79,6.6,6.78,6.55,6.51,6.53,6.88,6.27,6.54,78.1,1.0,2.0,2.0,3.0,1.0,69.6,3.3,56.1,57.2,1.0,0,Core,1
36551,6.4,6.68,6.81,7.2,7.06,6.73,7.18,6.55,6.76,79.4,0.0,2.0,2.0,2.0,1.0,69.5,2.7,52.8,46.1,0.0,0,Core,1
24994,7.15,7.2,7.15,7.62,7.7,7.22,7.41,7.59,7.56,92.9,2.0,3.0,3.0,3.0,2.0,70.3,3.9,88.9,72.3,1.0,0,Core,1
47110,10.0,9.73,10.0,10.0,10.0,9.83,9.85,10.0,9.87,94.5,1.0,4.0,2.0,3.0,2.0,75.9,4.0,73.9,91.0,1.0,0,Core,1
23987,9.38,9.97,9.91,9.9,10.0,10.0,10.0,9.95,9.95,92.9,2.0,2.0,3.0,3.0,2.0,62.3,4.0,81.9,76.5,0.0,0,Core,1
3069,8.27,8.82,9.13,8.46,8.83,9.1,9.01,8.78,8.78,92.9,2.0,3.0,3.0,3.0,2.0,89.2,5.0,83.5,83.2,0.0,0,Core,1
40643,8.44,8.35,8.46,8.22,8.26,8.11,8.34,8.37,8.3,84.0,2.0,3.0,2.0,3.0,2.0,69.6,4.4,71.1,74.4,1.0,0,Core,1
40699,8.78,8.52,7.98,8.06,9.31,8.74,8.01,8.68,8.54,100.0,2.0,3.0,3.0,4.0,1.0,82.1,3.2,82.5,68.2,1.0,0,Core,1
23264,6.77,7.13,7.32,7.5,7.49,7.14,7.1,7.49,7.12,100.0,1.0,3.0,2.0,3.0,1.0,71.9,4.8,83.2,75.6,1.0,0,Core,1
44117,8.15,8.52,7.58,8.47,8.53,8.03,8.16,8.29,8.19,74.4,1.0,1.0,2.0,2.0,0.0,55.3,2.9,50.2,54.9,0.0,0,Core,0
33422,8.9,8.6,8.88,9.45,8.94,8.64,9.01,9.3,8.97,69.7,2.0,4.0,2.0,3.0,1.0,79.1,3.4,70.1,81.9,1.0,0,Core,1
38748,6.23,6.98,6.31,6.68,5.67,6.38,6.29,6.13,6.37,52.8,0.0,1.0,1.0,0.0,0.0,51.3,2.5,35.3,25.3,0.0,0,Core,0
27450,9.17,9.29,8.75,8.29,8.5,8.4,8.62,8.62,8.77,92.8,2.0,3.0,4.0,3.0,2.0,81.4,3.5,90.0,86.4,1.0,0,Core,1
5397,8.53,7.83,8.55,8.42,8.67,8.67,8.45,8.61,8.66,100.0,2.0,3.0,2.0,4.0,1.0,91.8,3.9,77.0,74.2,0.0,0,Core,1
19169,8.1,8.99,8.41,8.39,8.52,8.55,8.65,8.86,8.53,73.7,2.0,2.0,3.0,2.0,2.0,86.3,5.0,90.7,77.7,1.0,0,Core,1
3760,7.54,6.98,6.53,6.99,6.57,6.63,6.74,6.24,6.93,59.8,0.0,0.0,0.0,1.0,0.0,69.6,1.9,21.6,34.9,0.0,0,Core,0
15704,9.42,9.51,9.4,9.82,9.59,9.65,9.34,9.83,9.49,96.9,1.0,4.0,3.0,3.0,2.0,78.5,3.5,65.3,54.9,1.0,0,Core,1
18830,7.53,7.49,7.42,7.71,7.59,7.65,7.62,7.31,7.55,80.0,1.0,1.0,1.0,1.0,1.0,69.6,1.6,55.9,54.3,0.0,0,Core,0
43812,6.81,6.88,6.83,7.03,7.02,6.74,6.73,7.11,6.77,72.5,0.0,2.0,1.0,2.0,0.0,58.7,2.5,61.7,40.8,0.0,0,Core,0
19225,9.82,9.89,9.74,9.69,9.54,9.96,10.0,10.0,9.76,97.1,1.0,2.0,3.0,2.0,2.0,100.0,5.0,74.0,74.4,0.0,0,Core,1
25163,7.62,7.57,7.29,7.51,7.99,7.91,7.58,7.53,7.66,77.3,1.0,2.0,1.0,2.0,0.0,69.6,3.2,62.1,60.3,1.0,0,Core,1
29248,9.53,9.44,9.51,9.02,9.97,9.85,10.0,10.0,9.74,100.0,2.0,3.0,2.0,3.0,2.0,75.5,4.5,62.6,60.2,0.0,0,Core,1
5492,7.46,7.49,7.45,7.93,7.26,7.93,7.53,8.27,4.15,54.31152746,0.0,1.0,1.0,1.0,0.0,33.0,3.2,3.8,54.2,1.0,0,Border,1
49788,4.57,5.62,5.37,6.04,5.18,5.02,5.04,4.89,4.98,63.6,0.0,1.0,1.0,0.0,0.0,54.6,2.6,29.8,25.7,0.0,0,Core,0
30974,8.2,7.91,8.76,8.45,8.48,9.09,8.92,8.77,8.68,95.5,2.0,4.0,3.0,2.0,1.0,61.1,4.9,76.7,54.9,1.0,0,Core,1
48782,4.79,4.48,4.31,4.08,4.0,4.19,4.63,4.4,4.12,63.2,0.0,1.0,0.0,0.0,1.0,43.6,1.5,27.9,27.7,0.0,0,Core,0
17197,9.37,9.35,10.0,10.0,9.86,9.95,9.62,10.0,10.0,79.1,1.0,3.0,3.0,2.0,2.0,80.6,3.6,75.4,84.7,1.0,0,Core,1
36609,6.21,6.45,6.68,6.27,6.21,6.9,6.22,6.57,6.41,70.5,1.0,2.0,2.0,2.0,1.0,83.0,3.0,66.9,59.6,1.0,0,Core,1
47879,6.56,5.91,5.98,6.2,5.95,6.37,5.91,6.12,6.07,74.4,0.0,2.0,2.0,2.0,1.0,70.0,2.5,62.8,54.1,0.0,0,Core,0
25285,7.72,8.3,8.2,8.11,7.31,7.71,7.83,8.19,8.02,89.9,3.0,3.0,3.0,2.0,2.0,95.3,4.0,86.5,66.8,1.0,0,Core,1
23075,4.98,5.61,5.21,4.9,4.62,4.91,4.5,5.29,4.9,92.3,1.0,2.0,2.0,1.0,1.0,78.2,1.7,39.3,47.2,0.0,0,Core,0
42738,8.02,7.91,7.71,7.46,7.34,7.29,7.61,7.28,7.49,80.3,1.0,2.0,2.0,2.0,1.0,78.7,2.4,61.9,54.7,1.0,0,Core,1
10743,9.45,9.64,9.59,9.29,9.83,10.0,9.54,9.3,9.39,100.0,2.0,4.0,2.0,4.0,2.0,95.6,3.2,71.6,70.8,1.0,0,Core,1
30602,4.55,4.53,4.28,4.17,4.0,4.43,4.48,4.64,4.36,64.9,1.0,2.0,0.0,0.0,0.0,52.0,1.6,25.3,26.9,0.0,0,Core,0
38276,7.14,7.7,7.5,7.89,8.22,8.08,7.88,8.18,7.69,90.3,1.0,5.0,3.0,3.0,1.0,88.5,3.5,66.5,82.0,0.0,0,Core,1
32739,4.8,5.55,5.45,5.41,5.35,5.2,5.42,5.33,5.37,66.3,0.0,1.0,0.0,0.0,0.0,43.8,3.2,57.6,31.0,0.0,0,Core,0
44094,10.0,9.97,9.79,10.0,10.0,10.0,10.0,10.0,10.0,86.7,3.0,3.0,2.0,2.0,1.0,60.6,5.0,87.5,73.9,1.0,0,Core,1
41105,8.64,8.22,8.64,9.47,8.95,8.55,8.6,8.59,8.73,70.3,2.0,2.0,1.0,0.0,1.0,69.6,3.4,60.0,43.9,0.0,0,Core,1
1183,8.79,8.99,8.76,8.5,8.74,8.83,9.18,8.75,8.79,74.6,1.0,3.0,2.0,1.0,1.0,66.3,3.5,53.3,45.4,1.0,0,Core,1
34648,7.11,7.43,7.47,7.97,8.01,7.97,7.48,7.94,9.75,89.9,3.0,5.0,4.0,3.0,1.0,98.9,4.2,97.8,89.4,1.0,0,Core,1
12241,8.25,8.12,7.79,8.48,7.86,7.91,9.1,8.38,8.13,89.1,2.0,2.0,3.0,4.0,2.0,69.6,4.5,79.2,70.8,0.0,0,Core,1
21565,8.4,8.13,9.08,9.13,8.66,8.63,9.0,8.78,8.8,87.1,2.0,3.0,4.0,4.0,2.0,80.1,4.3,82.9,71.6,1.0,0,Core,1
48812,8.37,7.3,7.65,8.04,7.66,7.15,7.86,7.94,7.77,74.2,1.0,1.0,2.0,2.0,0.0,69.6,3.7,62.4,36.4,1.0,0,Core,1
38783,7.9,8.26,7.56,7.91,8.5,8.76,8.12,8.52,8.13,91.8,1.0,3.0,3.0,2.0,2.0,72.8,4.9,66.4,54.9,0.0,0,Core,1
41809,8.01,7.86,8.19,8.49,7.79,7.6,7.97,7.96,7.81,73.8,1.0,2.0,2.0,1.0,0.0,76.0,2.3,51.9,58.2,0.0,0,Core,0
17096,6.31,6.35,6.47,6.35,6.52,5.91,6.25,6.01,6.55,57.7,0.0,0.0,1.0,1.0,0.0,50.9,3.2,25.8,35.8,1.0,0,Core,0
30583,5.81,5.46,6.11,5.6,6.19,6.04,6.07,5.39,5.98,73.3,1.0,1.0,2.0,2.0,0.0,65.9,3.1,55.3,53.0,1.0,0,Core,0
16750,9.78,9.28,10.0,9.71,10.0,10.0,9.77,9.55,9.64,82.3,2.0,2.0,3.0,4.0,1.0,87.0,4.9,72.9,84.1,0.0,0,Core,1
27753,6.92,6.67,5.81,5.95,5.86,5.56,6.1,6.12,6.25,70.2,0.0,1.0,1.0,1.0,0.0,51.9,1.3,32.5,54.9,1.0,0,Core,0
16777,9.07,8.96,8.83,9.49,9.43,8.93,9.57,8.61,9.13,77.7,1.0,1.0,2.0,2.0,0.0,60.4,2.5,67.0,56.7,1.0,0,Core,1
5712,4.87,4.66,4.26,5.16,4.42,4.98,4.43,4.0,4.6,58.1,0.0,0.0,0.0,0.0,0.0,53.0,1.9,31.3,30.6,0.0,0,Core,0
36441,10.0,9.78,10.0,10.0,9.83,10.0,10.0,10.0,10.0,88.2,3.0,2.0,3.0,4.0,2.0,71.1,3.9,72.8,76.2,0.0,0,Core,1
48138,8.27,8.17,8.03,8.31,8.6,8.29,8.62,9.01,8.56,99.3,2.0,3.0,2.0,3.0,2.0,69.6,4.5,74.3,54.9,1.0,0,Core,1
6202,7.93,7.62,8.39,7.81,7.88,7.78,8.32,8.06,8.03,81.4,0.0,2.0,1.0,1.0,1.0,69.6,3.1,52.2,56.8,0.0,0,Core,1
31966,6.49,6.47,6.78,6.52,6.91,6.03,6.39,6.1,6.44,66.0,1.0,2.0,1.0,1.0,1.0,69.6,3.5,62.9,56.4,0.0,0,Core,0
42773,7.68,8.31,7.82,7.72,8.14,7.8,7.52,7.89,7.97,80.9,0.0,1.0,2.0,2.0,0.0,68.8,4.3,47.3,48.8,1.0,0,Core,1
3462,8.68,9.0,9.1,9.13,9.02,9.33,8.92,9.26,9.0,81.0,0.0,2.0,3.0,4.0,1.0,78.5,4.4,57.6,71.9,1.0,0,Core,1
22961,8.05,8.47,8.1,8.87,8.24,8.31,8.2,8.71,8.33,88.2,2.0,4.0,3.0,4.0,1.0,77.2,2.8,72.5,72.6,0.0,0,Core,1
33521,8.87,9.31,8.69,8.69,9.08,9.23,8.64,9.16,8.88,59.8,0.0,1.0,1.0,1.0,1.0,65.6,3.5,49.7,46.8,0.0,0,Core,1
32339,8.18,8.53,9.02,8.18,8.27,7.97,8.57,8.1,8.42,67.4,1.0,1.0,1.0,2.0,0.0,61.5,3.1,57.5,53.6,0.0,0,Core,1
41591,9.75,10.0,10.0,10.0,9.64,10.0,10.0,10.0,10.0,97.5,2.0,4.0,3.0,2.0,1.0,80.0,3.2,57.6,54.9,0.0,0,Core,1
35239,9.63,9.7,10.0,10.0,9.43,10.0,10.0,10.0,9.95,90.8,2.0,3.0,2.0,3.0,1.0,68.1,4.8,57.6,72.1,0.0,0,Core,1
2528,5.46,5.34,5.39,5.58,4.69,4.94,4.51,4.73,4.98,68.4,1.0,1.0,1.0,0.0,0.0,51.5,3.2,23.6,29.4,1.0,0,Core,0
18882,5.23,5.59,5.9,5.57,5.55,5.96,5.97,6.33,5.9,75.0,1.0,2.0,1.0,2.0,0.0,69.1,3.0,60.7,65.7,0.0,0,Core,0
1485,8.66,8.27,8.44,9.32,8.84,9.02,9.67,9.14,8.73,85.8,3.0,2.0,2.0,4.0,2.0,70.9,2.8,78.5,84.9,0.0,0,Core,1
29709,6.22,5.55,5.75,6.5,4.74,5.26,5.37,5.35,5.45,60.9,0.0,0.0,0.0,0.0,1.0,47.9,2.3,24.0,31.3,0.0,0,Core,0
3271,9.27,10.0,10.0,10.0,10.0,10.0,10.0,10.0,9.88,99.2,2.0,3.0,2.0,3.0,3.0,82.5,3.9,94.0,73.2,1.0,0,Core,1
3611,6.84,7.06,6.87,7.56,6.66,6.27,6.79,6.62,6.7,92.9,1.0,2.0,2.0,2.0,0.0,62.5,2.2,52.8,52.8,0.0,0,Core,1
11847,5.34,5.46,5.12,5.33,5.47,5.22,5.22,5.57,5.3,63.0,0.0,0.0,1.0,0.0,0.0,51.5,1.6,25.6,35.5,0.0,0,Core,0
24067,6.68,6.68,6.36,6.77,6.65,6.62,6.65,7.01,6.63,85.6,2.0,2.0,3.0,3.0,2.0,95.6,4.1,69.2,53.3,1.0,0,Core,1
8761,7.81,8.12,7.99,7.93,7.9,7.96,8.37,8.73,8.16,84.8,2.0,4.0,3.0,3.0,1.0,98.4,4.3,55.4,75.8,1.0,0,Core,1
35553,8.16,8.08,8.12,8.32,7.93,7.89,8.11,7.94,8.08,82.3,1.0,2.0,2.0,1.0,0.0,73.0,3.2,54.2,45.6,1.0,0,Core,1
10370,5.62,5.37,5.5,5.37,5.22,5.41,5.33,5.35,9.89,73.5,3.0,5.0,1.0,2.0,1.0,96.3,3.0,99.9,58.2,1.0,1,Border,0
2465,8.39,8.53,8.12,7.82,8.08,7.77,7.69,7.95,7.91,81.9,1.0,1.0,2.0,2.0,1.0,74.3,3.2,59.3,51.7,0.0,0,Core,1
48583,6.83,7.22,6.85,6.88,6.88,7.21,7.25,7.38,7.2,71.2,2.0,4.0,3.0,3.0,2.0,69.6,5.0,69.0,93.2,1.0,0,Core,1
28500,9.35,10.0,10.0,10.0,10.0,9.91,10.0,10.0,9.98,93.9,3.0,3.0,3.0,3.0,1.0,69.6,4.6,82.2,54.9,0.0,0,Core,1
22040,7.68,6.68,7.38,7.11,7.36,7.24,7.53,7.82,7.34,67.5,1.0,1.0,2.0,2.0,0.0,65.9,2.5,53.5,49.3,1.0,0,Core,0
42172,7.23,7.72,8.15,7.39,7.52,7.32,7.53,7.78,7.44,71.6,1.0,2.0,2.0,2.0,1.0,56.2,3.4,64.6,67.0,0.0,0,Core,1
35907,6.84,7.22,7.28,8.09,6.88,7.15,7.59,7.68,7.32,100.0,1.0,4.0,3.0,4.0,2.0,82.3,2.7,60.4,100.0,1.0,0,Core,1
9390,6.49,6.15,6.11,6.77,5.68,6.38,6.09,6.51,6.24,75.7,0.0,2.0,2.0,2.0,0.0,63.0,2.2,53.2,61.5,0.0,0,Core,0
28176,7.46,7.71,7.42,7.71,7.95,7.89,7.54,7.49,7.7,80.0,1.0,2.0,1.0,2.0,1.0,61.2,2.5,48.6,50.9,1.0,0,Core,0
46340,9.76,9.95,10.0,10.0,10.0,10.0,10.0,9.88,9.79,82.2,1.0,3.0,3.0,3.0,2.0,82.3,4.0,86.7,67.4,1.0,0,Core,1
11164,6.21,5.47,5.6,6.28,5.56,6.22,5.68,5.75,5.71,76.9,0.0,2.0,2.0,1.0,1.0,64.0,3.4,50.6,49.6,0.0,0,Core,0
48267,8.98,9.22,9.43,9.67,9.64,9.37,9.36,9.4,9.36,66.4,2.0,4.0,3.0,4.0,1.0,84.4,3.8,68.7,65.4,1.0,0,Core,1
46901,7.81,8.41,8.09,7.13,7.5,7.87,8.03,8.67,7.92,89.9,1.0,2.0,3.0,3.0,1.0,74.7,4.3,66.6,54.9,1.0,0,Core,1
10759,9.15,9.28,9.51,9.82,9.9,9.61,9.43,9.74,9.87,87.0,3.0,5.0,3.0,4.0,1.0,99.8,2.9,98.9,72.6,1.0,0,Core,1
45755,8.63,9.18,9.08,8.35,9.1,8.98,9.04,9.0,8.98,78.1,1.0,3.0,3.0,2.0,1.0,86.0,3.7,89.7,76.9,1.0,0,Core,1
37079,5.27,5.6,5.1,5.42,5.2,5.24,5.87,5.69,5.34,70.2,1.0,3.0,1.0,1.0,1.0,75.3,3.6,56.4,42.5,1.0,0,Core,0
23503,6.63,6.96,7.11,7.43,7.54,7.35,7.36,7.17,7.29,83.7,0.0,1.0,1.0,3.0,1.0,66.4,4.2,52.0,52.2,1.0,0,Core,0
38333,5.21,4.72,4.68,4.95,4.92,4.53,4.6,4.42,4.78,63.3,0.0,1.0,0.0,1.0,1.0,42.3,3.2,33.1,30.9,1.0,0,Core,0
38058,9.41,9.38,9.48,9.47,9.42,9.95,10.0,9.96,9.65,88.0,2.0,3.0,2.0,4.0,2.0,75.8,4.0,69.8,54.9,1.0,0,Core,1
42244,7.32,7.06,7.14,6.86,7.23,7.28,7.08,7.61,7.17,71.8,1.0,2.0,2.0,1.0,0.0,67.4,2.9,56.6,54.9,0.0,0,Core,1
28618,6.88,6.2,6.77,6.55,6.54,6.17,6.49,6.21,6.47,60.0,1.0,1.0,0.0,0.0,0.0,51.2,2.3,30.1,32.1,0.0,0,Core,0
37795,5.22,5.48,5.34,5.07,5.1,4.8,5.26,4.68,5.18,62.1,1.0,0.0,1.0,0.0,0.0,41.3,2.0,34.8,26.3,0.0,0,Core,0
5565,5.73,5.03,5.32,5.92,5.14,5.33,5.33,5.23,5.4,62.5,0.0,2.0,1.0,1.0,0.0,41.4,1.8,21.1,33.9,0.0,0,Core,0
5908,8.19,8.11,7.75,7.52,7.59,8.24,8.18,7.97,7.74,62.8,1.0,0.0,2.0,2.0,1.0,69.2,3.4,63.4,48.2,0.0,0,Core,1
31305,6.96,6.74,6.75,6.63,6.35,7.02,6.7,6.87,6.66,88.7,0.0,2.0,2.0,1.0,0.0,65.0,3.3,52.2,60.5,1.0,0,Core,0
23182,5.61,5.07,5.2,5.57,5.69,5.65,5.66,5.55,5.63,74.2,1.0,2.0,2.0,1.0,0.0,69.1,2.9,50.3,47.5,1.0,0,Core,0
37740,4.63,5.75,4.91,5.64,5.02,5.06,5.55,4.8,5.02,70.6,0.0,0.0,0.0,1.0,0.0,46.4,1.8,26.0,30.3,0.0,0,Core,0
41691,8.03,8.56,8.89,8.8,8.42,7.93,8.83,8.06,8.31,96.0,3.0,5.0,3.0,3.0,1.0,80.0,3.9,83.2,54.9,1.0,0,Core,1
23373,8.08,7.92,8.46,8.4,7.9,8.98,8.8,8.84,8.44,88.0,1.0,4.0,2.0,3.0,1.0,84.6,4.1,71.7,89.8,1.0,0,Core,1
33790,8.29,8.1,8.45,8.21,8.13,8.31,8.85,8.39,8.24,68.0,1.0,2.0,1.0,1.0,0.0,77.2,2.6,59.5,57.6,0.0,0,Core,1
7443,9.36,8.85,8.87,9.25,9.64,8.64,8.98,9.73,9.06,97.3,2.0,2.0,3.0,4.0,2.0,63.9,5.0,77.6,67.9,0.0,0,Core,1
7475,5.94,5.3,5.94,6.03,6.09,5.08,5.31,5.76,5.77,86.7,0.0,3.0,2.0,2.0,0.0,73.0,3.0,63.2,53.0,1.0,0,Core,0
24964,5.41,5.16,5.66,5.12,5.24,5.17,4.69,5.16,5.03,64.1,0.0,1.0,0.0,0.0,1.0,59.5,1.7,31.1,32.7,0.0,0,Core,0
41066,7.87,8.02,7.83,7.49,7.87,7.41,7.68,8.05,7.62,78.7,1.0,1.0,2.0,2.0,1.0,76.3,4.8,57.6,52.0,0.0,0,Core,1
49172,4.82,4.82,4.48,4.83,4.9,4.74,5.2,4.9,4.69,94.0,2.0,2.0,2.0,3.0,2.0,74.9,4.0,75.2,64.2,1.0,0,Core,1
35528,8.23,8.65,8.39,7.97,8.06,8.13,8.08,8.28,8.25,73.3,1.0,2.0,1.0,1.0,1.0,73.4,2.7,37.8,59.9,0.0,0,Core,1
20377,6.58,6.39,6.76,6.34,6.5,5.82,5.75,6.69,6.4,91.9,0.0,2.0,1.0,1.0,0.0,74.6,3.8,55.5,39.2,1.0,0,Core,0
46011,5.71,6.06,5.75,6.03,5.86,5.9,6.0,5.65,5.86,61.2,1.0,0.0,0.0,0.0,0.0,53.2,2.3,27.1,30.3,0.0,0,Core,0
41548,8.63,9.18,8.81,8.89,8.63,9.1,9.25,9.22,8.93,85.1,2.0,3.0,2.0,4.0,1.0,80.6,4.3,84.5,72.4,1.0,0,Core,1
26459,9.08,10.0,9.37,9.48,9.62,9.58,9.55,10.0,9.58,90.2,2.0,4.0,2.0,3.0,2.0,88.6,5.0,76.3,74.4,1.0,0,Core,1
20874,6.59,6.07,6.88,6.46,6.19,7.24,6.62,6.44,6.42,71.9,1.0,1.0,1.0,1.0,1.0,68.3,3.8,55.1,55.9,1.0,0,Core,1
20484,5.45,5.55,5.64,5.73,5.8,5.92,5.31,5.79,5.5,64.0,1.0,2.0,2.0,2.0,1.0,68.5,3.8,61.6,62.7,1.0,0,Core,0
23499,5.91,5.65,5.5,5.19,6.31,6.23,6.59,5.51,5.96,60.6,0.0,1.0,0.0,0.0,1.0,41.9,3.2,32.2,54.9,1.0,0,Core,0
641,8.83,8.68,9.0,8.4,8.82,8.93,8.96,8.29,8.78,92.8,2.0,3.0,2.0,2.0,1.0,71.6,4.8,75.9,54.9,0.0,0,Core,1
44856,7.3,7.66,7.05,7.1,6.74,7.46,6.85,6.83,7.13,63.1,0.0,0.0,1.0,0.0,0.0,39.4,1.8,29.6,32.7,0.0,0,Core,0
14762,5.57,5.36,5.04,5.0,5.46,5.05,5.53,4.89,5.08,67.4,1.0,0.0,0.0,0.0,0.0,52.4,1.4,32.2,29.0,0.0,0,Core,0
10446,7.96,7.64,7.57,8.01,7.71,8.15,7.75,7.62,7.69,82.2,2.0,3.0,2.0,1.0,0.0,69.6,3.2,51.5,43.0,0.0,0,Core,1
44158,7.03,6.87,7.09,6.63,6.74,7.43,7.25,6.41,6.87,61.9,0.0,1.0,0.0,0.0,0.0,52.7,1.8,34.4,34.6,0.0,0,Core,0
2876,4.43,4.47,4.21,4.91,4.86,4.47,4.48,4.71,4.7,68.2,1.0,1.0,2.0,2.0,0.0,61.1,3.2,58.3,46.0,1.0,0,Core,0
47178,9.89,9.59,10.0,10.0,10.0,10.0,10.0,10.0,9.85,90.5,1.0,4.0,4.0,3.0,2.0,72.7,3.4,75.3,60.3,1.0,0,Core,1
31532,6.91,6.97,6.9,6.9,7.52,7.0,7.47,7.45,7.21,78.0,2.0,2.0,2.0,1.0,0.0,66.3,2.2,52.0,59.1,1.0,0,Core,1
25679,7.26,6.7,7.02,7.13,7.06,7.03,6.86,7.47,7.09,70.9,1.0,2.0,1.0,1.0,1.0,60.7,2.0,43.7,38.6,0.0,0,Core,1
9849,8.28,8.86,8.71,8.96,8.91,8.7,9.1,9.57,9.03,69.2,1.0,1.0,1.0,1.0,0.0,61.2,3.6,51.7,60.6,1.0,0,Core,1
10599,10.0,9.88,10.0,10.0,10.0,10.0,10.0,10.0,10.0,81.8,3.0,3.0,3.0,3.0,2.0,74.4,3.2,93.6,80.2,1.0,0,Core,1
4525,4.99,4.69,4.81,4.57,4.44,4.27,4.67,4.04,4.54,56.2,1.0,0.0,1.0,0.0,0.0,48.4,1.2,27.5,28.0,0.0,0,Core,0
46201,6.07,5.31,5.53,6.12,6.17,6.12,5.76,5.79,9.85,67.5,3.0,5.0,2.0,1.0,1.0,98.6,3.4,96.9,52.8,1.0,1,Border,0
48140,7.07,7.06,7.02,6.53,6.73,7.01,6.59,6.56,6.92,71.8,0.0,2.0,2.0,1.0,0.0,65.1,2.9,55.4,57.6,0.0,0,Core,0
6516,8.1,8.22,7.82,7.84,8.46,8.49,8.27,9.0,8.3,75.8,2.0,3.0,3.0,2.0,1.0,64.4,3.8,81.2,83.7,1.0,0,Core,1
25695,8.61,8.77,9.31,8.83,9.05,9.13,9.19,9.02,9.03,92.7,3.0,2.0,1.0,2.0,2.0,68.3,5.0,61.4,74.5,0.0,0,Core,1
1509,4.29,4.11,4.38,5.02,4.37,4.0,4.0,4.53,4.24,87.9,0.0,2.0,2.0,2.0,0.0,65.4,2.5,49.8,53.6,1.0,0,Core,0
42358,4.99,4.9,4.85,5.39,5.16,5.25,5.2,4.47,4.85,59.6,1.0,0.0,1.0,1.0,0.0,61.7,1.5,28.8,28.0,0.0,0,Core,0
12286,5.77,5.26,5.2,6.27,5.86,6.1,5.61,5.36,5.65,60.8,1.0,3.0,2.0,3.0,0.0,81.1,3.3,61.7,53.3,0.0,0,Core,1
11016,4.71,4.06,4.43,4.59,4.0,4.0,4.11,4.0,4.28,54.6,0.0,0.0,0.0,0.0,0.0,44.5,1.3,24.9,29.1,0.0,0,Core,0
46616,8.2,7.94,7.69,8.34,7.55,8.13,8.17,7.73,7.9,71.2,0.0,2.0,3.0,3.0,0.0,75.6,3.4,49.8,43.8,1.0,0,Core,1
27601,9.55,9.7,10.0,10.0,10.0,10.0,10.0,10.0,10.0,88.4,1.0,4.0,2.0,4.0,1.0,90.3,3.4,99.9,86.0,1.0,0,Core,1
40772,7.49,6.87,7.08,7.91,7.63,7.04,7.34,7.83,7.39,76.6,3.0,4.0,4.0,3.0,2.0,78.6,4.2,94.3,54.9,1.0,0,Core,1
46865,6.43,5.76,6.74,6.29,6.19,6.05,5.66,5.75,6.16,70.9,0.0,1.0,0.0,1.0,0.0,37.9,2.8,28.7,34.5,1.0,0,Core,0
29802,6.69,6.4,7.11,6.58,5.83,6.85,6.88,6.93,6.83,84.1,1.0,2.0,1.0,2.0,0.0,67.8,2.6,39.1,56.3,0.0,0,Core,1
18876,7.29,7.49,7.56,7.95,7.35,6.83,7.3,6.76,7.27,72.4,1.0,1.0,0.0,0.0,0.0,46.4,2.1,27.7,29.7,0.0,0,Core,0
12794,6.67,7.12,5.69,6.46,6.1,5.99,6.12,6.57,6.32,67.2,0.0,0.0,1.0,0.0,0.0,36.7,1.0,28.0,28.8,0.0,0,Core,0
5740,7.8,7.64,7.72,7.34,7.27,7.74,7.5,7.28,7.72,83.1,1.0,2.0,2.0,2.0,0.0,70.0,3.3,59.2,50.3,0.0,0,Core,1
737,6.13,6.72,6.79,6.02,6.51,6.48,6.92,6.77,6.68,68.2,1.0,1.0,2.0,1.0,0.0,69.3,2.3,56.4,42.5,0.0,0,Core,0
3608,6.02,5.55,5.66,6.1,5.56,6.25,6.21,5.88,5.91,93.4,2.0,3.0,3.0,2.0,1.0,69.6,4.8,64.2,67.3,0.0,0,Core,1
25430,8.18,8.58,8.16,8.89,8.28,8.81,8.58,8.63,8.64,76.4,1.0,2.0,2.0,1.0,1.0,60.0,4.0,51.8,41.8,1.0,0,Core,1
30966,5.6,5.43,5.86,5.88,5.16,5.6,4.75,4.84,5.37,59.7,0.0,1.0,1.0,1.0,0.0,53.3,1.8,31.7,27.3,0.0,0,Core,0
19707,6.16,5.82,5.82,5.64,5.86,5.72,5.97,6.02,5.75,84.4,1.0,2.0,2.0,1.0,0.0,74.7,3.0,44.2,54.9,1.0,0,Core,1
19971,7.02,6.7,6.72,7.08,7.13,6.99,6.64,7.14,6.84,80.9,2.0,4.0,2.0,3.0,1.0,77.8,4.6,89.3,75.7,1.0,0,Core,1
17458,8.41,8.51,8.27,8.75,8.57,7.97,8.25,8.96,8.65,77.5,1.0,2.0,2.0,1.0,1.0,69.6,2.3,49.0,43.1,0.0,0,Core,1
24793,7.6,7.36,8.19,7.4,7.95,7.41,7.81,7.64,7.72,64.4,1.0,1.0,2.0,2.0,1.0,69.6,2.1,64.5,42.6,1.0,0,Core,1
46484,8.19,7.37,7.27,7.48,8.52,7.47,7.42,7.04,7.54,84.3,1.0,1.0,2.0,1.0,1.0,54.7,2.8,56.2,43.9,0.0,0,Core,1
49632,6.14,6.62,6.26,6.28,6.3,6.43,6.6,6.57,6.25,87.1,2.0,3.0,2.0,3.0,2.0,83.9,5.0,80.0,79.3,1.0,0,Core,1
25084,5.65,5.22,5.85,5.42,5.49,5.66,5.14,5.74,5.66,75.3,1.0,2.0,2.0,1.0,1.0,64.3,3.1,65.1,54.9,1.0,0,Core,0
2625,6.82,6.37,6.82,7.33,6.31,6.94,6.46,6.63,6.72,80.8,2.0,1.0,1.0,2.0,1.0,77.2,4.4,48.2,53.5,0.0,0,Core,1
6955,4.07,4.54,4.0,4.34,4.08,4.0,4.03,4.09,4.06,68.9,1.0,1.0,0.0,1.0,0.0,50.1,2.1,25.1,32.2,0.0,0,Core,0
28740,6.19,6.4,6.74,6.47,6.53,5.89,5.95,6.13,6.52,88.1,1.0,2.0,1.0,2.0,0.0,69.6,3.4,58.5,62.6,0.0,0,Core,1
27657,7.52,7.28,7.33,7.77,8.02,7.51,7.79,7.42,7.89,70.4,0.0,2.0,1.0,1.0,0.0,84.7,2.8,70.1,47.2,0.0,0,Core,1
20368,7.35,7.27,7.4,7.75,6.96,7.41,7.27,7.57,7.31,76.8,1.0,1.0,1.0,2.0,1.0,58.7,3.2,52.6,46.6,0.0,0,Core,1
23478,8.06,8.36,8.33,7.83,8.56,8.4,8.93,8.36,8.41,82.8,2.0,3.0,1.0,2.0,1.0,79.8,4.3,91.2,82.5,1.0,0,Core,1
27624,9.66,10.0,10.0,10.0,9.89,10.0,9.79,10.0,9.8,91.3,2.0,3.0,3.0,3.0,1.0,89.3,3.2,94.6,54.9,1.0,0,Core,1
19340,6.29,6.25,5.57,5.08,6.18,6.35,6.23,6.25,5.9,90.2,0.0,1.0,2.0,1.0,0.0,55.4,3.2,64.6,41.7,1.0,0,Core,0
21493,7.99,7.52,7.1,6.85,6.6,6.97,6.93,7.44,7.11,78.6,1.0,2.0,1.0,2.0,0.0,71.1,2.9,50.3,38.6,0.0,0,Core,1
37083,6.4,6.29,6.52,5.95,6.29,6.25,5.84,6.2,6.17,74.9,0.0,0.0,0.0,1.0,0.0,54.5,1.6,22.6,30.7,0.0,0,Core,0
37058,6.49,6.85,7.52,7.1,7.13,7.04,7.47,6.96,7.19,80.8,1.0,2.0,2.0,2.0,1.0,65.4,5.0,36.9,49.1,0.0,0,Core,1
11547,7.28,7.53,7.71,7.15,7.26,7.54,6.93,7.23,7.12,75.1,1.0,2.0,2.0,2.0,0.0,59.1,2.8,57.6,60.6,0.0,0,Core,0
13096,6.77,7.07,6.65,7.56,6.31,7.02,6.74,6.95,6.88,63.1,1.0,1.0,2.0,0.0,0.0,47.0,2.0,32.5,27.8,0.0,0,Core,0
42858,5.12,5.18,5.2,4.95,5.26,4.68,5.46,5.49,5.25,70.7,1.0,2.0,2.0,2.0,1.0,74.4,3.1,47.3,52.5,1.0,0,Core,0
29729,10.0,10.0,10.0,9.75,10.0,9.86,10.0,10.0,9.98,84.6,3.0,5.0,4.0,3.0,2.0,98.0,4.7,99.2,72.5,1.0,0,Core,1
9988,7.55,7.28,7.63,7.42,7.74,7.64,7.93,7.71,7.8,80.4,3.0,4.0,2.0,4.0,1.0,66.1,3.2,58.5,74.9,0.0,0,Core,1
8478,6.66,5.73,6.38,6.34,6.09,6.35,6.44,6.3,6.27,81.4,1.0,3.0,2.0,2.0,0.0,66.8,2.5,48.0,51.8,1.0,0,Core,1
30170,5.88,6.2,6.68,6.54,6.17,6.68,6.7,6.62,6.49,89.0,2.0,2.0,2.0,4.0,1.0,99.8,3.8,70.4,66.2,1.0,0,Core,1
18973,8.64,8.23,8.76,8.43,8.37,8.37,8.31,8.67,8.31,75.8,1.0,1.0,2.0,2.0,0.0,61.1,3.1,50.6,57.9,0.0,0,Core,1
39471,9.97,10.0,9.98,10.0,10.0,10.0,10.0,10.0,10.0,93.6,2.0,3.0,3.0,3.0,1.0,79.1,3.2,84.9,66.4,1.0,0,Core,1
10735,8.58,8.34,8.22,8.31,8.51,8.34,8.34,7.72,8.34,75.0,1.0,2.0,2.0,2.0,1.0,52.6,3.0,46.7,43.3,0.0,0,Core,1
2212,5.74,5.83,6.43,5.7,5.67,5.83,6.08,5.89,5.87,61.5,0.0,1.0,0.0,0.0,0.0,51.2,2.4,27.3,30.1,0.0,0,Core,0
38742,9.76,9.41,9.07,9.9,10.0,9.94,9.83,9.46,9.84,94.4,1.0,3.0,2.0,3.0,1.0,83.2,5.0,79.8,75.1,0.0,0,Core,1
25388,6.66,6.2,6.44,6.97,6.68,6.58,6.5,6.51,9.95,73.7,3.0,5.0,2.0,1.0,0.0,69.6,2.1,96.4,59.7,1.0,0,Border,0
27452,7.01,7.24,7.18,7.1,7.37,6.93,7.85,7.91,7.1,84.9,0.0,3.0,3.0,3.0,2.0,97.3,4.4,85.4,72.9,1.0,0,Core,1
31211,8.45,8.31,8.1,8.71,7.93,8.01,8.47,7.64,8.29,77.0,0.0,2.0,3.0,1.0,0.0,75.9,2.4,53.8,63.6,1.0,0,Core,1
32078,4.0,4.16,4.0,4.0,4.0,4.0,4.0,4.0,4.0,60.5,0.0,0.0,0.0,1.0,0.0,36.8,2.0,30.7,26.0,0.0,0,Core,0
18305,5.88,6.48,6.23,5.94,6.07,6.39,6.35,5.83,6.2,71.1,1.0,1.0,2.0,2.0,0.0,57.6,4.3,53.0,54.0,0.0,0,Core,1
36451,7.84,7.09,7.82,7.77,7.18,7.56,7.39,7.45,7.46,68.2,1.0,1.0,2.0,1.0,1.0,69.6,3.2,57.6,51.0,0.0,0,Core,1
13671,7.38,7.41,7.23,7.01,6.8,7.38,7.77,7.44,7.35,86.1,2.0,2.0,3.0,3.0,2.0,71.0,5.0,76.3,80.4,1.0,0,Core,1
8194,9.28,9.64,9.67,10.0,10.0,9.36,9.28,9.5,9.54,88.2,1.0,3.0,2.0,4.0,1.0,77.9,2.9,66.2,54.9,1.0,0,Core,1
3289,4.89,4.4,4.05,4.48,4.75,5.03,4.5,4.87,4.45,52.4,0.0,1.0,1.0,0.0,0.0,57.9,1.4,33.3,35.1,1.0,0,Core,0
47083,8.31,7.4,7.56,7.61,7.56,7.73,7.43,7.18,7.58,73.2,1.0,2.0,2.0,2.0,1.0,71.0,3.5,53.9,47.2,0.0,0,Core,1
31430,7.95,7.87,7.95,7.73,7.3,7.65,7.88,7.9,7.97,98.6,2.0,2.0,4.0,2.0,2.0,85.7,2.8,57.6,84.2,1.0,0,Core,1
48364,7.38,7.83,7.51,7.48,7.76,7.34,7.89,7.48,7.63,83.8,2.0,3.0,2.0,3.0,1.0,96.2,4.7,68.4,75.7,0.0,0,Core,1
31993,6.19,6.24,6.29,6.88,6.83,6.17,6.12,6.28,6.36,73.2,1.0,2.0,2.0,1.0,0.0,60.7,2.7,48.0,52.7,0.0,0,Core,1
36437,6.5,6.67,6.69,6.81,5.94,6.56,6.59,6.48,9.72,77.4,3.0,5.0,2.0,1.0,0.0,97.8,3.7,95.9,44.4,1.0,0,Border,1
21629,6.63,6.86,6.41,6.28,6.29,5.64,6.56,6.85,6.34,79.7,1.0,2.0,2.0,2.0,0.0,67.9,2.8,47.2,54.9,1.0,0,Core,0
38021,5.96,5.78,5.98,5.81,6.09,6.03,6.11,6.29,5.87,84.4,1.0,2.0,2.0,3.0,1.0,77.6,4.9,79.6,63.3,1.0,0,Core,1
26165,7.74,7.63,7.63,8.18,7.74,7.68,7.35,7.47,7.71,85.8,2.0,3.0,4.0,2.0,2.0,69.2,4.9,71.0,72.1,0.0,0,Core,1
12533,8.9,8.28,8.47,8.8,9.16,8.83,8.71,8.78,8.6,91.7,2.0,3.0,4.0,3.0,1.0,74.8,4.5,88.2,87.8,1.0,0,Core,1
408,7.64,7.34,6.74,7.24,7.43,7.29,7.91,7.52,7.33,99.7,1.0,4.0,2.0,3.0,1.0,77.7,3.8,81.6,66.7,1.0,0,Core,1
48608,5.64,4.99,5.9,5.21,5.6,4.95,5.0,4.3,5.31,60.7,0.0,1.0,1.0,0.0,0.0,41.2,2.1,31.4,20.1,0.0,0,Core,0
26367,5.19,5.24,5.56,5.13,4.83,5.08,5.18,4.51,5.12,52.3,1.0,1.0,1.0,0.0,0.0,42.5,1.5,26.6,30.5,0.0,0,Core,0
10744,6.12,5.55,6.06,5.95,5.88,5.51,5.99,6.62,5.85,76.7,1.0,2.0,2.0,3.0,1.0,51.3,3.2,54.1,56.4,0.0,0,Core,0
33090,7.87,8.73,8.71,7.98,8.4,8.4,7.93,8.71,8.4,71.3,1.0,2.0,1.0,1.0,0.0,74.0,2.6,62.2,59.7,1.0,0,Core,1
10158,8.89,9.06,8.69,8.89,9.56,9.17,9.35,9.46,8.96,94.9,2.0,3.0,3.0,2.0,2.0,66.9,3.8,86.9,61.0,0.0,0,Core,1
17165,5.63,5.81,5.66,5.69,5.7,5.77,5.21,5.76,5.63,61.8,1.0,0.0,0.0,1.0,0.0,50.3,2.1,26.7,25.1,1.0,0,Core,0
43184,5.96,5.67,5.94,6.05,6.18,6.26,5.8,5.75,6.12,84.8,1.0,1.0,2.0,2.0,0.0,63.6,3.3,63.3,52.4,0.0,0,Core,0
2916,4.53,4.0,4.26,5.07,4.46,4.93,4.69,4.82,4.59,78.7,1.0,2.0,2.0,1.0,0.0,54.9,2.9,57.6,50.8,0.0,0,Core,0
27176,6.9,6.45,6.37,5.99,6.59,6.46,6.49,6.15,6.51,81.3,1.0,1.0,2.0,1.0,1.0,70.2,1.9,49.0,48.5,0.0,0,Core,0
17898,5.24,5.46,5.44,4.68,4.99,4.85,4.72,4.39,5.1,59.6,1.0,1.0,0.0,0.0,0.0,57.0,2.1,32.6,28.3,0.0,0,Core,0
22473,5.16,5.2,5.45,5.37,5.03,5.48,4.85,4.76,5.02,63.9,1.0,0.0,0.0,0.0,0.0,45.1,2.4,21.8,37.3,1.0,0,Core,0
5229,9.16,9.34,9.66,9.51,9.6,9.32,9.86,9.9,9.42,76.4,2.0,4.0,3.0,3.0,1.0,75.0,4.6,88.7,65.1,0.0,0,Core,1
44791,6.71,6.8,6.67,6.39,7.22,7.01,6.75,7.35,6.99,60.5,1.0,2.0,1.0,1.0,0.0,64.6,3.2,57.6,54.9,0.0,0,Core,0
344,5.37,5.94,5.58,5.28,5.49,5.42,5.73,5.51,5.63,72.7,1.0,1.0,2.0,2.0,0.0,64.7,2.7,52.7,58.0,1.0,0,Core,0
49311,4.78,5.46,5.71,5.72,5.54,6.45,5.76,5.69,5.55,80.8,1.0,2.0,1.0,1.0,0.0,73.8,1.9,57.6,51.9,1.0,0,Core,0
48980,8.09,8.84,8.85,8.64,8.65,9.24,8.74,8.8,8.62,76.6,2.0,3.0,2.0,2.0,2.0,80.7,4.9,77.8,63.3,1.0,0,Core,1
14585,7.86,7.38,7.36,7.84,7.45,8.03,7.78,7.48,7.65,76.6,1.0,2.0,2.0,1.0,0.0,68.7,3.2,57.3,49.0,1.0,0,Core,1
20217,4.94,5.89,4.97,5.3,5.36,4.98,5.3,4.94,5.15,72.4,1.0,1.0,2.0,3.0,1.0,67.9,3.0,49.6,58.3,1.0,0,Core,1
23414,5.35,5.32,5.61,5.03,5.12,5.35,4.99,4.87,5.12,71.7,1.0,0.0,0.0,0.0,0.0,39.2,2.6,23.3,31.9,0.0,0,Core,0
37274,6.37,5.75,5.93,5.39,5.24,5.3,6.27,5.58,5.84,60.4,0.0,1.0,2.0,0.0,0.0,42.3,1.6,22.1,32.2,1.0,0,Core,0
47947,5.51,4.86,5.68,5.44,5.37,5.17,5.49,4.94,4.4,52.38138584,1.0,0.0,1.0,0.0,0.0,33.2,2.0,3.0,28.4,0.0,0,Core,0
42106,8.37,8.04,7.71,7.86,8.56,8.27,8.03,7.88,8.07,87.1,2.0,3.0,3.0,3.0,2.0,85.0,4.3,57.6,68.3,1.0,0,Core,1
7238,4.84,4.13,4.54,4.25,4.78,4.02,4.0,4.27,4.2,56.1,0.0,1.0,1.0,0.0,0.0,57.8,1.6,25.6,31.3,0.0,0,Core,0
31867,7.18,7.18,6.96,6.38,6.91,7.2,6.58,7.41,6.82,83.6,0.0,2.0,2.0,1.0,1.0,74.2,3.2,59.9,52.7,1.0,0,Core,1
39266,9.48,10.0,10.0,10.0,10.0,10.0,10.0,10.0,9.97,81.7,3.0,2.0,3.0,2.0,2.0,83.4,5.0,57.6,98.8,1.0,0,Core,1
45052,7.79,8.27,8.68,7.97,8.09,8.32,8.85,8.22,8.34,67.8,1.0,2.0,2.0,2.0,1.0,80.0,1.8,47.4,52.8,0.0,0,Core,1
47975,6.29,6.46,6.4,5.62,5.38,5.55,6.22,6.41,5.89,64.7,1.0,0.0,0.0,0.0,0.0,50.3,1.8,28.6,24.0,0.0,0,Core,0
27394,6.29,6.16,6.55,6.18,6.45,6.42,6.28,6.06,6.4,50.0,1.0,0.0,0.0,0.0,0.0,51.4,3.2,25.8,30.4,0.0,0,Core,0
22777,7.58,7.16,7.94,8.03,7.33,7.74,8.18,7.59,7.75,93.9,1.0,2.0,2.0,1.0,1.0,54.6,3.2,50.7,48.3,0.0,0,Core,1
17378,7.25,6.57,7.11,7.1,7.18,6.83,7.2,7.29,7.0,77.2,1.0,1.0,2.0,2.0,0.0,73.8,3.5,46.4,50.2,0.0,0,Core,1
26295,6.06,6.44,5.98,6.23,6.48,6.58,6.78,7.01,6.5,63.7,1.0,2.0,2.0,2.0,1.0,82.1,3.8,41.8,59.6,1.0,0,Core,1
7252,6.59,6.17,6.36,5.79,6.35,6.58,6.18,5.98,6.33,59.3,1.0,1.0,0.0,1.0,0.0,49.2,2.2,21.0,33.2,0.0,0,Core,0
25225,8.57,8.78,8.7,9.24,9.08,9.2,9.01,9.07,8.94,74.4,0.0,2.0,2.0,1.0,1.0,60.1,3.9,55.9,47.3,0.0,0,Core,1
26541,6.94,6.63,6.87,7.19,6.04,6.5,6.69,6.04,6.56,83.9,1.0,2.0,2.0,2.0,0.0,70.4,2.8,73.0,64.3,1.0,0,Core,1
7432,7.72,8.26,7.78,8.16,8.27,8.03,7.65,8.16,8.07,94.9,0.0,2.0,1.0,2.0,0.0,63.4,3.6,52.7,41.3,0.0,0,Core,1
1049,4.72,5.65,5.5,5.18,5.8,4.84,5.36,4.98,5.18,60.2,1.0,0.0,1.0,0.0,0.0,42.4,3.2,25.2,30.1,0.0,0,Core,0
44160,8.65,8.98,9.23,8.79,8.36,9.17,8.91,8.65,8.7,100.0,1.0,3.0,2.0,3.0,1.0,72.5,2.6,67.8,74.2,1.0,0,Core,1
9119,6.19,7.25,6.28,6.73,6.51,6.4,6.5,6.69,6.49,60.6,0.0,0.0,1.0,0.0,1.0,50.0,2.0,23.1,24.2,0.0,0,Core,0
32805,9.63,10.0,9.91,9.83,10.0,9.82,10.0,10.0,9.92,79.1,2.0,3.0,3.0,3.0,1.0,98.3,3.3,83.4,64.4,1.0,0,Core,1
45950,6.04,5.22,6.05,6.23,5.85,6.15,5.86,5.79,5.92,65.6,0.0,1.0,1.0,1.0,1.0,69.2,3.6,46.3,46.1,0.0,0,Core,0
34108,5.17,5.24,5.57,5.09,5.37,5.33,4.68,5.24,5.27,70.2,0.0,2.0,2.0,2.0,0.0,67.8,3.4,55.4,47.7,0.0,0,Core,0
19722,7.67,7.18,6.94,7.7,7.18,7.58,7.7,7.2,7.31,79.8,2.0,3.0,3.0,4.0,0.0,69.7,3.4,75.6,75.6,1.0,0,Core,1
38371,8.45,8.74,8.57,8.77,8.76,9.14,9.21,9.36,8.77,92.0,1.0,3.0,3.0,4.0,2.0,86.0,2.2,78.9,75.7,1.0,0,Core,1
42960,5.6,5.89,4.77,5.0,5.4,5.59,5.28,5.04,5.3,60.7,0.0,1.0,1.0,0.0,0.0,48.2,2.0,31.3,54.9,1.0,0,Core,0
12557,6.29,6.6,5.93,6.06,6.4,5.57,5.92,6.55,6.12,73.9,1.0,1.0,1.0,1.0,1.0,82.8,2.7,51.2,56.5,0.0,0,Core,0
36317,9.17,9.22,9.25,9.2,9.33,9.14,9.34,9.3,9.12,87.2,2.0,3.0,3.0,4.0,1.0,81.7,4.5,57.6,54.9,1.0,0,Core,1
27205,9.69,9.8,9.75,10.0,10.0,10.0,10.0,10.0,10.0,94.8,2.0,3.0,3.0,3.0,1.0,85.8,3.5,91.7,76.4,0.0,0,Core,1
39090,5.76,6.57,6.42,5.83,6.59,6.12,5.98,6.12,6.27,50.0,0.0,1.0,0.0,0.0,1.0,39.4,2.4,26.3,29.6,0.0,0,Core,0
8192,5.21,6.17,5.85,5.39,5.75,5.21,5.53,5.33,5.68,92.9,1.0,2.0,2.0,2.0,0.0,64.2,3.5,58.3,51.6,1.0,0,Core,0
14280,4.06,4.0,4.0,4.12,4.25,4.28,4.33,4.44,4.35,81.0,1.0,2.0,0.0,3.0,0.0,65.6,3.3,59.5,48.1,0.0,0,Core,0
38464,5.44,4.99,5.05,5.7,4.88,5.57,5.93,5.74,5.39,69.7,1.0,1.0,2.0,1.0,0.0,46.3,1.5,25.2,30.5,0.0,0,Core,0
7673,5.96,5.25,4.96,5.41,5.13,4.89,5.18,5.04,5.22,65.5,0.0,0.0,1.0,0.0,0.0,45.0,1.7,30.1,30.4,0.0,0,Core,0
26392,6.84,7.18,6.71,6.99,6.92,7.17,6.67,6.79,6.76,50.6,0.0,1.0,1.0,1.0,0.0,41.3,1.9,30.1,54.9,0.0,0,Core,0
39901,5.32,5.11,5.39,5.09,4.62,5.39,4.92,4.52,4.93,59.5,0.0,1.0,1.0,0.0,0.0,47.0,1.9,32.4,21.6,1.0,0,Core,0
36779,9.84,9.36,9.91,9.72,9.5,9.96,9.81,9.64,9.62,84.9,1.0,2.0,2.0,4.0,2.0,95.7,3.6,65.6,61.9,1.0,0,Core,1
43653,6.95,6.61,6.99,6.7,6.72,6.75,7.34,6.96,7.05,85.6,3.0,3.0,2.0,4.0,1.0,90.8,3.9,88.7,75.9,1.0,0,Core,1
17760,8.67,8.84,8.51,8.53,9.47,8.38,8.6,8.98,8.61,83.7,2.0,4.0,4.0,3.0,1.0,94.9,4.6,92.7,75.5,0.0,0,Core,1
48384,7.67,8.52,8.15,7.85,7.68,7.75,8.38,7.8,7.91,99.4,2.0,3.0,3.0,4.0,1.0,85.4,4.9,71.0,70.1,1.0,0,Core,1
863,8.22,8.27,8.56,8.0,8.78,7.68,8.13,7.94,8.06,79.1,1.0,1.0,1.0,2.0,0.0,69.6,3.1,40.7,41.5,1.0,0,Core,1
19262,6.98,6.44,5.98,5.64,5.67,5.7,6.22,5.87,6.1,60.7,1.0,0.0,0.0,0.0,0.0,45.8,2.7,31.1,31.2,1.0,0,Core,0
45076,10.0,10.0,10.0,9.86,10.0,10.0,10.0,10.0,10.0,86.0,2.0,3.0,3.0,3.0,2.0,88.5,4.5,82.5,74.2,0.0,0,Core,1
19558,7.96,8.14,8.52,7.98,8.66,8.33,7.9,8.71,8.07,91.0,2.0,3.0,3.0,3.0,1.0,88.6,4.2,88.3,79.0,1.0,0,Core,1
23429,6.86,7.11,7.89,7.72,7.34,7.7,7.08,8.1,7.45,72.6,1.0,3.0,3.0,3.0,1.0,82.6,3.8,57.6,75.1,1.0,0,Core,1
19273,7.07,6.95,7.43,6.79,7.22,7.69,7.2,6.82,7.16,92.7,2.0,2.0,3.0,1.0,2.0,99.8,3.3,91.7,92.7,1.0,0,Core,1
40677,7.62,7.68,7.61,7.59,7.5,7.33,7.75,8.06,7.71,73.5,1.0,2.0,2.0,2.0,0.0,67.6,3.0,57.9,56.0,0.0,0,Core,1
5569,5.64,4.69,4.61,4.98,4.88,5.16,4.95,4.9,5.05,59.8,0.0,1.0,0.0,0.0,0.0,54.2,2.2,29.4,22.9,0.0,0,Core,0
19285,6.77,6.75,6.38,7.07,6.77,6.55,6.68,7.23,6.85,60.4,1.0,2.0,1.0,2.0,1.0,57.0,2.6,53.5,49.9,1.0,0,Core,0
17875,6.93,6.52,6.79,6.98,6.53,6.79,7.0,6.77,6.77,82.3,1.0,2.0,2.0,3.0,0.0,77.2,2.4,47.4,58.2,1.0,0,Core,0
3162,8.25,8.33,8.22,8.07,8.07,8.57,8.92,9.22,8.52,91.8,2.0,2.0,3.0,4.0,1.0,83.8,4.8,67.6,76.6,1.0,0,Core,1
24546,6.75,7.04,6.47,6.68,6.7,6.94,7.62,6.77,6.8,89.9,1.0,2.0,2.0,3.0,0.0,74.9,2.6,52.2,54.3,0.0,0,Core,1
49218,5.56,5.79,5.54,5.54,5.31,5.69,4.88,4.77,5.38,65.9,0.0,0.0,1.0,1.0,1.0,50.6,2.5,34.8,20.1,1.0,0,Core,0
31792,6.97,7.28,7.03,7.0,7.53,7.3,6.58,7.47,7.03,71.3,1.0,2.0,2.0,1.0,0.0,69.6,3.5,63.9,59.5,1.0,0,Core,1
1132,6.68,6.64,6.76,6.93,7.29,6.88,6.96,6.9,6.89,83.9,1.0,2.0,1.0,1.0,0.0,79.1,3.6,74.2,53.5,1.0,0,Core,1
24565,7.5,7.17,7.4,7.17,6.97,7.45,6.96,7.29,7.07,57.8,0.0,1.0,0.0,0.0,0.0,45.4,2.7,28.2,27.0,0.0,0,Core,0
31149,6.57,6.3,6.36,6.43,6.08,5.94,6.14,6.69,6.3,78.7,1.0,2.0,1.0,2.0,0.0,73.5,2.9,52.0,59.8,1.0,0,Core,1
31492,8.12,7.94,7.83,7.78,8.15,7.98,7.8,7.98,8.03,77.0,1.0,2.0,1.0,1.0,1.0,71.2,2.4,47.1,55.3,1.0,0,Core,0
37517,9.18,9.78,9.37,9.76,9.84,9.46,9.51,10.0,9.45,86.7,2.0,4.0,2.0,3.0,1.0,88.4,5.0,76.7,82.8,0.0,0,Core,1
43064,8.64,8.38,8.23,8.6,8.3,8.19,8.6,8.58,8.49,78.5,1.0,3.0,2.0,2.0,1.0,73.6,4.7,88.0,65.8,1.0,0,Core,1
9402,8.16,7.67,7.38,7.75,8.0,8.06,8.12,8.02,7.95,81.8,1.0,4.0,2.0,4.0,2.0,79.6,3.2,82.6,93.7,1.0,0,Core,1
35420,9.45,9.09,8.93,9.04,8.86,9.31,9.62,9.48,9.14,78.2,2.0,2.0,3.0,4.0,2.0,79.2,4.7,92.5,79.9,1.0,0,Core,1
7341,4.47,5.05,5.12,4.88,4.99,4.52,4.99,4.76,4.88,71.5,0.0,1.0,1.0,1.0,0.0,51.5,2.7,34.7,54.9,0.0,0,Core,0
24870,7.35,7.58,7.45,6.91,6.99,7.33,6.88,6.86,7.19,59.3,0.0,0.0,0.0,1.0,0.0,38.8,2.4,24.3,21.5,0.0,0,Core,0
48944,5.41,5.24,5.29,5.15,5.63,5.0,5.17,5.57,5.33,83.5,2.0,2.0,1.0,1.0,1.0,53.1,2.2,57.6,53.3,0.0,0,Core,0
27525,7.92,7.94,8.05,8.28,7.41,7.99,8.28,8.33,7.92,79.9,2.0,3.0,3.0,4.0,1.0,63.8,4.3,89.2,67.7,1.0,0,Core,1
28196,7.87,7.54,8.35,8.51,8.37,8.5,8.58,7.93,8.06,84.1,2.0,3.0,3.0,4.0,1.0,77.7,3.6,71.2,78.1,1.0,0,Core,1
15952,8.97,9.22,9.35,9.62,9.08,9.13,9.39,9.22,9.24,82.3,2.0,4.0,2.0,3.0,2.0,91.7,4.1,77.9,54.9,1.0,0,Core,1
25031,5.41,5.96,5.15,5.56,5.85,5.43,5.32,5.04,5.43,75.9,1.0,2.0,1.0,2.0,0.0,69.7,2.6,55.9,56.0,1.0,0,Core,0
23401,6.47,6.0,6.21,5.84,6.13,6.23,6.78,6.19,6.22,79.0,1.0,2.0,1.0,2.0,1.0,82.3,3.4,57.1,50.1,1.0,0,Core,0
22731,9.26,9.44,9.29,8.97,9.04,9.02,9.11,9.06,9.06,84.0,1.0,2.0,1.0,1.0,1.0,77.5,3.0,55.7,54.3,0.0,0,Core,1
29416,6.27,7.06,6.42,6.84,6.08,6.4,7.05,6.79,6.64,88.7,1.0,3.0,2.0,1.0,1.0,71.8,3.2,57.6,58.0,0.0,0,Core,1
39274,5.94,5.86,5.77,5.88,5.84,5.31,6.17,5.51,5.72,58.9,0.0,1.0,1.0,0.0,0.0,43.5,1.9,28.2,22.9,0.0,0,Core,0
49189,9.13,8.67,8.94,9.08,9.07,8.8,9.65,9.48,9.26,96.5,1.0,2.0,2.0,3.0,2.0,71.0,5.0,76.0,76.9,1.0,0,Core,1
34884,5.65,5.11,5.58,5.36,5.42,5.99,5.29,5.3,5.46,85.4,0.0,2.0,2.0,3.0,0.0,62.0,2.9,47.7,41.7,1.0,0,Core,0
18968,6.67,7.12,7.05,7.41,6.99,7.32,7.26,7.62,7.17,86.6,2.0,3.0,3.0,3.0,1.0,83.7,4.7,85.7,72.0,1.0,0,Core,1
47711,5.98,6.33,5.8,6.17,5.76,5.35,5.39,5.66,5.8,53.7,0.0,1.0,0.0,0.0,0.0,45.6,2.6,33.0,28.4,1.0,0,Core,0
31661,7.54,7.56,8.13,7.36,8.02,8.48,8.64,8.05,7.88,94.2,1.0,3.0,2.0,4.0,1.0,88.9,4.6,73.8,73.5,1.0,0,Core,1
26754,8.5,8.15,8.92,9.22,9.05,8.42,8.45,9.44,8.81,77.3,1.0,3.0,2.0,3.0,1.0,78.5,3.7,78.5,92.4,0.0,0,Core,1
36418,7.65,6.95,7.15,7.72,7.19,7.42,6.75,6.74,6.91,50.0,0.0,0.0,0.0,0.0,0.0,69.6,1.7,31.1,31.7,1.0,0,Core,0
40653,7.88,8.04,8.12,8.62,8.47,7.85,8.48,8.24,8.27,73.0,1.0,2.0,1.0,2.0,0.0,62.0,2.7,55.7,48.5,1.0,0,Core,1
2743,9.88,10.0,9.56,10.0,10.0,10.0,10.0,10.0,9.98,95.2,1.0,2.0,3.0,3.0,2.0,89.7,3.2,78.7,82.2,0.0,0,Core,1
3050,9.18,10.0,9.11,9.54,10.0,9.67,10.0,9.95,9.75,92.9,2.0,3.0,4.0,4.0,2.0,76.7,4.4,78.8,73.6,1.0,0,Core,1
50,7.0,7.51,7.77,7.72,7.82,7.34,7.8,8.56,7.73,68.4,2.0,2.0,2.0,2.0,1.0,69.6,4.0,86.7,76.4,1.0,0,Core,1
39860,6.47,6.31,6.22,6.02,6.02,6.5,6.18,5.96,6.15,72.1,0.0,1.0,2.0,2.0,0.0,74.1,3.1,59.6,54.9,1.0,0,Core,0
8746,6.24,6.39,6.43,6.02,5.99,5.95,6.03,6.18,6.19,68.6,0.0,3.0,2.0,1.0,0.0,60.4,3.0,49.7,62.7,0.0,0,Core,0
4746,8.91,8.67,9.24,9.07,9.52,8.77,9.33,9.0,8.84,94.4,2.0,3.0,3.0,3.0,2.0,75.6,4.6,99.1,70.4,1.0,0,Core,1
9195,6.3,7.2,7.31,7.01,7.1,6.43,6.56,6.4,6.88,54.0,0.0,1.0,0.0,1.0,0.0,48.3,2.0,26.2,29.4,0.0,0,Core,0
7614,5.47,4.77,4.68,4.91,4.97,4.88,5.2,5.27,5.01,82.7,1.0,2.0,2.0,3.0,1.0,66.3,2.5,57.3,42.6,1.0,0,Core,0
46148,7.38,7.27,6.35,7.3,7.47,6.85,7.0,7.22,7.03,72.6,0.0,1.0,1.0,1.0,0.0,72.4,2.1,42.6,51.9,0.0,0,Core,1
20016,5.08,4.22,5.18,5.31,4.31,4.92,5.29,4.66,5.05,51.6,0.0,0.0,1.0,0.0,0.0,47.0,2.7,26.5,32.5,0.0,0,Core,0
44979,9.23,9.19,9.08,9.23,9.32,9.27,8.65,9.16,9.15,78.3,1.0,1.0,2.0,2.0,1.0,72.9,3.1,50.7,61.2,0.0,0,Core,1
15171,8.82,9.43,9.46,9.62,9.65,9.47,9.28,9.1,9.48,74.9,2.0,4.0,3.0,4.0,1.0,69.6,5.0,90.1,86.2,1.0,0,Core,1
17973,7.4,7.77,7.24,7.71,7.91,7.95,7.62,8.08,7.62,90.8,2.0,3.0,2.0,2.0,2.0,66.2,4.0,74.4,76.5,1.0,0,Core,1
22513,4.37,4.67,4.12,4.4,4.23,4.0,4.05,4.02,4.2,58.1,0.0,0.0,0.0,0.0,0.0,46.2,1.5,32.5,27.5,1.0,0,Core,0
24394,6.51,6.67,6.97,7.17,6.91,7.07,6.88,6.88,6.92,80.4,2.0,4.0,2.0,4.0,2.0,86.0,3.1,79.9,72.6,1.0,0,Core,1
28355,5.44,6.04,6.03,5.68,4.95,5.78,5.44,5.82,5.56,68.9,0.0,0.0,0.0,0.0,0.0,43.3,2.0,27.5,38.1,0.0,0,Core,0
7004,6.17,6.2,6.6,6.37,6.39,6.29,6.77,6.74,6.39,69.9,1.0,1.0,2.0,2.0,0.0,58.6,3.9,43.6,54.6,1.0,0,Core,1
35264,9.13,8.85,8.9,9.5,9.23,9.19,8.78,9.16,9.16,86.7,2.0,3.0,3.0,3.0,1.0,90.8,4.3,69.5,72.5,1.0,0,Core,1
39996,7.24,6.88,7.16,6.62,6.99,7.38,7.16,6.69,6.95,66.7,1.0,2.0,2.0,2.0,0.0,62.2,3.2,60.8,46.1,1.0,0,Core,1
174,9.06,8.44,9.28,8.99,8.7,10.0,9.01,8.96,9.0,98.3,2.0,2.0,2.0,3.0,1.0,73.4,4.3,70.0,83.5,1.0,0,Core,1
19902,8.58,8.63,9.07,8.65,8.91,9.18,8.91,9.28,8.94,95.9,1.0,2.0,4.0,3.0,1.0,72.5,4.5,84.4,69.2,0.0,0,Core,1
46794,6.34,6.81,6.1,6.43,6.68,7.32,6.66,6.31,6.6,64.1,1.0,2.0,1.0,1.0,1.0,65.6,3.1,45.4,48.4,0.0,0,Core,1
13014,7.53,7.07,6.77,7.3,6.81,7.1,7.17,7.06,9.92,97.1,3.0,5.0,2.0,4.0,2.0,97.6,3.3,97.4,70.9,1.0,0,Core,1
34514,5.03,5.53,5.68,5.66,5.52,5.35,5.62,5.44,5.37,73.1,0.0,1.0,1.0,1.0,0.0,77.7,3.2,57.6,58.5,1.0,0,Core,0
15801,4.67,5.03,4.64,5.38,5.57,5.24,5.14,5.13,4.41,53.97912839,1.0,2.0,2.0,1.0,0.0,37.5,2.7,0.7,56.9,0.0,0,Core,0
45751,7.01,6.84,6.51,7.24,6.83,6.97,6.55,7.46,6.75,65.7,1.0,2.0,1.0,2.0,0.0,62.0,4.0,52.3,42.0,1.0,0,Core,1
420,7.88,7.92,7.45,7.82,8.08,7.49,8.28,7.95,7.86,77.6,0.0,2.0,1.0,1.0,0.0,67.9,2.2,47.1,54.9,1.0,0,Core,1
16296,9.88,9.74,10.0,10.0,10.0,10.0,10.0,10.0,9.95,90.2,3.0,4.0,3.0,3.0,1.0,68.3,3.6,73.9,72.6,1.0,0,Core,1
29308,4.98,5.07,5.34,5.54,5.28,5.21,5.28,5.21,5.19,77.4,1.0,2.0,2.0,2.0,1.0,76.2,3.4,60.4,33.8,1.0,0,Core,1
22178,5.89,5.98,5.7,6.71,6.73,6.93,6.44,6.65,6.43,95.8,2.0,2.0,3.0,3.0,1.0,90.8,5.0,68.9,65.7,1.0,0,Core,1
16752,8.69,7.9,8.62,8.28,8.59,8.15,8.54,8.63,8.3,78.9,1.0,2.0,1.0,1.0,1.0,75.5,3.5,51.9,56.8,0.0,0,Core,1
18699,10.0,9.2,9.6,9.08,9.65,9.66,9.65,9.63,9.51,93.9,1.0,2.0,4.0,2.0,2.0,77.7,4.9,77.6,90.2,1.0,0,Core,1
39388,6.37,6.5,6.58,6.5,6.56,6.61,6.54,6.39,6.48,63.0,1.0,2.0,1.0,2.0,0.0,71.1,2.5,61.1,47.1,1.0,0,Core,1
32977,10.0,9.55,9.56,10.0,10.0,9.67,9.71,10.0,9.73,90.9,1.0,3.0,3.0,4.0,1.0,84.5,3.6,60.0,73.8,1.0,0,Core,1
5837,5.72,5.19,5.61,5.48,6.04,5.37,5.64,5.33,5.49,63.0,1.0,0.0,0.0,1.0,0.0,51.6,2.4,28.0,31.1,0.0,0,Core,0
39625,7.06,6.33,6.58,6.62,6.85,7.15,6.34,6.96,6.72,59.0,0.0,0.0,0.0,1.0,0.0,46.1,1.5,31.9,29.0,0.0,0,Core,0
30505,7.33,7.39,7.15,7.05,6.99,7.16,7.57,7.28,7.33,83.9,1.0,2.0,2.0,2.0,0.0,77.9,3.0,56.8,59.8,1.0,0,Core,1
40916,6.83,6.84,7.06,7.21,7.05,7.02,6.46,6.89,6.89,76.4,1.0,3.0,1.0,2.0,1.0,69.8,3.0,60.3,52.0,0.0,0,Core,1
40654,9.01,9.2,9.2,9.38,9.29,9.44,9.01,9.51,9.31,97.8,3.0,1.0,2.0,3.0,2.0,87.2,4.3,65.2,75.7,0.0,0,Core,1
24106,6.29,6.56,6.04,6.18,6.11,6.8,6.34,5.49,6.42,78.5,0.0,2.0,0.0,2.0,1.0,60.6,3.2,54.8,66.3,0.0,0,Core,1
30535,4.14,4.99,4.5,4.4,4.0,4.0,4.17,4.16,4.29,55.1,0.0,1.0,0.0,1.0,1.0,48.8,1.3,28.1,30.4,1.0,0,Core,0
28397,5.56,5.31,5.73,5.27,5.78,5.43,5.42,5.68,5.53,84.3,1.0,2.0,2.0,2.0,1.0,78.4,3.1,66.3,55.0,1.0,0,Core,0
3244,5.98,6.07,6.0,6.25,6.61,6.59,5.67,6.99,4.1,52.54059416,1.0,1.0,2.0,2.0,1.0,36.3,2.6,3.9,60.2,1.0,0,Border,0
801,8.92,8.21,8.32,8.78,8.88,8.6,8.43,8.23,8.66,78.7,0.0,2.0,1.0,2.0,0.0,77.7,2.4,45.6,48.9,0.0,0,Core,1
34941,7.29,7.1,7.53,7.64,7.2,6.99,7.01,7.28,7.18,76.9,0.0,2.0,1.0,2.0,0.0,77.6,3.4,59.6,54.4,1.0,0,Core,1
40232,5.01,4.29,5.12,4.87,5.04,4.79,4.79,5.25,5.1,83.2,2.0,4.0,3.0,4.0,0.0,88.5,3.5,84.1,63.4,1.0,0,Border,1
10414,7.46,8.2,8.31,8.59,8.04,8.27,8.02,8.6,8.27,100.0,1.0,3.0,3.0,2.0,2.0,69.0,4.8,57.2,87.5,1.0,0,Core,1
17972,6.41,6.78,6.07,6.34,6.43,5.98,5.96,6.02,6.22,86.1,1.0,2.0,1.0,1.0,1.0,72.0,2.7,47.5,58.8,1.0,0,Core,0
44277,4.57,4.91,5.33,4.88,5.25,4.83,5.17,4.84,4.97,79.2,1.0,3.0,1.0,1.0,0.0,49.2,1.4,55.2,57.0,0.0,0,Core,0
42494,6.48,6.45,5.84,6.6,6.56,6.56,6.18,6.69,6.38,81.4,1.0,1.0,1.0,2.0,0.0,65.0,3.4,45.3,55.2,0.0,0,Core,1
23554,7.45,7.99,8.2,7.74,8.79,8.02,8.67,8.18,8.36,99.3,2.0,4.0,3.0,3.0,2.0,86.2,4.4,80.1,73.6,1.0,0,Core,1
32692,6.64,6.19,5.87,6.53,6.6,6.15,5.75,5.74,6.17,54.2,1.0,1.0,0.0,1.0,0.0,47.2,1.0,28.5,38.2,1.0,0,Core,0
43114,8.04,8.23,7.99,8.54,8.9,8.56,8.02,8.6,8.43,73.9,0.0,2.0,2.0,1.0,1.0,69.6,3.1,63.3,61.2,1.0,0,Core,1
10946,6.66,6.66,7.02,6.32,6.95,6.96,6.57,7.22,6.81,81.6,1.0,2.0,1.0,2.0,0.0,69.7,3.2,59.3,54.9,1.0,0,Core,1
19823,4.45,4.36,4.93,4.07,4.55,4.37,4.41,4.18,4.37,54.9,0.0,1.0,1.0,0.0,0.0,43.9,1.4,27.0,29.8,0.0,0,Core,0
44730,7.65,7.61,7.58,7.76,7.17,8.04,7.67,7.61,7.65,77.5,1.0,1.0,1.0,2.0,1.0,59.0,2.2,52.5,58.6,1.0,0,Core,0
38934,7.95,7.79,7.67,8.01,7.4,7.99,7.72,7.78,7.66,77.2,1.0,1.0,2.0,2.0,1.0,69.6,3.6,50.4,56.6,1.0,0,Core,1
17228,6.63,6.54,6.61,6.14,6.59,6.1,6.34,6.81,6.39,56.7,1.0,2.0,1.0,2.0,0.0,79.3,2.4,54.0,56.3,1.0,0,Core,0
26566,4.65,4.94,5.65,4.76,5.46,4.63,4.82,4.83,4.93,62.1,0.0,0.0,0.0,1.0,0.0,39.1,2.0,28.2,27.4,0.0,0,Core,0
7561,5.64,5.49,5.78,5.49,5.91,5.63,5.8,5.5,5.6,86.3,1.0,2.0,2.0,1.0,0.0,78.3,4.2,59.5,49.7,0.0,0,Core,1
41020,8.2,8.44,8.25,8.74,8.8,8.66,8.76,9.2,8.57,88.0,2.0,3.0,3.0,3.0,1.0,77.2,4.0,85.6,66.8,1.0,0,Core,1
3664,7.55,7.61,7.79,7.75,8.19,7.39,8.37,8.1,7.95,86.2,2.0,4.0,4.0,1.0,2.0,96.1,3.2,83.5,74.9,1.0,0,Core,1
28957,4.91,5.33,5.4,5.01,4.65,4.74,4.44,4.49,4.88,56.8,1.0,1.0,0.0,0.0,1.0,42.7,1.7,27.6,35.3,1.0,0,Core,0
40155,5.42,5.5,5.17,5.0,5.97,6.04,5.68,5.55,5.55,61.6,0.0,0.0,1.0,1.0,0.0,47.0,2.9,28.6,30.3,0.0,0,Core,0
41553,7.13,7.81,7.64,7.8,7.7,7.95,7.43,7.66,7.67,74.5,2.0,1.0,2.0,1.0,1.0,59.8,3.2,54.8,58.5,1.0,0,Core,1
6366,6.0,6.69,6.98,6.51,6.71,6.59,6.64,6.92,6.66,72.2,1.0,2.0,2.0,2.0,0.0,69.3,3.2,54.2,56.3,1.0,0,Core,1
3708,8.76,8.58,9.27,9.51,8.82,8.78,8.8,9.23,8.98,100.0,2.0,3.0,2.0,3.0,2.0,87.0,3.2,87.1,82.5,1.0,0,Core,1
35386,7.51,7.36,8.23,7.93,8.14,7.36,8.06,7.3,7.55,70.7,1.0,2.0,2.0,1.0,0.0,87.1,3.1,57.6,65.0,0.0,0,Core,1
27613,9.1,8.68,8.67,8.02,8.13,7.97,8.5,8.34,8.45,77.9,0.0,2.0,1.0,2.0,0.0,66.4,2.3,60.3,54.9,1.0,0,Core,1
14218,8.15,8.6,8.46,8.99,8.37,9.09,8.88,8.99,8.72,87.7,2.0,3.0,2.0,3.0,1.0,90.5,3.0,77.3,93.1,1.0,0,Core,1
72,6.75,6.77,6.7,6.16,7.37,7.19,7.11,7.57,7.14,92.0,3.0,4.0,2.0,4.0,1.0,79.9,4.5,57.6,67.3,1.0,0,Core,1
4281,8.3,8.57,8.48,8.2,8.9,9.18,8.49,8.22,8.54,78.0,1.0,3.0,2.0,2.0,1.0,86.5,4.5,68.0,78.7,1.0,0,Core,1
3556,6.34,6.69,6.84,6.6,6.2,5.84,6.78,6.04,6.34,78.4,1.0,1.0,2.0,2.0,0.0,57.9,2.8,56.6,54.9,1.0,0,Core,0
8469,10.0,10.0,10.0,9.86,10.0,9.78,10.0,10.0,9.95,88.6,3.0,4.0,3.0,2.0,2.0,82.7,2.7,88.8,66.8,1.0,0,Core,1
44321,7.66,7.57,6.89,7.16,7.37,6.57,6.76,6.77,7.13,69.4,0.0,1.0,1.0,0.0,0.0,49.1,1.9,57.6,31.1,0.0,0,Core,0
21921,9.97,10.0,10.0,10.0,10.0,9.99,10.0,10.0,10.0,97.8,2.0,3.0,2.0,3.0,1.0,94.5,4.9,100.0,74.8,1.0,0,Core,1
9599,6.64,7.14,6.98,6.64,6.19,7.5,6.72,7.16,6.83,95.6,2.0,4.0,3.0,3.0,2.0,70.7,4.2,60.9,65.5,1.0,0,Core,1
33699,7.26,7.33,7.51,7.83,6.48,7.15,7.39,6.88,7.22,75.1,1.0,2.0,2.0,2.0,1.0,51.2,3.2,64.7,62.4,0.0,0,Core,1
11015,4.06,4.0,4.06,4.31,4.14,4.0,4.0,4.0,4.13,68.1,0.0,1.0,1.0,0.0,0.0,53.7,2.0,28.3,54.9,0.0,0,Core,0
28714,8.06,7.41,7.57,7.64,7.3,7.55,7.32,7.67,7.41,63.6,0.0,1.0,1.0,1.0,1.0,66.8,3.0,60.4,56.9,0.0,0,Core,0
46974,5.17,5.18,5.58,5.7,5.44,5.14,5.27,5.21,4.4,52.25920555,1.0,2.0,2.0,1.0,0.0,36.7,3.2,8.5,53.8,0.0,0,Core,1
29679,5.85,6.18,5.55,5.55,5.54,6.0,5.66,5.53,5.76,65.8,0.0,0.0,1.0,0.0,0.0,37.7,1.2,31.9,54.9,0.0,0,Core,0
45564,8.87,8.95,8.89,9.01,8.87,9.37,9.42,8.98,9.12,89.9,2.0,3.0,2.0,3.0,1.0,90.3,4.8,57.6,67.0,0.0,0,Core,1
31179,8.85,9.11,9.15,9.01,8.7,8.62,9.6,9.12,9.13,80.1,1.0,2.0,2.0,2.0,1.0,69.6,3.6,60.1,43.5,0.0,0,Core,1
21610,6.89,6.16,6.42,6.41,6.37,6.55,7.18,6.48,6.46,77.2,1.0,2.0,2.0,3.0,0.0,58.6,2.9,51.3,54.1,0.0,0,Core,1
25409,6.5,6.54,6.34,6.54,6.65,6.29,6.56,6.38,6.46,77.7,1.0,2.0,1.0,2.0,0.0,67.9,2.6,51.6,53.6,0.0,0,Core,0
43345,5.14,5.7,5.67,5.56,5.54,5.33,6.01,6.06,5.75,87.6,2.0,4.0,2.0,3.0,2.0,74.5,5.0,82.9,82.0,0.0,0,Border,1
49197,7.2,7.42,7.04,7.65,7.46,7.79,7.09,7.46,7.41,78.3,1.0,1.0,2.0,1.0,0.0,75.2,3.0,56.6,53.7,1.0,0,Core,1
26734,6.97,7.26,6.3,6.78,6.62,6.73,5.75,6.86,6.64,55.9,0.0,1.0,1.0,0.0,0.0,50.2,2.3,29.4,27.8,1.0,0,Core,0
48429,4.0,4.0,4.0,4.19,4.0,4.23,4.0,4.0,4.0,65.0,0.0,1.0,1.0,1.0,1.0,69.6,2.3,23.0,33.3,0.0,0,Core,0
18687,7.15,7.34,7.61,7.35,7.35,7.35,7.9,7.55,7.39,77.2,1.0,2.0,2.0,2.0,0.0,67.1,3.7,50.0,43.0,0.0,0,Core,1
16650,8.86,9.53,9.35,8.77,9.49,9.56,9.41,9.67,9.29,100.0,1.0,4.0,4.0,4.0,1.0,84.7,2.6,56.8,88.9,1.0,0,Core,1
24776,7.04,6.63,6.39,7.07,6.23,6.7,6.45,6.54,6.75,75.4,1.0,2.0,2.0,1.0,1.0,73.2,4.3,66.5,54.9,1.0,0,Core,1
24570,9.23,9.77,9.9,9.25,9.9,9.84,9.54,9.99,9.7,88.8,1.0,4.0,2.0,2.0,1.0,100.0,4.4,57.6,73.1,1.0,0,Core,1
42826,9.88,9.86,10.0,10.0,10.0,9.99,10.0,10.0,9.81,69.3,2.0,4.0,2.0,2.0,2.0,69.7,4.2,84.7,75.4,0.0,0,Core,1
25404,5.8,5.01,5.36,4.65,5.56,5.29,5.15,5.59,5.43,84.1,1.0,2.0,2.0,1.0,0.0,78.3,2.2,57.4,55.6,1.0,0,Core,0
24603,8.14,8.42,8.59,8.67,8.4,8.61,8.46,8.65,8.4,62.0,0.0,2.0,1.0,2.0,1.0,78.4,3.2,57.3,52.2,1.0,0,Core,1
49698,6.9,7.49,6.71,7.84,7.28,7.64,7.04,7.73,7.51,73.2,1.0,3.0,2.0,1.0,1.0,73.0,2.3,57.6,45.2,1.0,0,Core,1
13848,6.65,6.74,6.47,6.81,7.67,7.54,7.34,7.57,7.2,85.6,1.0,2.0,1.0,1.0,1.0,53.7,3.2,50.1,52.8,0.0,0,Core,1
49247,5.15,5.08,5.06,5.3,4.92,4.42,4.78,4.3,4.61,59.2,1.0,1.0,1.0,0.0,0.0,48.1,1.7,32.4,35.1,0.0,0,Core,0
42943,5.77,5.56,5.49,5.36,5.5,5.52,5.82,5.41,5.51,60.6,1.0,0.0,0.0,0.0,0.0,45.8,1.6,36.0,32.2,0.0,0,Core,0
39968,8.14,9.03,8.65,8.5,8.93,8.22,8.66,8.73,8.66,85.7,1.0,3.0,4.0,4.0,2.0,81.6,3.8,84.9,59.2,1.0,0,Core,1
28981,7.71,7.93,7.67,7.79,8.11,8.67,8.25,8.05,8.0,88.0,1.0,2.0,2.0,2.0,1.0,72.5,2.8,48.9,54.9,0.0,0,Core,1
2800,8.56,8.03,8.35,8.46,8.38,8.49,8.41,8.6,8.39,84.1,2.0,4.0,2.0,2.0,1.0,83.0,3.8,83.2,74.7,1.0,0,Core,1
30335,6.62,6.01,6.34,6.53,6.3,6.29,6.34,6.39,6.48,83.0,0.0,1.0,2.0,2.0,0.0,59.2,1.5,56.3,54.9,1.0,0,Core,0
5276,7.32,7.76,7.61,7.82,7.4,8.2,7.69,8.5,7.72,97.3,2.0,3.0,2.0,3.0,1.0,85.4,4.2,81.9,70.3,0.0,0,Core,1
10821,6.96,7.06,6.79,7.38,7.68,7.37,7.01,7.41,7.16,89.3,1.0,1.0,1.0,1.0,0.0,64.2,3.2,63.8,44.3,0.0,0,Core,1
31366,4.59,4.6,4.74,4.47,4.4,4.32,4.52,4.12,4.54,57.9,0.0,1.0,0.0,0.0,0.0,69.6,2.5,29.3,32.9,0.0,0,Core,0
24809,4.8,5.65,5.4,5.51,5.69,5.18,5.8,5.77,5.52,74.0,1.0,2.0,1.0,1.0,0.0,73.4,3.4,54.3,48.9,0.0,0,Core,0
44597,7.93,8.44,7.99,9.03,8.13,8.37,8.1,7.71,8.02,96.7,2.0,3.0,2.0,4.0,1.0,74.2,4.6,71.2,76.6,1.0,0,Core,1
21155,7.03,6.79,6.91,7.19,7.0,7.76,7.37,7.35,7.11,96.3,1.0,3.0,2.0,3.0,2.0,78.1,5.0,79.2,54.9,1.0,0,Core,1
45055,7.14,7.12,7.13,7.71,6.99,6.65,7.39,6.9,7.12,80.4,1.0,3.0,4.0,4.0,1.0,90.0,4.7,72.9,70.9,0.0,0,Core,1
21132,7.55,7.47,7.39,7.88,8.12,7.94,8.02,7.81,7.83,92.2,2.0,4.0,2.0,4.0,2.0,89.1,3.5,91.3,82.5,0.0,0,Core,1
11602,4.23,4.98,4.71,4.93,4.86,4.48,4.71,4.83,4.67,66.3,0.0,1.0,1.0,1.0,0.0,46.4,1.6,25.5,32.6,0.0,0,Core,0
3789,7.93,7.87,8.21,8.27,8.52,8.22,9.02,8.55,8.49,66.8,2.0,3.0,3.0,3.0,1.0,91.6,4.4,75.6,67.5,1.0,0,Core,1
22893,6.86,7.02,6.93,7.47,6.71,6.91,7.09,7.16,6.92,73.4,1.0,1.0,2.0,3.0,1.0,53.8,4.0,50.8,52.0,0.0,0,Core,1
33902,6.35,6.27,5.88,6.32,6.6,6.84,6.13,6.33,6.32,79.9,0.0,1.0,1.0,2.0,0.0,64.8,2.2,57.4,54.1,0.0,0,Core,0
13619,10.0,9.0,9.55,9.35,8.95,9.67,9.78,9.69,9.53,89.3,1.0,3.0,3.0,4.0,2.0,88.3,3.1,74.2,70.6,1.0,0,Core,1
26684,6.65,6.65,7.2,7.36,6.75,7.15,7.67,7.34,7.01,79.1,1.0,1.0,2.0,2.0,0.0,66.2,3.1,47.6,54.9,0.0,0,Core,1
46297,6.59,6.26,6.08,6.79,6.57,6.88,6.68,6.65,6.44,71.7,1.0,3.0,1.0,2.0,1.0,66.6,3.1,50.5,46.3,1.0,0,Core,1
18497,6.37,6.52,6.06,7.04,6.22,6.25,6.06,6.28,6.52,67.0,1.0,0.0,2.0,0.0,0.0,55.1,1.7,26.9,33.9,1.0,0,Core,0
48626,10.0,9.82,10.0,9.9,10.0,10.0,10.0,10.0,10.0,71.5,2.0,5.0,2.0,2.0,2.0,86.7,4.2,70.4,54.9,1.0,0,Core,1
36288,9.7,10.0,10.0,9.9,9.42,10.0,10.0,10.0,10.0,69.6,2.0,3.0,3.0,3.0,1.0,88.3,3.1,86.1,54.9,1.0,0,Core,1
45452,7.27,8.18,8.07,7.65,7.82,7.89,7.41,7.73,7.82,71.6,1.0,2.0,2.0,2.0,0.0,67.9,2.5,51.6,44.2,0.0,0,Core,1
29834,6.66,6.54,6.43,6.33,6.46,6.39,6.2,7.04,6.7,79.0,2.0,2.0,1.0,1.0,1.0,73.3,2.2,53.7,50.6,0.0,0,Core,0
1669,8.0,8.02,7.66,7.89,8.12,7.8,8.2,7.75,8.0,89.8,2.0,2.0,4.0,4.0,2.0,72.3,2.9,63.3,76.5,1.0,0,Core,1
8248,5.69,5.52,5.5,5.41,5.5,6.01,5.5,5.89,5.59,73.2,1.0,1.0,2.0,2.0,1.0,77.5,2.4,50.1,53.7,1.0,0,Core,0
23293,4.91,5.21,5.55,5.18,5.78,5.71,5.29,5.61,5.42,75.7,1.0,1.0,2.0,1.0,1.0,62.1,3.2,61.7,60.6,1.0,0,Core,1
15799,9.35,9.11,9.37,9.66,9.45,9.27,9.9,9.59,9.32,78.5,3.0,3.0,3.0,4.0,1.0,92.7,5.0,89.9,71.8,1.0,0,Core,1
31329,5.12,5.73,6.11,5.33,5.01,5.18,4.81,5.66,5.47,72.6,1.0,1.0,1.0,2.0,0.0,56.7,3.6,61.9,59.7,1.0,0,Core,0
21044,4.57,4.51,4.46,4.15,4.38,4.36,4.13,4.19,4.33,54.4,0.0,0.0,1.0,0.0,0.0,34.8,2.0,28.1,35.3,0.0,0,Core,0
29168,6.16,5.75,6.33,6.1,6.2,5.83,5.64,6.04,5.96,79.1,0.0,2.0,2.0,1.0,1.0,68.3,3.5,45.8,59.3,0.0,0,Core,1
48246,5.67,5.2,5.35,5.31,4.84,4.98,4.55,5.07,5.27,64.1,0.0,1.0,1.0,0.0,1.0,46.5,1.8,27.3,30.1,0.0,0,Core,0
34523,7.79,7.79,7.5,7.63,7.39,7.84,7.97,8.23,7.7,87.3,1.0,2.0,2.0,2.0,1.0,69.5,1.7,56.0,45.3,0.0,0,Core,0
32504,7.72,7.57,7.94,7.54,8.26,8.18,8.29,8.1,7.98,82.4,2.0,3.0,2.0,3.0,2.0,86.5,4.2,77.8,76.8,1.0,0,Core,1
33000,10.0,9.32,10.0,10.0,10.0,10.0,10.0,10.0,9.91,91.4,2.0,3.0,2.0,3.0,1.0,93.0,3.9,78.6,68.2,1.0,0,Core,1
49896,7.9,7.54,8.28,7.68,7.41,7.73,7.56,8.07,7.77,77.2,1.0,2.0,2.0,2.0,0.0,62.0,2.7,61.3,49.7,0.0,0,Core,1
26877,6.08,6.67,5.7,6.21,6.09,6.13,5.92,6.47,6.03,84.5,1.0,2.0,3.0,2.0,0.0,62.3,3.0,52.7,54.7,1.0,0,Core,0
14500,8.66,9.31,8.69,8.64,9.23,9.3,8.84,9.24,8.95,99.6,1.0,1.0,2.0,1.0,1.0,66.2,3.2,56.5,47.1,0.0,0,Core,1
36252,6.93,6.28,6.53,6.42,6.24,6.09,6.47,6.47,6.37,65.3,0.0,1.0,2.0,1.0,0.0,46.4,2.5,23.9,28.9,1.0,0,Core,0
29575,8.6,8.36,8.4,8.21,8.17,8.27,8.37,7.83,8.48,72.8,0.0,1.0,2.0,3.0,0.0,53.6,2.9,67.7,54.5,0.0,0,Core,1
39974,7.26,7.27,7.15,7.04,7.93,7.21,6.61,7.43,7.31,86.1,2.0,2.0,2.0,2.0,1.0,68.9,3.3,53.5,58.4,1.0,0,Core,1
22953,7.61,7.83,6.96,7.58,7.14,7.51,7.62,7.57,7.46,87.8,1.0,1.0,2.0,2.0,0.0,69.3,3.1,56.4,38.9,0.0,0,Core,1
44579,4.0,4.63,4.47,4.16,4.35,4.3,4.6,4.48,4.42,60.4,1.0,1.0,0.0,1.0,0.0,69.6,3.2,28.3,33.0,0.0,0,Core,0
3487,8.02,8.32,8.08,8.58,8.31,8.57,8.28,8.61,8.21,68.6,2.0,3.0,3.0,2.0,0.0,53.8,2.3,63.4,44.2,0.0,0,Core,1
48173,7.76,7.6,7.26,7.61,7.84,7.8,7.93,8.16,9.75,72.7,3.0,5.0,3.0,3.0,1.0,97.3,4.8,99.9,91.9,1.0,0,Core,1
48697,8.46,8.64,8.32,8.33,8.97,8.84,8.27,8.78,8.56,84.5,1.0,2.0,3.0,3.0,2.0,92.9,3.8,75.4,73.2,1.0,0,Core,1
20706,5.24,5.41,5.52,5.13,4.59,4.57,4.68,5.19,5.06,50.0,0.0,0.0,1.0,0.0,0.0,50.5,2.6,33.1,29.6,0.0,0,Core,0
355,6.3,6.48,6.41,6.69,6.66,7.02,7.0,7.75,6.59,86.5,2.0,3.0,2.0,4.0,1.0,69.6,3.5,78.7,65.6,0.0,0,Core,1
7853,6.5,6.49,6.33,6.64,6.35,6.6,6.67,6.99,6.57,66.4,1.0,2.0,2.0,3.0,0.0,69.6,3.2,61.2,67.2,0.0,0,Core,1
40566,6.99,7.66,8.06,7.14,7.37,7.69,7.67,7.09,7.52,69.2,1.0,3.0,1.0,1.0,0.0,63.6,3.2,57.6,45.4,1.0,0,Core,1
10065,6.23,6.9,7.1,7.36,6.84,6.87,7.49,7.26,7.18,83.1,1.0,4.0,4.0,3.0,1.0,81.5,3.9,65.7,53.9,1.0,0,Core,1
30769,8.49,7.78,7.69,8.41,7.88,8.41,8.31,8.51,8.28,87.9,2.0,2.0,3.0,2.0,2.0,95.3,5.0,57.6,73.3,1.0,0,Core,1
46183,8.5,8.19,7.99,8.28,8.17,7.8,8.05,8.32,8.19,58.5,1.0,2.0,2.0,2.0,1.0,69.6,3.0,66.8,54.9,1.0,0,Core,1
30622,10.0,10.0,10.0,9.88,10.0,10.0,10.0,9.9,10.0,88.4,1.0,3.0,3.0,3.0,1.0,69.6,3.8,76.2,69.8,1.0,0,Core,1
25407,8.85,8.29,8.65,8.73,8.15,9.36,8.57,8.69,8.53,91.2,2.0,3.0,3.0,3.0,1.0,84.3,4.0,75.1,66.0,0.0,0,Core,1
17105,7.27,6.94,7.08,6.62,7.34,7.46,7.43,7.68,6.92,74.8,2.0,3.0,3.0,2.0,2.0,87.8,4.8,85.2,73.9,0.0,0,Core,1
10477,7.74,8.19,7.67,7.43,7.71,7.72,8.38,8.29,7.71,76.5,2.0,3.0,2.0,3.0,1.0,91.4,3.4,84.5,85.8,1.0,0,Core,1
38295,7.06,7.17,7.21,6.35,6.97,7.14,6.87,7.06,6.91,82.8,1.0,4.0,4.0,3.0,1.0,69.6,3.9,87.6,73.0,1.0,0,Core,1
40255,7.55,6.6,7.51,7.62,7.08,6.37,7.44,7.02,7.07,56.6,0.0,1.0,0.0,1.0,0.0,41.0,1.3,36.6,29.6,1.0,0,Core,0
7380,8.21,8.38,8.75,8.45,8.06,8.24,8.26,8.25,8.43,95.3,2.0,3.0,3.0,2.0,2.0,78.9,5.0,76.7,77.0,1.0,0,Core,1
19497,6.43,6.35,6.89,6.15,6.75,5.81,6.04,5.93,6.43,56.5,0.0,1.0,2.0,1.0,0.0,45.0,3.0,27.7,22.5,0.0,0,Core,0
39589,5.61,5.53,5.86,5.5,5.8,5.83,6.03,5.93,5.63,77.2,1.0,1.0,2.0,1.0,0.0,80.9,2.9,46.0,51.8,0.0,0,Core,0
48063,8.38,8.28,8.34,8.25,8.97,8.29,8.07,9.19,8.46,95.3,2.0,4.0,2.0,4.0,1.0,81.2,4.5,76.2,79.9,1.0,0,Core,1
48296,6.19,6.02,6.03,6.73,6.41,6.81,6.88,6.83,6.54,75.2,1.0,2.0,2.0,2.0,1.0,67.1,3.0,47.2,63.7,1.0,0,Core,0
22265,7.28,7.5,7.47,7.39,8.1,7.76,7.68,8.19,7.66,74.5,1.0,2.0,2.0,2.0,1.0,81.9,3.6,61.7,57.9,0.0,0,Core,1
37822,7.55,7.42,7.41,7.45,7.36,7.4,7.69,7.45,7.39,82.9,1.0,1.0,2.0,3.0,1.0,73.7,3.2,59.6,53.4,0.0,0,Core,1
44339,6.84,6.22,6.54,6.76,6.04,6.91,6.36,6.47,4.11,52.89447926,1.0,1.0,2.0,2.0,0.0,30.8,3.3,6.6,53.8,1.0,0,Border,1
2653,5.42,5.01,5.32,4.91,4.61,5.16,4.84,5.44,4.42,52.86913475,1.0,2.0,3.0,1.0,0.0,32.5,2.8,6.9,56.6,1.0,0,Border,0
36787,5.26,5.18,5.58,5.43,5.9,5.84,5.52,5.46,5.54,82.8,0.0,2.0,1.0,1.0,1.0,77.7,3.5,63.8,50.5,1.0,0,Core,0
32691,5.63,6.06,6.08,6.59,6.56,6.6,6.76,6.36,6.18,72.6,1.0,2.0,1.0,3.0,0.0,63.3,3.9,48.6,45.0,1.0,0,Core,1
39700,6.4,6.78,6.93,6.66,6.82,5.93,7.13,6.28,6.65,79.5,1.0,3.0,2.0,3.0,1.0,66.5,2.8,46.6,60.6,0.0,0,Core,0
49032,8.38,8.3,8.65,8.83,7.97,8.4,8.11,8.81,8.66,82.8,1.0,1.0,2.0,1.0,0.0,73.9,3.9,51.8,60.1,0.0,0,Core,1
14170,7.07,7.44,6.99,7.1,7.54,7.04,7.68,7.31,7.3,71.8,1.0,1.0,1.0,2.0,0.0,76.9,3.2,41.9,54.0,0.0,0,Core,1
9401,6.9,6.39,6.75,6.44,7.14,6.74,6.58,6.56,6.66,75.1,0.0,3.0,2.0,2.0,1.0,77.9,3.5,59.5,65.2,0.0,0,Core,1
38878,6.85,7.17,7.18,6.92,7.25,7.09,7.07,7.14,7.02,99.3,2.0,4.0,3.0,3.0,1.0,93.9,4.7,75.7,54.9,1.0,0,Core,1
22780,6.63,6.38,6.41,5.74,6.72,5.82,6.46,6.54,6.36,78.6,0.0,2.0,2.0,2.0,1.0,57.2,2.8,56.3,64.4,0.0,0,Core,1
29904,9.92,10.0,10.0,10.0,10.0,10.0,10.0,9.84,10.0,97.6,2.0,4.0,3.0,3.0,1.0,88.3,4.9,99.8,64.9,0.0,0,Core,1
21297,9.36,8.8,9.15,8.8,8.96,9.27,9.05,9.21,9.1,69.4,3.0,4.0,2.0,2.0,1.0,69.6,4.8,71.4,74.6,1.0,0,Core,1
28774,9.19,9.57,9.51,9.45,9.4,9.77,10.0,9.93,9.57,89.4,2.0,3.0,2.0,3.0,1.0,82.1,4.6,71.5,58.1,0.0,0,Core,1
5046,8.01,7.77,8.08,8.15,8.2,8.18,7.77,8.68,8.07,72.3,1.0,2.0,2.0,2.0,0.0,73.0,4.1,60.2,50.6,0.0,0,Core,1
25599,9.18,9.24,9.1,9.17,9.09,9.78,8.92,9.28,9.07,83.5,2.0,4.0,2.0,3.0,1.0,95.7,3.0,77.6,82.7,0.0,0,Core,1
15159,4.72,4.93,5.01,5.6,5.25,5.27,5.09,5.38,5.16,85.9,2.0,3.0,3.0,2.0,1.0,77.7,5.0,61.8,76.2,1.0,0,Core,1
42213,5.87,5.8,6.34,5.98,6.04,5.71,5.37,5.86,5.9,62.2,1.0,2.0,1.0,2.0,1.0,72.8,1.9,49.9,50.1,1.0,0,Core,0
27620,9.46,9.5,9.66,9.13,9.35,9.36,9.42,9.45,9.39,85.8,2.0,4.0,3.0,3.0,2.0,88.7,4.1,79.1,63.9,1.0,0,Core,1
38003,7.8,7.6,8.05,7.98,7.75,8.5,7.72,7.79,7.71,78.7,1.0,2.0,2.0,2.0,0.0,58.4,4.4,49.1,43.9,1.0,0,Core,1
22655,5.03,5.02,5.23,5.28,4.35,4.6,5.13,5.45,5.01,61.2,1.0,2.0,1.0,2.0,0.0,82.1,2.9,67.3,57.3,1.0,0,Core,0
24318,7.59,8.03,8.1,7.88,8.0,7.87,7.76,8.08,7.79,80.1,2.0,3.0,3.0,4.0,1.0,82.2,3.8,73.6,69.3,1.0,0,Core,1
38926,6.01,6.47,6.61,6.41,6.38,6.17,6.81,6.27,6.34,69.7,1.0,2.0,1.0,2.0,0.0,60.6,3.0,60.7,49.8,1.0,0,Core,1
11730,8.17,8.28,8.2,8.27,8.11,8.36,8.52,8.13,8.24,85.9,2.0,4.0,2.0,4.0,1.0,89.2,3.6,79.7,79.4,0.0,0,Core,1
36600,6.94,6.46,6.5,6.74,6.34,7.27,6.91,6.63,6.76,59.1,1.0,1.0,1.0,2.0,0.0,67.0,2.8,57.1,43.2,0.0,0,Core,0
37316,7.04,6.98,6.49,6.72,6.65,6.65,6.35,6.79,6.62,80.6,3.0,3.0,3.0,3.0,2.0,85.2,5.0,64.6,56.3,1.0,0,Core,1
40984,6.21,6.15,5.95,5.61,5.72,6.2,6.23,6.26,6.01,67.0,1.0,2.0,2.0,3.0,0.0,73.2,2.4,57.6,44.6,0.0,0,Core,0
26823,5.5,5.39,5.32,5.51,5.6,5.05,5.26,5.0,5.22,53.0,0.0,0.0,1.0,0.0,1.0,48.2,1.4,26.4,40.8,0.0,0,Core,0
44655,9.04,9.04,9.51,9.71,9.02,9.74,10.0,9.66,9.31,93.3,2.0,3.0,2.0,3.0,1.0,79.2,4.5,59.0,71.7,0.0,0,Core,1
28581,9.68,9.77,9.64,9.69,9.67,10.0,9.49,10.0,4.16,54.55318701,2.0,2.0,2.0,3.0,2.0,33.6,2.5,0.4,72.7,1.0,-1,Noise,1
34977,4.59,4.45,4.14,4.03,4.0,4.0,4.0,4.0,4.29,51.5,0.0,0.0,0.0,1.0,0.0,48.3,1.0,28.4,24.4,1.0,0,Core,0
22652,7.91,7.81,7.49,7.79,7.85,8.07,7.37,7.61,7.7,73.8,1.0,1.0,1.0,2.0,0.0,72.0,2.4,52.6,52.7,1.0,0,Core,1
41113,8.44,8.45,8.69,8.16,8.06,8.25,7.94,8.45,8.23,87.0,2.0,2.0,2.0,2.0,1.0,58.5,2.2,59.7,46.5,0.0,0,Core,1
19152,7.51,7.86,7.59,8.06,7.68,7.97,7.4,7.95,7.92,71.6,1.0,2.0,2.0,2.0,0.0,69.2,2.9,67.3,46.7,1.0,0,Core,1
41978,5.14,5.06,5.61,5.69,4.78,5.1,4.62,5.02,5.19,60.5,0.0,0.0,1.0,1.0,0.0,52.1,2.0,24.4,26.8,0.0,0,Core,0
2001,8.98,9.28,8.7,8.58,7.98,8.9,8.65,8.58,4.35,53.5126901,2.0,3.0,3.0,2.0,1.0,36.1,4.3,8.1,72.3,1.0,-1,Noise,1
18220,4.26,4.78,4.99,5.0,5.16,4.59,5.18,4.95,4.99,81.5,2.0,2.0,2.0,2.0,1.0,76.7,2.5,53.1,50.4,0.0,0,Core,0
36113,7.44,7.87,7.37,7.73,8.22,7.51,7.55,7.66,7.68,87.5,1.0,2.0,2.0,2.0,0.0,62.8,4.0,46.8,56.8,1.0,0,Core,1
46235,4.89,5.03,4.66,4.27,4.81,4.98,4.7,4.56,4.65,50.0,1.0,1.0,2.0,0.0,0.0,42.2,1.4,34.9,27.4,1.0,0,Core,0
29245,7.07,6.91,6.89,7.25,7.39,7.64,7.14,7.19,7.39,91.1,1.0,3.0,2.0,4.0,1.0,88.1,4.0,86.5,67.9,0.0,0,Core,1
25674,7.95,6.98,7.62,8.0,8.01,8.17,7.71,8.08,7.91,72.6,1.0,0.0,1.0,1.0,1.0,70.6,3.1,63.4,56.5,1.0,0,Core,1
41397,5.81,6.29,5.98,5.13,5.97,5.84,5.92,5.34,5.8,83.8,1.0,2.0,2.0,2.0,1.0,50.6,2.8,46.4,49.7,0.0,0,Core,0
14403,9.94,10.0,10.0,10.0,9.93,10.0,10.0,10.0,10.0,96.6,3.0,3.0,3.0,4.0,1.0,70.5,4.8,67.5,70.2,1.0,0,Core,1
45850,5.52,5.59,6.05,5.23,5.72,5.48,5.55,5.84,5.66,65.8,2.0,2.0,1.0,2.0,1.0,72.5,2.9,40.2,45.8,0.0,0,Core,0
21378,6.2,6.93,6.62,6.7,6.84,6.86,7.13,6.78,6.7,73.5,0.0,2.0,2.0,1.0,1.0,61.9,3.9,57.2,57.7,1.0,0,Core,1
21539,6.25,7.25,6.58,6.83,6.93,6.81,7.39,6.97,6.87,86.7,1.0,2.0,2.0,3.0,1.0,62.6,3.0,49.2,55.5,0.0,0,Core,1
9037,10.0,10.0,10.0,10.0,10.0,9.87,10.0,10.0,9.81,78.6,2.0,2.0,3.0,3.0,1.0,96.0,4.9,69.7,72.4,1.0,0,Core,1
44532,7.36,7.31,7.69,8.0,7.51,7.75,7.53,6.88,7.46,80.4,1.0,3.0,2.0,3.0,1.0,75.4,4.1,86.3,85.8,0.0,0,Core,1
15076,7.71,7.72,7.76,7.8,7.44,7.92,7.49,7.42,7.67,79.6,1.0,2.0,1.0,2.0,1.0,62.0,3.5,59.8,54.9,1.0,0,Core,1
26331,7.28,6.82,7.01,6.45,7.33,7.12,7.49,7.56,7.23,78.4,0.0,3.0,2.0,2.0,1.0,47.4,3.2,53.8,54.9,0.0,0,Core,1
9987,9.6,9.49,9.44,10.0,9.98,9.56,10.0,10.0,9.49,92.7,2.0,4.0,3.0,3.0,2.0,75.4,3.2,70.8,64.4,1.0,0,Core,1
49732,4.77,4.84,4.93,4.72,5.01,5.35,5.78,4.91,5.09,64.7,1.0,1.0,2.0,1.0,0.0,76.7,3.2,44.9,51.4,0.0,0,Core,0
19500,6.67,6.71,6.46,6.01,6.47,6.95,6.51,6.3,6.58,72.9,2.0,1.0,1.0,2.0,1.0,65.8,4.1,36.6,39.7,1.0,0,Core,1
41633,7.3,7.98,7.33,7.01,8.18,7.16,7.97,8.13,7.61,97.9,2.0,4.0,2.0,3.0,1.0,82.5,3.2,90.1,89.9,0.0,0,Core,1
38806,8.15,8.28,8.24,8.9,8.34,8.51,8.08,8.65,8.54,80.6,1.0,1.0,2.0,1.0,0.0,70.2,2.3,62.1,51.8,1.0,0,Core,1
34614,6.88,7.06,7.23,6.94,6.97,7.06,6.74,7.03,6.84,79.2,1.0,2.0,2.0,2.0,1.0,69.6,3.4,67.5,56.3,1.0,0,Core,1
42776,4.55,5.02,4.85,4.73,5.03,4.96,5.41,4.69,4.89,71.8,1.0,2.0,2.0,1.0,0.0,66.0,2.6,71.1,51.1,0.0,0,Core,0
6269,6.94,6.7,6.96,7.16,6.91,7.06,6.96,7.23,7.19,81.4,1.0,2.0,3.0,4.0,0.0,77.1,3.2,67.8,73.2,0.0,0,Core,1
34192,6.56,6.47,5.54,5.26,5.15,5.95,5.64,6.43,5.82,65.6,1.0,0.0,1.0,1.0,0.0,51.0,1.9,24.7,38.7,0.0,0,Core,0
15208,6.66,6.85,6.58,6.47,7.54,6.98,6.92,6.91,7.05,76.3,1.0,1.0,2.0,1.0,1.0,82.9,3.3,51.7,52.0,0.0,0,Core,0
46264,7.86,7.76,8.16,7.78,7.7,8.04,8.26,7.79,7.88,92.8,1.0,2.0,1.0,3.0,2.0,68.9,3.4,79.0,79.4,0.0,0,Core,1
38382,5.01,4.77,4.94,4.59,4.55,4.97,4.71,4.34,4.64,61.5,0.0,0.0,0.0,0.0,0.0,45.0,2.1,23.3,25.0,1.0,0,Core,0
6568,7.09,6.92,6.28,6.46,7.11,7.21,6.83,6.82,6.77,75.3,1.0,1.0,2.0,1.0,0.0,65.2,4.0,57.6,50.9,0.0,0,Core,0
12995,8.29,8.01,7.68,8.07,7.68,7.69,7.73,7.89,7.89,77.4,2.0,2.0,1.0,1.0,0.0,64.0,2.4,61.6,50.4,0.0,0,Core,1
35407,6.7,6.17,6.64,6.7,6.79,6.03,6.31,6.3,6.39,85.0,1.0,0.0,2.0,2.0,1.0,63.7,2.3,49.5,52.7,0.0,0,Core,1
45302,5.91,5.93,6.21,6.55,5.81,5.7,6.32,5.86,6.13,77.1,1.0,2.0,1.0,3.0,0.0,69.6,2.9,51.8,51.1,0.0,0,Core,1
27250,8.36,7.96,8.53,8.18,8.04,8.08,8.13,8.21,8.24,85.7,0.0,2.0,2.0,2.0,0.0,69.6,2.6,56.2,49.3,1.0,0,Core,1
49645,6.23,5.43,5.89,6.14,5.67,6.37,6.08,6.12,5.88,79.0,1.0,2.0,2.0,1.0,1.0,60.0,3.5,59.3,44.7,0.0,0,Core,1
37084,7.14,7.37,7.17,7.04,7.25,6.85,7.15,7.08,7.17,74.6,1.0,1.0,2.0,3.0,0.0,69.6,3.2,49.0,62.5,1.0,0,Core,1
14129,5.52,6.15,5.48,5.81,5.65,5.47,6.01,6.05,5.81,65.6,1.0,2.0,3.0,1.0,0.0,63.4,2.6,62.2,58.5,1.0,0,Core,0
22017,5.79,5.47,5.53,5.34,5.67,5.79,5.79,5.7,5.71,71.1,0.0,2.0,1.0,2.0,1.0,55.4,3.2,50.7,45.5,1.0,0,Core,0
5090,9.54,8.83,8.7,9.59,9.58,9.66,9.23,9.89,9.41,91.0,2.0,3.0,2.0,3.0,2.0,85.2,4.4,57.6,54.9,1.0,0,Core,1
26769,7.51,7.98,8.08,7.76,8.24,8.42,8.5,7.96,7.92,81.6,1.0,2.0,1.0,2.0,0.0,56.0,3.1,57.6,49.8,0.0,0,Core,1
7616,7.91,7.45,7.48,7.63,7.48,8.01,6.99,7.38,7.57,78.0,1.0,2.0,1.0,2.0,0.0,63.2,2.9,67.0,53.0,1.0,0,Core,1
32448,9.55,10.0,10.0,10.0,10.0,10.0,10.0,10.0,9.86,87.1,2.0,3.0,4.0,2.0,0.0,84.2,4.5,67.7,75.1,1.0,0,Core,1
43833,5.48,5.5,5.14,5.41,5.69,5.42,5.16,5.17,5.18,73.1,1.0,2.0,2.0,2.0,1.0,69.6,3.2,52.0,48.6,0.0,0,Core,0
15287,9.38,9.36,9.38,9.35,9.19,9.62,9.6,9.43,9.37,64.6,1.0,2.0,1.0,1.0,1.0,81.9,3.0,58.3,52.5,0.0,0,Core,1
40805,5.95,5.04,5.63,5.87,5.44,5.6,6.02,5.73,5.81,82.4,1.0,2.0,1.0,2.0,1.0,40.8,3.6,60.9,55.5,0.0,0,Core,0
24785,9.21,9.46,9.85,9.17,9.73,9.76,10.0,9.95,9.56,100.0,2.0,3.0,4.0,4.0,1.0,89.5,4.7,76.1,64.5,1.0,0,Core,1
26358,8.42,8.51,8.42,8.72,8.78,8.52,8.72,8.55,8.7,83.1,2.0,4.0,2.0,4.0,2.0,91.4,3.9,76.9,54.9,0.0,0,Core,1
13291,6.81,5.95,5.88,6.49,5.93,6.62,6.4,6.19,6.24,71.2,1.0,2.0,2.0,3.0,0.0,69.5,3.4,49.4,56.5,1.0,0,Core,1
15135,6.84,6.66,6.65,7.31,7.01,6.84,7.21,7.57,7.07,86.5,0.0,2.0,1.0,1.0,1.0,63.8,1.8,58.6,44.9,1.0,0,Core,0
11828,4.02,4.16,4.01,4.0,4.28,4.21,4.0,4.29,4.18,59.2,0.0,1.0,1.0,1.0,1.0,52.6,1.9,28.3,36.1,1.0,0,Core,0
14404,5.91,6.33,5.84,6.03,5.6,5.74,5.67,6.04,5.8,74.7,1.0,2.0,2.0,2.0,0.0,75.3,2.3,60.4,54.9,0.0,0,Core,1
33493,9.95,9.89,9.94,9.75,9.75,9.77,9.72,10.0,10.0,77.9,1.0,2.0,3.0,3.0,1.0,81.0,4.5,64.0,79.6,0.0,0,Core,1
9255,7.9,7.83,8.1,8.1,8.12,7.99,8.06,8.36,8.03,91.9,1.0,2.0,2.0,3.0,0.0,69.6,3.2,48.6,60.4,0.0,0,Core,1
37766,6.55,6.36,6.49,6.09,5.7,6.63,6.31,5.76,6.26,78.8,1.0,1.0,2.0,1.0,0.0,63.1,2.9,57.7,45.6,0.0,0,Core,0
1488,8.17,8.28,8.4,7.92,8.18,8.6,7.93,7.94,8.21,80.3,2.0,3.0,2.0,3.0,0.0,76.3,2.6,66.2,44.2,1.0,0,Core,1
22899,7.75,7.95,8.07,8.15,8.04,8.86,8.39,8.02,8.21,99.6,2.0,4.0,3.0,3.0,1.0,69.6,3.1,82.1,54.9,1.0,0,Core,1
23328,6.18,6.09,6.53,6.27,6.68,5.67,6.38,6.05,6.21,73.9,1.0,3.0,2.0,2.0,1.0,69.6,3.6,48.3,49.6,1.0,0,Core,1
21420,5.68,5.98,5.87,6.54,6.74,6.54,6.16,6.36,6.3,73.7,1.0,1.0,2.0,2.0,1.0,69.3,3.6,46.4,50.2,1.0,0,Core,0
29046,6.52,6.07,6.59,6.96,6.98,6.69,7.17,6.91,6.8,76.4,1.0,3.0,2.0,3.0,2.0,74.7,4.8,75.3,76.3,1.0,0,Core,1
4337,7.68,7.57,7.59,8.25,7.87,7.73,8.3,8.82,7.96,87.0,0.0,2.0,2.0,1.0,1.0,76.3,3.2,54.9,57.3,1.0,0,Core,1
26315,6.36,6.02,5.39,6.57,5.46,5.84,5.63,5.78,6.03,63.6,0.0,1.0,1.0,1.0,0.0,48.6,1.6,33.5,19.5,0.0,0,Core,0
15453,5.41,5.09,5.28,4.72,4.33,4.77,4.92,4.07,4.85,65.3,0.0,2.0,1.0,1.0,0.0,42.4,2.3,17.9,31.0,0.0,0,Core,0
22533,6.61,6.68,7.42,6.96,6.81,7.24,6.73,6.78,6.89,52.0,1.0,1.0,0.0,1.0,0.0,54.8,2.0,27.1,26.0,0.0,0,Core,0
15158,6.35,6.62,6.56,6.28,6.61,5.92,7.09,6.02,6.4,84.5,0.0,2.0,2.0,2.0,0.0,63.0,2.8,59.9,48.7,0.0,0,Core,0
17991,8.34,8.3,8.06,8.53,7.8,8.4,8.89,8.47,8.26,86.5,1.0,3.0,4.0,4.0,2.0,79.9,5.0,91.8,81.1,1.0,0,Core,1
48345,9.98,9.89,10.0,9.87,9.87,9.89,9.82,9.89,9.96,78.8,1.0,2.0,2.0,2.0,1.0,71.6,2.3,57.0,58.3,0.0,0,Core,1
35317,5.9,5.24,5.51,5.5,4.95,6.55,6.01,6.29,5.58,85.4,1.0,2.0,2.0,1.0,0.0,73.1,3.4,76.3,53.0,0.0,0,Core,0
29157,5.6,5.79,5.67,5.87,5.94,5.88,5.7,6.29,5.93,83.5,1.0,3.0,2.0,3.0,1.0,90.9,4.8,75.8,86.0,1.0,0,Core,1
12363,6.74,6.3,6.98,6.83,6.98,6.82,6.62,7.36,7.0,67.2,1.0,2.0,2.0,2.0,0.0,69.0,3.5,52.8,46.9,0.0,0,Core,1
10260,9.39,9.68,9.7,9.75,9.81,9.72,10.0,9.25,9.74,79.3,1.0,5.0,3.0,3.0,0.0,87.2,4.8,60.4,82.9,1.0,0,Core,1
33012,6.89,7.09,7.12,7.0,7.77,7.49,6.51,6.54,7.13,69.0,0.0,0.0,0.0,1.0,0.0,54.4,2.4,27.2,30.2,0.0,0,Core,0
13701,5.97,6.19,6.01,5.72,5.98,6.06,5.31,5.8,6.03,59.3,0.0,1.0,0.0,0.0,1.0,55.6,1.7,25.0,27.7,0.0,0,Core,0
45948,8.4,8.38,8.13,8.99,8.37,8.72,8.5,8.56,8.73,87.7,2.0,3.0,3.0,5.0,1.0,73.7,4.6,72.3,54.9,1.0,0,Core,1
37453,5.57,5.53,5.49,5.69,5.71,5.51,5.7,5.1,5.54,61.8,0.0,0.0,0.0,0.0,0.0,43.0,2.3,26.1,33.0,0.0,0,Core,0
1704,8.87,9.19,9.08,8.99,8.95,8.89,8.88,8.91,4.03,50.2389354,1.0,1.0,2.0,2.0,0.0,32.8,2.2,2.9,57.0,1.0,-1,Noise,1
11328,10.0,9.84,10.0,9.72,9.59,9.58,10.0,10.0,9.87,84.5,2.0,4.0,2.0,3.0,2.0,67.8,5.0,55.7,98.8,1.0,0,Core,1
16732,8.45,7.94,7.77,7.79,8.27,8.27,8.09,8.56,8.1,95.9,2.0,4.0,2.0,2.0,0.0,78.5,3.4,86.9,65.0,1.0,0,Core,1
3995,7.45,7.59,7.73,7.84,7.87,7.78,7.5,7.42,7.58,82.1,1.0,2.0,2.0,2.0,0.0,69.5,2.7,52.2,49.7,1.0,0,Core,1
25486,4.08,4.69,4.72,4.4,4.56,4.95,4.75,4.35,4.47,52.1,0.0,1.0,1.0,0.0,0.0,44.3,1.3,25.9,23.6,1.0,0,Core,0
5266,6.69,6.71,6.94,6.76,7.59,6.9,7.02,6.99,7.02,64.9,1.0,2.0,1.0,1.0,1.0,65.6,3.2,52.3,52.4,1.0,0,Core,0
7744,8.41,8.21,8.69,8.59,8.47,8.84,9.12,9.11,8.7,86.4,2.0,3.0,3.0,3.0,2.0,84.3,4.1,57.6,68.4,1.0,0,Core,1
3913,10.0,10.0,9.98,10.0,10.0,9.91,9.96,10.0,9.84,76.6,2.0,3.0,3.0,1.0,2.0,60.9,4.0,63.9,92.9,0.0,0,Core,1
38491,6.97,6.58,6.26,6.57,6.86,6.45,6.91,7.18,6.62,93.1,1.0,5.0,2.0,4.0,1.0,84.5,3.2,83.3,92.9,1.0,0,Core,1
7985,6.63,6.67,6.2,7.17,6.53,7.15,6.79,6.29,6.46,71.0,0.0,1.0,2.0,2.0,1.0,63.4,2.7,52.9,54.1,1.0,0,Core,0
15530,7.26,7.82,7.76,7.55,7.36,7.81,7.34,7.41,7.51,76.6,2.0,1.0,2.0,1.0,1.0,64.0,3.5,62.4,52.7,0.0,0,Core,1
931,9.59,10.0,10.0,10.0,9.83,10.0,9.96,9.8,10.0,97.5,2.0,4.0,3.0,2.0,3.0,100.0,3.2,65.6,54.9,1.0,0,Core,1
39239,8.8,9.24,9.16,8.97,9.18,9.65,9.37,9.58,9.36,85.8,1.0,2.0,2.0,1.0,0.0,71.0,2.6,58.9,37.7,1.0,0,Core,1
13890,6.09,6.61,5.85,6.05,6.05,6.01,5.79,6.45,6.04,74.1,1.0,2.0,2.0,1.0,0.0,77.8,3.4,54.9,55.8,0.0,0,Core,0
37008,6.99,7.98,7.34,6.89,7.39,7.61,7.17,7.64,7.38,71.7,1.0,2.0,1.0,2.0,2.0,77.3,3.1,57.5,54.9,0.0,0,Core,1
30386,8.33,8.51,8.62,8.36,8.29,8.83,8.15,8.55,8.42,100.0,2.0,4.0,3.0,4.0,2.0,69.4,3.2,93.4,46.7,1.0,0,Core,1
45238,7.18,7.0,6.38,7.21,6.88,7.17,6.88,6.26,4.07,53.59898623,1.0,1.0,2.0,2.0,1.0,69.6,4.2,4.4,54.9,1.0,0,Border,1
862,5.02,5.21,5.16,5.17,5.3,4.52,5.03,5.1,4.03,54.33775121,1.0,2.0,2.0,2.0,0.0,37.1,2.3,57.6,47.8,1.0,0,Core,0
40816,6.91,6.96,7.2,7.92,7.06,6.81,7.62,6.95,7.14,91.7,1.0,2.0,2.0,2.0,1.0,66.0,2.5,43.7,59.5,1.0,0,Core,1
13001,5.48,5.33,5.41,4.43,5.22,5.54,5.14,4.92,5.14,50.0,1.0,0.0,0.0,1.0,0.0,40.5,3.2,31.0,30.5,0.0,0,Core,0
32421,6.58,5.57,5.9,6.38,6.42,5.53,5.78,6.4,6.13,71.0,1.0,1.0,3.0,2.0,0.0,67.7,3.8,59.2,53.4,1.0,0,Core,1
1595,7.9,7.68,7.72,7.48,7.48,8.02,7.85,8.02,7.85,80.9,1.0,3.0,2.0,1.0,1.0,69.2,3.4,54.7,46.8,0.0,0,Core,1
10240,9.54,8.86,9.21,9.54,9.02,10.0,9.38,10.0,9.5,87.1,2.0,3.0,4.0,3.0,1.0,79.1,4.6,86.9,78.4,1.0,0,Core,1
32879,9.74,9.98,10.0,9.93,9.64,10.0,10.0,10.0,9.92,84.1,2.0,4.0,3.0,2.0,2.0,69.6,3.2,80.4,72.0,1.0,0,Core,1
19488,8.84,8.17,8.82,8.71,9.26,8.92,8.95,8.66,8.77,95.1,2.0,4.0,2.0,3.0,2.0,69.6,3.3,68.4,73.0,1.0,0,Core,1
21843,6.08,5.97,5.98,6.63,6.18,5.9,5.87,6.36,6.03,74.3,1.0,2.0,2.0,2.0,1.0,77.0,3.2,54.2,49.5,0.0,0,Core,1
41172,7.25,8.03,8.32,8.48,8.25,8.14,8.9,7.62,8.18,94.9,1.0,3.0,2.0,4.0,2.0,77.8,5.0,88.4,75.3,1.0,0,Core,1
5976,6.68,6.56,6.41,6.47,5.98,6.85,5.52,6.55,6.33,72.3,0.0,1.0,1.0,0.0,0.0,41.8,1.9,57.6,31.8,0.0,0,Core,0
29289,6.58,6.99,7.04,7.21,7.2,6.86,7.43,7.09,7.02,84.6,1.0,3.0,2.0,2.0,0.0,72.3,3.3,51.5,58.3,0.0,0,Core,1
46381,8.36,7.69,8.05,8.2,7.87,8.3,8.08,8.1,8.17,71.1,0.0,1.0,2.0,1.0,0.0,76.8,3.2,47.6,54.9,0.0,0,Core,1
24462,7.84,8.22,7.66,7.52,7.76,7.57,7.48,7.45,7.61,83.9,1.0,3.0,1.0,2.0,0.0,75.4,3.2,58.2,38.2,0.0,0,Core,1
36302,4.99,4.95,5.54,4.8,5.58,6.03,5.12,4.64,5.3,54.2,1.0,1.0,0.0,0.0,0.0,37.7,2.0,27.1,27.9,0.0,0,Core,0
11276,9.66,9.02,9.12,9.7,9.71,9.57,10.0,9.73,9.74,100.0,2.0,3.0,3.0,3.0,1.0,83.2,3.9,55.2,82.4,0.0,0,Core,1
44649,7.47,8.35,8.02,7.74,7.78,7.96,8.21,8.31,8.03,75.7,1.0,2.0,2.0,2.0,1.0,63.4,3.1,54.9,54.9,1.0,0,Core,1
25643,5.52,5.7,6.04,5.53,5.72,6.02,5.96,5.94,5.78,77.5,0.0,1.0,1.0,2.0,1.0,73.3,2.9,52.5,54.5,1.0,0,Core,0
26324,10.0,9.88,9.83,10.0,10.0,10.0,10.0,10.0,9.86,78.3,2.0,4.0,3.0,4.0,1.0,86.1,3.2,81.7,76.9,1.0,0,Core,1
42087,4.98,4.82,5.1,4.03,4.0,5.06,4.58,4.01,4.52,60.8,1.0,1.0,1.0,0.0,0.0,69.6,2.2,28.0,28.7,0.0,0,Core,0
25883,6.22,6.39,6.72,6.17,6.55,6.19,5.92,6.58,6.35,76.3,0.0,2.0,2.0,2.0,0.0,60.8,3.7,68.6,48.3,0.0,0,Core,1
11598,9.16,9.5,8.89,8.92,9.14,9.52,9.09,9.34,9.36,89.5,3.0,4.0,3.0,3.0,1.0,74.5,3.3,66.5,89.1,1.0,0,Core,1
14578,7.31,7.32,7.68,7.72,7.51,6.82,7.63,7.11,7.52,59.1,1.0,2.0,2.0,2.0,1.0,73.9,1.6,57.6,55.0,0.0,0,Core,1
49205,7.08,6.66,6.88,7.43,6.47,6.53,6.85,6.84,6.78,81.1,2.0,1.0,1.0,1.0,1.0,75.1,2.1,53.4,54.9,0.0,0,Core,0
26365,10.0,10.0,10.0,10.0,10.0,10.0,10.0,10.0,10.0,95.2,2.0,3.0,3.0,3.0,1.0,82.7,3.1,67.2,68.3,0.0,0,Core,1
18502,7.2,7.49,7.75,7.67,7.32,7.53,7.41,7.74,7.65,77.0,1.0,1.0,2.0,2.0,1.0,66.5,3.2,56.6,52.9,0.0,0,Core,0
45268,6.56,6.05,5.8,6.28,5.82,5.95,6.15,6.35,6.05,53.5,1.0,0.0,0.0,1.0,0.0,69.6,1.9,23.5,27.7,0.0,0,Core,0
14496,6.41,5.68,6.9,5.41,6.56,6.11,6.18,6.26,6.1,92.4,1.0,1.0,2.0,1.0,1.0,73.9,2.7,57.6,54.9,1.0,0,Core,0
29569,7.71,8.54,8.47,8.75,8.43,8.4,8.94,9.2,8.59,99.7,2.0,3.0,2.0,4.0,1.0,95.3,4.3,91.7,77.3,0.0,0,Core,1
43608,10.0,9.68,10.0,10.0,10.0,10.0,10.0,10.0,10.0,82.5,3.0,3.0,2.0,3.0,1.0,81.8,3.0,86.8,74.4,1.0,0,Core,1
23703,5.83,6.22,6.32,5.87,5.94,5.78,6.06,5.76,5.91,51.3,0.0,0.0,0.0,1.0,0.0,48.6,2.3,26.5,26.5,0.0,0,Core,0
19393,5.83,5.93,5.9,6.12,5.74,5.97,6.16,5.83,5.95,95.0,2.0,2.0,1.0,4.0,2.0,73.4,3.7,79.8,91.3,1.0,0,Core,1
38552,4.88,5.03,5.06,4.65,4.85,4.6,4.45,5.29,4.92,83.6,2.0,4.0,3.0,3.0,2.0,94.7,4.0,73.6,83.7,1.0,0,Border,1
10815,4.75,5.27,4.78,4.75,4.81,5.27,5.24,4.82,5.0,68.6,1.0,2.0,2.0,3.0,0.0,69.1,3.1,56.4,48.8,0.0,0,Core,0
32142,7.43,7.67,6.96,7.2,7.17,7.42,7.35,7.18,7.47,54.0,0.0,0.0,0.0,0.0,0.0,47.7,2.2,28.2,30.3,1.0,0,Core,0
8870,6.38,6.7,6.5,6.14,6.35,6.1,6.37,5.66,6.51,69.2,1.0,2.0,2.0,2.0,0.0,67.2,3.3,54.0,44.9,1.0,0,Core,0
226,7.69,8.33,8.26,7.57,7.75,8.32,8.17,7.67,7.89,100.0,1.0,2.0,3.0,1.0,2.0,66.0,4.2,87.9,54.9,1.0,0,Core,1
17396,7.14,7.09,7.07,7.39,6.25,6.77,6.45,7.22,6.9,62.0,0.0,1.0,2.0,0.0,0.0,49.5,1.5,30.1,54.9,0.0,0,Core,0
34082,6.63,6.32,7.42,6.79,6.81,7.03,6.47,6.69,6.82,76.9,1.0,2.0,2.0,2.0,1.0,59.6,3.7,60.0,47.3,1.0,0,Core,0
42031,5.6,5.03,4.79,4.76,5.02,5.5,4.97,4.89,5.11,69.2,0.0,1.0,1.0,1.0,0.0,45.5,1.0,29.7,25.7,0.0,0,Core,0
19889,8.35,8.35,7.84,8.15,7.77,8.1,7.66,7.83,7.76,83.7,0.0,3.0,2.0,2.0,0.0,63.9,2.8,55.7,54.9,1.0,0,Core,1
19396,5.27,5.0,4.95,5.2,5.14,5.42,5.56,4.98,5.05,70.0,1.0,1.0,1.0,2.0,1.0,60.5,2.1,55.2,61.1,0.0,0,Core,0
20635,8.77,8.2,9.08,8.91,8.95,8.96,9.28,9.13,8.85,95.1,2.0,3.0,2.0,3.0,2.0,81.6,3.2,85.1,54.9,1.0,0,Core,1
37422,5.5,5.51,5.36,5.07,5.43,5.29,4.87,5.39,5.35,63.4,0.0,1.0,0.0,1.0,0.0,47.3,1.9,34.3,33.6,0.0,0,Core,0
2762,8.25,8.67,8.41,8.23,8.56,8.3,8.24,8.13,8.23,86.1,1.0,4.0,3.0,3.0,2.0,95.1,3.3,84.9,78.7,1.0,0,Core,1
33480,4.34,4.67,4.57,4.0,4.45,4.0,4.08,4.0,4.52,56.4,0.0,0.0,0.0,1.0,0.0,33.7,2.5,27.5,25.3,0.0,0,Core,0
10927,4.22,4.51,4.33,4.0,4.0,4.49,4.03,4.17,4.2,60.1,0.0,1.0,1.0,1.0,0.0,57.6,1.9,26.1,27.2,0.0,0,Core,0
46031,6.47,6.97,6.61,7.23,6.87,6.74,6.62,6.37,6.8,86.9,1.0,2.0,2.0,3.0,0.0,54.1,2.8,44.5,47.1,1.0,0,Core,1
4539,6.89,6.99,6.37,6.53,6.57,6.44,6.54,6.11,6.62,100.0,2.0,4.0,3.0,2.0,1.0,97.3,4.6,53.1,82.3,1.0,0,Core,1
41715,9.45,9.22,9.53,9.13,9.36,9.74,9.01,9.5,9.28,87.5,1.0,2.0,3.0,3.0,2.0,60.7,3.2,84.6,75.4,1.0,0,Core,1
19513,4.79,5.37,4.95,5.46,4.84,5.24,4.88,4.78,4.93,62.5,0.0,1.0,1.0,0.0,0.0,42.0,1.7,25.1,33.5,0.0,0,Core,0
39212,5.34,5.72,5.42,5.48,5.2,5.46,5.72,5.85,5.56,80.9,1.0,2.0,2.0,1.0,0.0,63.1,3.2,66.2,53.7,0.0,0,Core,1
29267,4.62,4.54,5.28,4.82,5.33,4.6,4.0,5.21,5.03,55.2,0.0,1.0,0.0,0.0,0.0,69.6,1.6,27.7,27.9,1.0,0,Core,0
45846,8.41,8.99,8.56,8.58,8.47,9.12,8.99,8.53,8.65,98.9,2.0,4.0,3.0,4.0,1.0,82.7,3.6,74.2,80.3,1.0,0,Core,1
39439,4.0,5.22,4.86,4.63,4.43,4.99,4.8,4.73,4.56,73.1,1.0,2.0,1.0,1.0,1.0,71.8,2.7,66.0,57.8,1.0,0,Core,0
44432,10.0,10.0,10.0,10.0,10.0,10.0,10.0,10.0,9.86,100.0,2.0,3.0,2.0,2.0,2.0,97.3,3.9,69.4,67.2,1.0,0,Core,1
22523,8.54,8.86,9.32,8.9,9.19,9.0,9.33,9.29,9.14,88.9,1.0,2.0,2.0,4.0,1.0,75.5,3.8,69.1,60.0,1.0,0,Core,1
21657,7.33,7.04,7.78,7.49,7.83,7.8,8.04,7.74,7.56,68.7,1.0,1.0,1.0,1.0,0.0,71.7,3.1,66.7,37.9,1.0,0,Core,1
49585,7.92,7.56,7.64,7.92,8.02,7.73,7.72,7.7,7.76,82.4,1.0,2.0,1.0,2.0,1.0,80.5,2.5,55.1,53.4,0.0,0,Core,0
14460,7.91,8.02,7.36,7.98,7.73,7.6,7.86,7.6,7.71,81.2,1.0,1.0,1.0,1.0,0.0,69.5,3.3,39.4,55.0,1.0,0,Core,1
14410,7.68,7.37,7.24,7.17,7.22,7.35,7.13,7.06,7.27,77.3,1.0,2.0,2.0,2.0,0.0,67.8,3.5,54.8,47.2,0.0,0,Core,1
33228,6.5,6.43,6.76,7.3,6.41,7.59,6.84,6.72,6.54,74.4,1.0,2.0,2.0,1.0,1.0,74.8,3.6,52.7,43.1,0.0,0,Core,1
7213,8.29,8.27,8.21,8.95,8.48,8.52,8.3,8.75,8.63,94.3,1.0,2.0,2.0,4.0,1.0,69.6,4.3,66.2,54.9,1.0,0,Core,1
14581,5.99,6.24,5.28,5.84,6.17,5.43,5.38,5.57,5.82,63.4,1.0,2.0,2.0,2.0,1.0,62.3,2.8,57.2,61.5,1.0,0,Core,0
14837,6.16,6.89,6.1,6.02,6.5,6.85,6.46,6.35,6.32,70.1,1.0,2.0,1.0,2.0,0.0,61.7,2.6,47.8,45.6,1.0,0,Core,0
40779,5.22,6.04,5.88,5.82,5.63,5.82,5.59,5.52,5.75,66.2,1.0,1.0,0.0,0.0,0.0,69.6,1.3,25.9,27.4,0.0,0,Core,0
23970,6.56,7.42,7.4,7.4,7.01,7.65,7.8,7.58,7.53,70.8,1.0,3.0,2.0,3.0,1.0,79.9,4.1,82.0,63.3,0.0,0,Core,1
16275,5.32,6.16,5.53,6.06,5.77,5.85,6.14,5.98,5.8,64.4,1.0,2.0,2.0,2.0,1.0,79.1,2.8,57.1,60.4,0.0,0,Core,1
37446,5.91,6.19,6.01,6.38,5.71,6.59,5.19,5.77,6.09,88.6,0.0,2.0,2.0,2.0,0.0,78.6,2.1,54.2,50.4,0.0,0,Core,0
29639,7.41,7.98,7.46,7.77,7.53,7.73,7.57,7.96,7.65,84.0,2.0,3.0,3.0,1.0,1.0,86.3,3.2,85.5,82.2,1.0,0,Core,1
1398,7.05,7.19,7.6,7.61,6.99,7.51,7.45,7.36,7.21,90.6,3.0,3.0,3.0,3.0,2.0,70.7,3.9,62.8,81.5,1.0,0,Core,1
46411,8.11,8.8,8.57,8.35,8.86,8.63,9.02,9.39,8.73,92.9,2.0,2.0,2.0,3.0,2.0,91.3,4.2,72.7,55.3,1.0,0,Core,1
45750,6.15,6.2,5.96,6.27,6.11,6.42,6.09,6.2,6.2,80.8,1.0,3.0,2.0,1.0,0.0,62.6,2.6,61.5,54.9,1.0,0,Core,0
15953,9.37,9.62,9.51,9.28,9.75,9.79,9.61,9.63,9.46,79.7,1.0,3.0,3.0,3.0,1.0,76.3,4.5,77.5,75.8,1.0,0,Core,1
19821,6.52,6.82,6.27,6.8,6.4,6.57,6.23,6.48,6.71,69.1,1.0,2.0,2.0,2.0,1.0,51.3,4.2,49.9,54.9,0.0,0,Core,0
38360,8.99,8.45,8.47,8.91,8.97,8.73,8.49,8.6,8.8,85.4,1.0,4.0,3.0,3.0,1.0,89.9,4.6,79.7,68.2,1.0,0,Core,1
17310,6.68,6.59,6.58,6.74,6.8,7.04,6.31,7.28,6.79,100.0,2.0,3.0,3.0,4.0,2.0,68.1,5.0,85.2,62.5,1.0,0,Core,1
16600,6.37,7.11,7.38,7.08,7.67,7.4,6.48,7.38,6.89,82.1,1.0,2.0,1.0,2.0,1.0,70.7,3.2,46.2,54.6,0.0,0,Core,1
46342,7.06,7.34,7.01,7.05,7.22,6.82,7.26,6.52,7.11,80.5,1.0,2.0,1.0,1.0,1.0,66.4,3.7,45.5,39.4,1.0,0,Core,1
1247,7.17,7.64,7.83,8.02,7.24,8.54,8.23,8.28,7.95,68.7,0.0,4.0,2.0,5.0,3.0,79.5,3.6,89.3,79.3,0.0,0,Border,1
16031,5.58,6.08,5.96,6.24,6.91,6.33,6.14,6.6,6.27,74.8,0.0,2.0,2.0,2.0,0.0,74.3,2.0,62.4,55.0,1.0,0,Core,0
26645,9.0,9.12,9.16,9.14,8.87,9.36,9.34,9.49,9.27,100.0,2.0,4.0,3.0,3.0,1.0,92.3,4.4,65.3,74.7,1.0,0,Core,1
45567,5.81,6.07,6.44,6.09,6.24,6.24,6.38,6.48,6.2,76.7,1.0,1.0,2.0,1.0,0.0,52.6,3.5,49.6,54.9,1.0,0,Core,0
27675,4.47,5.32,5.11,5.22,5.05,5.16,4.68,5.29,4.91,71.5,1.0,1.0,0.0,1.0,1.0,40.0,2.0,31.7,54.9,0.0,0,Core,0
20959,9.03,9.4,9.24,9.52,9.15,9.44,8.97,9.14,9.11,87.0,3.0,3.0,4.0,4.0,1.0,88.0,4.2,69.8,92.9,0.0,0,Core,1
43025,7.69,8.12,7.62,7.8,7.59,8.13,7.75,8.08,7.87,75.6,0.0,2.0,2.0,2.0,0.0,69.6,2.4,45.4,47.7,0.0,0,Core,1
33714,6.84,6.75,6.9,7.5,7.34,7.35,6.95,7.45,7.02,80.4,0.0,3.0,3.0,2.0,1.0,83.5,3.9,83.5,72.9,0.0,0,Core,1
6940,8.97,8.52,8.96,8.6,8.72,9.04,8.96,8.85,8.85,94.1,1.0,3.0,2.0,3.0,1.0,89.1,5.0,82.4,77.0,1.0,0,Core,1
45127,9.01,9.13,9.12,8.63,9.19,9.18,8.73,10.0,8.94,74.8,2.0,3.0,2.0,3.0,2.0,69.1,4.6,72.3,90.6,1.0,0,Core,1
13925,9.09,9.2,9.2,9.11,9.16,9.52,8.89,8.93,9.17,69.5,1.0,3.0,2.0,2.0,0.0,81.0,1.4,47.3,52.4,0.0,0,Core,1
3242,6.82,7.06,7.13,7.26,6.97,6.74,7.44,7.05,7.0,84.2,1.0,2.0,2.0,2.0,0.0,63.6,3.4,57.4,54.9,0.0,0,Core,1
11151,9.55,9.47,9.48,9.96,10.0,9.55,9.88,9.86,9.84,78.1,2.0,4.0,3.0,4.0,1.0,73.5,3.8,79.1,60.0,1.0,0,Core,1
48320,5.55,5.33,5.37,4.77,5.02,5.24,5.07,5.02,5.01,67.5,0.0,1.0,0.0,0.0,0.0,45.4,2.1,31.2,23.3,1.0,0,Core,0
19672,7.47,7.35,7.04,7.49,6.95,7.36,7.45,7.03,7.23,82.3,0.0,1.0,2.0,1.0,1.0,61.7,3.1,44.9,50.3,1.0,0,Core,0
1414,10.0,9.83,10.0,10.0,9.91,10.0,10.0,10.0,10.0,85.6,2.0,3.0,2.0,4.0,0.0,68.0,3.6,89.5,80.5,1.0,0,Core,1
28283,6.37,6.08,6.29,6.47,6.08,5.5,6.04,6.07,6.25,83.1,0.0,1.0,2.0,1.0,1.0,75.0,2.8,44.8,42.0,1.0,0,Core,0
41013,8.62,9.16,8.74,8.68,9.39,9.0,8.98,8.61,8.88,74.1,1.0,1.0,2.0,1.0,0.0,64.9,2.8,55.1,54.9,1.0,0,Core,1
34241,8.59,8.51,8.44,7.97,7.95,8.4,8.18,8.25,8.25,95.2,2.0,3.0,2.0,2.0,1.0,86.4,4.5,87.4,78.4,1.0,0,Core,1
29576,7.77,7.36,7.43,7.51,7.85,7.45,7.63,7.86,7.62,74.4,1.0,1.0,2.0,2.0,0.0,65.7,3.2,55.7,57.1,1.0,0,Core,1
41271,6.15,6.38,6.8,6.92,6.42,6.88,6.51,6.22,6.57,81.6,2.0,5.0,2.0,3.0,2.0,84.6,4.6,92.7,76.9,1.0,0,Core,1
8258,7.7,8.18,7.66,6.97,7.21,7.93,7.26,7.64,7.67,62.7,0.0,1.0,0.0,1.0,0.0,52.4,1.7,22.9,26.5,0.0,0,Core,0
26853,5.25,5.13,5.66,5.09,5.67,5.12,5.32,5.52,5.49,66.5,1.0,2.0,1.0,1.0,0.0,69.6,3.5,50.4,57.9,0.0,0,Core,1
8881,8.01,8.35,7.79,7.8,7.93,7.54,8.3,8.0,8.03,82.1,0.0,1.0,1.0,1.0,0.0,54.5,2.7,56.7,61.9,1.0,0,Core,1
22079,6.18,6.25,5.92,6.54,5.43,5.99,5.43,6.2,5.96,62.1,0.0,1.0,1.0,0.0,0.0,48.9,2.0,24.9,54.9,1.0,0,Core,0
47731,4.09,4.6,4.51,4.67,4.77,4.8,4.34,4.18,4.38,68.9,1.0,2.0,1.0,2.0,0.0,66.2,3.6,49.7,41.1,1.0,0,Core,0
19350,5.42,5.31,6.11,5.48,5.39,5.27,5.17,5.17,5.46,70.5,0.0,1.0,0.0,1.0,0.0,49.2,3.3,31.1,30.9,0.0,0,Core,0
32182,8.93,9.19,9.15,9.47,9.48,9.5,9.36,8.89,9.27,63.7,1.0,1.0,2.0,2.0,0.0,69.6,2.9,56.8,52.0,0.0,0,Core,1
16955,7.33,6.64,6.32,6.34,6.57,6.45,6.71,6.58,6.7,57.6,0.0,0.0,1.0,0.0,0.0,51.3,1.8,26.0,29.4,0.0,0,Core,0
39247,6.25,6.47,7.0,6.29,6.95,6.23,6.76,7.08,6.6,58.8,1.0,3.0,1.0,2.0,0.0,76.2,3.2,52.0,51.9,1.0,0,Core,1
1622,8.1,7.97,8.83,8.38,8.34,9.17,8.38,9.36,8.41,86.6,2.0,4.0,3.0,2.0,1.0,87.9,3.8,74.1,68.3,1.0,0,Core,1
47757,5.27,5.4,5.06,5.34,5.4,5.31,5.52,5.41,5.25,71.3,2.0,2.0,2.0,1.0,1.0,73.9,2.8,52.1,47.4,1.0,0,Core,0
45676,6.78,6.69,6.32,6.69,6.75,6.28,6.32,6.32,6.61,52.2,1.0,2.0,2.0,2.0,1.0,62.3,3.0,57.3,52.3,1.0,0,Core,0
2405,8.7,8.16,9.08,8.65,8.92,9.11,9.03,8.16,8.7,83.4,0.0,2.0,2.0,2.0,1.0,73.7,3.2,63.4,54.9,1.0,0,Core,1
30797,9.7,10.0,9.69,10.0,10.0,10.0,10.0,10.0,10.0,81.1,2.0,2.0,3.0,3.0,1.0,59.8,4.4,82.3,75.4,1.0,0,Core,1
37587,6.76,6.52,6.6,6.68,6.6,6.73,7.3,6.95,6.79,87.5,2.0,2.0,2.0,1.0,0.0,69.6,3.4,54.4,29.0,1.0,0,Core,1
23318,6.77,6.32,6.67,6.53,6.33,6.77,6.51,6.74,6.68,72.1,1.0,2.0,1.0,1.0,0.0,73.9,2.4,62.5,44.2,1.0,0,Core,1
12831,6.07,5.55,6.17,6.0,6.08,6.46,5.78,6.24,6.28,63.2,1.0,2.0,2.0,1.0,1.0,80.3,2.4,46.1,48.6,1.0,0,Core,0
33558,7.74,8.48,7.15,8.08,7.6,8.24,8.07,8.3,7.8,80.7,2.0,3.0,2.0,3.0,1.0,88.6,4.2,61.1,78.6,1.0,0,Core,1
29558,6.39,7.14,7.35,6.68,7.18,7.29,6.91,7.05,6.99,74.9,1.0,2.0,1.0,1.0,0.0,58.0,3.3,63.1,58.0,1.0,0,Core,1
43987,8.3,8.62,8.12,8.31,8.21,8.21,8.45,8.6,8.2,86.0,2.0,2.0,3.0,3.0,2.0,84.8,3.2,74.1,69.9,1.0,0,Core,1
27894,9.3,9.46,9.85,9.54,9.23,9.53,9.76,10.0,9.58,81.1,1.0,3.0,3.0,3.0,1.0,93.2,4.9,73.9,67.9,1.0,0,Core,1
5295,9.75,8.86,9.17,9.69,9.6,9.42,9.87,9.45,9.59,71.5,0.0,2.0,2.0,2.0,0.0,59.9,2.5,48.1,54.9,1.0,0,Core,1
24914,9.04,9.11,9.62,9.37,9.45,9.48,9.56,9.45,9.43,62.9,2.0,2.0,2.0,3.0,1.0,99.7,5.0,64.5,69.4,1.0,0,Core,1
34660,7.69,7.31,7.67,7.79,7.86,7.65,7.63,7.88,7.7,86.1,1.0,2.0,1.0,2.0,1.0,52.7,2.3,64.1,61.3,1.0,0,Core,1
1785,8.36,8.58,7.86,8.43,8.64,8.17,7.91,8.59,8.3,79.8,0.0,1.0,2.0,1.0,1.0,57.1,2.4,52.8,56.7,1.0,0,Core,0
39886,6.6,6.9,6.67,6.73,6.4,6.96,6.74,7.01,6.85,79.1,1.0,3.0,4.0,4.0,2.0,69.6,4.0,86.0,72.1,1.0,0,Core,1
17567,7.62,7.23,7.54,8.32,7.64,7.11,7.73,7.66,7.56,72.2,0.0,2.0,1.0,2.0,0.0,73.4,3.8,57.6,62.9,0.0,0,Core,1
16063,8.38,8.36,8.86,9.04,8.85,8.63,8.75,8.99,8.78,72.8,2.0,3.0,3.0,3.0,1.0,97.7,4.2,83.4,54.9,0.0,0,Core,1
48446,7.17,7.38,6.88,6.86,7.37,6.92,7.03,6.69,6.96,81.2,1.0,1.0,1.0,2.0,1.0,69.8,3.4,76.0,45.4,0.0,0,Core,1
20383,8.09,8.85,8.48,8.96,8.61,8.18,8.2,8.75,8.52,85.3,3.0,4.0,2.0,3.0,1.0,77.4,4.8,75.5,68.0,1.0,0,Core,1
