StudentID,SGPA_Sem1,SGPA_Sem2,SGPA_Sem3,SGPA_Sem4,SGPA_Sem5,SGPA_Sem6,SGPA_Sem7,SGPA_Sem8,CGPA,AttendancePercent,Internships,Projects,Workshops,Certifications,Publications,AptitudeTestScore,SoftSkillsRating,CodingTestScore,MockInterviewScore,ExtraCurricular,Hierarchical_Cluster,KMeans_Cluster,PlacementStatus
33554,8.6,8.69,9.19,8.47,9.04,8.7,8.97,9.13,8.79,93.6,2.0,4.0,3.0,3.0,1.0,83.2,3.5,57.7,76.8,0.0,0,1,1
9428,5.19,4.71,4.76,4.64,4.83,4.67,5.19,4.68,4.78,67.9,0.0,0.0,1.0,1.0,0.0,37.0,1.7,24.8,28.3,1.0,1,0,0
200,6.4,6.94,6.82,6.38,6.92,6.79,7.29,7.28,6.81,77.7,1.0,2.0,2.0,2.0,0.0,73.4,3.0,60.1,45.5,1.0,1,0,0
12448,5.91,6.44,5.58,5.82,5.7,5.68,6.18,5.35,5.91,61.8,0.0,1.0,1.0,1.0,0.0,56.0,1.3,22.5,31.9,1.0,1,0,0
39490,5.72,5.55,6.38,6.2,5.79,5.78,5.75,5.47,5.89,94.1,1.0,2.0,2.0,2.0,0.0,60.5,3.0,59.2,36.1,0.0,1,0,1
42725,5.82,5.89,6.06,5.94,6.2,5.85,6.4,6.44,6.05,71.6,0.0,2.0,2.0,1.0,0.0,67.7,3.2,51.4,59.8,0.0,1,0,0
10823,6.94,6.99,6.77,6.98,6.96,7.27,6.66,6.72,7.07,51.6,0.0,1.0,1.0,1.0,0.0,45.1,1.7,26.2,29.7,0.0,1,0,0
49499,6.81,5.9,6.36,6.57,6.68,6.38,6.13,6.79,6.37,79.1,1.0,2.0,1.0,2.0,1.0,68.1,3.3,58.7,48.5,1.0,1,0,0
4145,4.7,5.12,4.77,4.86,4.83,4.94,4.39,4.87,4.93,54.5,1.0,1.0,1.0,0.0,0.0,51.5,1.9,25.4,22.8,0.0,1,0,0
36959,7.7,7.55,7.06,7.61,7.54,7.15,7.84,7.96,7.5,60.6,2.0,4.0,3.0,2.0,2.0,89.4,4.2,79.4,61.6,1.0,0,1,1
43107,9.1,9.02,9.46,9.48,9.66,9.62,9.69,9.48,9.72,80.8,3.0,5.0,3.0,4.0,1.0,98.5,3.2,95.7,70.1,1.0,0,1,1
38696,6.39,6.47,6.55,6.35,5.76,6.58,6.31,6.32,6.29,60.5,0.0,1.0,0.0,0.0,0.0,51.5,2.3,31.7,28.0,0.0,1,0,0
6189,8.39,8.78,8.51,8.58,7.92,8.74,8.86,8.41,8.5,85.2,2.0,2.0,2.0,1.0,2.0,79.7,4.8,91.6,68.1,1.0,0,1,1
1415,6.71,6.71,7.23,6.61,6.63,6.87,6.81,7.17,6.93,85.9,1.0,1.0,2.0,2.0,0.0,64.9,3.1,57.2,37.9,0.0,1,0,0
18472,5.1,5.09,5.26,5.6,5.25,4.7,5.37,4.79,5.18,60.2,1.0,0.0,0.0,1.0,0.0,51.2,1.7,26.3,28.3,1.0,1,0,0
29283,7.01,7.38,7.13,6.63,6.43,7.49,6.61,6.85,6.83,63.7,1.0,1.0,0.0,1.0,0.0,51.7,2.2,34.9,55.5,0.0,1,0,0
15178,8.67,8.62,9.17,9.75,9.38,8.78,9.21,8.87,9.03,97.1,2.0,4.0,3.0,3.0,1.0,73.6,4.8,67.8,86.8,1.0,0,1,1
34305,6.53,5.65,6.48,5.75,6.33,6.05,6.06,5.79,6.16,56.1,0.0,1.0,0.0,1.0,0.0,38.0,2.5,27.9,30.4,0.0,1,0,0
12610,4.0,4.31,4.09,4.0,4.06,4.0,4.0,4.0,4.09,61.5,1.0,1.0,1.0,0.0,0.0,45.3,2.8,20.1,36.6,1.0,1,0,0
12145,5.94,5.98,5.5,5.22,5.75,5.84,5.98,5.68,5.48,90.8,0.0,2.0,1.0,2.0,0.0,69.7,2.4,46.2,47.0,0.0,1,0,0
6114,7.55,7.09,7.84,7.71,7.92,7.51,7.31,7.84,7.47,85.1,1.0,3.0,1.0,1.0,1.0,64.9,3.2,54.5,47.4,1.0,1,1,1
15909,7.83,8.03,8.25,8.01,8.37,7.83,8.22,7.7,4.43,54.74264263,2.0,2.0,2.0,3.0,2.0,32.3,3.1,8.7,73.0,1.0,1,1,1
822,9.71,10.0,10.0,10.0,10.0,10.0,10.0,10.0,9.96,98.2,2.0,3.0,2.0,4.0,1.0,87.6,5.0,72.3,79.9,0.0,0,1,1
15119,8.7,8.15,8.62,8.5,8.51,8.2,8.64,8.64,8.52,81.8,2.0,3.0,2.0,2.0,2.0,80.0,4.0,72.8,75.1,1.0,0,1,1
13467,8.07,8.16,8.92,8.65,9.18,8.56,8.55,8.16,8.43,81.6,1.0,2.0,1.0,1.0,0.0,74.5,3.0,47.4,53.3,1.0,1,1,1
26498,7.06,7.41,7.31,7.25,7.14,7.17,7.55,7.72,7.45,89.5,2.0,4.0,3.0,3.0,2.0,83.8,5.0,91.8,73.3,1.0,0,1,1
42112,5.85,6.44,5.97,6.07,6.46,6.45,6.57,6.5,6.17,89.3,1.0,2.0,2.0,2.0,0.0,70.3,4.1,64.2,46.3,0.0,1,0,0
30189,6.98,7.19,7.28,8.07,7.84,7.92,7.92,7.52,7.47,76.7,0.0,1.0,2.0,2.0,0.0,72.9,2.7,43.2,53.1,0.0,1,0,1
37238,8.01,7.63,7.3,7.75,8.24,6.97,7.51,7.2,7.46,72.0,1.0,2.0,2.0,2.0,1.0,64.6,3.6,67.1,53.5,0.0,1,1,1
33110,4.83,4.27,4.36,4.0,4.08,4.0,4.43,4.0,4.34,66.8,0.0,1.0,0.0,0.0,0.0,56.8,1.1,33.8,31.2,0.0,1,0,0
36481,5.61,5.49,5.58,5.55,5.72,5.41,5.33,5.4,5.53,57.7,0.0,0.0,1.0,0.0,0.0,52.1,2.3,23.2,34.1,0.0,1,0,0
24149,7.47,7.18,7.47,7.9,7.66,7.96,7.27,7.78,7.53,100.0,2.0,4.0,2.0,3.0,2.0,62.7,3.0,57.7,80.8,1.0,0,1,1
5504,6.72,7.16,6.84,6.8,7.39,6.92,7.44,7.53,7.18,71.0,1.0,1.0,3.0,2.0,0.0,55.5,2.1,54.1,59.2,1.0,1,0,1
3919,7.0,7.16,6.54,7.07,6.79,6.82,6.75,6.36,6.86,78.7,0.0,2.0,2.0,2.0,0.0,63.6,3.7,54.3,55.5,1.0,1,0,0
38479,7.78,7.15,7.84,7.26,7.11,7.94,7.39,7.97,7.71,75.3,1.0,1.0,1.0,1.0,1.0,81.5,4.3,48.0,43.3,0.0,1,0,1
21124,6.45,5.78,6.45,6.08,6.99,6.49,6.19,6.19,6.44,66.7,1.0,2.0,2.0,1.0,1.0,55.7,3.2,51.6,46.4,0.0,1,0,0
49718,10.0,9.94,10.0,10.0,10.0,10.0,10.0,10.0,9.98,100.0,2.0,2.0,3.0,4.0,2.0,83.7,3.6,77.7,78.5,1.0,0,1,1
42295,6.39,6.23,6.8,6.11,5.92,6.16,5.76,6.22,6.13,86.7,2.0,2.0,1.0,2.0,0.0,75.4,3.1,58.1,50.3,1.0,1,0,0
47610,6.6,6.6,7.31,6.31,6.29,6.68,5.95,6.89,6.63,95.2,1.0,2.0,2.0,1.0,0.0,77.6,3.1,62.0,54.6,0.0,1,0,1
11077,6.5,6.39,6.22,6.47,6.46,5.87,6.49,6.81,6.22,65.6,1.0,2.0,2.0,1.0,1.0,65.1,2.7,53.5,55.4,1.0,1,0,1
41515,8.58,7.62,8.44,8.56,8.07,8.46,8.44,8.26,8.35,82.8,2.0,3.0,2.0,4.0,1.0,92.3,5.0,59.7,57.7,1.0,0,1,1
22063,8.73,9.16,9.35,9.17,9.59,9.86,9.87,9.2,9.47,78.4,2.0,4.0,3.0,3.0,2.0,61.4,4.7,75.0,62.3,1.0,0,1,1
9414,7.76,8.29,7.54,7.87,7.59,8.1,8.47,8.08,8.04,95.3,2.0,4.0,2.0,3.0,2.0,98.1,2.5,70.1,70.9,1.0,0,1,1
38341,8.39,8.37,8.8,8.21,8.88,8.51,9.1,9.1,9.79,84.6,3.0,5.0,3.0,3.0,2.0,98.2,4.1,96.0,74.7,1.0,0,1,1
30264,7.72,7.79,8.19,7.93,8.14,7.76,8.2,8.09,8.06,75.2,0.0,2.0,3.0,1.0,1.0,72.3,2.7,41.4,55.0,1.0,1,1,0
41253,5.71,6.01,5.83,6.02,6.23,6.47,6.46,6.16,6.13,78.2,0.0,2.0,2.0,3.0,1.0,83.9,3.3,56.4,57.2,1.0,1,0,0
14645,6.49,6.8,6.89,6.78,6.9,7.49,6.72,7.14,4.32,51.7125302,1.0,1.0,0.0,2.0,1.0,30.2,1.9,2.3,55.5,0.0,1,0,1
26336,5.18,5.35,5.57,4.94,5.2,5.6,5.0,5.96,4.17,53.66600049,1.0,1.0,0.0,0.0,0.0,37.2,2.7,2.7,26.8,0.0,1,0,0
28103,7.32,7.89,7.04,7.24,7.71,7.45,7.81,8.42,7.63,87.5,1.0,2.0,2.0,2.0,1.0,62.9,4.0,54.3,52.5,1.0,1,1,1
17524,5.81,4.96,4.85,5.48,5.09,5.38,4.8,5.36,5.13,59.6,1.0,0.0,1.0,1.0,1.0,70.3,1.2,27.9,28.8,1.0,1,0,0
24713,7.15,7.29,6.95,6.73,6.7,7.05,6.41,6.09,6.51,67.1,1.0,1.0,2.0,2.0,1.0,72.2,3.4,53.4,52.1,1.0,1,0,1
40486,6.57,6.05,5.9,6.48,6.39,6.62,6.47,6.31,6.2,75.5,1.0,3.0,2.0,2.0,1.0,70.3,3.0,51.0,47.5,0.0,1,0,1
3851,8.72,8.57,8.59,8.56,8.74,8.57,8.32,8.3,8.52,62.4,1.0,2.0,2.0,1.0,0.0,64.3,3.0,47.2,44.8,1.0,1,1,1
40041,6.04,6.56,5.84,6.42,7.01,6.6,6.92,6.26,6.4,79.7,1.0,1.0,2.0,1.0,1.0,66.5,3.4,53.8,51.5,0.0,1,0,0
15268,4.9,5.61,5.05,5.11,5.5,5.23,5.21,5.11,5.14,93.5,1.0,2.0,1.0,2.0,1.0,64.5,2.6,47.4,49.3,0.0,1,0,0
49147,6.05,5.91,6.09,5.64,6.33,5.78,6.25,5.99,5.92,80.0,1.0,2.0,2.0,1.0,1.0,70.3,2.7,65.3,59.5,0.0,1,0,1
30002,7.32,7.56,7.52,7.51,7.52,7.09,7.78,7.91,7.59,82.1,1.0,2.0,1.0,1.0,1.0,66.8,3.1,42.3,51.9,1.0,1,0,1
45927,7.68,7.57,7.54,8.05,7.52,8.5,7.77,8.06,7.76,82.9,2.0,4.0,2.0,4.0,2.0,69.9,3.1,90.9,84.2,1.0,0,1,1
43825,9.32,9.67,9.14,8.96,8.94,9.54,9.14,9.06,9.16,76.0,1.0,2.0,2.0,2.0,0.0,66.1,3.2,60.2,47.7,0.0,1,1,1
17241,7.78,8.25,8.45,8.31,8.2,8.62,8.56,8.9,8.49,82.3,1.0,2.0,3.0,4.0,2.0,89.0,5.0,75.8,74.1,1.0,0,1,1
4893,5.27,5.49,5.74,5.79,5.78,5.45,6.14,6.46,5.57,69.6,2.0,1.0,2.0,1.0,1.0,73.6,3.0,43.5,52.5,0.0,1,0,1
726,7.89,8.19,7.88,7.29,8.36,8.29,8.06,7.49,7.89,59.8,1.0,1.0,1.0,0.0,1.0,41.7,1.9,36.5,34.1,0.0,1,0,0
22950,5.11,4.99,4.82,4.36,4.68,4.86,4.8,4.66,4.84,63.0,0.0,1.0,1.0,0.0,0.0,44.8,1.8,25.7,25.2,1.0,1,0,0
34658,6.29,5.98,6.34,6.38,6.05,6.34,6.18,6.02,6.32,53.3,0.0,1.0,1.0,1.0,0.0,47.8,1.8,21.2,23.9,1.0,1,0,0
37214,5.82,6.39,6.6,6.62,6.02,6.17,5.52,6.08,6.04,58.1,0.0,1.0,0.0,0.0,0.0,51.4,1.4,28.7,32.9,0.0,1,0,0
20305,7.25,7.24,7.17,6.81,7.18,6.9,7.12,6.77,7.34,82.2,1.0,2.0,1.0,1.0,1.0,75.4,2.8,49.4,49.2,1.0,1,0,1
15270,9.45,9.8,9.89,9.57,9.72,10.0,9.96,10.0,9.78,88.5,2.0,4.0,2.0,4.0,2.0,82.2,3.2,84.0,92.0,1.0,0,1,1
22368,7.65,7.35,7.52,6.82,7.55,7.81,8.04,7.63,9.81,80.5,3.0,5.0,2.0,3.0,1.0,96.4,4.8,99.1,86.6,1.0,0,1,1
42685,7.38,7.36,7.58,7.25,6.91,7.2,7.15,6.81,7.28,65.8,0.0,2.0,1.0,1.0,1.0,77.6,3.0,66.8,47.3,1.0,1,0,1
46735,8.17,7.89,7.7,8.29,8.56,8.49,8.61,8.6,8.43,90.3,2.0,3.0,4.0,2.0,2.0,80.7,3.7,64.5,81.7,1.0,0,1,1
11733,8.83,8.57,8.48,8.13,8.6,8.34,8.39,9.07,8.57,92.1,2.0,4.0,2.0,4.0,1.0,99.0,4.3,73.9,80.7,1.0,0,1,1
18620,9.96,9.77,10.0,10.0,10.0,10.0,10.0,10.0,10.0,90.6,2.0,3.0,4.0,3.0,0.0,80.2,5.0,85.9,64.7,0.0,0,1,1
48493,9.2,9.0,9.88,9.88,9.57,9.05,8.87,9.21,9.31,88.7,2.0,4.0,3.0,4.0,1.0,75.8,3.3,83.0,55.5,1.0,0,1,1
26804,7.49,6.89,8.09,7.23,7.68,7.28,7.98,7.46,9.9,65.4,3.0,5.0,1.0,2.0,0.0,97.2,3.3,57.7,54.3,1.0,1,1,1
44306,7.67,7.52,8.21,7.5,7.55,7.44,7.4,7.55,7.79,81.4,1.0,1.0,1.0,1.0,0.0,62.7,2.4,60.6,55.5,0.0,1,0,1
47523,6.24,5.97,6.45,5.19,5.46,5.59,6.29,5.96,4.14,53.6812376,0.0,0.0,1.0,0.0,1.0,33.7,3.4,1.5,28.6,0.0,1,0,0
32208,9.76,9.5,10.0,10.0,9.79,9.48,10.0,10.0,9.86,75.3,1.0,4.0,3.0,2.0,2.0,74.4,3.4,67.0,76.0,1.0,0,1,1
2531,6.11,5.19,5.56,5.72,6.1,5.83,5.57,5.24,5.73,77.1,1.0,1.0,2.0,1.0,1.0,65.1,2.4,68.6,54.2,0.0,1,0,0
17747,6.08,5.55,5.63,5.93,5.44,5.4,5.5,5.88,5.77,63.8,0.0,1.0,1.0,1.0,0.0,45.5,3.1,30.3,29.3,0.0,1,0,0
8271,8.62,8.23,7.95,7.64,8.06,8.09,8.4,8.93,8.24,81.9,2.0,3.0,3.0,3.0,2.0,64.8,4.2,70.9,90.3,0.0,0,1,1
15080,7.81,7.35,7.49,7.77,7.9,7.53,7.81,7.41,7.73,74.8,1.0,2.0,1.0,2.0,0.0,75.4,2.3,48.3,40.4,1.0,1,0,1
13625,6.97,8.25,7.37,7.55,6.9,7.43,7.48,7.58,7.43,71.3,2.0,1.0,2.0,2.0,0.0,66.1,2.9,47.6,46.6,0.0,1,0,0
30639,10.0,9.96,9.94,9.95,9.97,9.9,9.81,10.0,10.0,92.2,2.0,4.0,3.0,3.0,2.0,90.6,4.5,67.2,81.4,1.0,0,1,1
30441,6.96,6.98,7.47,7.52,7.04,7.24,7.06,7.26,7.3,67.5,0.0,2.0,2.0,2.0,1.0,67.3,3.1,67.2,46.6,0.0,1,0,0
36057,6.42,6.83,6.7,6.99,6.85,6.27,7.12,6.92,6.79,69.2,1.0,2.0,2.0,2.0,1.0,63.1,3.3,55.7,59.2,0.0,1,0,1
42652,8.46,8.36,9.06,8.87,8.89,7.69,8.53,8.92,8.48,77.0,2.0,1.0,2.0,1.0,1.0,67.9,2.2,56.4,50.5,1.0,1,1,1
36804,7.21,6.79,6.98,7.23,6.64,7.49,7.29,7.63,7.1,84.9,2.0,2.0,3.0,4.0,1.0,71.9,4.5,78.4,63.0,1.0,0,1,1
48225,10.0,10.0,9.6,10.0,10.0,10.0,10.0,10.0,10.0,63.7,2.0,4.0,2.0,4.0,1.0,91.0,2.8,71.2,75.3,0.0,0,1,1
29227,9.02,8.75,8.78,8.79,9.16,8.57,8.36,9.01,8.85,60.7,1.0,2.0,2.0,1.0,0.0,58.2,3.3,56.5,51.2,1.0,1,1,1
5634,10.0,10.0,9.4,9.72,10.0,9.65,9.85,10.0,9.76,99.9,1.0,3.0,2.0,3.0,1.0,85.3,3.5,67.0,55.5,0.0,0,1,1
5988,6.13,5.67,6.01,5.5,5.05,5.59,5.61,5.15,5.58,62.4,0.0,1.0,1.0,0.0,0.0,52.3,1.8,30.4,28.1,1.0,1,0,0
48064,5.98,5.29,5.8,4.9,5.66,5.97,6.05,5.81,5.56,71.3,1.0,1.0,2.0,3.0,1.0,71.1,3.3,60.6,39.3,1.0,1,0,0
1813,8.16,8.07,7.8,8.36,8.84,8.55,8.38,8.56,8.44,80.0,2.0,4.0,2.0,2.0,1.0,67.1,3.6,84.5,73.8,1.0,0,1,1
27579,5.98,5.98,5.41,5.64,6.36,6.14,6.18,5.72,5.95,63.3,1.0,2.0,2.0,2.0,1.0,71.0,3.4,52.0,57.4,0.0,1,0,1
16824,9.42,9.22,9.32,9.63,9.61,9.79,9.83,9.7,9.57,81.7,2.0,2.0,2.0,4.0,2.0,82.8,4.5,83.2,55.1,1.0,0,1,1
3929,4.72,4.97,5.05,4.73,5.03,4.67,5.48,5.23,5.09,83.9,0.0,3.0,1.0,1.0,0.0,72.7,1.9,43.7,52.9,0.0,1,0,0
37287,5.79,5.61,5.98,5.6,6.03,5.98,5.38,5.48,5.65,69.5,0.0,0.0,0.0,0.0,0.0,70.3,3.1,26.7,55.5,0.0,1,0,0
25046,8.65,8.31,8.0,8.22,8.4,8.42,8.92,8.59,4.09,52.46145699,2.0,3.0,3.0,3.0,1.0,35.0,4.9,57.7,78.5,0.0,1,1,1
15728,5.04,5.37,5.12,5.83,5.52,5.63,5.5,5.13,5.38,68.7,1.0,2.0,2.0,2.0,0.0,58.8,3.4,55.4,47.3,0.0,1,0,0
29601,10.0,10.0,9.95,9.83,9.68,9.85,10.0,10.0,4.07,51.6305795,1.0,4.0,2.0,3.0,2.0,34.8,4.4,4.9,70.2,1.0,1,1,1
10431,7.51,7.78,7.98,8.22,8.42,8.33,8.25,8.19,8.14,87.0,2.0,3.0,2.0,3.0,2.0,74.0,3.9,90.8,78.7,1.0,0,1,1
25769,5.77,5.5,5.49,4.96,5.43,5.43,5.03,5.14,5.35,85.3,1.0,1.0,1.0,2.0,1.0,72.1,3.5,49.6,50.7,1.0,1,0,0
29104,7.35,7.7,7.46,7.54,7.26,7.49,7.44,7.44,7.27,57.0,1.0,2.0,2.0,0.0,0.0,70.3,2.3,53.3,49.1,0.0,1,0,1
36538,8.86,8.81,8.8,9.52,9.26,8.47,8.65,9.32,8.98,74.4,2.0,2.0,2.0,2.0,1.0,69.6,2.9,56.8,63.9,0.0,0,1,1
39329,5.81,5.06,5.15,5.49,6.22,5.5,5.45,5.78,5.51,56.9,1.0,0.0,1.0,1.0,0.0,50.8,1.7,23.5,36.4,0.0,1,0,0
35540,7.68,8.27,7.97,8.57,8.64,7.82,8.2,8.13,9.76,88.5,3.0,5.0,2.0,3.0,2.0,70.3,4.1,96.5,55.5,1.0,0,1,1
28076,7.77,8.43,7.81,8.12,8.1,8.15,7.98,8.27,8.23,76.8,0.0,2.0,2.0,2.0,1.0,72.6,2.5,57.1,45.6,0.0,1,1,1
17841,5.44,4.99,5.28,4.91,5.03,4.54,4.93,4.63,4.98,51.8,0.0,1.0,0.0,0.0,0.0,37.0,1.9,57.7,55.5,0.0,1,0,0
27803,10.0,9.88,10.0,9.78,10.0,9.61,10.0,10.0,9.99,95.8,1.0,3.0,3.0,3.0,1.0,70.3,3.0,87.6,76.9,1.0,0,1,1
7683,9.27,8.55,9.02,9.04,9.06,8.6,9.3,8.65,8.98,87.6,1.0,2.0,1.0,1.0,1.0,63.5,3.4,50.6,57.0,1.0,1,1,1
24280,5.83,6.48,5.39,5.82,6.11,6.05,6.4,6.62,6.12,72.0,1.0,2.0,1.0,2.0,1.0,74.2,3.6,65.4,59.7,0.0,1,0,1
33071,6.3,6.06,5.9,6.73,6.49,6.28,7.0,6.73,6.57,62.1,1.0,1.0,2.0,1.0,1.0,67.0,3.1,49.6,51.2,0.0,1,0,0
35558,7.6,7.57,8.16,7.38,7.91,8.18,8.18,7.9,7.63,97.4,3.0,3.0,3.0,4.0,1.0,72.0,4.5,80.4,72.1,1.0,0,1,1
37190,8.78,8.34,8.45,7.97,8.19,8.32,8.7,8.28,8.27,83.8,1.0,2.0,2.0,2.0,1.0,68.4,3.1,47.9,55.5,0.0,1,1,1
47150,9.8,9.03,9.79,10.0,10.0,9.5,9.68,9.35,9.72,90.7,2.0,2.0,3.0,3.0,2.0,98.3,2.4,60.7,70.1,0.0,0,1,1
46916,5.8,4.91,5.8,5.28,5.25,5.61,5.66,5.98,5.5,50.7,0.0,0.0,1.0,1.0,0.0,54.1,2.0,27.0,28.9,0.0,1,0,0
9802,7.38,7.59,7.72,7.53,7.23,7.54,8.11,7.3,7.61,86.6,1.0,4.0,2.0,3.0,1.0,76.1,4.1,55.0,75.8,0.0,0,1,1
38801,6.04,6.46,5.8,5.49,6.44,6.23,5.51,5.47,5.86,51.1,0.0,1.0,2.0,0.0,0.0,70.3,1.9,33.3,30.1,1.0,1,0,0
24670,5.44,4.42,4.78,5.07,4.38,5.01,4.68,4.61,4.64,67.0,0.0,1.0,0.0,0.0,0.0,51.4,2.4,57.7,32.5,0.0,1,0,0
44234,5.65,6.57,5.85,6.27,6.25,6.58,6.13,6.03,6.1,50.0,1.0,1.0,1.0,0.0,0.0,42.8,2.6,32.8,38.3,0.0,1,0,0
31920,5.73,5.14,4.91,5.14,4.88,5.04,4.69,4.52,4.88,59.8,0.0,1.0,1.0,1.0,0.0,47.6,2.1,25.5,37.8,0.0,1,0,0
7135,7.39,7.89,7.99,7.7,7.8,8.18,8.38,8.02,7.97,71.8,1.0,2.0,1.0,1.0,0.0,76.8,3.2,53.4,49.9,0.0,1,1,1
33705,7.28,6.87,6.59,7.1,7.22,7.05,7.38,7.45,7.2,98.0,2.0,3.0,3.0,3.0,2.0,76.3,3.6,83.2,67.7,0.0,0,1,1
29661,7.53,7.31,7.74,7.43,7.24,7.36,8.24,7.75,7.38,99.0,1.0,3.0,3.0,4.0,2.0,84.2,3.3,76.3,69.9,0.0,0,1,1
17894,8.79,9.4,9.11,9.42,9.76,9.05,9.38,9.27,9.09,67.4,1.0,2.0,1.0,2.0,1.0,75.8,2.3,58.4,55.5,1.0,1,1,1
22019,6.32,7.02,6.16,6.76,5.97,6.13,6.42,6.03,6.45,70.7,0.0,0.0,1.0,0.0,0.0,55.0,1.6,19.3,23.6,0.0,1,0,0
13539,5.96,6.15,5.87,6.17,5.4,5.57,5.63,5.73,5.77,59.2,0.0,1.0,0.0,0.0,0.0,55.5,2.5,23.5,29.3,0.0,1,0,0
43119,6.84,6.88,6.4,6.58,6.29,6.3,6.58,6.65,6.42,67.9,0.0,0.0,1.0,0.0,0.0,53.2,1.6,37.5,33.2,0.0,1,0,0
36421,4.71,5.02,4.8,4.58,4.0,4.45,4.72,4.16,4.65,67.0,0.0,1.0,0.0,0.0,0.0,54.6,1.6,28.5,25.4,1.0,1,0,0
9406,6.97,7.26,6.81,6.78,7.24,7.1,7.12,6.91,6.88,65.9,1.0,2.0,2.0,2.0,1.0,76.0,2.5,46.4,44.5,0.0,1,0,1
13414,8.95,9.18,8.04,8.33,8.61,9.09,8.68,8.95,8.79,100.0,2.0,2.0,2.0,3.0,1.0,85.7,4.5,72.0,55.5,1.0,0,1,1
6721,7.04,6.84,7.22,7.23,7.33,6.96,7.35,7.01,7.25,64.0,1.0,3.0,2.0,2.0,1.0,65.6,2.8,57.7,55.5,1.0,1,0,1
15602,4.81,4.07,4.0,4.27,4.0,4.68,4.44,4.09,4.31,67.4,0.0,1.0,0.0,1.0,0.0,45.5,1.7,28.6,28.8,1.0,1,0,0
44744,5.03,4.0,4.15,4.41,4.39,4.58,4.61,4.73,4.62,54.0,0.0,1.0,2.0,1.0,0.0,42.5,1.7,23.0,37.3,0.0,1,0,0
31139,6.39,6.32,6.29,6.22,6.23,6.09,5.89,6.07,6.18,75.9,1.0,3.0,2.0,1.0,0.0,62.4,4.1,56.4,58.7,0.0,1,0,1
2730,5.83,5.53,5.78,5.63,5.24,5.61,5.33,5.52,5.66,75.6,1.0,2.0,2.0,2.0,0.0,72.4,2.1,60.2,49.8,0.0,1,0,0
38243,7.19,7.62,8.21,8.23,8.22,8.04,8.45,8.27,8.07,83.8,2.0,4.0,3.0,3.0,1.0,57.1,4.7,97.2,77.4,1.0,0,1,1
29626,5.26,5.73,5.16,6.12,6.06,6.03,5.81,5.69,5.69,69.0,1.0,2.0,2.0,1.0,0.0,78.9,2.8,56.2,55.5,0.0,1,0,1
47895,8.3,8.5,8.43,8.35,8.71,8.15,8.77,8.15,8.38,94.3,2.0,3.0,3.0,2.0,2.0,85.8,3.1,72.8,79.8,1.0,0,1,1
42091,5.86,5.39,5.09,6.01,5.97,5.9,5.79,5.56,5.76,52.4,1.0,0.0,1.0,0.0,0.0,70.3,1.7,25.7,27.5,0.0,1,0,0
36400,4.98,5.23,5.56,5.68,5.29,5.31,5.78,5.61,5.55,72.8,1.0,1.0,1.0,2.0,0.0,68.1,3.4,61.7,46.0,1.0,1,0,0
6245,7.13,6.87,6.74,7.16,7.19,6.93,7.0,6.96,7.05,87.3,1.0,1.0,1.0,2.0,0.0,65.1,3.1,49.4,52.3,0.0,1,0,1
5546,8.63,8.73,9.16,8.91,9.13,9.44,9.28,9.71,9.0,100.0,1.0,4.0,3.0,2.0,2.0,72.9,3.6,65.6,82.1,1.0,0,1,1
4065,6.21,5.49,5.71,4.97,5.78,5.63,5.52,5.8,5.65,63.4,0.0,0.0,0.0,1.0,0.0,46.5,2.4,57.7,33.0,0.0,1,0,0
12852,7.38,8.07,6.73,7.46,6.61,7.53,7.64,7.2,7.35,78.6,1.0,1.0,2.0,2.0,1.0,68.1,3.2,55.8,57.4,1.0,1,0,1
21803,7.05,7.59,7.15,6.92,7.24,7.2,7.4,7.11,6.91,74.6,2.0,2.0,1.0,2.0,1.0,75.1,2.1,62.8,63.4,1.0,1,0,0
41164,4.69,4.46,4.34,4.22,4.47,4.25,4.14,4.0,4.23,62.8,1.0,0.0,0.0,1.0,1.0,50.9,1.9,27.0,30.5,1.0,1,0,0
6233,7.76,7.13,7.47,6.89,7.43,7.24,7.58,8.18,7.5,89.0,1.0,1.0,2.0,1.0,0.0,77.3,3.1,66.1,57.8,0.0,1,0,1
3863,5.92,5.71,6.06,6.16,5.91,6.33,6.07,5.95,5.92,72.1,1.0,3.0,1.0,2.0,1.0,73.9,2.3,51.1,51.1,1.0,1,0,1
35095,9.35,9.93,10.0,9.69,9.75,9.46,10.0,10.0,9.63,78.9,1.0,0.0,1.0,0.0,1.0,73.1,2.7,65.2,50.4,0.0,1,1,1
40196,7.01,6.95,7.2,6.95,7.26,7.13,7.28,7.58,7.21,73.6,1.0,2.0,2.0,2.0,0.0,59.5,2.7,46.4,67.8,1.0,1,0,1
39251,5.63,5.38,5.35,5.35,5.9,5.84,5.96,5.7,5.61,69.6,1.0,1.0,1.0,2.0,0.0,59.8,2.0,56.8,48.4,0.0,1,0,0
6218,7.82,7.21,7.92,8.08,7.13,7.96,7.57,7.74,7.52,67.7,1.0,2.0,2.0,1.0,1.0,69.6,2.4,51.7,54.3,1.0,1,1,1
36776,6.6,6.45,7.29,6.12,6.65,6.43,5.87,6.54,6.54,73.0,1.0,2.0,2.0,1.0,0.0,65.3,2.4,48.4,51.0,0.0,1,0,1
42977,7.5,6.71,7.45,7.96,7.34,7.77,7.7,7.76,7.35,72.3,1.0,2.0,2.0,2.0,1.0,84.9,2.9,45.1,66.1,1.0,1,1,0
48468,10.0,10.0,10.0,9.81,10.0,10.0,10.0,10.0,10.0,81.6,1.0,3.0,3.0,4.0,1.0,79.3,4.4,95.6,55.5,1.0,0,1,1
14832,8.18,8.17,7.78,8.47,8.05,7.86,8.1,8.62,8.12,53.2,1.0,2.0,1.0,2.0,0.0,68.4,2.6,59.9,51.9,1.0,1,1,1
30093,9.32,8.45,9.07,8.91,9.51,9.18,9.27,9.38,9.1,85.4,2.0,3.0,3.0,4.0,1.0,92.1,2.8,88.1,77.1,0.0,0,1,1
8894,9.62,9.96,9.65,9.7,9.89,9.86,9.09,10.0,9.86,73.5,1.0,2.0,2.0,2.0,0.0,67.6,2.3,67.3,47.2,0.0,1,1,1
6021,6.94,7.62,6.74,6.92,7.23,7.62,7.15,7.78,7.26,73.9,1.0,2.0,1.0,2.0,0.0,53.9,2.7,56.2,49.1,0.0,1,0,0
46089,5.62,5.26,5.49,5.33,5.33,5.68,5.34,5.84,5.49,76.2,1.0,2.0,3.0,2.0,0.0,68.8,2.6,58.0,57.2,1.0,1,0,0
15243,8.44,8.21,8.08,8.02,7.6,8.64,8.34,8.25,8.26,63.8,0.0,1.0,2.0,3.0,1.0,82.7,2.2,54.4,43.4,1.0,1,1,1
45308,4.57,4.0,4.01,4.0,4.19,4.0,4.0,4.0,4.04,58.7,0.0,0.0,1.0,0.0,0.0,54.1,2.0,30.9,26.4,0.0,1,0,0
26551,6.28,6.07,6.15,6.46,6.29,6.27,6.58,6.34,6.26,79.1,1.0,2.0,2.0,2.0,0.0,69.8,3.1,57.7,55.9,1.0,1,0,1
6035,9.03,8.67,8.65,8.61,8.42,8.69,8.83,8.7,8.76,75.9,1.0,2.0,1.0,2.0,0.0,65.2,3.2,50.8,55.5,1.0,1,1,1
7906,6.34,6.18,5.87,6.15,6.18,6.05,5.87,5.77,5.95,57.0,0.0,0.0,0.0,1.0,0.0,42.5,1.2,25.4,28.8,0.0,1,0,0
32226,8.17,8.11,8.47,8.09,8.53,8.18,9.07,8.07,8.37,69.8,1.0,1.0,2.0,2.0,0.0,66.2,3.1,47.8,53.6,0.0,1,1,1
6018,8.32,7.46,7.76,8.05,7.85,7.71,8.01,7.98,7.8,74.8,1.0,2.0,2.0,1.0,0.0,77.5,3.1,53.1,39.3,1.0,1,1,1
21880,6.48,7.24,6.95,6.95,6.94,7.38,7.2,7.43,7.06,84.2,2.0,2.0,3.0,4.0,1.0,80.5,3.1,78.3,55.5,1.0,0,1,1
2792,4.95,5.22,5.13,5.55,4.49,4.67,4.78,5.26,4.91,71.3,0.0,1.0,0.0,1.0,0.0,44.3,2.1,29.6,35.2,0.0,1,0,0
42606,7.53,7.31,7.58,7.89,6.56,7.51,7.62,7.48,7.48,95.9,2.0,4.0,3.0,3.0,2.0,70.3,4.4,62.6,55.5,1.0,0,1,1
5824,6.05,5.59,5.83,5.8,4.92,5.67,5.72,5.29,5.47,74.1,1.0,1.0,1.0,2.0,0.0,65.4,1.9,61.0,69.7,1.0,1,0,0
15388,8.12,8.39,8.48,9.01,8.82,8.94,8.61,8.78,8.6,65.7,2.0,3.0,3.0,4.0,1.0,91.2,4.4,77.7,84.1,1.0,0,1,1
29562,6.92,7.3,6.78,7.65,7.58,7.84,7.57,6.3,7.26,93.7,2.0,3.0,3.0,3.0,1.0,70.3,4.4,73.7,71.0,1.0,0,1,1
39476,6.07,6.5,5.93,5.81,6.29,5.57,5.98,5.97,9.74,74.4,3.0,5.0,1.0,2.0,0.0,98.1,2.7,95.1,46.8,0.0,1,0,0
293,5.73,5.81,5.65,5.62,5.3,5.99,5.65,5.44,5.65,67.2,1.0,1.0,0.0,0.0,0.0,41.3,2.0,29.1,25.0,0.0,1,0,0
16958,7.41,7.73,6.99,8.1,7.63,7.34,7.19,7.3,7.5,80.1,1.0,4.0,2.0,3.0,1.0,87.4,3.9,81.6,87.6,1.0,0,1,1
30861,10.0,9.89,10.0,9.76,10.0,9.87,10.0,10.0,9.98,93.0,2.0,4.0,2.0,3.0,1.0,82.6,4.4,84.5,77.2,1.0,0,1,1
14074,4.0,4.0,4.0,4.0,4.0,4.0,4.0,4.0,4.0,65.5,0.0,1.0,1.0,1.0,0.0,45.3,2.0,31.4,29.6,0.0,1,0,0
21857,10.0,10.0,10.0,10.0,10.0,10.0,10.0,10.0,10.0,100.0,1.0,2.0,3.0,3.0,2.0,76.3,4.2,68.9,76.6,1.0,0,1,1
22080,7.91,7.19,7.66,7.51,7.74,7.62,8.26,7.31,7.6,83.0,3.0,3.0,2.0,2.0,1.0,82.4,3.0,95.1,55.5,1.0,0,1,1
17024,6.29,6.68,6.5,6.71,6.73,6.7,7.04,6.9,6.66,100.0,2.0,3.0,3.0,3.0,2.0,100.0,3.1,91.6,64.7,0.0,0,1,1
8740,8.09,8.29,8.2,8.16,8.79,8.3,8.41,8.38,8.28,72.3,1.0,2.0,2.0,1.0,0.0,66.5,2.5,56.3,51.2,0.0,1,1,1
15826,9.81,9.71,9.74,9.64,9.63,9.99,10.0,9.77,9.98,100.0,2.0,2.0,3.0,2.0,1.0,75.5,3.9,77.4,75.8,0.0,0,1,1
2742,9.55,10.0,10.0,10.0,10.0,10.0,10.0,10.0,9.79,90.5,1.0,3.0,2.0,3.0,2.0,83.2,4.1,62.7,79.5,1.0,0,1,1
18049,8.52,8.07,8.7,8.36,8.29,8.37,8.56,8.23,8.37,74.2,2.0,3.0,4.0,3.0,1.0,85.5,4.4,92.9,66.5,1.0,0,1,1
49937,8.47,8.78,9.49,8.98,9.23,8.81,9.51,8.86,9.06,86.2,3.0,3.0,2.0,4.0,1.0,61.6,4.8,69.5,65.3,1.0,0,1,1
17373,8.77,8.99,9.11,8.67,9.16,9.64,9.41,9.42,4.31,53.87401666,2.0,3.0,2.0,3.0,1.0,34.8,4.9,1.9,66.7,1.0,1,1,1
22022,8.69,7.62,8.5,8.44,8.26,7.94,8.67,8.4,8.2,89.3,1.0,2.0,1.0,1.0,1.0,58.8,2.6,58.6,59.0,1.0,1,1,1
46365,6.81,7.21,7.9,7.18,7.3,7.36,6.92,7.26,7.14,84.7,1.0,2.0,2.0,1.0,1.0,65.0,3.2,56.3,55.5,1.0,1,0,0
23538,5.54,5.75,5.61,5.28,5.51,4.97,5.29,5.37,5.47,61.5,0.0,0.0,1.0,0.0,0.0,48.3,2.1,26.5,40.8,1.0,1,0,0
45500,6.69,6.61,6.86,6.22,6.9,7.04,7.07,6.82,6.87,67.7,1.0,2.0,1.0,2.0,1.0,89.6,2.1,58.9,58.9,0.0,1,0,1
40186,4.54,4.77,4.9,4.41,5.02,4.39,4.85,4.02,4.4,72.9,0.0,0.0,2.0,0.0,0.0,49.6,1.9,22.9,28.3,1.0,1,0,0
9614,7.78,7.92,8.01,8.06,8.25,7.72,8.53,8.77,8.07,85.3,2.0,4.0,2.0,3.0,2.0,87.8,5.0,71.5,55.5,1.0,0,1,1
43282,5.41,5.14,5.5,5.38,5.58,4.99,5.03,5.01,5.21,58.4,0.0,1.0,1.0,1.0,1.0,54.7,2.0,57.7,30.3,0.0,1,0,0
37892,8.14,8.26,8.6,8.33,8.13,8.27,8.38,8.74,8.54,100.0,2.0,4.0,2.0,3.0,2.0,82.9,4.0,81.1,67.5,1.0,0,1,1
26179,7.38,7.46,7.24,7.28,7.59,7.82,7.55,7.51,7.62,73.0,0.0,2.0,1.0,2.0,0.0,75.2,2.8,51.6,47.8,1.0,1,0,0
45893,7.08,7.01,6.9,6.99,6.26,7.12,6.82,7.35,7.18,86.7,1.0,2.0,1.0,2.0,1.0,54.5,1.5,52.4,57.6,0.0,1,0,0
20934,7.73,7.58,7.99,7.82,8.04,7.99,7.63,7.84,7.71,65.0,1.0,3.0,2.0,2.0,0.0,63.6,2.1,58.1,50.4,1.0,1,1,1
40972,7.89,8.24,8.19,8.01,8.25,8.4,8.49,8.18,8.18,87.2,2.0,4.0,3.0,3.0,2.0,73.1,3.6,75.0,69.9,1.0,0,1,1
22225,6.12,6.23,6.09,6.2,6.02,5.66,5.96,6.43,6.13,66.1,1.0,3.0,1.0,2.0,0.0,79.5,2.8,62.5,53.1,0.0,1,0,1
24382,4.91,5.36,4.71,4.82,5.31,5.04,4.8,5.06,5.1,64.2,0.0,1.0,2.0,1.0,0.0,46.4,3.0,23.8,33.4,0.0,1,0,0
34856,7.77,7.75,8.25,8.18,8.03,8.16,8.41,8.16,8.14,72.2,1.0,2.0,2.0,2.0,0.0,81.1,3.1,56.7,57.3,0.0,1,1,1
48578,5.15,5.18,5.01,4.42,4.54,4.58,4.58,4.28,4.87,58.6,0.0,0.0,0.0,1.0,1.0,70.3,1.6,33.2,37.4,0.0,1,0,0
38537,9.78,10.0,10.0,9.86,10.0,9.91,10.0,10.0,9.99,88.7,3.0,5.0,2.0,4.0,2.0,98.6,4.7,95.8,63.8,1.0,0,1,1
31756,8.75,8.76,8.31,8.93,8.32,8.76,8.13,8.46,8.69,98.1,3.0,3.0,3.0,4.0,2.0,71.0,3.0,75.5,65.5,1.0,0,1,1
7754,7.27,7.2,7.49,6.94,7.18,7.67,7.35,7.71,7.42,75.4,1.0,2.0,1.0,1.0,0.0,63.5,2.8,52.3,56.3,1.0,1,0,1
46639,6.64,6.18,6.37,6.31,6.68,6.31,5.84,6.14,6.45,63.2,0.0,0.0,2.0,0.0,0.0,44.1,2.3,23.8,35.2,0.0,1,0,0
43835,6.69,6.6,6.94,6.94,6.94,7.08,6.98,7.07,6.84,73.4,1.0,2.0,2.0,3.0,1.0,71.6,4.2,55.0,51.8,0.0,1,0,1
26236,4.6,4.0,4.0,4.0,4.0,4.0,4.0,4.0,4.0,66.5,0.0,1.0,0.0,0.0,0.0,55.9,1.8,28.3,33.9,0.0,1,0,0
44230,4.77,4.67,5.47,4.61,4.63,4.72,4.72,4.74,9.87,66.2,3.0,5.0,0.0,1.0,0.0,97.2,3.1,97.6,36.3,0.0,1,0,0
49597,6.81,6.95,7.38,6.75,7.22,6.86,7.16,7.55,7.1,77.6,2.0,2.0,3.0,3.0,1.0,90.8,4.8,73.9,55.5,0.0,0,1,1
18553,5.37,5.5,5.39,5.74,5.65,5.76,5.39,5.67,5.63,73.4,1.0,1.0,1.0,2.0,0.0,56.1,3.2,58.9,53.3,1.0,1,0,0
43137,4.0,4.43,4.16,4.0,4.04,4.3,4.0,4.08,4.18,65.3,0.0,2.0,1.0,0.0,0.0,51.9,1.4,27.3,34.6,0.0,1,0,0
36673,8.81,8.83,9.24,8.44,9.01,8.72,8.4,8.21,8.85,87.3,1.0,3.0,3.0,3.0,1.0,84.3,3.9,88.0,68.4,1.0,0,1,1
43650,6.35,5.17,5.98,5.95,6.3,6.0,6.65,5.92,6.03,63.5,1.0,0.0,2.0,2.0,1.0,65.4,2.9,52.4,48.6,0.0,1,0,0
3941,6.97,6.3,6.48,6.26,6.77,6.9,6.56,6.77,6.6,71.5,1.0,1.0,2.0,1.0,0.0,61.5,3.2,41.6,53.9,0.0,1,0,0
31497,5.98,5.8,6.03,6.01,6.15,5.56,5.92,6.16,5.93,65.9,1.0,1.0,2.0,2.0,0.0,56.5,3.5,57.5,43.0,1.0,1,0,0
26594,6.13,6.18,6.69,6.43,5.9,6.65,6.48,5.84,6.29,72.7,1.0,2.0,1.0,1.0,1.0,76.2,1.6,55.1,46.5,0.0,1,0,0
23922,8.65,8.73,8.94,9.22,8.68,9.76,9.03,9.12,9.19,99.7,1.0,2.0,3.0,4.0,2.0,67.8,3.4,76.1,72.2,1.0,0,1,1
26403,6.88,6.72,7.62,7.56,7.38,7.5,7.78,7.42,7.39,69.9,0.0,2.0,2.0,1.0,0.0,71.2,3.4,50.5,52.9,1.0,1,0,1
45943,4.85,4.65,5.54,4.94,5.21,4.72,5.27,5.23,4.39,54.10285968,0.0,1.0,1.0,0.0,0.0,36.1,3.1,57.7,35.0,0.0,1,0,0
48526,5.01,4.99,5.63,4.83,5.16,5.22,5.0,4.27,5.1,55.0,1.0,1.0,0.0,1.0,0.0,45.1,1.1,29.0,55.5,0.0,1,0,0
18316,8.45,8.03,8.13,7.76,8.4,8.41,8.68,8.58,8.35,61.7,1.0,2.0,1.0,1.0,1.0,66.4,3.3,51.9,49.2,0.0,1,1,1
36894,8.65,9.03,8.79,8.67,8.73,8.99,8.6,9.51,8.88,82.6,3.0,3.0,2.0,4.0,2.0,71.8,4.4,64.3,60.7,0.0,0,1,1
26696,7.56,7.51,7.18,7.28,7.28,7.8,7.91,7.45,7.48,100.0,1.0,4.0,4.0,2.0,2.0,75.3,3.2,71.1,68.1,1.0,0,1,1
42128,8.74,9.07,8.69,8.76,9.19,8.5,8.56,8.86,8.73,75.2,2.0,2.0,2.0,1.0,0.0,59.1,3.1,63.8,49.0,1.0,1,1,1
14171,7.7,7.71,7.23,7.07,7.73,7.78,7.26,7.18,7.6,86.1,1.0,2.0,2.0,2.0,0.0,58.3,2.9,51.5,50.0,1.0,1,0,1
3733,4.0,4.28,4.32,4.0,4.47,4.54,4.31,4.0,4.28,81.8,0.0,2.0,2.0,1.0,0.0,60.5,2.4,48.2,60.7,1.0,1,0,0
7882,7.35,6.83,7.48,7.27,6.99,7.74,7.1,6.93,7.29,68.5,1.0,3.0,1.0,2.0,0.0,69.4,2.3,57.3,51.5,1.0,1,0,1
6017,8.47,8.23,8.33,8.19,8.06,8.92,8.07,8.68,8.34,92.9,2.0,2.0,2.0,5.0,1.0,86.9,3.4,74.7,64.9,1.0,0,1,1
23030,7.96,8.01,7.8,8.04,7.78,8.1,7.7,7.67,7.89,78.5,1.0,4.0,3.0,3.0,1.0,70.3,3.8,68.2,81.0,0.0,0,1,1
35474,9.87,10.0,9.82,9.94,10.0,10.0,10.0,10.0,9.92,99.4,2.0,2.0,3.0,4.0,2.0,82.2,4.4,57.7,78.9,1.0,0,1,1
49686,8.38,8.31,8.8,8.16,8.46,8.97,8.26,8.16,8.46,84.3,0.0,2.0,1.0,2.0,1.0,60.7,2.1,54.9,60.4,1.0,1,1,1
4818,4.52,4.9,4.94,4.64,4.63,4.55,4.28,4.51,4.63,70.0,1.0,0.0,0.0,1.0,0.0,44.4,2.2,23.6,30.6,0.0,1,0,0
41694,5.8,5.9,5.78,6.1,5.54,5.62,5.83,5.69,5.7,54.9,0.0,1.0,0.0,1.0,0.0,47.7,1.4,24.8,25.0,0.0,1,0,0
12008,5.36,5.9,6.2,5.81,5.8,5.7,5.38,6.12,5.73,60.8,0.0,1.0,0.0,0.0,0.0,60.1,1.8,31.5,28.1,1.0,1,0,0
41328,6.93,7.58,7.63,7.35,7.27,7.84,7.51,7.84,7.54,99.2,3.0,4.0,2.0,3.0,1.0,84.2,3.8,74.9,80.0,1.0,0,1,1
9507,7.36,7.56,7.8,8.37,8.14,8.08,7.67,8.52,8.1,90.0,1.0,3.0,3.0,4.0,1.0,80.3,3.0,57.7,79.6,0.0,0,1,1
44799,4.28,4.03,4.0,4.27,4.0,4.53,4.31,4.17,4.28,87.3,1.0,2.0,2.0,2.0,0.0,66.0,2.9,56.1,55.5,1.0,1,0,0
34063,6.72,7.53,7.45,7.01,7.14,7.28,7.23,6.7,7.21,85.5,1.0,2.0,2.0,1.0,1.0,65.5,3.2,67.7,55.7,0.0,1,0,1
27475,8.04,8.05,7.93,8.46,7.93,8.67,8.28,8.24,8.21,88.8,2.0,4.0,4.0,2.0,1.0,65.1,3.1,59.1,67.5,0.0,0,1,1
31144,7.76,8.39,7.41,8.27,8.56,8.24,8.24,8.05,8.06,91.0,1.0,4.0,2.0,4.0,2.0,77.5,3.6,78.3,64.3,1.0,0,1,1
21236,7.78,7.99,8.07,8.48,8.37,8.41,7.28,8.06,7.93,100.0,1.0,2.0,2.0,4.0,2.0,95.7,3.1,77.8,78.4,1.0,0,1,1
1391,8.71,8.85,9.0,9.4,9.23,9.01,9.15,9.32,9.17,81.2,2.0,5.0,4.0,4.0,1.0,78.3,3.1,71.5,68.7,0.0,0,1,1
38250,7.77,7.53,7.25,7.35,7.49,7.78,7.46,8.13,7.73,79.6,1.0,2.0,1.0,2.0,0.0,59.8,2.7,42.2,53.7,1.0,1,0,1
37625,6.32,6.3,6.66,6.44,6.81,6.91,6.63,6.03,6.47,70.7,0.0,2.0,1.0,2.0,1.0,48.5,1.7,52.2,45.4,1.0,1,0,0
42029,8.88,8.73,9.24,8.68,8.78,8.47,8.69,9.08,8.97,85.2,2.0,2.0,3.0,3.0,2.0,82.4,4.1,57.7,62.7,0.0,0,1,1
20835,9.86,9.88,10.0,10.0,10.0,10.0,10.0,10.0,9.82,69.8,1.0,3.0,3.0,2.0,2.0,100.0,4.2,100.0,63.6,1.0,0,1,1
14758,5.68,6.81,6.13,6.29,6.27,6.33,6.48,6.29,6.2,82.2,0.0,0.0,2.0,1.0,0.0,75.2,2.3,54.4,53.5,0.0,1,0,0
26397,8.73,8.83,8.76,8.71,8.41,9.0,8.89,8.56,8.75,85.2,1.0,2.0,4.0,3.0,1.0,69.5,3.3,78.3,78.3,1.0,0,1,1
6809,8.6,8.51,7.85,7.87,7.71,8.05,8.37,8.56,8.15,73.1,1.0,3.0,2.0,3.0,1.0,92.3,4.2,87.1,69.6,1.0,0,1,1
9226,5.82,5.82,5.6,5.66,4.89,5.18,5.25,5.12,5.46,68.0,0.0,1.0,1.0,0.0,0.0,53.5,2.4,30.6,29.6,1.0,1,0,0
48395,8.69,9.78,8.7,8.44,9.15,9.08,8.99,9.09,8.94,83.6,1.0,3.0,2.0,2.0,1.0,75.9,3.6,45.9,49.8,1.0,0,1,1
5396,7.84,8.37,7.65,8.19,8.02,8.21,8.03,8.13,7.87,77.6,0.0,3.0,2.0,1.0,0.0,63.4,3.1,56.7,57.7,1.0,1,1,1
6944,9.73,10.0,9.89,9.68,10.0,10.0,10.0,10.0,9.97,82.4,2.0,2.0,3.0,3.0,1.0,85.3,4.8,80.6,71.4,1.0,0,1,1
23871,6.56,6.82,6.19,6.79,6.55,6.76,6.78,7.29,6.82,90.9,1.0,1.0,2.0,3.0,1.0,65.6,2.1,59.7,54.7,1.0,1,0,0
32493,9.61,9.39,9.61,8.75,9.33,9.33,9.29,9.73,9.29,75.6,1.0,2.0,2.0,1.0,1.0,62.1,3.1,50.7,39.9,1.0,1,1,1
36346,8.56,8.86,8.98,9.0,8.84,9.54,9.47,8.65,8.98,93.6,3.0,4.0,3.0,2.0,2.0,92.7,4.7,71.8,70.4,0.0,0,1,1
10756,7.04,6.48,6.5,6.84,7.0,6.65,6.95,7.22,6.76,73.9,0.0,1.0,2.0,2.0,1.0,70.2,2.6,51.1,50.4,1.0,1,0,0
12302,6.44,6.5,6.1,6.7,6.74,6.53,6.67,7.11,6.54,73.3,1.0,2.0,2.0,1.0,2.0,69.0,2.6,57.2,55.5,1.0,1,0,1
48387,6.43,6.31,6.14,6.77,6.3,6.53,6.37,6.69,6.39,85.9,2.0,5.0,3.0,5.0,2.0,84.5,3.9,86.3,76.6,0.0,0,1,1
42746,9.02,8.18,8.51,8.64,8.92,8.67,8.8,8.99,8.67,80.8,1.0,4.0,2.0,3.0,2.0,69.7,4.5,88.6,72.9,1.0,0,1,1
29090,6.69,6.74,6.73,5.96,6.56,6.27,7.08,6.45,6.67,67.0,1.0,1.0,1.0,0.0,1.0,77.3,2.9,47.5,49.7,0.0,1,0,1
44713,5.72,5.98,6.28,5.83,6.41,5.82,5.89,6.28,6.07,82.1,2.0,3.0,1.0,4.0,1.0,75.0,4.0,52.7,61.0,1.0,0,0,1
14344,5.43,5.94,6.02,5.74,6.14,5.93,5.68,5.61,5.57,68.4,1.0,0.0,0.0,0.0,0.0,70.3,1.3,57.7,29.0,0.0,1,0,0
38173,6.44,6.45,6.39,6.6,7.34,7.0,6.57,6.59,6.68,69.6,1.0,2.0,2.0,1.0,0.0,76.4,3.1,51.6,53.9,0.0,1,0,1
5072,6.76,6.87,6.84,6.49,7.45,6.93,6.83,7.13,7.01,78.8,1.0,3.0,1.0,2.0,0.0,66.5,3.0,53.6,55.5,0.0,1,0,1
24122,6.2,6.05,6.57,6.05,6.4,6.36,6.23,6.38,6.24,77.5,1.0,1.0,1.0,2.0,0.0,59.1,2.7,58.1,50.0,0.0,1,0,0
48810,5.32,4.97,5.4,5.22,5.36,4.99,5.5,5.26,5.08,74.0,0.0,1.0,0.0,0.0,0.0,44.3,3.1,57.7,24.8,0.0,1,0,0
17821,4.0,4.0,4.37,4.26,4.32,4.0,4.4,4.0,4.0,57.8,0.0,0.0,2.0,0.0,0.0,40.9,1.7,27.4,28.9,1.0,1,0,0
1123,5.61,5.83,5.83,4.91,5.63,5.65,5.86,5.25,5.34,59.6,0.0,1.0,1.0,1.0,0.0,57.6,1.5,29.6,27.4,0.0,1,0,0
11265,6.8,6.5,6.92,6.37,6.14,6.55,6.8,6.28,6.32,83.8,1.0,2.0,1.0,2.0,0.0,67.6,3.0,54.1,60.3,1.0,1,0,1
30580,7.24,8.23,7.49,7.76,7.61,7.63,7.88,8.19,7.77,81.7,1.0,1.0,1.0,3.0,0.0,70.3,3.7,63.6,55.5,1.0,1,1,1
45465,6.81,6.81,7.06,6.59,7.16,7.23,6.9,6.99,6.89,85.9,2.0,3.0,1.0,3.0,2.0,89.2,4.5,71.0,55.5,1.0,0,1,1
48217,8.92,8.76,9.59,8.64,9.88,9.07,8.92,9.39,9.19,75.3,1.0,3.0,2.0,2.0,1.0,76.4,3.8,70.8,72.9,0.0,0,1,1
43045,6.35,5.81,6.07,5.93,5.58,6.2,5.63,5.82,5.87,57.1,0.0,1.0,1.0,1.0,0.0,54.1,1.2,26.9,25.3,0.0,1,0,0
15657,5.91,6.18,6.16,5.88,6.29,6.37,6.21,5.99,6.07,68.1,1.0,2.0,2.0,2.0,1.0,54.1,3.3,63.8,48.2,1.0,1,0,0
1901,7.5,7.43,8.1,7.77,7.97,7.62,7.87,7.63,7.71,74.9,0.0,1.0,2.0,1.0,1.0,65.8,2.4,52.5,67.6,0.0,1,0,1
148,7.77,7.36,7.4,7.17,7.22,7.56,7.08,7.59,7.55,80.0,0.0,1.0,1.0,2.0,1.0,72.1,2.8,54.0,40.8,1.0,1,0,0
29643,6.33,5.92,6.69,7.0,6.8,6.82,6.59,6.68,6.7,82.5,0.0,2.0,1.0,2.0,0.0,65.1,2.6,52.0,55.5,0.0,1,0,1
3212,8.41,7.68,8.32,7.9,8.04,8.56,7.68,8.19,8.18,85.2,1.0,1.0,2.0,1.0,1.0,59.9,2.6,47.6,55.5,1.0,1,1,1
43851,8.62,8.82,8.49,8.58,8.84,8.71,7.71,8.78,8.5,77.2,0.0,2.0,2.0,1.0,0.0,62.3,2.1,50.7,41.3,0.0,1,1,1
2355,5.67,5.77,6.29,6.36,5.99,6.6,6.03,6.16,6.03,66.8,1.0,2.0,2.0,1.0,0.0,65.1,2.8,60.7,48.1,0.0,1,0,0
31521,7.54,7.62,7.45,6.96,7.21,7.06,7.42,7.32,7.24,66.3,1.0,2.0,2.0,1.0,1.0,70.3,3.2,57.0,53.7,0.0,1,0,1
42584,5.55,5.12,5.53,5.34,5.18,5.06,5.43,4.95,5.29,55.2,1.0,0.0,2.0,0.0,0.0,49.8,2.4,24.7,33.1,0.0,1,0,0
43338,6.33,6.25,5.84,6.28,6.57,6.44,6.02,6.23,6.3,84.8,1.0,2.0,1.0,1.0,0.0,76.0,1.8,57.7,45.2,0.0,1,0,1
45285,5.61,5.23,6.13,6.0,5.51,5.48,5.19,6.22,5.56,79.8,2.0,2.0,2.0,2.0,0.0,66.3,3.0,47.3,55.5,0.0,1,0,0
46957,6.06,6.58,6.63,6.39,6.97,6.4,6.99,6.53,6.62,73.4,1.0,2.0,2.0,3.0,0.0,55.1,1.9,42.9,52.1,1.0,1,0,0
48791,5.74,6.31,6.15,6.91,6.69,6.05,6.21,5.86,5.92,70.6,1.0,1.0,1.0,1.0,1.0,75.5,2.4,54.6,43.6,1.0,1,0,0
36586,9.14,9.25,8.73,8.96,9.48,9.62,10.0,9.33,4.03,50.84458196,1.0,3.0,3.0,3.0,2.0,34.0,4.8,4.2,90.1,1.0,1,1,1
10466,8.88,8.67,8.74,9.36,9.22,9.1,9.57,9.52,9.2,73.2,2.0,2.0,1.0,2.0,1.0,77.5,2.7,57.0,54.9,1.0,1,1,1
7822,7.19,6.45,6.94,6.8,6.93,7.33,6.95,6.84,6.82,80.1,1.0,2.0,2.0,2.0,1.0,70.3,3.8,55.7,58.0,0.0,1,0,1
7206,4.64,5.22,5.81,5.5,5.37,5.5,5.33,5.16,5.29,87.1,2.0,4.0,3.0,4.0,2.0,67.2,5.0,80.8,59.0,1.0,0,0,1
6414,5.79,5.99,6.07,5.69,5.5,5.96,5.97,5.47,5.89,74.9,1.0,2.0,2.0,1.0,0.0,66.6,3.1,63.7,47.0,1.0,1,0,0
34047,7.18,6.57,6.45,7.09,5.82,6.4,7.1,7.39,6.86,78.7,0.0,1.0,1.0,1.0,1.0,67.9,2.4,49.6,53.7,1.0,1,0,0
12729,7.13,7.87,7.53,7.61,7.48,6.92,7.08,7.63,7.44,68.4,0.0,2.0,2.0,1.0,0.0,57.5,3.8,50.4,67.6,0.0,1,0,0
6926,10.0,9.99,10.0,10.0,10.0,10.0,10.0,10.0,10.0,88.8,2.0,4.0,2.0,4.0,1.0,79.2,4.5,67.5,63.9,0.0,0,1,1
27996,9.31,8.69,8.87,9.4,9.0,8.91,8.74,8.66,8.74,84.9,2.0,2.0,3.0,2.0,1.0,81.9,2.4,69.5,60.1,0.0,0,1,1
37613,6.06,6.13,6.05,6.91,5.77,6.14,5.66,5.54,6.14,59.3,0.0,1.0,1.0,1.0,0.0,70.3,1.7,22.1,29.6,0.0,1,0,0
39484,8.97,9.03,9.16,8.63,8.77,9.19,9.16,9.26,9.19,87.3,1.0,3.0,3.0,4.0,1.0,77.6,4.3,58.5,79.6,0.0,0,1,1
3017,5.82,5.34,5.75,5.89,5.49,5.69,5.52,5.74,5.64,82.9,1.0,1.0,2.0,2.0,0.0,71.0,3.1,54.1,62.4,1.0,1,0,0
1641,8.58,7.97,8.91,8.69,8.47,8.1,8.84,7.99,8.29,75.2,0.0,1.0,2.0,1.0,1.0,65.1,2.6,57.7,42.9,1.0,1,1,1
8884,6.56,6.96,6.81,6.92,6.96,6.98,7.25,7.28,7.04,87.9,1.0,2.0,2.0,4.0,2.0,85.6,4.3,57.7,55.5,0.0,0,1,1
37602,6.43,7.01,6.36,5.91,7.0,5.87,6.24,6.41,6.38,73.2,0.0,0.0,2.0,1.0,0.0,41.8,1.5,34.4,30.0,0.0,1,0,0
12970,9.19,9.23,9.3,9.88,9.08,9.07,9.62,9.08,9.18,92.7,2.0,3.0,3.0,4.0,2.0,98.1,4.0,84.8,87.5,0.0,0,1,1
23464,8.85,8.86,8.98,9.65,9.15,9.58,8.94,9.27,9.24,72.8,2.0,3.0,3.0,2.0,2.0,70.3,3.9,78.7,82.3,1.0,0,1,1
15758,7.78,7.75,7.5,8.04,7.86,7.56,8.48,8.07,7.85,77.6,3.0,3.0,2.0,2.0,2.0,83.9,2.9,91.5,72.8,1.0,0,1,1
44077,5.91,5.74,5.93,5.84,5.62,6.31,5.94,6.25,4.21,50.76365791,1.0,1.0,2.0,1.0,1.0,34.6,2.0,9.5,54.6,1.0,1,0,0
4087,9.68,10.0,9.49,9.55,10.0,10.0,10.0,9.92,9.95,87.4,2.0,3.0,4.0,3.0,1.0,73.2,2.7,80.7,70.5,1.0,0,1,1
509,5.29,4.23,4.9,4.71,4.41,5.15,5.0,4.43,4.75,53.4,0.0,1.0,1.0,0.0,0.0,48.8,2.1,29.4,26.4,0.0,1,0,0
6355,6.32,6.33,6.3,6.52,6.3,6.46,6.29,5.76,6.39,54.5,1.0,1.0,1.0,1.0,0.0,44.9,1.5,29.1,25.4,1.0,1,0,0
29645,9.26,9.07,9.42,9.02,9.58,9.54,9.92,9.36,9.16,84.5,1.0,2.0,2.0,2.0,1.0,77.2,4.7,87.9,70.3,1.0,0,1,1
20816,9.37,9.4,9.88,9.58,9.51,9.86,9.3,9.65,9.44,80.8,1.0,1.0,2.0,1.0,1.0,58.1,3.0,55.0,50.9,0.0,1,1,1
6235,7.42,7.01,7.25,7.24,7.03,6.69,7.09,7.14,7.05,75.6,1.0,2.0,3.0,2.0,0.0,71.9,3.0,57.7,55.5,0.0,1,0,1
31990,8.73,8.44,8.75,8.84,9.3,8.58,8.59,8.86,8.8,69.3,2.0,1.0,2.0,2.0,0.0,77.9,3.2,41.0,52.7,0.0,1,1,1
12996,5.39,5.3,5.0,5.35,5.17,5.24,5.29,5.51,5.34,61.6,0.0,1.0,0.0,1.0,1.0,47.0,2.9,23.8,34.4,0.0,1,0,0
42502,7.63,7.38,7.36,7.79,7.66,7.86,7.82,7.53,7.58,87.4,2.0,4.0,3.0,2.0,1.0,95.9,3.7,56.6,69.0,1.0,0,1,1
38921,9.17,9.51,9.76,9.35,9.47,9.09,9.09,9.41,9.3,100.0,2.0,3.0,2.0,3.0,2.0,80.7,4.3,75.1,81.7,1.0,0,1,1
263,9.39,9.31,9.25,9.55,9.17,9.87,9.45,9.44,9.42,86.1,2.0,3.0,3.0,4.0,1.0,81.4,3.1,73.8,67.8,0.0,0,1,1
7892,7.96,8.1,8.06,8.42,8.61,8.28,7.79,8.39,8.16,81.0,2.0,2.0,2.0,2.0,0.0,63.2,4.2,36.6,55.5,1.0,1,1,1
10528,9.3,9.53,9.46,9.35,9.46,9.26,9.9,8.86,9.26,89.2,2.0,3.0,3.0,4.0,1.0,70.3,4.6,57.7,77.8,1.0,0,1,1
18601,9.68,9.44,9.63,9.72,9.32,10.0,9.89,9.66,9.65,91.4,2.0,4.0,2.0,2.0,1.0,84.4,3.6,66.4,60.1,1.0,0,1,1
24115,9.92,10.0,9.85,10.0,10.0,10.0,10.0,10.0,10.0,84.2,2.0,3.0,3.0,4.0,1.0,97.1,4.7,63.6,77.3,1.0,0,1,1
33499,6.49,6.71,6.58,7.12,6.82,7.12,6.52,6.32,6.84,87.3,1.0,1.0,1.0,1.0,0.0,85.3,3.1,65.8,69.5,0.0,1,0,0
13472,7.4,7.57,7.91,7.32,7.43,7.57,7.34,6.77,7.28,75.0,1.0,2.0,2.0,1.0,0.0,68.0,3.1,56.8,63.8,0.0,1,0,1
31726,6.86,6.35,6.4,6.47,5.87,6.05,6.58,5.76,6.45,64.3,0.0,1.0,1.0,0.0,0.0,70.3,1.9,31.8,26.1,1.0,1,0,0
23691,6.86,6.92,7.01,6.61,6.64,6.74,6.5,6.97,6.91,84.4,0.0,3.0,1.0,1.0,1.0,70.3,2.5,46.4,55.5,1.0,1,0,0
10558,5.71,5.52,5.54,5.28,5.27,5.38,5.7,5.4,5.61,65.4,1.0,1.0,1.0,1.0,0.0,44.1,1.9,34.7,26.6,0.0,1,0,0
6557,9.49,9.2,9.02,8.86,8.89,8.64,9.07,8.65,9.11,65.9,0.0,1.0,2.0,0.0,0.0,67.6,3.3,55.8,43.6,0.0,1,1,1
45578,8.12,8.2,8.17,8.27,8.2,8.51,8.21,8.8,8.31,76.2,2.0,3.0,3.0,4.0,2.0,89.4,5.0,79.6,68.8,1.0,0,1,1
41504,5.92,6.65,6.14,6.59,6.35,6.22,6.68,6.25,9.94,85.2,3.0,5.0,2.0,2.0,1.0,99.8,2.7,97.2,51.7,1.0,1,1,1
27873,4.44,4.64,4.53,4.13,4.67,4.41,4.93,4.11,4.61,76.0,0.0,2.0,2.0,2.0,0.0,70.1,4.1,49.7,42.9,1.0,1,0,0
10811,6.24,6.22,5.82,6.09,5.9,6.03,6.22,6.24,6.1,74.7,1.0,2.0,3.0,2.0,0.0,73.5,3.6,56.1,51.5,0.0,1,0,0
38215,8.3,8.52,8.52,9.22,8.75,8.65,8.73,9.25,8.76,79.9,1.0,2.0,2.0,0.0,1.0,75.9,2.2,46.1,55.4,1.0,1,1,1
11731,6.51,6.93,6.63,6.96,6.88,7.54,7.0,6.82,6.8,71.7,1.0,1.0,2.0,1.0,1.0,71.2,2.2,58.9,52.3,1.0,1,0,1
27439,6.5,6.3,6.47,6.19,6.41,6.46,6.08,6.41,6.15,86.6,1.0,2.0,2.0,1.0,1.0,69.5,3.8,56.5,56.1,0.0,1,0,1
21780,9.57,10.0,10.0,9.61,9.81,10.0,10.0,9.48,9.69,84.7,1.0,3.0,1.0,3.0,1.0,73.3,3.3,63.7,74.3,1.0,0,1,1
34080,5.51,5.63,5.28,5.69,5.89,5.26,6.1,6.07,5.74,68.8,1.0,3.0,2.0,1.0,1.0,65.8,2.5,65.5,58.7,1.0,1,0,0
22916,8.41,7.89,8.26,8.63,8.27,8.68,8.38,8.38,8.38,68.3,0.0,2.0,1.0,2.0,0.0,65.7,3.4,52.7,49.3,1.0,1,1,1
8086,6.76,6.09,6.28,5.82,6.15,7.1,6.36,6.75,6.52,79.8,1.0,1.0,2.0,2.0,1.0,77.7,4.3,46.0,48.4,0.0,1,0,1
43468,8.2,9.12,8.72,8.38,9.06,8.93,9.18,8.78,8.74,86.8,2.0,4.0,3.0,3.0,1.0,82.2,4.6,85.5,87.1,1.0,0,1,1
14710,9.44,9.37,9.99,9.2,9.31,9.6,10.0,9.51,9.57,90.7,2.0,4.0,2.0,4.0,1.0,75.4,3.2,80.6,67.5,1.0,0,1,1
15467,6.39,5.63,5.72,5.84,5.75,5.45,5.5,5.57,5.8,66.7,0.0,1.0,1.0,0.0,0.0,59.2,1.5,26.5,38.3,0.0,1,0,0
37173,7.36,7.65,7.48,7.68,7.36,7.16,7.53,7.73,7.52,70.4,1.0,3.0,1.0,1.0,0.0,70.3,4.2,51.1,61.0,0.0,1,0,1
28749,7.22,7.07,7.16,7.37,7.41,7.25,6.95,7.52,9.86,88.3,3.0,5.0,2.0,4.0,1.0,100.0,3.8,95.7,61.4,0.0,0,1,1
3105,9.07,9.09,9.63,9.35,9.76,9.67,9.88,9.54,9.7,84.4,3.0,3.0,3.0,2.0,1.0,85.6,4.3,73.2,89.8,1.0,0,1,1
709,7.13,6.82,7.35,7.13,7.42,7.06,7.79,7.36,7.09,99.9,1.0,5.0,2.0,3.0,2.0,88.1,5.0,78.1,69.6,1.0,0,1,1
38386,8.09,8.17,7.61,7.82,7.77,8.28,7.64,8.2,7.97,91.2,2.0,2.0,3.0,3.0,1.0,72.0,3.8,69.1,74.0,1.0,0,1,1
23445,5.82,5.58,5.9,5.69,5.7,6.14,5.56,5.74,5.79,71.5,0.0,1.0,1.0,0.0,0.0,54.1,1.8,57.7,30.6,0.0,1,0,0
26511,9.05,8.78,9.27,9.29,9.18,8.43,8.93,9.02,9.27,100.0,1.0,3.0,3.0,4.0,1.0,74.0,2.9,75.8,77.0,0.0,0,1,1
8467,7.67,7.64,7.41,7.38,7.49,7.47,7.36,7.38,7.6,87.2,1.0,2.0,2.0,2.0,0.0,60.4,2.2,58.1,55.5,1.0,1,0,1
6231,6.62,6.93,7.23,7.02,6.84,6.97,6.51,6.71,6.86,87.1,0.0,2.0,1.0,1.0,0.0,68.8,2.2,71.3,47.2,0.0,1,0,0
46359,6.31,6.57,5.77,6.73,5.75,6.09,5.82,6.32,5.97,61.2,0.0,1.0,2.0,0.0,0.0,70.3,2.4,26.7,28.8,0.0,1,0,0
39358,7.36,8.03,8.14,7.6,8.06,7.45,7.68,7.95,7.92,69.0,1.0,1.0,2.0,0.0,1.0,73.2,3.2,57.7,45.4,0.0,1,0,1
16387,8.28,8.77,8.27,9.0,8.75,9.01,8.26,8.66,8.52,95.4,2.0,4.0,3.0,2.0,2.0,73.0,5.0,76.6,78.2,1.0,0,1,1
34166,8.43,8.85,8.73,8.61,8.66,8.21,8.61,9.27,8.86,88.8,2.0,4.0,2.0,3.0,1.0,73.1,4.2,88.5,55.5,0.0,0,1,1
4169,9.58,9.54,8.97,9.25,9.36,9.42,9.17,9.45,9.35,81.1,2.0,2.0,3.0,4.0,2.0,69.2,4.7,81.8,81.9,1.0,0,1,1
5804,4.85,5.33,5.31,5.48,5.83,5.8,4.95,5.11,5.33,65.4,0.0,1.0,0.0,1.0,0.0,55.2,2.1,26.5,27.1,0.0,1,0,0
12754,9.08,9.41,9.46,9.12,9.53,9.29,10.0,9.77,9.24,85.4,1.0,3.0,4.0,3.0,2.0,87.5,5.0,80.5,85.7,1.0,0,1,1
2190,7.63,7.47,7.85,7.97,7.75,7.68,7.23,7.47,7.89,77.2,0.0,2.0,2.0,1.0,0.0,70.3,3.3,47.1,54.7,1.0,1,0,1
12188,6.7,6.89,7.43,6.53,6.81,7.34,6.62,6.69,6.85,77.8,1.0,2.0,2.0,1.0,0.0,70.3,2.8,55.7,49.4,1.0,1,0,1
31728,6.03,6.88,6.31,6.1,7.06,7.01,6.77,6.4,6.6,72.3,3.0,3.0,3.0,3.0,2.0,79.3,5.0,72.3,72.8,1.0,0,1,1
19246,5.19,6.65,5.5,5.73,5.02,5.57,5.35,5.72,9.85,60.1,3.0,5.0,0.0,1.0,0.0,99.3,1.9,95.8,33.1,0.0,1,0,0
37867,6.02,6.17,6.25,6.26,6.05,5.8,6.38,5.9,6.12,68.6,1.0,0.0,0.0,0.0,0.0,37.9,2.7,31.3,28.3,0.0,1,0,0
43515,7.87,7.93,7.73,7.84,7.93,8.25,8.73,8.45,8.14,80.3,2.0,4.0,3.0,3.0,1.0,61.6,3.6,87.5,81.0,1.0,0,1,1
8719,6.38,6.67,6.21,6.11,6.87,6.32,6.61,6.64,6.43,61.6,0.0,1.0,0.0,1.0,0.0,47.4,2.5,25.9,27.5,1.0,1,0,0
28825,6.85,6.79,6.56,7.13,6.86,6.78,7.03,6.49,6.82,78.8,2.0,2.0,2.0,2.0,1.0,74.1,3.6,51.8,55.5,0.0,1,0,1
24469,6.81,7.21,6.89,7.02,7.13,7.66,6.86,6.66,7.17,73.1,1.0,2.0,2.0,1.0,1.0,70.3,2.1,59.4,53.5,0.0,1,0,1
48253,10.0,10.0,10.0,10.0,10.0,10.0,10.0,10.0,9.8,86.1,1.0,4.0,1.0,4.0,2.0,89.0,2.9,87.3,73.3,1.0,0,1,1
7202,8.39,8.66,8.63,8.16,9.03,8.79,8.99,8.48,8.68,85.8,3.0,1.0,4.0,3.0,1.0,75.6,4.7,83.4,84.6,1.0,0,1,1
9283,6.33,6.04,6.04,6.35,5.44,6.25,5.54,5.62,5.88,71.7,1.0,2.0,2.0,2.0,0.0,80.5,3.5,43.9,41.5,1.0,1,0,0
26821,7.11,8.14,7.9,7.93,8.1,7.64,8.31,7.55,7.98,90.1,1.0,3.0,3.0,4.0,1.0,74.9,3.1,80.5,62.4,1.0,0,1,1
27374,7.14,7.16,7.59,7.58,8.51,7.39,7.82,7.42,7.69,79.4,1.0,2.0,1.0,2.0,1.0,60.6,2.2,61.7,46.4,0.0,1,0,0
22493,5.27,5.7,5.9,5.03,5.53,4.89,5.27,5.71,9.74,63.7,3.0,5.0,0.0,0.0,0.0,97.4,1.9,98.1,55.5,0.0,1,0,0
45638,8.92,8.79,8.68,8.47,9.82,8.9,9.06,8.94,8.89,88.1,2.0,3.0,2.0,3.0,0.0,86.2,4.6,81.6,81.4,1.0,0,1,1
45880,8.44,8.15,8.48,8.31,8.14,8.76,8.14,9.14,8.34,83.9,1.0,3.0,2.0,5.0,1.0,82.9,3.8,78.0,49.2,0.0,0,1,1
29340,7.92,7.8,8.04,7.31,7.67,7.75,7.48,7.44,7.67,76.0,1.0,2.0,3.0,2.0,0.0,62.0,2.4,60.8,53.3,0.0,1,1,1
46548,7.02,7.29,6.74,7.12,7.52,7.09,6.95,7.19,4.24,54.70946373,0.0,0.0,2.0,1.0,0.0,32.2,2.1,9.7,30.2,0.0,1,0,0
10804,5.03,6.13,5.37,5.36,5.13,4.82,4.76,5.15,5.21,59.3,1.0,1.0,0.0,1.0,0.0,40.2,1.5,29.5,27.6,0.0,1,0,0
20965,6.25,5.96,6.33,6.22,6.05,4.99,5.96,5.41,5.99,61.7,0.0,0.0,0.0,1.0,0.0,39.5,2.2,30.8,38.8,1.0,1,0,0
30033,6.84,6.95,7.46,6.48,7.4,7.0,6.77,6.25,6.89,61.2,1.0,1.0,0.0,1.0,0.0,46.4,1.1,25.3,29.4,0.0,1,0,0
5223,9.32,9.8,9.32,9.83,9.91,9.46,9.76,9.65,9.58,97.5,1.0,3.0,3.0,3.0,2.0,70.3,3.4,84.6,70.2,0.0,0,1,1
660,7.22,7.71,7.88,7.68,6.98,7.47,7.71,7.54,7.68,83.3,1.0,2.0,1.0,1.0,1.0,53.6,1.9,60.9,50.6,0.0,1,0,1
33246,6.98,6.7,7.42,7.02,7.42,6.93,7.54,7.63,7.17,65.9,1.0,2.0,2.0,2.0,1.0,58.2,2.9,55.2,56.4,1.0,1,0,1
5866,7.08,6.95,6.64,7.0,6.94,7.55,6.96,7.12,9.99,67.1,3.0,5.0,1.0,2.0,0.0,99.7,3.8,95.7,49.8,1.0,1,1,1
48872,5.16,5.27,5.55,5.03,4.77,5.56,5.0,5.37,5.16,58.1,1.0,1.0,1.0,0.0,0.0,46.2,1.5,26.9,55.5,1.0,1,0,0
22986,6.55,6.23,6.4,6.48,6.6,6.18,6.13,6.25,6.42,70.8,1.0,2.0,0.0,1.0,0.0,70.3,3.3,58.0,54.5,1.0,1,0,1
28881,6.8,6.7,6.63,7.04,6.98,7.15,7.1,7.39,6.89,97.7,1.0,3.0,2.0,2.0,0.0,63.1,2.9,55.3,46.3,1.0,1,0,1
47088,8.3,7.93,7.94,8.07,8.26,8.24,7.95,8.39,8.12,84.9,0.0,2.0,2.0,2.0,0.0,66.6,3.7,49.4,53.7,0.0,1,1,1
26528,5.33,5.14,4.76,5.05,5.22,5.0,4.95,5.0,9.72,52.3,3.0,5.0,0.0,0.0,0.0,98.6,2.2,96.5,31.5,0.0,1,0,0
9648,6.85,6.39,6.81,6.67,6.85,6.97,6.78,7.17,6.74,68.5,1.0,2.0,2.0,2.0,0.0,68.3,3.5,55.2,44.5,0.0,1,0,1
49546,7.87,8.39,7.95,8.41,9.2,8.4,8.12,8.71,8.46,77.5,2.0,3.0,2.0,3.0,2.0,92.1,4.1,81.3,55.5,1.0,0,1,1
32375,6.28,5.84,6.1,5.6,5.57,4.97,5.81,5.2,5.58,61.3,0.0,1.0,1.0,0.0,0.0,53.0,1.9,21.8,55.5,0.0,1,0,0
26159,6.38,5.8,5.71,5.93,5.96,6.04,5.85,6.29,5.96,59.9,0.0,1.0,0.0,0.0,0.0,45.7,2.1,25.6,55.5,0.0,1,0,0
11712,6.89,7.12,6.64,7.0,6.83,7.17,7.49,7.8,7.18,84.8,3.0,3.0,4.0,2.0,2.0,66.5,3.9,63.8,86.2,1.0,0,1,1
27239,5.12,5.3,5.36,5.4,5.47,5.04,5.23,5.52,5.37,80.4,0.0,2.0,1.0,1.0,1.0,70.3,4.0,53.7,58.3,0.0,1,0,0
18354,4.34,4.7,4.51,4.73,4.98,4.59,5.28,4.65,4.98,53.5,1.0,0.0,0.0,0.0,0.0,51.3,1.2,25.6,28.9,0.0,1,0,0
49515,8.86,8.47,8.13,7.7,8.19,8.37,8.21,8.24,8.25,82.8,1.0,2.0,2.0,1.0,0.0,64.6,2.9,54.0,63.4,1.0,1,1,1
21725,6.27,6.21,6.47,6.68,5.88,6.96,6.95,6.73,6.65,71.9,0.0,3.0,1.0,1.0,1.0,61.8,1.7,44.2,55.5,1.0,1,0,0
25925,6.94,7.61,7.17,7.25,6.9,7.1,6.97,7.41,7.12,83.6,1.0,3.0,2.0,1.0,0.0,73.1,2.9,45.5,58.9,0.0,1,0,1
41390,9.78,9.87,10.0,9.8,10.0,10.0,9.79,9.79,9.8,62.0,1.0,5.0,2.0,4.0,2.0,82.5,4.3,77.5,79.2,1.0,0,1,1
4773,9.88,9.85,10.0,10.0,9.98,10.0,10.0,10.0,9.77,94.7,2.0,3.0,4.0,2.0,1.0,65.2,4.7,92.1,89.5,1.0,0,1,1
35205,8.78,9.84,9.1,9.65,9.54,9.33,9.24,9.94,9.45,100.0,2.0,3.0,4.0,4.0,1.0,78.4,5.0,91.1,54.9,1.0,0,1,1
27879,9.6,9.54,8.9,8.79,9.62,9.85,9.48,9.5,9.22,86.6,2.0,4.0,2.0,2.0,2.0,92.4,3.0,84.0,83.8,0.0,0,1,1
5875,7.9,7.33,7.63,7.59,8.22,7.8,7.66,8.25,4.31,53.43910707,1.0,3.0,1.0,2.0,0.0,32.3,2.6,0.3,48.2,1.0,1,0,1
17805,6.78,7.34,6.41,6.56,7.14,6.74,6.21,6.26,6.58,68.2,0.0,1.0,0.0,1.0,0.0,51.4,1.5,21.0,29.2,0.0,1,0,0
34224,7.18,7.52,7.46,7.34,7.68,8.1,8.38,8.22,7.73,88.8,2.0,3.0,3.0,3.0,1.0,84.6,2.8,77.7,57.0,1.0,0,1,1
7842,5.43,5.65,5.39,5.27,5.34,5.86,5.52,5.06,5.55,85.3,0.0,1.0,1.0,2.0,0.0,61.3,3.1,52.3,48.1,1.0,1,0,0
15923,8.74,7.83,8.33,8.86,9.29,8.91,8.83,9.1,8.66,94.4,2.0,4.0,4.0,3.0,1.0,85.7,4.8,66.9,71.1,0.0,0,1,1
28367,5.36,4.44,4.86,4.51,5.28,5.2,5.64,4.89,4.81,79.8,0.0,2.0,2.0,2.0,1.0,75.4,3.2,52.7,56.6,0.0,1,0,0
12084,6.57,6.99,7.31,7.18,7.4,7.4,7.5,7.41,7.34,91.5,2.0,5.0,2.0,2.0,1.0,72.8,2.7,87.1,55.5,1.0,0,1,1
20034,4.81,5.03,5.18,5.42,5.38,5.71,5.0,4.81,5.2,77.3,1.0,2.0,2.0,2.0,1.0,55.4,2.5,55.8,51.5,1.0,1,0,0
14488,5.66,6.1,5.56,5.13,5.87,5.84,5.54,5.54,5.78,56.0,0.0,1.0,0.0,0.0,0.0,43.0,1.3,25.4,21.1,0.0,1,0,0
20819,9.0,8.64,8.26,8.55,8.67,8.72,8.88,8.32,8.65,71.4,1.0,1.0,2.0,3.0,0.0,64.2,3.4,57.7,51.8,0.0,1,1,1
37518,6.47,5.77,6.07,5.91,6.7,6.02,6.34,6.48,6.15,68.9,1.0,2.0,2.0,2.0,2.0,57.6,3.1,45.0,44.6,0.0,1,0,0
44236,7.95,6.85,7.04,7.58,7.53,7.54,7.68,6.74,7.39,83.3,1.0,2.0,2.0,2.0,0.0,65.9,2.6,64.7,40.8,0.0,1,0,1
48651,6.2,5.74,6.25,6.64,6.55,5.76,6.56,5.36,6.01,71.2,1.0,1.0,1.0,2.0,1.0,64.4,2.5,62.5,52.0,1.0,1,0,0
36236,7.58,7.53,7.82,8.11,7.84,8.4,7.91,8.06,7.93,81.7,1.0,1.0,1.0,2.0,0.0,67.5,2.2,57.7,62.6,1.0,1,1,1
21070,6.64,7.11,6.88,7.27,7.17,6.77,6.73,7.24,7.0,77.1,1.0,2.0,1.0,2.0,1.0,68.2,3.8,51.0,56.9,0.0,1,0,1
9524,9.76,9.89,10.0,10.0,9.66,9.63,10.0,9.65,9.79,62.8,1.0,1.0,2.0,1.0,1.0,60.3,3.7,54.9,55.5,1.0,1,1,1
32756,8.94,8.93,9.09,9.18,8.79,9.25,9.74,9.22,9.27,88.8,2.0,5.0,3.0,2.0,2.0,86.5,5.0,83.5,75.8,1.0,0,1,1
12054,6.78,7.18,6.41,7.6,6.65,6.94,7.18,6.83,7.01,81.4,1.0,2.0,1.0,3.0,1.0,65.1,3.8,57.4,62.0,1.0,1,0,1
23594,8.97,9.23,9.2,9.31,9.31,9.13,9.62,9.34,9.3,93.5,1.0,3.0,3.0,2.0,1.0,91.6,3.1,73.5,89.0,1.0,0,1,1
8038,4.86,4.57,4.29,4.08,4.32,4.42,4.5,4.38,4.36,64.8,0.0,1.0,2.0,0.0,0.0,44.5,1.7,29.6,26.1,0.0,1,0,0
46977,8.52,8.45,8.48,8.47,8.37,8.9,8.77,8.87,8.58,61.2,1.0,2.0,2.0,2.0,1.0,63.1,2.7,45.9,40.5,1.0,1,1,1
16400,6.5,6.5,6.47,6.41,6.26,6.65,6.4,6.01,6.42,65.8,0.0,1.0,1.0,1.0,0.0,54.5,1.6,30.9,29.5,1.0,1,0,0
45786,8.29,8.37,8.55,7.7,8.85,8.67,8.69,9.01,8.56,63.3,1.0,2.0,2.0,1.0,0.0,70.3,3.5,58.4,57.4,0.0,1,1,1
34616,4.95,5.18,4.62,5.2,5.36,4.92,5.14,4.74,4.92,73.4,1.0,2.0,2.0,2.0,1.0,65.0,3.5,44.0,51.0,1.0,1,0,0
7625,7.77,7.6,7.68,8.33,8.35,7.31,7.57,8.47,8.09,75.6,1.0,2.0,1.0,2.0,1.0,68.9,2.3,56.1,55.5,0.0,1,1,1
13662,8.92,9.13,8.72,8.34,8.95,9.28,8.63,8.73,8.77,88.6,1.0,3.0,3.0,4.0,2.0,73.6,2.4,79.7,84.5,1.0,0,1,1
37737,6.21,5.56,5.37,5.8,5.53,6.75,5.89,6.03,5.72,91.3,2.0,2.0,2.0,3.0,1.0,84.9,3.7,76.0,55.5,1.0,0,0,1
26542,6.86,6.81,6.63,6.66,6.19,6.51,6.92,6.58,6.47,77.9,1.0,1.0,2.0,3.0,1.0,70.3,2.8,57.1,55.5,1.0,1,0,0
13268,6.32,7.0,6.39,6.34,6.58,6.69,6.13,6.76,6.39,67.6,1.0,0.0,1.0,2.0,1.0,76.6,2.0,51.7,63.0,1.0,1,0,0
18083,7.15,7.59,7.49,6.58,7.08,7.61,7.55,7.0,7.18,78.6,1.0,2.0,2.0,1.0,1.0,66.3,3.4,60.5,44.4,0.0,1,0,1
48086,6.59,6.99,6.9,6.9,6.8,7.19,7.32,7.53,6.98,93.0,1.0,4.0,3.0,3.0,1.0,86.8,3.1,81.9,62.9,1.0,0,1,1
42768,6.12,5.38,5.58,6.14,5.85,6.11,6.11,5.52,5.81,77.1,1.0,2.0,2.0,2.0,1.0,76.9,2.7,56.8,51.9,1.0,1,0,0
4071,7.53,7.53,7.91,7.77,7.8,8.6,8.78,7.48,7.95,93.9,2.0,4.0,4.0,4.0,1.0,89.5,5.0,69.6,69.9,0.0,0,1,1
16287,5.57,5.72,5.97,5.64,6.01,5.77,5.72,5.31,5.75,53.8,0.0,1.0,0.0,0.0,1.0,70.3,3.1,34.0,26.9,0.0,1,0,0
1119,7.53,7.77,8.27,7.76,7.33,7.67,8.78,8.45,7.97,70.3,2.0,3.0,2.0,2.0,2.0,70.3,3.5,74.8,72.9,1.0,0,1,1
10075,4.43,4.49,4.27,4.3,4.62,4.39,4.21,4.13,4.5,50.0,0.0,0.0,0.0,0.0,0.0,44.8,1.6,25.9,23.9,1.0,1,0,0
11374,8.48,8.78,8.65,8.56,8.79,8.41,8.32,8.44,8.48,78.1,2.0,1.0,2.0,2.0,0.0,54.2,4.0,51.7,69.0,1.0,1,1,1
32685,5.98,6.44,6.36,6.19,6.28,6.09,6.05,6.6,4.2,54.55335576,1.0,2.0,1.0,2.0,1.0,30.8,2.9,1.2,55.5,1.0,1,0,0
46434,7.2,6.56,6.82,6.71,6.74,6.41,6.45,6.4,6.73,85.2,1.0,2.0,2.0,2.0,1.0,69.7,2.9,55.4,45.0,0.0,1,0,1
25350,9.22,9.59,9.32,9.42,9.02,9.24,9.33,9.53,9.29,92.3,2.0,3.0,4.0,4.0,2.0,85.5,4.1,66.3,72.0,1.0,0,1,1
6716,6.94,7.02,6.93,7.01,6.89,6.8,6.9,6.75,6.86,73.9,1.0,1.0,2.0,1.0,1.0,72.6,3.4,55.7,49.0,1.0,1,0,0
34568,6.73,7.6,7.28,6.84,7.35,7.04,6.69,7.03,6.97,73.3,1.0,2.0,2.0,1.0,1.0,65.3,3.5,57.7,44.1,0.0,1,0,1
1031,9.59,10.0,10.0,10.0,10.0,10.0,10.0,10.0,9.64,91.7,2.0,3.0,3.0,3.0,2.0,82.2,2.3,71.4,65.5,0.0,0,1,1
22754,5.31,5.75,5.7,6.06,6.01,6.18,5.93,5.32,5.69,74.3,1.0,2.0,1.0,2.0,0.0,58.1,3.1,62.9,57.0,1.0,1,0,0
11762,7.97,8.02,7.48,8.06,8.25,8.42,7.86,8.34,8.15,96.5,1.0,3.0,4.0,3.0,1.0,94.8,5.0,65.3,74.7,1.0,0,1,1
35897,8.82,9.31,9.22,8.5,8.89,9.46,9.53,9.15,8.97,91.2,1.0,4.0,3.0,4.0,1.0,85.7,4.3,73.8,69.4,1.0,0,1,1
14493,9.17,8.7,8.69,8.87,9.62,9.03,9.07,9.48,8.83,98.8,2.0,3.0,3.0,4.0,2.0,77.1,3.2,91.4,68.1,1.0,0,1,1
25086,4.88,5.42,4.34,5.42,4.72,4.62,4.66,4.52,4.87,67.8,1.0,2.0,2.0,1.0,1.0,74.3,2.6,55.7,55.5,1.0,1,0,0
20396,6.18,5.97,6.17,5.62,6.38,6.47,6.44,7.01,6.21,76.5,1.0,2.0,1.0,1.0,0.0,66.9,2.2,56.3,52.2,1.0,1,0,0
4814,7.88,7.32,7.9,7.94,7.88,7.79,7.83,7.66,7.71,86.3,0.0,2.0,2.0,3.0,0.0,71.7,3.4,62.3,60.2,1.0,1,1,0
8995,8.99,9.01,9.29,9.08,9.52,9.61,9.48,9.25,9.26,87.1,1.0,3.0,2.0,3.0,2.0,86.1,4.6,83.0,79.7,1.0,0,1,1
49692,8.26,7.04,7.81,8.13,8.08,7.81,7.63,7.09,7.94,83.3,2.0,2.0,3.0,3.0,1.0,70.3,5.0,78.8,68.0,1.0,0,1,1
21375,9.06,9.38,9.06,9.29,8.42,9.3,9.2,8.81,9.2,68.6,1.0,2.0,2.0,2.0,0.0,70.3,2.1,58.5,51.7,0.0,1,1,1
30243,6.84,6.95,6.5,6.24,6.55,6.8,7.0,7.14,6.71,53.3,0.0,0.0,0.0,0.0,0.0,47.8,2.0,23.5,28.4,0.0,1,0,0
47579,6.41,6.18,6.51,6.5,6.46,6.19,6.71,5.75,6.33,71.0,1.0,1.0,1.0,2.0,1.0,71.8,2.8,65.2,55.0,0.0,1,0,1
1165,9.0,9.04,9.19,8.83,9.29,9.4,8.95,8.98,9.03,80.1,1.0,2.0,3.0,2.0,1.0,82.3,3.1,71.4,75.9,0.0,0,1,1
24811,10.0,10.0,9.9,10.0,9.96,10.0,10.0,10.0,10.0,95.0,2.0,4.0,3.0,3.0,2.0,72.9,5.0,73.3,76.3,0.0,0,1,1
21110,5.96,5.87,6.46,5.72,6.08,5.72,6.08,6.21,5.97,82.7,1.0,2.0,2.0,2.0,1.0,63.2,2.0,40.1,51.8,0.0,1,0,0
3698,7.34,7.29,7.48,7.44,7.93,6.95,7.14,7.11,7.16,71.2,1.0,2.0,2.0,2.0,1.0,58.3,3.3,42.9,58.0,1.0,1,0,1
11439,4.53,4.81,4.54,4.44,4.02,4.45,4.4,4.44,4.37,52.5,0.0,1.0,1.0,1.0,0.0,59.3,2.6,32.7,55.5,0.0,1,0,0
4470,6.19,5.41,4.95,5.38,5.74,5.77,5.38,5.17,5.53,50.0,0.0,0.0,0.0,0.0,0.0,51.6,2.2,36.2,27.4,0.0,1,0,0
9808,7.93,8.18,7.59,7.17,7.99,7.42,8.18,7.63,7.66,72.5,1.0,2.0,2.0,2.0,1.0,78.8,3.8,39.5,58.3,0.0,1,1,1
47768,9.51,9.98,9.86,10.0,10.0,9.88,9.69,10.0,9.86,77.8,1.0,1.0,1.0,2.0,0.0,63.9,3.2,57.1,55.5,1.0,1,1,1
6749,5.37,5.74,5.65,5.42,5.52,5.48,5.04,5.38,5.51,65.0,0.0,0.0,0.0,0.0,0.0,56.9,1.6,28.1,36.9,0.0,1,0,0
49185,7.09,7.01,7.07,7.32,6.87,7.34,7.43,6.74,7.04,91.9,1.0,1.0,2.0,2.0,0.0,62.0,2.7,64.1,50.7,0.0,1,0,0
17379,4.25,4.0,4.0,4.0,4.0,4.33,4.0,4.0,4.0,52.3,0.0,0.0,0.0,0.0,0.0,38.8,2.3,30.9,55.5,1.0,1,0,0
36885,5.78,6.13,6.25,5.48,5.8,5.59,5.74,5.66,5.73,54.1,0.0,1.0,1.0,1.0,0.0,45.0,1.4,31.4,21.8,0.0,1,0,0
13357,5.84,5.84,6.27,6.55,6.0,6.69,6.73,5.96,6.17,82.4,1.0,3.0,3.0,2.0,2.0,96.0,4.2,66.7,55.5,1.0,0,0,1
32405,7.69,7.16,7.53,8.02,7.95,7.7,7.49,7.95,9.95,67.8,3.0,5.0,2.0,2.0,0.0,98.3,3.1,96.3,38.9,0.0,1,1,1
42455,6.18,5.94,5.55,6.22,6.04,6.28,5.7,6.13,5.83,67.3,1.0,2.0,1.0,2.0,1.0,64.9,2.5,62.6,59.6,1.0,1,0,0
46066,5.85,5.93,6.3,6.03,5.82,6.14,6.26,6.21,5.98,85.9,1.0,2.0,2.0,2.0,0.0,69.4,3.1,39.3,57.8,0.0,1,0,0
11539,4.39,5.08,4.76,5.11,4.99,4.37,4.6,4.8,4.82,71.1,1.0,2.0,2.0,1.0,0.0,69.4,2.4,51.6,47.4,0.0,1,0,0
2009,9.92,9.56,10.0,9.78,10.0,10.0,10.0,9.61,9.84,95.4,1.0,4.0,2.0,3.0,2.0,89.1,4.3,69.1,71.6,1.0,0,1,1
3222,6.77,7.55,7.66,7.24,7.45,7.22,7.16,7.22,7.35,87.4,2.0,3.0,3.0,3.0,2.0,76.8,5.0,74.7,62.1,1.0,0,1,1
44997,8.13,7.82,8.59,8.37,8.64,8.74,8.92,8.75,8.47,92.0,2.0,2.0,4.0,3.0,2.0,89.4,3.8,68.5,72.5,1.0,0,1,1
18763,6.76,5.75,5.81,5.41,6.5,6.03,6.16,6.11,6.12,79.2,1.0,2.0,1.0,2.0,1.0,58.4,2.2,63.3,52.0,0.0,1,0,0
14166,5.1,5.45,5.82,5.52,5.47,5.31,5.7,5.56,5.48,67.9,1.0,1.0,2.0,2.0,1.0,73.3,3.1,71.3,57.6,0.0,1,0,0
40684,9.97,10.0,10.0,10.0,10.0,10.0,10.0,10.0,9.85,100.0,3.0,5.0,3.0,2.0,1.0,70.3,3.9,85.2,68.3,0.0,0,1,1
25081,4.95,4.49,4.71,4.65,4.5,4.87,4.44,4.6,4.59,58.0,1.0,1.0,1.0,1.0,0.0,43.6,1.7,29.0,26.0,1.0,1,0,0
1823,6.87,6.97,7.15,7.67,7.54,7.0,6.87,6.96,7.11,70.8,0.0,2.0,3.0,2.0,1.0,77.3,2.0,54.9,51.5,1.0,1,0,1
44662,6.88,6.33,6.82,6.62,6.9,7.47,6.97,6.81,6.96,73.3,0.0,2.0,1.0,1.0,0.0,69.4,3.1,61.4,48.5,0.0,1,0,1
6849,7.92,8.32,8.01,8.24,7.84,8.22,8.1,8.25,8.08,74.0,0.0,3.0,2.0,1.0,1.0,56.4,2.8,55.3,46.7,1.0,1,1,1
12636,8.74,8.58,8.73,9.01,8.99,9.1,8.45,9.24,8.95,100.0,2.0,4.0,2.0,3.0,1.0,70.3,3.4,72.5,79.1,1.0,0,1,1
37669,5.25,4.88,4.95,5.15,5.05,5.56,5.23,5.09,5.27,77.4,1.0,2.0,1.0,2.0,0.0,65.8,2.5,53.1,55.5,0.0,1,0,0
6096,7.43,6.78,7.76,7.26,7.36,7.55,7.18,6.92,7.36,71.9,1.0,2.0,2.0,2.0,1.0,78.1,2.2,56.2,50.1,0.0,1,0,1
39249,9.33,9.31,9.04,8.83,8.5,8.96,9.67,8.77,9.07,85.1,2.0,1.0,1.0,2.0,1.0,73.7,3.4,56.7,45.2,1.0,1,1,1
10578,4.96,4.91,5.37,4.92,5.0,4.71,4.92,5.16,4.93,60.5,1.0,0.0,1.0,0.0,1.0,38.5,1.6,30.2,25.5,0.0,1,0,0
31075,6.64,6.52,6.8,7.11,6.47,7.08,6.82,6.64,6.83,70.7,2.0,1.0,2.0,1.0,0.0,78.1,2.9,54.4,45.6,0.0,1,0,1
29113,8.08,8.05,7.81,8.3,8.46,8.45,8.23,8.05,8.15,95.3,2.0,4.0,2.0,4.0,1.0,71.4,3.9,76.8,81.7,1.0,0,1,1
10193,7.69,7.93,7.55,8.12,8.07,7.62,8.14,7.9,7.93,83.7,2.0,3.0,3.0,4.0,2.0,77.9,3.0,73.0,72.1,1.0,0,1,1
315,5.01,4.98,4.41,5.25,4.54,4.69,4.87,4.53,4.8,61.8,1.0,1.0,1.0,1.0,0.0,41.2,1.5,27.2,32.7,0.0,1,0,0
11450,6.01,6.65,5.99,5.84,6.48,5.85,5.86,5.63,6.08,68.5,1.0,0.0,2.0,0.0,0.0,53.2,2.1,28.2,28.7,0.0,1,0,0
30746,6.8,6.25,5.92,6.45,6.77,6.39,6.01,6.19,6.15,57.7,0.0,1.0,0.0,0.0,0.0,47.6,2.2,30.3,38.3,0.0,1,0,0
29703,6.19,6.5,6.65,6.35,6.41,6.31,6.74,6.45,6.32,88.1,1.0,2.0,2.0,2.0,1.0,70.3,3.2,59.6,45.6,1.0,1,0,0
27659,5.08,5.07,4.71,4.99,4.76,5.09,4.9,5.43,9.96,59.7,3.0,5.0,1.0,1.0,0.0,96.5,2.0,95.7,26.6,0.0,1,0,0
23686,10.0,10.0,10.0,10.0,10.0,10.0,10.0,9.97,9.91,78.1,2.0,3.0,3.0,2.0,2.0,63.3,3.1,79.6,63.0,1.0,0,1,1
28376,5.85,6.42,6.73,7.19,6.99,7.01,6.35,6.68,6.73,82.8,1.0,3.0,3.0,3.0,1.0,78.5,3.6,79.5,71.4,1.0,0,1,1
3086,6.94,6.36,6.68,6.93,6.6,6.83,7.03,6.78,6.87,62.3,1.0,1.0,2.0,1.0,1.0,64.3,3.3,70.7,47.3,1.0,1,0,1
49372,6.68,6.99,6.92,6.99,7.13,7.06,7.14,7.59,6.96,67.1,1.0,2.0,2.0,2.0,1.0,61.1,2.6,56.6,46.9,0.0,1,0,0
3752,4.63,5.83,5.59,5.88,5.82,4.88,6.2,4.72,5.34,51.9,0.0,0.0,1.0,1.0,0.0,48.7,2.1,28.4,26.2,0.0,1,0,0
5049,9.37,9.75,9.53,9.57,9.75,9.54,9.49,9.85,9.74,86.0,2.0,3.0,3.0,3.0,1.0,93.8,3.1,97.4,82.7,0.0,0,1,1
29187,6.98,7.05,7.23,7.8,7.19,7.02,7.32,6.92,6.95,73.0,1.0,1.0,2.0,2.0,1.0,57.5,2.5,45.7,50.8,0.0,1,0,1
30709,6.76,7.39,7.54,6.59,7.06,7.05,6.76,6.74,6.99,74.1,1.0,3.0,1.0,2.0,0.0,72.5,3.9,51.5,47.5,0.0,1,0,1
20147,6.27,6.79,6.58,6.25,5.55,6.39,6.31,6.2,6.24,66.5,0.0,0.0,0.0,1.0,0.0,44.6,1.2,31.1,31.9,1.0,1,0,0
32250,7.52,8.17,8.06,8.4,8.39,8.42,8.25,8.15,8.06,82.5,1.0,3.0,3.0,3.0,1.0,92.7,4.4,70.5,69.4,1.0,0,1,1
4970,4.08,4.28,4.08,4.0,4.24,4.29,4.63,4.0,4.13,68.4,1.0,1.0,2.0,0.0,0.0,56.5,2.6,48.8,55.5,1.0,1,0,0
30526,5.11,5.28,5.03,5.17,5.06,5.13,5.74,6.23,5.25,80.6,1.0,1.0,2.0,3.0,0.0,60.9,3.1,62.8,44.2,0.0,1,0,0
18495,7.25,7.48,7.4,7.5,7.64,7.82,7.48,7.28,7.56,75.6,1.0,2.0,2.0,2.0,1.0,61.8,3.3,57.7,63.8,0.0,1,1,1
38065,6.08,6.66,6.49,6.94,6.96,6.9,6.71,6.19,6.48,74.8,0.0,2.0,2.0,2.0,1.0,65.5,3.3,57.7,58.5,1.0,1,0,1
41837,6.0,6.2,5.75,6.21,6.63,6.09,6.34,5.74,6.15,53.0,0.0,1.0,0.0,0.0,0.0,54.9,1.8,32.3,27.4,0.0,1,0,0
32753,4.9,4.33,4.56,4.46,4.56,4.22,4.62,4.53,4.5,56.9,0.0,1.0,0.0,1.0,0.0,54.0,1.3,32.6,30.1,0.0,1,0,0
20074,9.74,9.96,10.0,9.98,9.51,9.8,10.0,10.0,9.81,81.1,0.0,2.0,2.0,2.0,1.0,67.1,3.5,52.3,49.4,1.0,1,1,1
26274,8.63,8.26,8.43,8.28,8.59,8.86,8.27,8.77,8.78,85.6,2.0,3.0,2.0,5.0,3.0,79.4,4.5,65.9,86.5,1.0,0,1,1
13650,8.86,8.79,8.31,8.05,8.98,9.06,8.46,8.97,8.61,66.2,1.0,2.0,2.0,2.0,1.0,75.2,3.1,37.6,55.5,1.0,1,1,0
25534,9.86,10.0,10.0,9.94,10.0,9.71,10.0,10.0,9.8,83.3,3.0,5.0,3.0,4.0,1.0,98.8,4.3,96.0,61.8,1.0,0,1,1
17522,6.52,6.7,6.57,6.32,5.98,6.86,6.58,6.08,6.5,82.2,1.0,1.0,1.0,2.0,0.0,65.4,3.2,58.1,52.8,0.0,1,0,1
25481,8.23,7.93,7.93,8.11,7.98,8.54,8.62,8.54,8.21,82.9,2.0,4.0,3.0,3.0,0.0,99.4,4.5,66.8,55.5,1.0,0,1,1
48235,8.49,8.62,8.59,7.58,8.83,8.53,8.76,8.44,8.77,87.5,0.0,2.0,3.0,2.0,1.0,82.3,3.6,79.5,55.5,1.0,0,1,1
48788,7.55,7.37,7.35,7.88,7.86,7.08,7.53,7.34,7.49,78.7,2.0,2.0,2.0,2.0,0.0,68.8,3.3,57.3,43.0,1.0,1,1,1
32390,7.79,7.39,6.93,7.43,7.52,7.81,7.29,7.82,7.53,89.9,2.0,3.0,3.0,3.0,1.0,90.7,3.1,93.2,55.5,0.0,0,1,1
5087,8.17,8.45,8.11,8.68,8.42,8.71,8.87,9.14,8.42,76.1,1.0,2.0,1.0,2.0,0.0,55.0,3.3,52.7,54.0,0.0,1,1,1
17253,5.81,5.82,6.33,6.56,6.39,6.14,5.72,6.2,6.17,78.1,1.0,2.0,2.0,2.0,0.0,76.7,2.8,38.8,46.4,1.0,1,0,0
4040,7.94,8.07,8.69,8.72,8.23,8.42,8.73,8.47,8.48,83.9,2.0,2.0,1.0,2.0,1.0,65.5,3.3,56.5,60.2,0.0,1,1,1
18387,7.15,7.09,6.68,7.08,7.12,6.3,7.36,7.09,6.93,62.8,1.0,2.0,1.0,1.0,1.0,77.9,2.6,54.0,52.8,1.0,1,0,1
4247,8.22,7.8,8.38,8.8,8.4,8.6,8.77,8.52,8.3,90.9,2.0,3.0,3.0,4.0,2.0,69.2,4.6,66.7,55.5,0.0,0,1,1
18628,9.4,9.55,9.49,9.55,10.0,10.0,9.67,9.52,9.7,83.0,1.0,3.0,2.0,3.0,2.0,72.9,3.9,76.7,68.1,0.0,0,1,1
880,9.85,9.96,10.0,10.0,10.0,10.0,10.0,10.0,10.0,80.7,1.0,2.0,3.0,2.0,2.0,75.2,4.7,62.8,73.0,0.0,0,1,1
23299,8.28,8.54,8.37,9.04,8.83,9.36,8.64,9.24,8.84,84.6,2.0,3.0,4.0,3.0,2.0,97.5,4.1,68.8,66.6,1.0,0,1,1
29753,5.87,6.08,5.55,5.56,5.67,5.92,5.31,5.07,5.82,57.5,0.0,1.0,1.0,0.0,0.0,53.1,1.8,27.0,28.5,0.0,1,0,0
30173,6.8,5.84,6.39,6.63,6.78,6.6,6.68,6.55,6.54,73.0,1.0,2.0,1.0,2.0,1.0,56.4,2.3,46.9,47.1,1.0,1,0,1
28560,6.81,7.1,7.08,7.24,7.71,6.88,7.46,7.22,7.23,73.1,2.0,3.0,2.0,2.0,2.0,91.7,4.7,62.4,55.5,1.0,0,1,1
18864,7.23,7.09,6.99,7.68,7.09,7.25,7.25,7.8,7.2,70.5,2.0,3.0,3.0,3.0,2.0,68.5,5.0,73.0,69.9,0.0,0,1,1
43344,5.19,5.65,5.95,5.4,6.04,6.43,5.59,5.35,5.75,68.2,1.0,1.0,2.0,2.0,0.0,62.5,3.0,61.9,51.8,0.0,1,0,0
34211,7.37,7.65,7.63,7.33,7.56,7.42,7.29,7.25,7.53,80.8,0.0,2.0,1.0,2.0,1.0,53.1,3.0,53.4,63.9,1.0,1,0,1
26084,4.19,4.07,4.29,4.55,4.0,4.15,4.0,4.0,4.05,64.8,0.0,1.0,0.0,0.0,0.0,54.7,2.8,32.1,30.0,0.0,1,0,0
1942,8.63,8.55,8.62,8.07,8.69,8.58,8.62,9.07,8.44,83.5,2.0,3.0,3.0,5.0,1.0,78.7,4.3,60.1,55.5,1.0,0,1,1
22226,6.5,5.84,5.91,6.58,6.27,5.89,6.33,5.81,6.08,63.7,1.0,2.0,1.0,1.0,1.0,67.3,2.8,52.3,45.6,1.0,1,0,0
44692,6.28,6.66,6.72,6.76,6.4,6.93,6.59,6.45,6.61,75.3,1.0,2.0,1.0,2.0,0.0,75.6,2.5,47.5,54.2,0.0,1,0,1
43240,7.3,6.81,7.2,7.6,6.69,7.02,7.32,7.08,7.12,79.9,2.0,3.0,3.0,3.0,1.0,73.1,2.1,74.0,84.9,0.0,0,1,1
23860,9.95,9.91,9.95,10.0,9.77,10.0,10.0,9.76,9.8,93.0,3.0,3.0,4.0,2.0,2.0,93.0,4.8,70.9,89.1,0.0,0,1,1
14159,6.71,6.58,6.0,6.71,5.79,6.46,6.09,6.1,6.21,67.2,0.0,1.0,0.0,1.0,0.0,43.1,1.7,27.4,55.5,1.0,1,0,0
33876,10.0,10.0,10.0,9.66,10.0,10.0,10.0,9.89,9.96,78.4,1.0,2.0,1.0,2.0,1.0,69.8,3.1,55.5,56.5,0.0,1,1,1
48105,5.79,5.3,5.42,4.91,5.01,5.41,4.63,4.6,10.0,71.3,3.0,5.0,1.0,1.0,0.0,98.8,1.7,97.5,27.9,1.0,1,0,0
23450,10.0,9.84,9.48,9.49,9.71,9.45,9.87,10.0,9.6,94.0,2.0,4.0,2.0,3.0,2.0,80.7,4.5,74.5,75.0,1.0,0,1,1
6624,8.46,7.85,8.13,8.48,8.25,8.59,8.15,8.33,8.28,73.1,0.0,2.0,2.0,2.0,1.0,66.8,2.5,49.9,57.1,0.0,1,1,1
38265,6.94,7.17,6.82,7.21,6.61,6.85,7.05,7.15,6.87,66.5,1.0,1.0,2.0,2.0,0.0,78.2,2.9,49.7,45.5,1.0,1,0,1
26242,6.17,6.04,6.71,5.94,6.17,6.28,6.87,6.62,6.52,71.9,2.0,2.0,1.0,1.0,0.0,75.1,3.4,65.9,36.9,1.0,1,0,1
47592,8.36,8.03,8.05,8.28,8.46,8.72,8.44,8.48,8.31,88.1,2.0,3.0,2.0,3.0,1.0,81.1,4.1,84.5,59.7,0.0,0,1,1
24156,10.0,9.83,10.0,10.0,10.0,10.0,9.85,9.83,9.85,77.7,1.0,3.0,3.0,3.0,0.0,72.7,4.1,90.2,59.2,0.0,0,1,1
32059,6.22,5.84,6.3,6.1,6.31,5.95,5.49,5.77,5.96,63.0,0.0,1.0,1.0,1.0,0.0,52.2,1.5,29.7,35.1,0.0,1,0,0
9332,7.06,7.34,6.37,6.69,6.58,6.88,6.61,6.65,6.83,79.5,1.0,2.0,2.0,2.0,1.0,68.7,2.9,45.7,60.0,0.0,1,0,1
43565,8.51,8.32,8.18,8.22,8.54,8.49,8.06,8.72,8.31,83.4,1.0,4.0,4.0,2.0,1.0,77.2,5.0,83.4,90.0,1.0,0,1,1
3494,5.27,5.22,5.55,5.66,4.88,4.79,5.52,4.92,5.32,55.2,1.0,1.0,1.0,0.0,0.0,42.4,1.5,22.0,55.5,0.0,1,0,0
4879,9.41,9.52,8.97,8.89,9.32,9.63,9.42,9.22,9.45,79.4,1.0,1.0,2.0,2.0,1.0,65.0,3.1,51.9,55.5,0.0,1,1,1
47063,8.19,8.11,8.87,8.61,8.36,8.95,8.7,8.4,8.67,89.7,3.0,4.0,3.0,3.0,2.0,68.4,4.5,64.3,84.0,1.0,0,1,1
999,5.24,6.05,5.66,5.49,5.38,5.31,6.01,5.7,5.71,67.5,1.0,0.0,1.0,0.0,0.0,46.7,2.4,24.5,29.6,0.0,1,0,0
37087,8.03,7.57,7.69,7.29,7.89,7.76,7.39,8.06,7.81,95.8,2.0,3.0,2.0,3.0,1.0,99.1,4.0,91.6,64.8,0.0,0,1,1
36438,8.94,8.52,8.43,8.86,8.77,8.93,8.78,8.6,8.73,97.6,2.0,3.0,3.0,3.0,2.0,68.5,2.9,82.3,68.5,1.0,0,1,1
34750,7.27,7.62,7.69,6.59,6.77,7.64,7.68,7.39,7.37,87.1,1.0,1.0,1.0,2.0,1.0,62.0,2.9,57.3,55.5,0.0,1,0,1
28617,9.0,9.18,8.15,9.25,9.21,9.09,9.0,8.7,8.96,78.2,2.0,3.0,3.0,3.0,1.0,90.8,3.1,94.3,55.5,0.0,0,1,1
37096,7.1,7.55,7.35,7.51,7.56,7.55,7.21,7.64,7.31,68.8,1.0,2.0,2.0,2.0,0.0,62.6,2.0,53.3,55.5,1.0,1,0,1
22811,7.49,7.23,7.5,7.58,8.03,7.27,7.93,8.05,7.84,66.4,1.0,1.0,1.0,2.0,1.0,60.0,3.7,47.3,49.2,0.0,1,0,1
7143,6.08,5.33,5.59,5.75,5.94,6.02,5.52,5.69,5.99,71.8,1.0,2.0,2.0,2.0,1.0,83.2,3.8,56.6,58.2,0.0,1,0,1
21559,5.92,5.86,5.61,5.71,5.83,5.29,5.37,5.16,5.76,72.6,0.0,1.0,0.0,1.0,0.0,47.1,1.4,57.7,39.3,0.0,1,0,0
9936,9.84,9.47,9.49,9.62,10.0,10.0,9.77,9.67,9.91,82.6,2.0,3.0,2.0,3.0,1.0,88.1,4.3,66.0,90.6,0.0,0,1,1
4789,8.37,8.45,8.5,8.96,8.17,8.19,8.4,8.74,8.33,82.2,0.0,2.0,2.0,2.0,0.0,66.7,2.3,54.3,55.3,1.0,1,1,0
30511,8.3,8.82,8.7,8.89,8.95,8.98,9.15,8.84,8.85,86.0,2.0,4.0,3.0,3.0,1.0,93.1,4.5,68.3,55.5,1.0,0,1,1
31190,10.0,9.86,10.0,10.0,10.0,10.0,10.0,10.0,9.83,99.9,2.0,3.0,2.0,3.0,2.0,100.0,3.6,57.7,60.8,1.0,0,1,1
20084,6.93,6.88,7.24,6.67,6.84,6.45,6.66,6.26,6.78,71.3,1.0,2.0,2.0,2.0,0.0,60.9,3.3,62.3,50.0,1.0,1,0,0
10824,8.02,7.58,7.55,7.98,8.23,8.36,8.04,7.65,7.8,85.1,2.0,4.0,2.0,3.0,1.0,81.7,3.9,73.3,83.2,1.0,0,1,1
673,7.74,8.27,8.39,7.97,8.01,8.55,8.61,8.17,8.14,96.4,3.0,3.0,3.0,4.0,1.0,86.6,4.4,89.3,55.5,1.0,0,1,1
15595,8.18,8.15,7.9,7.86,8.22,7.66,8.19,8.0,8.04,89.9,2.0,3.0,4.0,3.0,2.0,66.6,4.3,83.2,64.9,1.0,0,1,1
43049,5.73,6.02,5.31,5.28,6.01,6.2,5.51,5.33,5.46,70.3,1.0,2.0,2.0,2.0,1.0,69.1,2.5,59.5,36.4,0.0,1,0,1
21912,8.82,8.85,8.91,8.31,8.55,8.49,8.41,8.73,8.63,91.0,2.0,3.0,2.0,4.0,2.0,76.2,4.5,89.6,90.7,1.0,0,1,1
11869,6.38,6.21,5.99,6.04,6.45,6.11,6.77,6.43,6.25,93.6,1.0,2.0,2.0,2.0,0.0,62.3,3.2,61.7,52.2,0.0,1,0,0
34691,9.36,9.94,9.8,10.0,9.73,10.0,9.43,10.0,9.67,91.4,1.0,2.0,2.0,3.0,2.0,75.2,4.9,82.7,69.8,1.0,0,1,1
11322,9.29,8.7,8.65,8.67,8.79,8.84,8.74,8.98,8.82,78.6,0.0,2.0,1.0,1.0,1.0,63.9,3.5,60.1,63.5,1.0,1,1,1
44212,9.65,9.14,9.3,9.42,10.0,9.56,9.85,9.65,9.5,99.4,2.0,4.0,2.0,3.0,2.0,71.2,3.6,70.3,73.8,0.0,0,1,1
24615,5.53,5.67,5.72,5.42,5.55,5.78,6.08,5.97,5.65,83.2,1.0,2.0,2.0,2.0,1.0,60.5,3.4,65.4,44.8,1.0,1,0,1
12006,6.32,6.85,6.38,6.1,6.72,5.78,6.9,6.47,6.44,69.9,1.0,1.0,0.0,1.0,0.0,46.7,1.1,24.3,30.9,1.0,1,0,0
3940,7.41,6.32,6.6,7.0,6.77,6.92,6.8,7.01,6.74,85.7,0.0,2.0,2.0,2.0,1.0,75.6,3.3,55.4,55.7,1.0,1,0,1
4614,9.58,9.16,9.11,10.0,8.96,9.76,9.4,9.74,9.54,64.8,2.0,2.0,3.0,3.0,1.0,89.2,4.8,71.0,100.0,1.0,0,1,1
36760,8.57,8.33,8.31,8.69,8.52,8.96,8.81,9.45,8.75,84.4,2.0,4.0,3.0,3.0,1.0,96.4,5.0,78.5,86.1,1.0,0,1,1
31459,7.88,7.43,8.16,7.99,7.81,7.79,7.29,8.17,7.84,75.6,1.0,1.0,1.0,2.0,1.0,56.3,4.3,54.4,59.9,1.0,1,1,1
44953,7.8,8.11,8.29,7.72,8.2,7.52,8.15,8.16,8.07,64.6,1.0,1.0,2.0,2.0,1.0,79.5,2.2,55.3,47.9,1.0,1,1,1
4348,7.57,7.26,7.16,7.06,7.82,7.28,7.47,7.75,7.37,69.6,1.0,2.0,2.0,2.0,1.0,70.8,1.7,52.0,53.3,1.0,1,0,1
39328,9.01,8.82,8.27,8.77,8.34,9.27,8.49,9.07,8.66,93.2,2.0,2.0,3.0,2.0,1.0,95.2,4.3,79.6,84.1,1.0,0,1,1
49923,10.0,10.0,10.0,10.0,10.0,10.0,9.9,10.0,9.86,95.3,2.0,4.0,4.0,3.0,1.0,85.1,3.5,57.2,89.7,1.0,0,1,1
22394,8.12,7.99,7.86,8.94,8.07,8.38,9.38,8.82,8.5,86.2,1.0,4.0,4.0,3.0,2.0,89.0,3.8,90.5,79.4,0.0,0,1,1
3157,5.94,5.85,5.53,6.37,6.16,5.9,5.92,5.75,5.78,60.5,0.0,0.0,1.0,1.0,0.0,50.2,1.6,22.6,26.9,0.0,1,0,0
29918,4.68,4.47,4.53,4.44,4.63,4.41,5.02,4.43,4.44,84.6,1.0,5.0,3.0,5.0,1.0,71.1,3.7,58.4,55.5,0.0,0,0,0
37224,5.53,4.86,5.25,5.0,5.02,4.97,5.11,5.21,5.25,61.2,0.0,1.0,0.0,0.0,0.0,41.9,1.3,31.9,31.6,0.0,1,0,0
13479,5.89,5.74,6.58,5.9,5.98,5.78,5.12,5.28,5.64,74.0,1.0,1.0,2.0,2.0,1.0,67.4,3.3,46.5,50.8,1.0,1,0,0
13872,8.73,9.09,9.18,9.6,8.81,9.43,9.01,9.46,9.29,100.0,1.0,3.0,3.0,3.0,2.0,100.0,3.1,74.9,68.6,1.0,0,1,1
38556,9.79,9.74,9.73,10.0,9.87,10.0,9.74,10.0,9.84,84.8,2.0,3.0,2.0,4.0,2.0,70.3,3.8,87.0,77.5,1.0,0,1,1
25330,7.08,7.49,7.64,7.94,7.27,7.49,7.17,7.11,7.54,79.5,1.0,2.0,1.0,2.0,1.0,87.2,1.4,48.5,49.1,0.0,1,0,1
44685,6.86,6.33,6.86,6.8,6.74,6.62,6.98,6.97,6.88,76.7,1.0,2.0,2.0,2.0,0.0,67.3,3.7,59.1,61.3,0.0,1,0,0
986,5.85,6.31,6.36,5.99,6.13,6.34,6.4,6.43,6.39,82.5,1.0,2.0,1.0,2.0,0.0,55.3,3.1,53.8,51.8,1.0,1,0,1
37140,6.0,6.81,6.55,6.02,6.67,6.45,6.66,6.16,6.32,61.2,1.0,2.0,2.0,2.0,1.0,79.9,3.7,50.9,55.5,0.0,1,0,1
35034,7.97,8.26,8.0,7.86,7.74,7.66,8.58,7.8,7.9,82.9,1.0,1.0,2.0,1.0,0.0,50.5,2.5,41.8,52.4,1.0,1,1,0
23731,4.45,4.58,4.32,4.51,4.55,4.68,4.76,4.47,4.38,51.1,0.0,0.0,2.0,0.0,1.0,45.3,2.6,23.8,29.1,0.0,1,0,0
7531,7.61,8.02,7.89,7.52,7.88,7.9,8.2,7.64,7.83,79.4,1.0,4.0,4.0,3.0,1.0,71.4,3.6,78.7,66.4,1.0,0,1,1
44395,8.19,9.02,8.28,8.56,9.36,8.51,9.04,9.18,8.77,87.1,2.0,2.0,2.0,4.0,1.0,91.1,3.1,97.4,68.7,1.0,0,1,1
32949,8.56,8.85,8.6,8.4,8.46,8.73,8.83,8.76,8.65,79.2,2.0,2.0,1.0,2.0,0.0,61.8,2.6,55.3,45.9,1.0,1,1,1
30878,7.02,7.02,7.75,7.24,7.21,7.6,7.47,7.07,7.3,97.9,2.0,3.0,3.0,3.0,2.0,72.0,3.5,57.0,78.4,0.0,0,1,1
29931,5.52,6.01,5.57,6.05,5.57,5.33,6.08,5.7,4.42,50.73290824,0.0,2.0,1.0,2.0,1.0,31.2,2.7,1.7,52.5,0.0,1,0,0
23416,7.5,7.19,7.14,6.81,7.3,7.37,7.07,6.88,7.04,81.5,1.0,2.0,2.0,3.0,0.0,60.2,3.8,51.3,45.1,0.0,1,0,1
6060,5.33,4.94,5.15,5.01,4.79,4.78,4.81,4.84,5.08,59.7,0.0,0.0,0.0,0.0,0.0,54.8,2.5,29.3,29.6,0.0,1,0,0
23680,8.71,8.59,9.0,8.59,8.54,9.24,8.78,9.31,8.91,83.5,2.0,2.0,3.0,3.0,2.0,97.2,3.6,80.3,78.1,0.0,0,1,1
15941,6.65,7.16,6.54,6.3,6.64,6.75,6.28,6.15,6.55,73.4,1.0,1.0,2.0,2.0,0.0,70.3,3.0,57.1,60.1,0.0,1,0,1
6949,5.23,5.0,5.04,5.51,5.36,4.57,4.46,4.81,9.79,69.3,3.0,5.0,1.0,0.0,0.0,96.9,2.4,99.7,28.2,1.0,1,0,0
30096,5.84,5.91,6.01,6.45,5.94,5.89,5.75,5.47,5.87,69.3,0.0,0.0,0.0,0.0,0.0,52.1,1.8,28.4,25.2,0.0,1,0,0
41340,10.0,9.98,9.77,10.0,10.0,10.0,10.0,10.0,9.85,79.0,2.0,4.0,2.0,3.0,1.0,70.3,3.7,83.7,80.2,1.0,0,1,1
49599,7.65,7.19,7.06,7.69,7.66,8.21,7.47,7.2,9.9,83.3,3.0,5.0,2.0,1.0,1.0,99.1,2.1,99.8,56.3,1.0,1,1,1
33184,5.96,5.54,5.5,5.81,5.55,6.39,6.11,5.68,5.86,78.2,1.0,2.0,1.0,2.0,0.0,70.3,2.8,59.4,44.5,0.0,1,0,0
16581,6.48,5.58,6.62,6.88,6.4,6.61,6.76,6.95,6.55,70.4,1.0,1.0,1.0,2.0,0.0,70.3,3.3,46.0,57.9,0.0,1,0,0
1389,6.96,7.15,6.52,6.35,6.7,6.59,7.01,7.1,6.89,56.4,0.0,0.0,0.0,0.0,0.0,50.4,3.7,27.8,55.5,1.0,1,0,0
21351,7.67,7.6,8.12,7.64,8.01,7.19,8.07,7.81,7.8,87.5,2.0,4.0,3.0,2.0,2.0,84.4,5.0,64.5,74.4,1.0,0,1,1
49751,9.95,9.6,10.0,10.0,10.0,10.0,10.0,10.0,9.97,96.1,2.0,3.0,4.0,3.0,1.0,85.0,3.9,82.2,74.9,1.0,0,1,1
34432,4.69,4.37,5.17,4.62,4.29,4.54,4.0,4.57,4.55,61.9,0.0,0.0,1.0,0.0,0.0,50.2,1.5,28.0,33.7,1.0,1,0,0
24455,7.74,7.27,8.12,7.66,7.06,7.62,7.21,7.89,7.55,64.2,0.0,2.0,2.0,1.0,0.0,55.2,3.6,50.5,52.7,0.0,1,0,1
40360,6.63,6.28,6.09,6.04,6.33,6.76,6.31,6.61,6.48,100.0,2.0,3.0,3.0,4.0,1.0,70.3,3.9,67.8,89.1,1.0,0,1,1
18578,6.43,6.77,6.66,6.34,6.55,7.35,6.76,6.83,6.63,65.6,1.0,1.0,1.0,2.0,1.0,82.9,3.3,52.2,63.3,1.0,1,0,1
33452,5.83,6.56,5.65,5.99,6.31,5.77,6.15,6.42,6.2,56.6,0.0,1.0,2.0,1.0,1.0,55.6,2.1,23.7,31.9,0.0,1,0,0
47853,9.3,9.37,9.63,9.81,9.17,9.76,9.87,10.0,9.38,87.8,2.0,4.0,2.0,3.0,1.0,91.4,3.8,70.5,59.4,0.0,0,1,1
5,8.14,8.97,8.36,8.55,8.55,8.38,9.1,8.86,8.65,95.8,2.0,3.0,2.0,4.0,1.0,73.1,2.1,71.7,61.7,1.0,0,1,1
29183,8.73,8.25,8.2,7.9,8.57,8.01,8.0,8.39,8.38,67.6,1.0,2.0,1.0,1.0,0.0,64.6,2.0,55.5,54.1,0.0,1,1,0
8231,7.55,7.78,7.91,8.02,8.23,8.22,8.09,8.34,8.01,90.0,2.0,4.0,4.0,4.0,1.0,84.8,4.3,91.1,55.5,0.0,0,1,1
5947,5.55,5.72,5.44,5.63,5.26,5.81,5.9,5.71,5.58,100.0,1.0,3.0,4.0,3.0,2.0,71.8,4.7,78.6,61.7,1.0,0,0,1
7823,5.58,5.42,5.7,6.02,5.2,5.7,6.24,6.34,5.59,84.6,1.0,1.0,2.0,2.0,0.0,67.3,3.3,56.2,57.2,1.0,1,0,0
19487,5.94,5.87,5.77,6.25,5.58,5.42,5.99,6.12,5.68,57.9,0.0,1.0,1.0,0.0,0.0,57.2,2.3,34.7,32.7,0.0,1,0,0
15385,4.73,4.44,4.56,5.1,4.66,4.0,4.45,4.48,4.58,63.1,0.0,1.0,0.0,0.0,0.0,46.0,2.2,24.1,26.0,0.0,1,0,0
41100,5.88,6.65,6.51,5.95,5.81,6.51,6.17,6.46,4.37,51.37479403,1.0,2.0,2.0,2.0,1.0,31.9,3.8,2.1,43.4,0.0,1,0,1
18184,7.56,7.57,7.06,7.54,7.46,8.2,7.19,8.01,7.46,91.5,2.0,3.0,2.0,2.0,1.0,70.3,5.0,90.2,74.4,1.0,0,1,1
27162,6.37,5.72,6.14,6.43,6.72,5.9,6.19,6.34,6.17,75.0,2.0,2.0,2.0,1.0,0.0,65.7,2.6,52.8,59.9,0.0,1,0,1
11646,9.09,9.23,8.37,8.48,9.0,8.7,8.41,8.89,8.71,84.5,2.0,2.0,4.0,4.0,2.0,100.0,3.9,77.3,78.7,0.0,0,1,1
24391,5.32,4.95,4.63,5.08,5.71,5.13,4.78,4.67,4.95,72.9,0.0,1.0,0.0,0.0,0.0,50.9,2.2,21.8,24.4,1.0,1,0,0
4851,4.44,4.49,4.08,4.65,4.1,4.2,4.0,4.75,4.28,62.8,1.0,1.0,0.0,0.0,0.0,50.5,3.1,26.2,34.9,0.0,1,0,0
47436,6.4,6.13,6.94,6.95,6.92,6.76,6.64,7.23,6.78,100.0,3.0,3.0,3.0,2.0,1.0,84.4,4.8,77.0,69.2,1.0,0,1,1
42207,7.9,7.49,7.69,7.65,7.32,7.99,7.47,7.57,7.51,95.1,2.0,3.0,4.0,3.0,1.0,70.3,3.8,90.8,78.7,1.0,0,1,1
45341,6.32,6.43,6.19,6.02,6.49,5.97,6.36,6.0,6.26,78.4,1.0,2.0,1.0,2.0,0.0,58.5,3.5,57.7,55.1,0.0,1,0,1
28170,8.0,7.66,7.63,8.16,8.11,8.32,7.8,7.83,8.01,86.2,2.0,4.0,3.0,1.0,1.0,88.6,3.8,85.1,55.5,0.0,0,1,1
3420,10.0,9.73,9.83,9.81,10.0,10.0,9.82,10.0,9.9,75.9,2.0,2.0,2.0,1.0,2.0,70.3,4.3,79.8,87.4,1.0,0,1,1
42591,6.71,6.99,6.65,6.95,7.34,7.23,7.29,7.63,7.15,95.4,2.0,2.0,3.0,3.0,2.0,89.0,5.0,74.3,88.3,1.0,0,1,1
38735,7.07,6.83,6.73,6.7,7.15,7.09,7.11,7.23,4.06,52.10073256,1.0,3.0,2.0,2.0,0.0,33.9,2.9,57.7,45.7,0.0,1,0,0
36720,5.26,5.09,5.62,5.66,5.77,5.39,5.69,5.93,5.66,62.7,1.0,2.0,1.0,1.0,1.0,69.5,2.4,44.3,55.5,0.0,1,0,0
29498,9.08,9.56,8.66,9.44,8.84,9.01,9.73,9.79,9.22,87.2,2.0,5.0,4.0,3.0,1.0,79.4,3.3,82.9,75.6,1.0,0,1,1
4363,7.97,7.76,8.04,7.85,7.83,8.15,8.14,8.1,8.08,85.7,1.0,1.0,2.0,2.0,0.0,77.4,3.6,45.1,61.6,0.0,1,1,1
4029,5.58,5.22,4.96,5.65,5.72,5.44,5.19,5.55,5.47,74.4,2.0,1.0,1.0,1.0,1.0,73.3,3.4,57.7,47.9,1.0,1,0,0
3427,8.18,7.77,7.95,7.65,7.81,7.7,8.04,8.1,7.9,65.6,1.0,2.0,2.0,2.0,0.0,83.1,3.7,51.8,57.4,1.0,1,1,1
20269,7.25,7.83,8.09,7.93,7.64,7.71,6.81,7.71,7.57,78.7,1.0,3.0,2.0,2.0,0.0,68.9,3.3,62.0,57.9,0.0,1,1,1
20058,6.36,7.28,6.89,7.37,7.06,7.53,7.74,6.88,7.08,93.8,2.0,3.0,4.0,4.0,0.0,71.4,3.5,57.7,81.5,0.0,0,1,1
11479,7.87,7.8,8.17,8.25,7.62,7.64,8.17,7.88,7.87,76.6,2.0,4.0,2.0,4.0,1.0,75.0,3.7,100.0,75.5,1.0,0,1,1
47945,6.66,6.75,7.07,6.89,6.85,7.03,7.25,6.07,6.76,67.3,2.0,1.0,2.0,2.0,1.0,62.8,3.5,59.5,47.8,1.0,1,0,1
29393,8.97,8.75,8.93,9.32,8.77,8.7,9.44,8.85,8.84,83.5,2.0,3.0,3.0,4.0,1.0,82.8,3.8,87.8,73.3,0.0,0,1,1
29047,6.63,6.55,6.61,7.04,6.52,6.49,6.86,6.6,6.57,100.0,2.0,3.0,3.0,2.0,1.0,83.1,4.0,75.5,72.4,1.0,0,1,1
8565,7.73,7.78,8.01,7.77,7.26,7.58,8.39,7.67,7.87,81.7,1.0,2.0,2.0,2.0,0.0,70.3,3.3,62.1,42.9,0.0,1,1,1
39507,7.72,8.11,7.65,8.01,8.31,8.43,8.52,8.08,8.1,73.9,2.0,2.0,2.0,2.0,0.0,74.9,1.9,57.7,52.5,0.0,1,1,1
49805,6.71,5.82,6.63,6.57,6.18,6.63,6.52,6.76,6.37,63.3,1.0,2.0,1.0,2.0,1.0,73.8,4.3,55.9,58.1,0.0,1,0,0
25450,7.07,6.75,7.09,6.9,7.24,6.55,7.26,6.49,6.99,58.0,0.0,0.0,1.0,0.0,0.0,49.4,1.9,57.7,35.6,0.0,1,0,0
34922,8.13,8.17,7.89,7.51,7.64,7.87,7.89,8.27,7.91,82.9,1.0,2.0,2.0,2.0,0.0,68.2,3.0,57.7,52.3,1.0,1,1,1
30478,6.69,6.39,6.84,6.72,6.63,7.15,7.02,7.01,6.65,76.1,1.0,1.0,1.0,1.0,0.0,61.1,3.3,52.6,55.6,1.0,1,0,0
13520,8.96,9.62,9.51,9.55,9.58,9.82,10.0,9.98,9.67,88.3,2.0,4.0,4.0,3.0,1.0,66.3,5.0,57.7,72.0,1.0,0,1,1
34008,9.48,9.12,9.24,9.67,9.19,9.22,10.0,10.0,9.5,94.3,1.0,5.0,3.0,4.0,1.0,72.7,4.4,84.3,79.0,0.0,0,1,1
21316,9.02,8.7,9.22,8.74,9.86,8.51,8.71,9.03,9.12,76.9,3.0,1.0,2.0,1.0,1.0,81.3,3.1,61.5,50.0,1.0,1,1,1
42425,5.53,6.41,6.62,6.23,6.71,6.07,6.57,6.32,6.13,70.9,1.0,3.0,2.0,1.0,1.0,84.3,3.1,49.6,50.9,0.0,1,0,1
48901,8.5,8.55,9.22,8.75,8.1,8.36,9.21,9.07,8.64,77.2,3.0,2.0,3.0,3.0,1.0,90.0,4.5,67.6,76.3,1.0,0,1,1
47633,8.99,8.88,9.58,8.93,9.31,9.41,9.37,9.14,9.32,79.0,1.0,1.0,2.0,3.0,0.0,78.2,4.1,51.2,59.6,1.0,1,1,1
49789,8.32,8.22,8.52,8.5,8.77,8.38,8.74,8.59,8.43,85.2,1.0,5.0,1.0,2.0,0.0,91.5,4.5,63.2,76.7,0.0,0,1,1
44232,8.81,8.81,8.69,9.09,9.56,9.23,9.41,9.05,9.09,92.9,2.0,3.0,3.0,2.0,2.0,100.0,3.8,57.7,67.7,1.0,0,1,1
10724,6.22,6.12,5.93,5.49,5.6,6.0,5.72,5.5,5.66,53.4,0.0,1.0,0.0,0.0,1.0,60.5,2.3,33.1,26.5,0.0,1,0,0
13155,9.88,9.8,10.0,10.0,10.0,10.0,10.0,10.0,9.89,100.0,3.0,2.0,3.0,3.0,0.0,85.4,3.3,88.5,84.8,1.0,0,1,1
13763,7.84,7.71,7.18,7.85,7.66,7.73,7.53,7.74,7.7,93.1,2.0,4.0,3.0,2.0,1.0,90.2,4.4,80.7,86.2,1.0,0,1,1
42812,7.52,6.96,7.4,7.15,6.93,6.62,7.56,7.04,7.22,90.1,1.0,2.0,2.0,2.0,1.0,73.1,2.2,55.6,46.4,0.0,1,0,1
30804,5.78,5.24,5.47,5.57,5.22,5.55,5.78,5.99,5.47,87.6,1.0,3.0,1.0,2.0,0.0,80.9,3.6,57.7,51.6,1.0,1,0,1
36261,8.02,7.32,8.02,8.19,7.7,8.14,7.86,8.18,4.03,53.57614207,2.0,3.0,4.0,2.0,1.0,35.5,4.7,4.4,88.0,0.0,1,1,1
21437,8.04,8.04,7.48,8.09,7.94,7.42,8.23,8.43,7.95,71.0,0.0,2.0,2.0,2.0,0.0,67.5,3.8,58.3,64.1,1.0,1,1,1
25971,5.41,5.37,5.53,5.79,5.45,5.56,5.43,6.06,5.58,79.5,1.0,1.0,2.0,2.0,0.0,70.3,3.3,57.7,44.1,0.0,1,0,0
32204,6.52,6.04,6.34,5.74,6.13,6.46,6.47,6.18,6.31,79.0,3.0,3.0,3.0,3.0,1.0,98.8,4.2,95.3,76.7,1.0,0,1,1
7181,8.99,8.84,8.76,9.12,9.49,9.11,9.47,9.65,8.87,100.0,2.0,3.0,3.0,1.0,1.0,89.5,4.8,98.2,81.8,1.0,0,1,1
41281,4.27,4.97,5.16,4.32,4.99,5.0,4.98,4.05,4.71,83.0,0.0,1.0,1.0,1.0,0.0,57.2,1.1,28.5,28.2,0.0,1,0,0
28087,6.86,6.21,6.75,6.81,6.78,7.1,7.45,7.13,7.14,94.6,2.0,3.0,4.0,4.0,1.0,84.7,2.8,86.9,63.4,1.0,0,1,1
13702,6.38,6.4,6.91,6.54,6.33,6.83,7.09,6.37,6.58,75.9,1.0,2.0,1.0,2.0,0.0,65.0,2.8,57.8,51.9,0.0,1,0,1
1004,7.3,6.59,6.65,6.06,6.73,6.89,6.46,6.68,6.71,86.2,0.0,2.0,2.0,1.0,1.0,70.7,3.1,61.6,55.4,0.0,1,0,1
9059,8.75,9.2,9.55,9.51,9.33,9.7,9.13,9.66,9.44,85.6,1.0,2.0,2.0,3.0,2.0,87.4,5.0,74.0,75.8,1.0,0,1,1
44235,8.8,9.33,9.51,9.28,9.68,8.95,9.33,9.56,9.36,82.0,0.0,2.0,2.0,2.0,0.0,70.3,2.6,53.0,59.4,0.0,1,1,1
25675,5.97,5.9,6.16,5.79,5.84,6.02,5.93,5.73,5.98,78.2,0.0,1.0,2.0,2.0,1.0,67.2,2.3,50.0,55.5,0.0,1,0,0
45056,9.53,10.0,10.0,10.0,10.0,10.0,10.0,10.0,9.93,83.4,1.0,4.0,2.0,4.0,1.0,83.4,3.1,57.7,55.5,0.0,0,1,1
35144,7.49,7.29,7.17,6.91,7.22,7.33,7.13,7.18,7.16,82.4,1.0,1.0,2.0,2.0,0.0,70.3,3.1,57.7,56.0,0.0,1,0,1
38163,6.74,6.34,7.04,6.81,6.39,6.38,6.89,6.75,6.67,79.6,0.0,1.0,2.0,1.0,1.0,70.3,4.2,71.4,53.0,0.0,1,0,0
22477,7.9,8.28,8.46,8.36,8.34,8.14,8.29,8.19,8.45,81.9,3.0,3.0,3.0,3.0,2.0,89.3,3.9,75.6,80.3,1.0,0,1,1
23007,8.64,7.77,8.68,8.22,8.96,8.23,8.87,9.26,8.52,78.3,3.0,4.0,3.0,2.0,1.0,89.9,4.6,85.1,55.4,1.0,0,1,1
45344,4.77,5.03,5.11,4.99,4.65,4.92,4.92,5.68,4.96,64.6,1.0,1.0,3.0,2.0,1.0,64.0,2.1,55.2,39.9,0.0,1,0,0
36128,9.63,9.56,9.51,9.6,9.41,9.54,9.57,9.71,9.56,79.9,2.0,3.0,3.0,4.0,2.0,87.8,2.7,57.7,72.8,1.0,0,1,1
49710,8.28,8.26,8.17,8.04,8.77,7.86,7.6,8.25,8.05,100.0,1.0,3.0,3.0,2.0,2.0,74.7,3.7,75.1,86.9,1.0,0,1,1
13099,7.4,7.82,8.22,8.29,8.12,8.35,7.7,8.2,8.05,75.1,2.0,2.0,3.0,2.0,1.0,71.4,3.3,68.1,73.6,1.0,1,1,1
37196,8.07,8.4,8.46,8.94,8.7,8.35,9.06,8.64,8.63,100.0,2.0,4.0,4.0,3.0,2.0,91.2,4.7,70.6,74.5,0.0,0,1,1
4108,7.33,8.46,7.47,7.65,7.77,7.72,8.01,8.28,7.96,100.0,3.0,3.0,4.0,2.0,1.0,92.2,4.3,98.1,73.5,0.0,0,1,1
41336,8.55,9.19,9.19,9.49,9.64,9.6,9.22,9.32,9.08,82.9,2.0,3.0,2.0,3.0,2.0,72.4,4.8,94.3,82.5,1.0,0,1,1
25223,6.4,7.06,6.63,6.89,7.09,6.65,6.85,7.35,6.69,69.5,1.0,4.0,2.0,3.0,2.0,92.5,3.3,85.2,67.6,1.0,0,1,1
35840,8.04,7.58,7.51,7.3,7.55,6.87,7.43,6.96,7.52,77.3,1.0,1.0,1.0,2.0,1.0,58.6,1.9,53.7,45.1,1.0,1,0,0
29719,5.8,6.27,5.87,6.53,6.78,6.16,6.54,5.8,6.07,56.7,2.0,2.0,1.0,3.0,1.0,63.7,2.9,51.8,50.0,0.0,1,0,1
46953,6.0,6.4,6.31,6.61,6.15,5.86,6.64,6.57,6.17,59.5,0.0,2.0,1.0,1.0,0.0,69.3,3.5,54.8,63.7,0.0,1,0,0
29828,7.21,6.99,6.71,7.15,7.57,7.27,7.59,7.25,7.31,85.5,3.0,2.0,2.0,4.0,2.0,89.9,3.5,80.5,82.5,1.0,0,1,1
17543,8.81,9.21,9.25,9.15,8.96,9.53,9.19,8.96,9.05,75.6,0.0,2.0,1.0,2.0,1.0,78.2,2.5,52.4,50.8,1.0,1,1,1
24916,7.93,7.72,7.1,6.96,7.75,7.63,7.16,6.91,7.41,76.6,1.0,2.0,1.0,2.0,0.0,70.8,3.5,51.2,57.2,0.0,1,0,1
4514,6.27,6.31,6.27,6.59,6.44,6.53,6.37,6.74,6.47,70.2,1.0,2.0,1.0,2.0,1.0,63.2,2.1,41.5,60.3,0.0,1,0,0
19937,5.05,4.89,4.89,5.28,4.98,5.22,4.85,4.76,4.95,84.2,1.0,1.0,2.0,2.0,1.0,73.7,3.5,52.4,46.3,1.0,1,0,0
46525,6.11,6.25,6.43,6.85,6.23,6.23,6.24,6.91,6.27,83.4,1.0,1.0,2.0,1.0,0.0,67.2,3.5,41.4,54.4,0.0,1,0,0
24511,6.24,6.31,6.64,6.43,6.2,5.98,6.21,6.08,6.27,91.1,1.0,2.0,2.0,1.0,1.0,62.9,2.4,61.1,57.4,1.0,1,0,0
27442,5.81,6.13,5.79,5.68,6.41,5.51,6.24,6.05,6.03,80.4,1.0,2.0,1.0,1.0,0.0,58.8,2.5,57.7,44.0,1.0,1,0,0
12002,9.9,10.0,10.0,9.6,10.0,10.0,10.0,10.0,9.85,93.7,3.0,5.0,3.0,3.0,1.0,97.0,4.4,98.5,76.2,1.0,0,1,1
23354,9.89,10.0,9.93,10.0,9.69,10.0,10.0,10.0,9.98,94.7,2.0,2.0,2.0,3.0,2.0,89.3,5.0,88.0,73.0,1.0,0,1,1
27293,5.54,5.91,5.63,5.51,5.48,5.67,5.22,4.97,5.52,62.6,0.0,0.0,0.0,0.0,0.0,56.0,2.0,32.8,29.0,0.0,1,0,0
34204,5.8,6.31,6.43,6.03,6.62,5.38,5.91,6.14,6.07,75.7,2.0,1.0,2.0,2.0,0.0,65.9,1.6,54.4,53.5,0.0,1,0,0
12148,8.99,9.17,9.77,9.1,9.25,9.05,9.64,8.78,9.23,88.3,3.0,3.0,4.0,2.0,1.0,70.3,4.2,84.8,55.5,0.0,0,1,1
15292,5.22,5.6,4.91,5.61,5.18,5.08,5.46,5.14,5.22,66.6,0.0,1.0,0.0,1.0,0.0,46.6,1.6,29.6,31.3,1.0,1,0,0
46880,6.81,6.14,6.6,6.08,6.77,5.84,6.51,5.95,6.26,84.9,1.0,2.0,1.0,3.0,0.0,61.8,3.4,56.4,44.2,0.0,1,0,0
8691,5.62,5.79,5.61,5.84,5.61,5.99,5.77,5.53,5.85,55.4,1.0,3.0,2.0,1.0,0.0,67.6,3.1,62.3,60.9,1.0,1,0,1
12654,6.81,6.67,7.21,6.9,7.27,6.92,6.88,6.91,6.89,77.5,1.0,3.0,2.0,1.0,0.0,66.1,2.6,47.1,36.9,0.0,1,0,1
31470,9.08,9.16,9.15,9.4,9.39,9.0,9.9,9.35,9.41,71.7,1.0,3.0,3.0,3.0,2.0,75.4,4.0,76.8,68.5,1.0,0,1,1
2955,7.3,7.05,7.3,7.08,6.93,7.6,7.44,7.42,7.27,66.4,0.0,0.0,1.0,1.0,0.0,51.7,2.7,22.5,55.5,1.0,1,0,0
3004,6.26,5.22,5.55,6.02,5.39,5.35,5.34,5.66,5.75,92.1,1.0,2.0,2.0,1.0,0.0,78.7,2.4,36.1,51.5,1.0,1,0,0
15814,7.92,8.31,7.22,7.72,7.06,7.93,7.8,7.37,7.61,79.1,1.0,1.0,2.0,1.0,1.0,66.6,3.3,61.2,55.2,0.0,1,1,1
6657,7.47,7.06,7.54,7.02,7.46,7.71,6.95,7.72,7.26,80.4,1.0,3.0,2.0,3.0,1.0,91.0,4.4,74.9,70.1,0.0,0,1,1
12774,8.95,9.85,9.34,10.0,9.52,9.65,9.92,9.81,9.79,71.7,1.0,2.0,1.0,1.0,1.0,61.0,2.1,69.5,55.5,0.0,1,1,1
39531,7.92,8.31,7.87,8.15,7.7,7.72,7.88,7.66,9.93,65.6,3.0,5.0,0.0,0.0,0.0,99.5,2.5,99.2,37.5,0.0,1,1,0
34408,5.98,5.54,5.68,5.66,5.22,5.79,6.27,5.75,5.59,69.8,1.0,2.0,1.0,2.0,0.0,70.3,4.0,53.0,44.7,1.0,1,0,1
8837,6.7,7.22,7.44,6.81,7.17,7.05,7.5,6.86,7.08,54.4,1.0,2.0,2.0,1.0,0.0,65.7,2.8,58.3,58.5,1.0,1,0,1
14618,7.68,7.08,7.53,7.02,7.18,7.14,7.19,6.84,7.3,74.2,1.0,2.0,2.0,2.0,0.0,70.0,1.8,70.1,45.9,1.0,1,0,1
22836,8.77,8.55,8.34,8.53,8.97,8.14,8.44,8.97,8.63,78.2,1.0,0.0,1.0,1.0,1.0,70.8,2.8,44.0,61.6,1.0,1,1,0
15981,5.57,5.57,5.18,5.7,5.7,5.45,5.59,5.61,5.46,88.2,0.0,2.0,2.0,2.0,1.0,52.9,2.6,66.0,51.1,1.0,1,0,0
37916,8.19,7.87,7.6,8.44,8.38,8.05,8.85,8.16,8.08,79.3,0.0,2.0,2.0,2.0,0.0,82.2,3.3,62.7,55.5,1.0,1,1,0
1571,5.87,5.64,6.07,6.13,5.39,5.64,5.67,6.81,5.82,74.9,1.0,2.0,1.0,2.0,1.0,71.2,3.4,57.2,46.1,1.0,1,0,0
35908,7.81,7.92,7.32,8.45,7.99,7.59,7.85,7.67,7.78,76.7,1.0,2.0,2.0,1.0,0.0,57.7,3.0,44.6,57.2,1.0,1,1,1
26090,9.41,9.9,9.28,9.06,9.73,9.34,9.43,9.75,9.47,100.0,2.0,4.0,3.0,5.0,1.0,87.3,4.0,54.9,85.0,0.0,0,1,1
20914,9.89,9.94,10.0,9.69,10.0,10.0,10.0,10.0,10.0,94.7,3.0,4.0,1.0,4.0,1.0,73.3,4.6,57.7,70.4,1.0,0,1,1
9958,6.27,6.78,6.28,6.22,6.55,6.61,6.01,6.08,6.31,78.6,1.0,2.0,2.0,2.0,1.0,79.9,3.2,48.3,55.5,0.0,1,0,0
18276,6.82,7.25,7.0,7.56,7.21,7.26,6.5,7.25,7.31,85.0,0.0,2.0,1.0,0.0,0.0,71.6,2.1,44.7,51.4,1.0,1,0,1
15432,4.39,5.03,4.51,4.55,4.51,4.55,4.0,4.53,4.5,65.9,0.0,1.0,1.0,0.0,0.0,46.8,1.7,27.0,28.7,0.0,1,0,0
23494,7.95,7.88,7.53,8.43,7.57,7.73,8.37,8.07,8.01,87.5,2.0,2.0,2.0,1.0,0.0,57.7,2.2,51.0,46.0,0.0,1,1,1
15790,5.94,5.52,5.48,5.68,5.87,5.71,6.02,5.36,5.74,62.2,0.0,0.0,0.0,0.0,0.0,50.9,2.4,28.3,30.4,1.0,1,0,0
35780,9.68,10.0,10.0,10.0,9.82,10.0,10.0,10.0,9.83,94.4,2.0,2.0,4.0,3.0,3.0,90.0,4.3,68.3,55.5,1.0,0,1,1
11981,7.98,7.11,7.6,7.6,7.33,8.04,7.71,7.65,7.63,82.3,2.0,3.0,4.0,3.0,1.0,89.0,3.9,83.1,68.0,1.0,0,1,1
44906,6.88,6.57,6.84,6.19,6.84,6.82,6.37,7.08,6.75,88.6,2.0,4.0,3.0,3.0,2.0,82.1,3.0,91.7,57.3,0.0,0,1,1
35763,7.37,6.84,7.3,6.91,7.22,7.08,7.99,7.45,7.16,72.6,2.0,4.0,2.0,4.0,1.0,98.7,3.8,66.1,74.0,0.0,0,1,1
27093,5.28,5.79,5.36,5.12,5.97,5.19,5.8,5.61,5.4,59.9,0.0,1.0,0.0,2.0,0.0,49.0,1.9,57.7,27.3,0.0,1,0,0
46835,7.23,7.39,6.53,7.53,6.81,7.45,7.03,6.93,7.19,58.0,1.0,2.0,1.0,1.0,0.0,66.1,2.9,53.8,63.4,1.0,1,0,0
33438,6.07,5.51,5.55,5.65,5.56,5.09,5.38,5.57,5.57,50.0,0.0,1.0,1.0,1.0,0.0,47.1,3.1,20.3,34.2,0.0,1,0,0
47381,8.9,8.54,9.04,8.15,8.78,8.71,8.42,8.69,8.83,66.6,1.0,2.0,2.0,2.0,0.0,62.6,2.8,57.7,46.6,0.0,1,1,1
1591,7.68,7.18,7.99,7.97,7.97,7.27,7.32,7.86,7.71,75.8,2.0,2.0,2.0,1.0,1.0,56.6,2.8,65.1,55.5,1.0,1,1,1
26756,5.89,5.98,6.45,6.07,6.08,6.0,6.27,6.3,6.35,75.1,1.0,2.0,2.0,2.0,0.0,55.6,3.6,60.3,58.1,0.0,1,0,0
21759,7.15,6.69,7.59,7.66,7.07,7.55,6.95,7.71,7.29,94.8,2.0,4.0,3.0,2.0,1.0,74.0,2.8,57.7,79.9,1.0,0,1,1
3002,6.05,6.45,7.18,5.81,5.69,6.22,6.07,6.38,6.38,78.8,1.0,3.0,1.0,2.0,0.0,65.2,3.6,57.7,57.2,0.0,1,0,1
44112,8.18,8.47,8.33,8.2,8.26,8.18,8.0,8.58,8.16,70.2,1.0,3.0,1.0,1.0,0.0,68.2,3.4,57.4,53.9,0.0,1,1,1
43520,7.04,7.06,6.93,6.98,6.18,7.33,6.72,7.16,6.68,82.6,0.0,1.0,3.0,1.0,1.0,74.8,1.6,52.6,60.4,1.0,1,0,0
629,9.17,9.27,8.83,9.24,9.47,9.55,9.66,9.06,9.17,100.0,1.0,5.0,3.0,3.0,2.0,83.6,4.6,87.8,71.3,1.0,0,1,1
20737,8.71,8.74,7.87,8.47,8.06,8.4,8.18,8.6,8.34,85.9,1.0,2.0,2.0,1.0,1.0,67.2,2.3,70.3,55.5,0.0,1,1,1
11903,5.74,5.88,5.3,5.68,5.99,5.91,5.98,6.28,6.04,88.0,1.0,1.0,1.0,2.0,1.0,67.8,3.3,50.5,60.9,1.0,1,0,0
6367,6.16,5.95,5.83,6.61,5.9,5.87,6.3,6.47,6.24,81.8,0.0,1.0,2.0,2.0,0.0,67.7,3.4,50.8,55.5,0.0,1,0,0
17133,5.07,4.25,4.32,4.52,4.34,4.58,4.91,4.81,4.88,70.4,1.0,1.0,0.0,2.0,0.0,70.3,2.6,52.2,44.1,1.0,1,0,0
9479,8.63,8.38,8.4,9.37,8.28,8.02,8.15,8.58,8.48,85.4,1.0,4.0,2.0,2.0,1.0,95.7,3.9,60.2,71.0,1.0,0,1,1
41871,7.08,7.03,7.09,7.11,6.64,6.84,7.13,6.81,6.83,61.7,0.0,1.0,1.0,0.0,0.0,51.1,1.5,24.4,35.8,1.0,1,0,0
12933,7.26,7.46,7.44,7.39,7.5,7.84,7.61,7.29,7.31,69.6,1.0,2.0,1.0,2.0,0.0,60.6,3.1,57.1,47.3,0.0,1,0,1
13642,7.2,6.85,7.27,7.31,7.27,7.05,7.26,6.85,7.09,75.8,1.0,1.0,1.0,2.0,1.0,70.8,3.8,54.2,60.8,0.0,1,0,0
19627,8.14,8.37,8.79,8.42,7.71,8.85,9.11,8.37,8.48,75.0,1.0,2.0,2.0,3.0,1.0,71.0,2.4,75.1,71.1,0.0,0,1,1
9952,7.01,7.06,7.4,7.18,7.07,7.35,6.97,6.63,7.29,75.3,1.0,1.0,2.0,1.0,1.0,56.8,2.8,57.7,64.7,0.0,1,0,0
28963,7.15,7.15,6.94,7.42,7.08,6.77,7.14,6.63,7.13,79.8,1.0,1.0,2.0,2.0,0.0,69.8,2.9,66.1,49.4,1.0,1,0,1
28446,6.98,6.46,6.25,6.61,6.96,6.89,6.95,5.89,6.83,73.3,1.0,2.0,2.0,2.0,0.0,67.2,3.1,57.7,60.7,1.0,1,0,1
19699,8.66,7.7,8.06,8.15,8.28,8.29,8.21,8.15,8.23,92.9,1.0,3.0,2.0,4.0,1.0,80.2,4.7,57.7,55.5,0.0,0,1,1
44224,8.49,8.48,8.71,8.47,8.53,8.47,8.65,8.99,8.46,82.4,1.0,5.0,3.0,4.0,2.0,84.1,3.1,82.3,76.6,1.0,0,1,1
2997,7.06,7.6,7.28,7.87,7.58,7.5,7.78,7.89,7.52,93.8,1.0,4.0,4.0,2.0,1.0,74.0,3.9,80.8,62.3,1.0,0,1,1
13638,6.47,6.7,6.48,6.72,6.34,6.78,6.91,6.54,6.71,66.0,1.0,2.0,2.0,1.0,1.0,61.6,2.5,69.0,40.4,0.0,1,0,1
22471,6.93,7.18,7.61,8.04,7.43,7.75,7.72,7.94,7.66,65.5,1.0,0.0,2.0,2.0,1.0,71.0,3.0,61.1,49.9,0.0,1,0,1
36087,8.31,7.77,8.12,7.71,8.48,8.24,8.45,8.12,8.29,85.7,2.0,4.0,3.0,5.0,2.0,100.0,3.5,72.2,76.7,0.0,0,1,1
28918,7.84,8.36,8.7,9.12,8.64,9.27,8.95,9.34,4.45,50.58168587,2.0,4.0,2.0,2.0,1.0,32.6,4.1,6.8,79.6,1.0,1,1,1
17650,4.87,4.67,4.95,4.86,4.33,4.69,4.77,4.53,4.77,62.3,1.0,1.0,1.0,1.0,0.0,53.6,1.2,57.7,29.0,1.0,1,0,0
27956,8.03,8.03,8.63,8.56,8.45,8.86,8.79,9.27,8.49,86.5,2.0,4.0,3.0,2.0,1.0,93.4,4.7,57.7,79.5,1.0,0,1,1
2855,8.86,8.64,9.35,9.21,8.7,9.18,9.22,9.04,9.04,93.8,1.0,2.0,3.0,3.0,1.0,85.8,3.4,77.6,68.4,1.0,0,1,1
13390,9.16,9.62,9.46,9.14,10.0,9.41,9.36,9.74,9.4,80.9,2.0,2.0,2.0,4.0,2.0,100.0,5.0,57.7,84.4,1.0,0,1,1
13049,5.14,4.79,4.57,4.64,4.65,4.89,4.99,4.5,4.75,60.3,0.0,0.0,1.0,0.0,0.0,43.4,1.9,31.5,29.7,0.0,1,0,0
22333,7.53,7.55,7.41,7.29,7.49,7.74,6.83,7.27,7.26,74.5,1.0,2.0,1.0,2.0,1.0,66.4,3.3,62.9,55.9,1.0,1,0,1
30578,7.04,7.01,6.97,6.92,6.92,7.58,7.62,7.2,7.11,87.3,2.0,3.0,2.0,3.0,2.0,70.3,3.2,67.7,74.7,1.0,0,1,1
34735,5.09,5.64,5.67,5.44,5.64,6.01,5.49,5.45,5.46,71.0,0.0,1.0,2.0,2.0,1.0,63.2,3.2,40.8,52.5,1.0,1,0,0
19539,8.63,8.35,8.71,8.89,9.29,8.33,9.08,8.47,8.83,91.2,1.0,4.0,4.0,4.0,2.0,88.4,4.6,64.6,83.4,1.0,0,1,1
39587,5.35,5.73,5.54,5.31,5.81,5.65,5.58,5.48,5.67,63.5,1.0,1.0,2.0,2.0,1.0,59.6,3.1,54.8,55.5,1.0,1,0,1
5573,5.32,4.76,5.32,4.73,5.05,4.28,5.14,4.93,4.87,65.9,1.0,0.0,0.0,0.0,0.0,41.6,1.7,26.9,32.8,1.0,1,0,0
47751,5.12,4.93,4.81,5.36,5.27,6.13,6.0,5.1,5.3,59.6,1.0,0.0,1.0,0.0,0.0,51.0,1.5,57.7,29.6,0.0,1,0,0
30964,8.35,8.75,8.18,8.85,8.49,8.83,8.45,8.65,8.56,89.1,1.0,3.0,2.0,3.0,1.0,74.5,2.8,73.3,87.2,1.0,0,1,1
35496,4.0,4.0,4.14,4.0,4.18,4.16,4.23,4.0,4.16,66.0,0.0,1.0,0.0,0.0,0.0,51.3,3.3,30.7,28.7,1.0,1,0,0
20263,5.94,5.57,5.51,5.37,5.24,5.6,5.21,5.84,5.61,71.2,1.0,2.0,2.0,1.0,0.0,80.0,2.9,50.9,49.2,1.0,1,0,0
44660,6.96,6.02,6.59,6.74,6.48,6.46,6.05,6.38,6.4,74.6,2.0,2.0,1.0,1.0,0.0,66.8,2.1,62.9,59.2,1.0,1,0,1
21746,5.58,5.35,5.44,5.8,5.84,5.4,5.39,5.3,5.51,57.9,0.0,1.0,1.0,0.0,0.0,55.7,1.2,30.3,55.5,0.0,1,0,0
47249,8.07,7.89,7.7,7.78,8.16,7.32,7.67,7.93,7.78,63.7,1.0,3.0,2.0,1.0,0.0,66.5,2.8,50.8,62.2,1.0,1,1,1
36228,6.8,6.68,6.58,6.06,6.78,6.39,5.66,6.52,6.48,61.1,1.0,1.0,1.0,0.0,0.0,47.9,2.4,29.5,24.3,1.0,1,0,0
28787,7.58,7.55,6.82,7.06,6.72,7.09,7.21,7.29,7.25,74.6,1.0,2.0,2.0,2.0,0.0,70.3,4.0,56.3,53.6,1.0,1,0,1
35620,7.77,8.08,7.83,8.03,7.75,8.2,8.64,8.27,8.13,76.2,2.0,2.0,2.0,4.0,2.0,82.3,5.0,78.1,69.2,1.0,0,1,1
46000,8.06,7.93,7.24,8.14,7.89,7.71,8.04,7.9,7.85,82.3,0.0,1.0,1.0,2.0,0.0,59.5,2.6,64.7,43.1,0.0,1,0,1
49513,9.31,10.0,10.0,9.43,10.0,9.71,9.73,9.81,9.86,73.2,3.0,5.0,1.0,2.0,0.0,96.6,3.7,98.1,55.3,1.0,0,1,1
44515,8.84,9.11,8.92,9.32,9.07,9.38,9.49,9.51,9.33,89.7,2.0,3.0,3.0,3.0,2.0,82.8,5.0,74.5,74.0,1.0,0,1,1
28684,5.71,6.21,6.06,5.91,6.23,6.64,6.04,6.31,6.29,64.6,1.0,2.0,2.0,2.0,1.0,80.7,2.7,51.3,55.5,1.0,1,0,0
31549,4.74,4.87,4.36,4.27,5.05,4.52,4.26,4.48,4.59,63.4,0.0,1.0,0.0,0.0,0.0,54.4,2.1,30.2,25.3,0.0,1,0,0
31965,6.84,6.89,6.62,6.76,6.65,6.47,6.49,7.08,6.76,77.5,1.0,2.0,1.0,1.0,1.0,70.2,2.6,61.7,50.7,0.0,1,0,1
9434,9.77,10.0,9.86,10.0,10.0,10.0,10.0,10.0,9.95,89.5,1.0,4.0,4.0,3.0,2.0,87.3,4.7,100.0,83.8,0.0,0,1,1
22374,4.93,4.64,4.76,4.94,5.18,4.69,4.0,4.41,4.66,50.0,0.0,1.0,0.0,1.0,0.0,40.7,1.3,31.7,33.9,1.0,1,0,0
21623,4.7,5.09,4.75,4.88,4.22,4.62,4.58,4.0,4.46,65.6,1.0,0.0,0.0,1.0,0.0,47.3,3.0,34.1,31.6,0.0,1,0,0
12452,6.82,6.59,6.71,7.08,7.47,7.0,7.28,7.56,7.03,75.3,0.0,2.0,2.0,1.0,0.0,57.4,3.4,47.4,45.8,1.0,1,0,1
11800,7.48,6.99,7.37,7.24,6.96,7.3,7.1,7.27,7.21,80.7,1.0,1.0,2.0,2.0,0.0,69.0,3.5,56.8,46.6,0.0,1,0,1
31389,8.69,8.08,8.34,7.98,8.6,8.53,8.28,8.81,8.33,75.5,0.0,2.0,1.0,2.0,0.0,78.6,3.1,61.7,45.6,0.0,1,1,1
20769,7.09,7.24,7.11,6.68,6.71,7.81,7.24,7.76,7.31,71.4,1.0,1.0,2.0,1.0,1.0,61.8,3.0,48.4,61.5,0.0,1,0,1
4829,8.39,8.59,8.71,8.43,8.12,8.72,8.18,8.53,8.42,100.0,2.0,3.0,2.0,3.0,1.0,87.9,5.0,70.7,88.0,0.0,0,1,1
14590,9.77,9.29,9.84,9.61,9.85,9.81,9.47,9.87,9.81,92.6,2.0,4.0,3.0,3.0,1.0,75.8,3.4,57.7,75.2,1.0,0,1,1
1508,6.32,5.77,5.93,5.44,6.29,5.38,5.96,6.01,5.93,80.6,1.0,2.0,1.0,1.0,0.0,75.4,3.3,49.7,55.5,0.0,1,0,1
18613,7.61,7.01,7.59,7.56,7.75,7.74,7.52,7.94,7.68,87.0,2.0,3.0,1.0,1.0,0.0,60.5,2.6,51.0,49.0,0.0,1,0,1
19303,5.5,5.03,5.72,5.03,5.38,5.45,5.2,4.83,5.45,62.8,0.0,0.0,2.0,1.0,1.0,43.6,2.2,27.6,30.8,1.0,1,0,0
38310,6.16,7.25,6.62,6.82,7.04,6.8,7.22,6.59,6.9,85.3,1.0,2.0,1.0,2.0,0.0,64.5,2.6,48.5,37.8,1.0,1,0,1
1739,8.6,8.47,8.84,8.67,9.1,9.51,9.26,8.88,8.92,91.3,1.0,2.0,2.0,2.0,0.0,66.8,2.9,59.1,47.9,0.0,1,1,1
35876,7.92,7.86,7.55,7.6,7.4,7.89,7.79,7.44,7.57,78.2,0.0,1.0,2.0,2.0,0.0,70.3,2.6,43.0,49.8,0.0,1,0,0
47068,6.97,7.37,7.3,6.76,6.34,7.16,6.81,6.67,6.9,75.6,0.0,2.0,2.0,1.0,1.0,62.5,4.0,53.4,50.9,0.0,1,0,1
5115,9.84,10.0,10.0,9.8,10.0,10.0,10.0,10.0,10.0,86.2,3.0,4.0,2.0,2.0,2.0,65.2,4.4,57.7,68.3,0.0,0,1,1
24907,6.07,6.22,5.72,5.89,5.87,6.1,5.89,6.0,5.9,58.8,0.0,0.0,0.0,1.0,0.0,45.6,1.0,23.9,24.4,1.0,1,0,0
7636,10.0,9.94,9.94,9.76,9.81,9.75,10.0,10.0,9.83,89.7,2.0,2.0,3.0,3.0,2.0,72.8,3.9,95.9,74.5,1.0,0,1,1
14399,7.02,7.37,7.09,7.55,7.16,7.4,7.28,7.55,7.34,74.9,0.0,1.0,1.0,2.0,0.0,48.5,3.4,57.5,55.2,0.0,1,0,0
36171,7.77,8.1,8.02,8.1,8.12,7.92,8.37,8.27,7.97,99.0,1.0,4.0,3.0,3.0,1.0,72.5,4.3,80.5,55.1,1.0,0,1,1
9184,6.85,7.12,7.21,7.13,7.21,7.09,7.07,7.26,7.0,79.2,1.0,2.0,2.0,2.0,0.0,70.1,3.3,48.8,43.4,0.0,1,0,1
36797,6.24,5.83,6.23,6.07,6.17,5.84,6.09,6.29,6.17,79.6,1.0,2.0,2.0,2.0,1.0,70.3,3.1,60.9,44.8,0.0,1,0,0
37623,7.57,6.91,7.75,7.65,6.95,7.53,7.51,7.08,7.34,91.1,1.0,3.0,4.0,3.0,1.0,81.3,4.5,89.9,73.2,1.0,0,1,1
1656,4.04,4.19,4.48,4.0,4.12,4.37,4.0,4.0,4.18,60.1,0.0,1.0,0.0,0.0,0.0,45.3,1.7,26.4,34.1,0.0,1,0,0
4327,8.66,9.15,9.05,8.7,9.46,9.33,9.57,9.65,9.12,88.0,1.0,3.0,3.0,3.0,2.0,84.3,3.7,77.1,71.3,1.0,0,1,1
27378,6.89,6.81,6.45,6.62,6.74,6.38,6.89,6.81,6.67,74.5,1.0,1.0,1.0,2.0,1.0,70.5,3.4,59.7,47.6,1.0,1,0,1
19045,8.01,7.4,7.92,7.54,8.1,7.98,7.43,8.03,7.8,74.9,1.0,2.0,1.0,1.0,0.0,64.9,2.2,54.3,55.5,0.0,1,0,1
44329,9.94,9.45,9.32,9.15,9.83,9.36,9.59,9.94,9.55,86.6,2.0,3.0,3.0,4.0,2.0,64.6,5.0,85.0,83.2,1.0,0,1,1
9662,5.66,6.02,5.79,6.26,6.36,6.92,5.96,6.17,6.05,91.9,2.0,3.0,3.0,3.0,1.0,85.3,4.1,73.1,90.7,1.0,0,1,1
15915,6.44,6.49,5.72,6.31,5.91,5.76,6.33,5.44,6.08,65.7,0.0,1.0,0.0,1.0,1.0,54.3,1.7,57.7,26.7,0.0,1,0,0
25467,7.97,8.17,8.3,9.01,8.81,8.45,8.18,8.53,8.49,92.3,2.0,3.0,4.0,3.0,2.0,98.1,3.1,57.7,55.5,1.0,0,1,1
13611,5.58,5.85,6.3,6.07,5.95,6.05,6.23,6.91,6.15,80.4,1.0,2.0,2.0,3.0,0.0,73.1,4.1,58.9,58.0,1.0,1,0,1
11671,9.42,9.21,9.1,9.44,9.64,9.71,9.73,9.79,9.55,83.9,2.0,3.0,3.0,2.0,2.0,74.9,5.0,76.8,74.1,0.0,0,1,1
1220,7.31,7.22,6.99,7.25,7.34,7.47,7.15,7.39,7.3,70.5,2.0,2.0,4.0,4.0,1.0,90.4,3.8,82.1,63.8,0.0,0,1,1
38864,6.75,6.83,7.05,6.75,7.78,6.75,7.48,7.08,7.18,91.9,1.0,2.0,2.0,3.0,1.0,72.7,5.0,69.4,72.5,1.0,0,1,1
12558,8.2,8.55,8.37,8.15,8.11,8.7,7.98,8.56,8.15,72.0,0.0,2.0,2.0,2.0,1.0,72.7,3.2,40.7,58.7,1.0,1,1,1
39144,6.25,6.17,6.3,6.04,6.31,6.71,5.76,5.56,6.32,81.3,2.0,2.0,1.0,2.0,1.0,59.2,3.6,57.2,51.9,1.0,1,0,1
35509,8.78,8.52,8.55,8.83,9.49,8.64,8.2,8.89,8.81,96.8,1.0,2.0,2.0,3.0,1.0,82.4,4.3,84.6,80.8,1.0,0,1,1
11853,6.56,6.49,6.68,5.93,6.32,5.97,5.86,6.01,6.44,52.2,1.0,1.0,2.0,1.0,0.0,44.1,3.1,30.8,24.2,0.0,1,0,0
13239,4.83,4.49,4.92,4.92,4.18,4.56,4.66,4.09,9.8,66.6,3.0,5.0,1.0,1.0,0.0,99.0,2.1,57.7,34.5,0.0,1,0,0
29951,8.04,8.44,8.67,9.02,8.87,8.34,9.25,9.34,8.76,96.6,2.0,3.0,3.0,3.0,1.0,73.1,4.9,83.7,55.5,1.0,0,1,1
27985,10.0,9.6,10.0,10.0,10.0,10.0,10.0,10.0,10.0,83.1,1.0,4.0,3.0,3.0,1.0,100.0,3.6,89.0,87.0,1.0,0,1,1
22091,7.55,7.45,7.73,7.54,8.29,8.19,8.06,7.97,7.84,76.8,1.0,1.0,2.0,2.0,1.0,70.3,3.1,44.5,49.2,1.0,1,1,0
48990,8.78,8.55,8.79,8.98,8.64,8.46,8.77,8.76,8.65,82.4,3.0,4.0,2.0,4.0,1.0,75.5,4.8,81.1,91.7,0.0,0,1,1
40640,8.11,7.46,7.7,7.69,7.8,7.42,7.7,7.67,7.53,84.0,1.0,2.0,2.0,3.0,1.0,69.0,3.1,47.4,61.8,1.0,1,1,1
28912,9.99,10.0,9.46,10.0,10.0,10.0,10.0,10.0,9.97,81.9,2.0,4.0,3.0,2.0,2.0,90.7,4.8,62.7,81.3,1.0,0,1,1
8571,7.8,7.69,7.8,7.54,8.38,8.16,7.84,8.41,7.93,85.3,1.0,1.0,2.0,1.0,0.0,82.5,3.0,47.4,55.8,0.0,1,1,1
38432,6.1,6.3,6.26,6.59,6.59,6.57,5.99,6.65,6.43,83.0,0.0,1.0,1.0,2.0,1.0,72.1,2.3,65.1,55.5,1.0,1,0,0
40526,5.89,6.71,6.46,5.72,5.78,6.08,5.66,5.33,6.04,50.0,0.0,1.0,0.0,1.0,0.0,46.4,1.6,57.7,31.8,0.0,1,0,0
35550,8.88,7.73,8.52,8.62,9.51,8.94,8.85,8.97,8.78,88.3,2.0,2.0,3.0,4.0,1.0,83.8,3.3,67.8,81.3,1.0,0,1,1
29488,5.54,5.75,5.07,4.86,5.39,4.84,4.94,5.17,5.19,55.3,0.0,1.0,0.0,0.0,0.0,42.0,1.0,57.7,25.3,0.0,1,0,0
26038,6.69,7.23,6.89,7.57,6.38,7.34,7.23,7.14,7.11,100.0,2.0,2.0,4.0,2.0,0.0,93.4,4.3,77.5,81.1,1.0,0,1,1
19371,10.0,9.26,9.63,10.0,9.95,9.39,9.84,10.0,9.72,100.0,2.0,3.0,3.0,3.0,0.0,76.4,4.6,57.7,81.8,1.0,0,1,1
44735,9.98,9.52,9.42,9.55,9.18,9.61,9.75,9.83,9.42,88.2,3.0,3.0,3.0,4.0,1.0,60.8,5.0,57.7,61.5,1.0,0,1,1
6916,8.88,8.91,8.72,9.25,8.82,8.9,9.0,9.25,9.01,76.3,1.0,4.0,3.0,4.0,3.0,88.0,4.2,77.4,55.5,1.0,0,1,1
14999,6.08,6.25,6.0,6.58,6.46,5.93,6.46,5.84,6.31,67.2,1.0,2.0,2.0,2.0,0.0,69.0,3.7,48.8,58.5,0.0,1,0,1
16751,6.17,5.82,5.87,5.79,5.93,5.92,5.83,6.29,6.0,63.5,0.0,0.0,1.0,0.0,0.0,48.1,2.2,25.1,25.9,0.0,1,0,0
29960,6.18,6.54,6.77,7.0,6.3,6.79,6.16,7.01,6.7,78.0,1.0,2.0,1.0,2.0,1.0,71.8,2.7,54.5,59.5,0.0,1,0,1
28857,7.76,8.16,7.84,7.62,8.02,8.51,7.7,7.86,7.98,70.1,1.0,2.0,2.0,2.0,0.0,70.3,2.5,48.3,51.5,0.0,1,1,1
38912,9.07,8.05,8.16,8.52,8.36,8.8,7.94,8.53,8.35,86.4,1.0,3.0,1.0,2.0,1.0,61.2,3.9,55.0,55.5,0.0,1,1,1
5844,10.0,9.62,10.0,10.0,10.0,10.0,10.0,9.66,10.0,77.9,1.0,4.0,2.0,3.0,2.0,98.0,3.2,86.7,87.9,1.0,0,1,1
15770,8.1,8.67,8.78,8.78,8.67,9.26,9.32,9.43,8.96,95.9,3.0,3.0,4.0,4.0,2.0,72.6,3.8,87.9,83.0,1.0,0,1,1
27099,5.82,5.69,5.39,4.99,5.13,5.25,4.99,5.05,5.2,63.1,0.0,0.0,0.0,0.0,0.0,53.9,1.3,25.5,29.1,0.0,1,0,0
34727,9.74,9.44,10.0,9.37,9.65,9.66,10.0,10.0,9.79,76.4,2.0,2.0,3.0,4.0,1.0,81.8,3.1,77.3,71.4,0.0,0,1,1
20931,8.76,8.39,8.4,8.11,7.95,8.26,8.08,7.87,8.4,74.3,1.0,2.0,1.0,1.0,1.0,78.8,2.4,70.0,48.8,1.0,1,1,1
12314,8.67,8.96,9.47,9.27,9.24,9.39,9.25,9.46,9.21,78.1,2.0,4.0,3.0,4.0,1.0,82.8,3.3,94.8,71.9,1.0,0,1,1
8294,8.34,8.82,8.9,8.37,8.81,8.54,8.78,8.66,8.8,84.3,2.0,4.0,3.0,3.0,2.0,90.7,3.0,57.7,60.2,1.0,0,1,1
49409,7.26,8.37,7.99,7.61,7.46,7.9,8.24,8.44,7.75,83.4,2.0,3.0,4.0,3.0,2.0,79.5,2.8,78.8,55.5,1.0,0,1,1
22320,7.71,8.11,7.74,7.67,8.55,8.38,8.33,8.18,8.13,85.7,2.0,3.0,2.0,2.0,2.0,82.2,3.1,73.1,83.8,1.0,0,1,1
20487,7.21,6.79,7.18,7.19,7.57,6.97,7.21,7.47,7.27,80.0,2.0,4.0,2.0,3.0,2.0,100.0,4.4,63.6,70.6,1.0,0,1,1
22611,6.25,7.13,6.51,7.07,6.66,6.98,6.77,6.56,6.63,73.8,1.0,2.0,3.0,2.0,1.0,66.0,2.6,48.0,50.1,1.0,1,0,0
12466,7.76,7.46,7.48,7.86,7.57,7.74,7.22,8.23,7.68,79.7,2.0,2.0,4.0,4.0,1.0,75.9,4.0,57.7,55.5,0.0,0,1,1
41513,8.62,9.33,9.23,9.33,9.48,9.06,8.81,9.29,4.22,54.1577041,1.0,2.0,2.0,1.0,0.0,33.4,3.1,1.8,69.4,1.0,1,1,1
48610,5.2,5.17,5.58,5.76,5.23,5.31,4.87,4.99,5.34,62.1,0.0,1.0,1.0,1.0,0.0,46.3,1.9,27.2,24.1,1.0,1,0,0
17673,5.69,5.93,6.44,6.25,6.06,6.51,6.91,6.42,6.31,68.8,0.0,2.0,2.0,2.0,0.0,81.3,3.3,51.1,56.6,0.0,1,0,1
8566,6.33,6.47,6.51,6.57,6.18,6.44,6.62,6.13,6.45,83.9,1.0,1.0,1.0,1.0,1.0,68.5,2.9,57.7,55.5,0.0,1,0,0
42906,6.12,6.22,5.62,5.97,5.63,6.41,6.25,5.74,6.12,100.0,2.0,3.0,2.0,2.0,1.0,83.5,3.8,73.0,67.3,1.0,0,0,1
33295,5.8,4.85,5.99,4.92,5.83,5.23,5.21,5.54,5.32,63.5,0.0,1.0,1.0,1.0,1.0,51.3,1.9,24.0,30.4,0.0,1,0,0
12929,6.83,6.36,6.55,6.97,6.5,6.75,6.54,6.68,6.66,73.7,1.0,1.0,2.0,1.0,1.0,61.6,2.8,51.7,46.2,0.0,1,0,1
8384,5.48,5.55,6.07,6.13,5.83,5.88,5.93,5.61,5.75,59.1,0.0,1.0,2.0,0.0,0.0,54.3,2.1,29.4,27.3,0.0,1,0,0
26547,5.22,4.95,4.71,4.88,4.87,4.67,4.57,4.46,4.9,55.0,0.0,1.0,2.0,1.0,0.0,42.6,1.7,25.3,55.5,1.0,1,0,0
21161,8.13,8.43,8.3,7.72,7.85,8.55,8.35,8.53,8.48,82.3,3.0,4.0,3.0,3.0,1.0,87.4,5.0,95.2,92.0,1.0,0,1,1
25332,7.74,8.19,7.31,7.38,7.21,8.45,7.84,7.89,7.77,75.6,1.0,2.0,2.0,2.0,0.0,67.0,3.5,47.6,56.0,0.0,1,1,1
417,9.84,10.0,9.5,10.0,9.42,9.81,10.0,9.99,9.84,85.2,1.0,4.0,2.0,5.0,1.0,85.8,4.6,78.4,63.6,1.0,0,1,1
38314,8.24,7.8,8.22,7.91,7.77,8.84,8.59,8.7,8.3,100.0,3.0,3.0,3.0,4.0,2.0,90.7,4.1,66.0,69.0,1.0,0,1,1
40759,6.06,5.85,6.57,6.03,5.74,5.88,5.61,6.25,6.13,56.6,0.0,1.0,1.0,0.0,0.0,52.8,1.6,30.7,26.1,0.0,1,0,0
1407,4.48,4.33,4.29,4.16,4.33,4.65,4.08,4.54,4.44,55.4,0.0,1.0,1.0,0.0,0.0,47.6,1.6,30.0,29.4,0.0,1,0,0
27989,4.73,5.21,5.25,5.62,5.36,5.26,5.38,4.97,5.19,71.2,1.0,2.0,3.0,2.0,1.0,60.0,3.1,52.4,56.7,0.0,1,0,0
20658,8.98,9.12,8.35,9.43,8.9,8.64,9.0,8.9,9.05,64.9,1.0,1.0,2.0,2.0,1.0,52.8,3.3,56.0,57.4,0.0,1,1,1
46982,7.29,7.42,7.59,7.45,7.26,7.34,7.26,7.28,7.2,86.5,1.0,2.0,1.0,1.0,0.0,66.6,1.6,46.3,47.5,0.0,1,0,0
29902,7.27,7.08,7.18,6.81,7.43,6.63,7.26,7.04,7.05,73.5,0.0,2.0,2.0,2.0,0.0,74.0,3.4,47.4,45.1,1.0,1,0,0
32870,6.29,6.32,5.84,6.15,5.99,6.02,5.43,5.63,5.98,58.4,0.0,1.0,0.0,0.0,0.0,39.4,1.6,32.7,25.0,0.0,1,0,0
21614,5.62,6.18,5.94,5.57,6.02,5.66,5.82,5.73,5.88,63.1,0.0,1.0,0.0,1.0,0.0,44.9,2.6,57.7,30.6,0.0,1,0,0
18693,6.22,6.41,6.04,5.78,5.4,5.98,6.08,5.49,5.97,77.5,1.0,1.0,2.0,2.0,1.0,79.3,3.6,62.9,57.6,1.0,1,0,0
14463,6.77,7.15,7.03,7.44,7.09,7.22,7.81,7.46,7.44,74.5,1.0,4.0,4.0,4.0,2.0,70.3,3.7,77.9,69.8,1.0,0,1,1
13530,7.22,7.44,7.78,7.74,7.71,7.73,7.67,7.81,7.71,94.9,2.0,4.0,3.0,3.0,2.0,67.8,5.0,69.0,83.6,1.0,0,1,1
29805,8.74,8.83,8.96,8.8,9.28,9.53,9.66,9.4,9.01,82.0,2.0,3.0,3.0,3.0,1.0,84.9,4.1,71.0,73.7,1.0,0,1,1
1445,5.03,5.54,5.12,5.06,4.79,4.98,6.01,5.2,5.02,64.1,1.0,1.0,1.0,1.0,0.0,44.7,2.3,19.2,33.4,0.0,1,0,0
18219,7.32,7.74,7.54,7.53,7.38,8.48,8.05,8.16,7.75,83.0,2.0,2.0,3.0,3.0,3.0,63.2,5.0,60.8,84.9,1.0,0,1,1
45064,8.01,7.31,7.78,7.49,7.51,8.03,7.94,7.86,7.71,83.6,2.0,2.0,2.0,3.0,2.0,87.9,4.3,94.0,68.8,0.0,0,1,1
30647,9.17,9.29,9.52,9.94,8.94,9.29,9.61,9.18,9.44,82.3,2.0,4.0,3.0,3.0,2.0,70.1,4.1,92.8,73.0,1.0,0,1,1
49168,5.99,5.62,4.7,5.81,5.64,6.02,6.1,5.58,5.73,88.8,1.0,3.0,3.0,3.0,2.0,90.3,4.9,69.0,81.0,0.0,0,0,1
39990,7.41,6.76,7.62,7.3,7.16,6.9,7.04,6.83,7.31,61.7,0.0,1.0,1.0,1.0,0.0,45.5,2.4,28.6,42.1,0.0,1,0,0
44756,7.32,8.08,7.72,7.99,7.75,7.51,8.06,8.3,7.69,71.3,0.0,2.0,2.0,3.0,0.0,69.7,3.4,57.3,57.6,0.0,1,1,1
48346,4.68,5.43,4.78,4.78,5.17,5.16,5.17,5.6,5.18,78.7,1.0,1.0,2.0,1.0,0.0,75.9,3.5,62.5,54.7,1.0,1,0,0
42970,8.08,8.49,8.16,7.95,8.07,8.72,8.34,8.73,8.3,71.2,1.0,1.0,1.0,2.0,1.0,82.2,3.6,58.6,53.9,0.0,1,1,1
20420,9.76,9.86,9.6,10.0,10.0,9.74,10.0,10.0,9.9,93.7,3.0,3.0,3.0,3.0,1.0,76.2,5.0,81.8,79.3,1.0,0,1,1
10897,9.47,9.37,9.02,9.43,9.85,9.91,9.67,9.48,9.45,64.9,2.0,3.0,3.0,3.0,0.0,73.1,5.0,68.6,73.6,1.0,0,1,1
45621,9.8,10.0,10.0,10.0,10.0,10.0,10.0,10.0,9.82,90.7,2.0,4.0,2.0,3.0,1.0,87.3,4.2,75.0,55.5,1.0,0,1,1
36350,6.33,6.48,6.88,6.34,5.83,6.58,6.31,6.37,6.28,87.3,1.0,1.0,2.0,1.0,0.0,80.9,2.7,62.9,47.7,1.0,1,0,0
19313,8.66,9.01,8.88,8.81,8.52,9.5,8.88,9.56,8.94,100.0,1.0,4.0,4.0,4.0,1.0,74.1,4.9,73.3,61.9,1.0,0,1,1
5583,5.0,4.66,4.84,4.49,4.42,4.0,4.6,4.0,4.53,64.7,0.0,1.0,1.0,1.0,0.0,47.0,1.8,28.2,34.9,0.0,1,0,0
6683,5.68,5.55,5.39,5.48,5.51,5.41,5.22,5.04,5.46,58.0,0.0,0.0,1.0,1.0,0.0,46.2,2.2,20.8,25.7,0.0,1,0,0
30680,5.88,6.59,6.85,6.83,6.61,5.76,6.33,6.21,6.31,78.7,1.0,2.0,1.0,3.0,1.0,73.2,1.9,40.1,49.2,1.0,1,0,0
28389,9.03,8.81,8.56,9.34,8.91,9.43,9.5,8.77,9.06,93.0,2.0,3.0,3.0,4.0,2.0,89.4,4.2,57.7,82.4,0.0,0,1,1
6848,8.75,8.88,9.29,8.53,8.57,8.52,8.47,8.54,8.7,68.1,2.0,3.0,3.0,2.0,1.0,59.7,3.3,55.0,54.4,0.0,0,1,1
15982,6.55,6.34,6.81,6.16,6.72,6.22,7.3,5.86,6.23,57.1,0.0,0.0,0.0,1.0,0.0,47.7,1.5,23.5,23.6,0.0,1,0,0
33676,5.89,5.77,6.16,6.42,5.89,5.53,6.05,5.95,5.88,68.2,0.0,1.0,0.0,1.0,0.0,42.4,2.3,29.3,29.3,1.0,1,0,0
47504,7.12,7.67,8.35,8.36,7.5,7.92,8.22,8.05,7.75,84.5,1.0,2.0,1.0,2.0,1.0,70.3,3.8,48.5,55.5,1.0,1,1,1
7566,4.55,4.3,4.4,4.6,4.28,4.4,4.0,4.0,4.3,70.1,1.0,0.0,0.0,0.0,0.0,43.1,1.9,23.6,29.4,0.0,1,0,0
20729,6.39,6.64,6.27,5.8,5.95,5.8,5.88,5.69,6.14,59.0,0.0,1.0,1.0,1.0,0.0,70.3,1.3,29.5,55.5,0.0,1,0,0
7412,5.09,5.26,4.97,4.96,5.51,5.2,5.32,5.13,5.19,70.4,1.0,2.0,1.0,2.0,1.0,55.5,2.3,66.4,52.7,1.0,1,0,0
25355,8.55,8.58,9.01,8.55,8.74,8.49,8.18,9.1,8.6,78.7,0.0,2.0,1.0,2.0,1.0,65.9,2.9,65.9,50.1,1.0,1,1,1
47739,9.48,9.31,9.01,9.11,9.17,9.04,9.21,9.41,9.17,85.3,1.0,2.0,0.0,3.0,0.0,76.8,3.6,55.6,43.5,0.0,1,1,1
9759,8.08,9.1,8.46,8.86,9.14,8.61,8.22,8.82,8.61,85.2,2.0,3.0,3.0,3.0,2.0,71.9,3.6,72.5,70.7,1.0,0,1,1
9768,6.14,6.1,7.01,6.35,6.94,6.71,6.14,6.7,6.59,81.8,0.0,2.0,2.0,2.0,0.0,68.7,3.1,58.3,53.0,1.0,1,0,0
7134,4.71,4.71,4.32,4.14,5.2,4.86,4.74,4.55,4.73,76.2,2.0,4.0,4.0,3.0,2.0,93.4,5.0,81.9,55.5,1.0,0,0,1
28594,6.15,6.12,6.97,6.68,6.94,6.05,6.63,5.74,6.42,61.7,1.0,0.0,0.0,1.0,0.0,47.2,1.8,57.7,55.5,1.0,1,0,0
41210,6.98,7.53,7.81,7.3,7.6,7.08,7.47,7.19,7.33,90.0,2.0,3.0,3.0,2.0,1.0,95.2,4.7,57.7,78.0,1.0,0,1,1
23112,7.37,8.15,7.46,8.16,7.82,7.75,8.18,7.87,7.7,67.1,2.0,4.0,3.0,3.0,1.0,94.5,4.4,70.9,67.6,1.0,0,1,1
44347,4.0,4.0,4.0,4.0,4.0,4.0,4.0,4.0,4.09,51.4,1.0,1.0,1.0,0.0,0.0,49.1,2.0,26.4,33.2,1.0,1,0,0
22810,7.58,7.65,7.51,7.27,7.62,7.88,7.51,7.44,7.38,68.3,2.0,2.0,1.0,1.0,1.0,76.2,3.2,55.1,47.8,0.0,1,0,1
20508,10.0,9.55,9.99,10.0,10.0,10.0,10.0,10.0,10.0,88.3,1.0,3.0,3.0,1.0,1.0,92.2,4.2,81.5,82.1,1.0,0,1,1
45706,5.49,5.44,5.95,5.88,5.8,6.43,5.51,6.5,5.77,79.9,1.0,2.0,2.0,2.0,0.0,64.3,3.1,48.4,56.7,1.0,1,0,1
21762,6.73,7.0,7.18,6.49,6.91,7.11,7.24,7.24,6.78,90.0,1.0,2.0,2.0,2.0,0.0,68.7,2.8,52.4,69.8,1.0,1,0,1
21496,9.69,8.91,9.45,9.04,9.27,9.23,9.34,9.44,9.23,89.2,1.0,2.0,1.0,2.0,0.0,65.5,3.4,53.5,52.7,0.0,1,1,1
11505,8.3,7.54,8.38,8.07,7.92,8.11,8.27,7.81,8.16,70.7,1.0,2.0,1.0,1.0,0.0,70.3,2.1,52.2,49.9,1.0,1,1,1
32457,6.09,6.33,6.16,6.08,6.14,6.73,6.22,6.59,6.14,85.5,1.0,2.0,2.0,2.0,0.0,77.4,3.7,51.8,59.0,0.0,1,0,0
44210,5.05,5.13,5.03,5.06,5.38,4.98,5.5,4.58,5.14,55.6,0.0,1.0,2.0,1.0,0.0,48.1,1.9,25.5,24.9,0.0,1,0,0
43813,8.36,7.92,7.75,8.17,8.2,8.13,8.42,8.2,8.21,89.2,3.0,4.0,2.0,2.0,1.0,91.4,3.6,90.4,61.4,1.0,0,1,1
18265,7.49,7.57,7.23,7.76,7.71,8.01,7.46,7.76,7.6,68.6,1.0,2.0,3.0,2.0,0.0,69.6,3.6,49.8,52.0,1.0,1,1,1
41115,10.0,10.0,10.0,10.0,10.0,10.0,10.0,10.0,9.97,100.0,2.0,3.0,2.0,3.0,1.0,71.8,4.0,76.5,56.2,1.0,0,1,1
20035,8.87,8.68,8.58,7.76,8.62,8.55,8.72,8.33,8.39,100.0,3.0,5.0,1.0,3.0,2.0,81.3,4.9,85.6,74.3,1.0,0,1,1
10076,7.86,8.14,8.35,8.43,8.31,8.25,8.72,8.23,8.33,100.0,2.0,4.0,3.0,3.0,2.0,73.5,3.6,90.6,62.8,1.0,0,1,1
37297,7.45,7.5,7.16,7.43,7.55,7.12,7.14,7.49,7.28,74.7,1.0,2.0,2.0,1.0,1.0,68.2,3.1,51.9,55.1,1.0,1,0,1
14277,8.28,9.18,8.73,8.73,8.46,8.91,9.03,9.33,9.03,78.9,2.0,1.0,3.0,5.0,1.0,87.8,4.5,73.1,80.4,1.0,0,1,1
35781,8.06,7.86,7.79,7.67,8.18,7.77,7.56,8.19,7.75,72.8,1.0,2.0,2.0,1.0,0.0,71.5,3.5,51.6,56.5,1.0,1,1,1
16871,9.01,9.04,8.93,9.51,9.18,9.11,8.83,9.07,8.94,66.1,1.0,2.0,1.0,3.0,0.0,73.5,3.9,47.9,59.1,1.0,1,1,1
4230,10.0,10.0,9.93,9.68,9.71,9.81,9.84,10.0,9.94,88.6,2.0,4.0,2.0,3.0,2.0,74.9,4.3,72.6,55.5,1.0,0,1,1
49030,5.06,5.09,5.5,5.28,5.2,5.39,4.99,5.22,5.12,69.9,2.0,1.0,2.0,1.0,0.0,70.5,3.1,46.1,49.8,1.0,1,0,0
168,8.41,9.67,9.05,9.1,9.07,9.71,9.52,9.77,9.45,93.1,3.0,2.0,3.0,4.0,2.0,83.8,4.0,57.7,88.8,1.0,0,1,1
14447,5.22,5.43,5.18,5.42,5.09,5.23,4.59,5.46,5.12,65.4,0.0,0.0,1.0,1.0,1.0,44.9,2.5,31.5,31.9,1.0,1,0,0
36717,4.41,4.31,4.3,4.51,4.53,4.97,4.51,4.22,4.55,58.6,0.0,1.0,1.0,1.0,0.0,46.7,1.5,25.1,33.4,1.0,1,0,0
36165,10.0,10.0,10.0,10.0,10.0,9.91,10.0,10.0,9.75,71.2,2.0,4.0,3.0,3.0,2.0,77.7,3.6,88.5,64.0,1.0,0,1,1
14474,6.92,7.23,7.48,7.67,8.43,7.08,7.47,7.17,7.67,67.3,0.0,0.0,0.0,0.0,0.0,48.9,1.9,24.9,30.7,0.0,1,0,0
44427,7.69,7.83,8.17,7.61,8.12,7.99,7.98,8.16,7.81,78.3,1.0,2.0,1.0,1.0,0.0,67.6,3.1,56.8,48.3,0.0,1,1,1
46117,7.63,7.93,7.25,7.21,8.38,7.64,7.51,7.44,7.63,76.0,0.0,1.0,1.0,2.0,1.0,62.9,3.9,57.2,45.7,0.0,1,0,1
30626,7.22,7.35,7.19,7.71,7.99,7.13,7.27,7.61,7.17,63.7,1.0,2.0,1.0,1.0,0.0,71.8,3.0,48.2,56.1,1.0,1,0,1
9961,7.15,6.96,7.12,6.63,6.99,6.7,6.96,6.49,6.85,81.2,2.0,2.0,1.0,2.0,0.0,70.3,2.4,56.5,63.2,0.0,1,0,1
38723,10.0,10.0,10.0,9.51,10.0,10.0,10.0,10.0,10.0,78.6,1.0,4.0,3.0,3.0,2.0,90.7,4.1,77.1,61.9,0.0,0,1,1
28345,6.8,6.76,6.57,6.59,6.22,5.97,6.21,6.67,6.48,76.7,1.0,1.0,1.0,2.0,0.0,64.4,3.4,60.6,49.1,0.0,1,0,0
16438,7.14,6.81,6.36,6.88,6.79,6.34,6.82,7.53,6.84,86.0,1.0,2.0,1.0,3.0,1.0,57.7,2.3,63.2,53.1,1.0,1,0,0
8854,5.52,6.22,6.12,6.22,6.2,5.78,5.79,6.17,5.96,81.5,1.0,2.0,2.0,2.0,0.0,58.4,2.0,52.9,63.5,1.0,1,0,0
17364,8.85,9.24,9.46,9.85,9.71,9.51,9.69,9.53,9.27,100.0,2.0,2.0,1.0,2.0,2.0,72.2,4.5,57.7,73.7,1.0,0,1,1
4581,5.29,5.28,5.0,4.7,5.06,4.43,5.22,4.48,4.82,58.3,0.0,0.0,1.0,0.0,0.0,43.3,1.2,27.2,30.9,0.0,1,0,0
47304,6.86,7.12,6.6,6.55,6.16,6.25,6.93,6.73,6.7,58.6,0.0,1.0,0.0,0.0,0.0,39.7,1.5,25.4,37.3,0.0,1,0,0
44680,6.92,7.25,6.79,6.84,6.82,6.55,6.38,6.43,6.79,65.5,0.0,1.0,2.0,0.0,0.0,35.9,2.4,27.0,25.2,0.0,1,0,0
15193,9.28,9.65,9.65,10.0,9.99,9.66,9.75,10.0,9.65,97.5,2.0,2.0,4.0,3.0,2.0,69.7,3.3,83.7,73.7,0.0,0,1,1
31448,6.28,5.96,6.13,6.01,6.47,6.44,6.69,5.62,6.2,61.6,0.0,0.0,0.0,1.0,1.0,70.3,2.0,29.4,27.5,0.0,1,0,0
5526,8.29,8.08,8.06,7.45,8.24,8.1,8.75,8.11,8.13,85.2,2.0,3.0,2.0,4.0,2.0,82.2,4.7,84.0,63.4,1.0,0,1,1
39228,8.42,9.12,8.9,8.19,9.04,9.16,8.87,8.55,8.8,70.3,1.0,2.0,1.0,2.0,0.0,70.6,2.6,68.5,40.1,0.0,1,1,1
3468,7.2,6.87,7.16,7.4,7.65,7.21,7.57,7.08,7.26,66.7,1.0,1.0,1.0,2.0,0.0,72.6,2.3,57.7,58.9,1.0,1,0,0
15074,9.65,9.71,10.0,10.0,10.0,10.0,10.0,10.0,9.88,85.3,2.0,4.0,2.0,4.0,1.0,89.6,3.9,96.3,66.7,1.0,0,1,1
48706,8.98,9.05,8.86,9.22,9.64,9.32,9.57,9.27,9.05,71.1,2.0,3.0,3.0,4.0,1.0,84.6,3.2,77.2,78.6,1.0,0,1,1
13610,9.19,9.03,9.45,9.62,9.19,9.7,9.45,9.64,9.32,84.2,1.0,2.0,2.0,2.0,0.0,63.1,3.1,58.9,46.7,0.0,1,1,1
18786,6.39,5.83,6.06,6.13,5.56,6.02,6.35,6.3,6.05,70.9,1.0,2.0,2.0,2.0,0.0,54.5,2.0,48.9,55.5,1.0,1,0,0
39758,5.97,5.78,5.91,5.87,5.58,5.83,6.03,5.68,5.84,74.8,1.0,2.0,2.0,1.0,1.0,89.6,1.8,43.0,47.2,0.0,1,0,1
24217,5.64,5.74,5.8,5.52,5.84,5.96,6.03,5.86,5.88,72.4,2.0,2.0,1.0,1.0,1.0,61.9,3.1,51.1,58.8,0.0,1,0,1
33986,5.78,5.41,5.71,6.12,6.46,6.01,6.2,6.11,6.1,64.3,1.0,1.0,1.0,2.0,0.0,70.3,2.6,44.3,40.7,1.0,1,0,0
11626,7.93,8.69,8.16,8.31,7.82,8.92,8.83,8.32,8.54,79.1,1.0,5.0,3.0,2.0,1.0,76.2,3.3,79.9,73.4,1.0,0,1,1
12137,5.82,6.43,6.87,6.25,6.66,6.72,6.36,6.63,6.51,75.8,1.0,2.0,2.0,1.0,1.0,80.3,2.2,57.7,53.4,0.0,1,0,1
12629,7.2,7.57,7.83,7.17,7.83,7.21,7.28,7.24,7.3,75.1,1.0,2.0,1.0,1.0,0.0,77.1,2.8,54.5,51.9,0.0,1,0,1
28348,7.54,7.65,7.01,7.0,6.87,6.89,7.01,7.31,7.0,71.7,0.0,1.0,1.0,0.0,0.0,70.3,1.5,28.8,35.1,0.0,1,0,0
43512,6.03,5.7,5.62,5.97,6.04,6.03,5.62,6.63,5.86,100.0,1.0,4.0,3.0,4.0,1.0,90.2,3.5,57.7,81.6,1.0,0,0,1
5873,7.08,7.0,6.91,7.17,6.63,6.74,6.59,6.79,6.65,77.0,1.0,2.0,1.0,1.0,1.0,70.2,2.7,60.6,45.9,0.0,1,0,1
48244,7.61,8.59,8.33,8.17,8.57,8.45,7.69,8.33,8.28,79.6,1.0,2.0,2.0,1.0,1.0,74.4,3.2,52.5,55.3,1.0,1,1,1
33982,7.77,7.6,7.23,7.15,7.93,7.99,7.87,7.8,7.68,69.5,2.0,3.0,3.0,3.0,2.0,84.7,4.3,80.4,75.9,1.0,0,1,1
31261,7.6,7.58,7.78,7.68,7.51,8.14,7.7,8.29,7.85,86.9,2.0,3.0,3.0,3.0,1.0,83.6,4.5,82.7,66.3,1.0,0,1,1
12293,4.51,4.07,4.55,4.54,4.43,4.24,4.35,5.33,4.4,50.0,0.0,0.0,2.0,0.0,0.0,40.3,1.0,27.5,25.9,0.0,1,0,0
42287,5.74,6.39,6.24,6.31,6.78,6.23,6.93,6.71,6.54,69.5,1.0,2.0,1.0,2.0,0.0,65.2,3.1,67.8,61.5,1.0,1,0,0
13665,8.13,8.55,8.84,8.29,8.75,9.32,8.42,7.97,8.48,73.7,1.0,2.0,2.0,1.0,0.0,76.3,1.7,60.1,45.2,1.0,1,1,1
12951,6.49,7.66,7.37,7.13,7.15,7.07,7.71,7.21,7.41,76.4,0.0,2.0,2.0,2.0,0.0,62.4,2.9,53.4,57.6,1.0,1,0,1
31757,6.94,6.75,6.08,6.67,6.46,6.35,6.44,6.9,6.62,75.5,1.0,1.0,2.0,2.0,1.0,57.2,3.0,57.7,55.5,0.0,1,0,0
14514,5.92,5.49,5.66,5.8,5.38,5.16,5.69,5.67,5.65,90.8,2.0,4.0,3.0,3.0,1.0,70.3,4.6,71.6,69.6,1.0,0,0,1
20458,5.61,5.36,5.61,5.71,5.41,5.55,5.98,5.85,5.88,70.7,1.0,2.0,2.0,2.0,1.0,70.3,2.7,63.8,49.2,0.0,1,0,0
41547,8.42,8.25,7.77,8.31,7.65,8.09,8.19,8.51,8.08,84.2,1.0,2.0,2.0,2.0,0.0,57.9,2.7,50.1,51.9,1.0,1,1,1
851,9.42,9.5,9.86,9.18,9.3,9.26,9.65,9.78,9.56,68.4,2.0,2.0,2.0,3.0,2.0,88.2,4.2,86.4,71.8,0.0,0,1,1
34768,8.24,8.25,8.14,8.31,8.46,8.38,8.76,8.53,8.38,65.2,1.0,2.0,2.0,1.0,0.0,69.7,2.7,52.7,45.3,1.0,1,1,1
24913,8.74,8.53,7.64,7.49,8.32,8.32,7.77,8.09,9.92,95.7,3.0,5.0,2.0,5.0,2.0,97.3,3.5,96.9,82.8,1.0,0,1,1
17970,6.46,7.24,7.46,6.03,6.72,7.43,6.37,7.36,6.81,89.9,2.0,2.0,3.0,1.0,1.0,76.4,3.8,64.4,58.6,1.0,0,1,1
28377,6.05,6.86,6.41,6.59,6.58,5.91,6.11,6.33,6.19,51.8,0.0,0.0,1.0,0.0,0.0,44.8,1.5,32.8,24.8,0.0,1,0,0
9890,6.84,7.54,7.09,7.55,7.4,7.86,7.0,7.53,7.46,86.6,2.0,2.0,4.0,3.0,2.0,88.2,4.7,76.2,55.5,1.0,0,1,1
46456,6.07,6.72,6.2,5.96,6.11,6.14,5.87,5.86,6.29,86.9,1.0,1.0,2.0,2.0,0.0,81.1,3.4,55.3,63.6,1.0,1,0,1
38500,8.27,8.32,7.86,8.62,7.88,8.35,8.01,8.41,8.32,83.9,0.0,2.0,3.0,1.0,0.0,79.1,3.3,46.0,52.1,1.0,1,1,1
16248,7.18,7.67,7.45,7.6,6.79,7.42,7.25,7.65,7.32,61.7,0.0,2.0,1.0,1.0,1.0,73.7,2.7,47.7,60.4,0.0,1,0,0
8787,6.16,5.98,5.79,6.17,6.33,6.32,5.6,5.79,6.19,80.8,0.0,1.0,2.0,2.0,0.0,62.6,3.0,51.1,49.9,1.0,1,0,0
35430,7.92,7.81,7.81,8.26,7.97,7.95,8.33,8.31,8.08,79.9,2.0,4.0,4.0,4.0,2.0,80.1,3.2,72.2,68.9,1.0,0,1,1
19104,9.03,9.15,9.47,9.61,9.64,9.62,9.87,9.65,9.43,91.2,1.0,5.0,2.0,3.0,1.0,77.8,3.7,84.4,68.0,1.0,0,1,1
44143,8.75,9.09,8.48,9.21,8.99,9.2,9.19,9.29,9.19,90.4,1.0,2.0,3.0,1.0,2.0,75.0,3.4,85.4,70.3,1.0,0,1,1
14787,7.44,7.89,7.8,7.95,7.67,7.32,7.71,7.7,7.72,86.5,1.0,1.0,2.0,3.0,0.0,80.2,4.1,43.7,49.6,1.0,1,1,0
18217,8.03,6.82,7.65,7.73,7.66,7.89,7.45,7.3,7.64,82.9,1.0,2.0,2.0,2.0,0.0,67.5,3.0,61.8,54.0,0.0,1,1,1
29737,8.92,8.79,8.75,8.49,8.63,9.73,8.97,8.98,9.02,97.6,3.0,2.0,2.0,2.0,2.0,91.8,4.5,90.2,55.5,1.0,0,1,1
18195,7.21,7.32,7.04,7.21,7.36,6.77,6.5,7.12,7.05,68.6,1.0,3.0,2.0,2.0,1.0,78.3,2.9,54.8,55.5,1.0,1,0,1
42356,8.67,9.19,9.05,8.54,8.76,9.15,9.07,9.11,9.13,94.9,2.0,4.0,4.0,4.0,1.0,89.5,4.2,82.0,57.6,1.0,0,1,1
20186,8.78,8.35,8.92,8.8,8.72,8.9,9.26,8.92,8.91,80.7,2.0,3.0,4.0,3.0,1.0,90.8,4.5,76.4,75.2,1.0,0,1,1
38611,9.77,9.8,10.0,10.0,9.94,10.0,10.0,10.0,10.0,95.5,3.0,4.0,2.0,4.0,2.0,82.0,3.0,57.7,74.4,1.0,0,1,1
22656,9.18,8.71,8.89,8.94,9.62,9.48,9.35,8.98,9.08,82.7,1.0,3.0,2.0,3.0,1.0,88.3,3.5,67.4,55.5,1.0,0,1,1
31786,5.31,6.06,6.01,5.83,6.12,6.09,5.73,5.2,5.69,56.3,0.0,1.0,1.0,1.0,1.0,47.4,2.2,34.7,25.4,0.0,1,0,0
36667,10.0,9.58,9.36,10.0,10.0,10.0,10.0,9.97,9.92,88.5,2.0,3.0,4.0,3.0,2.0,70.3,3.1,77.3,66.4,1.0,0,1,1
44905,6.92,7.76,8.0,8.2,7.06,8.32,8.38,8.57,8.06,84.1,2.0,3.0,2.0,3.0,3.0,95.5,3.1,57.7,72.2,0.0,0,1,1
6080,8.02,6.83,7.27,7.56,7.64,7.35,7.46,7.57,7.37,73.1,0.0,1.0,2.0,1.0,0.0,69.5,3.9,57.7,69.7,0.0,1,0,0
15556,6.63,7.09,6.69,6.54,6.32,6.28,6.54,6.75,6.58,73.3,0.0,1.0,0.0,1.0,0.0,47.1,1.9,28.4,55.5,1.0,1,0,0
48062,7.32,6.88,7.51,7.0,7.57,6.83,6.97,7.15,7.31,80.7,1.0,3.0,2.0,3.0,1.0,77.6,3.7,80.3,66.9,1.0,0,1,1
24408,4.89,4.0,4.2,4.0,4.0,4.0,4.0,4.31,4.21,64.0,1.0,1.0,1.0,1.0,1.0,70.3,1.8,24.0,55.5,1.0,1,0,0
44889,6.3,7.05,6.97,6.74,6.78,7.5,7.13,6.88,6.79,59.7,0.0,1.0,2.0,3.0,0.0,63.4,3.1,54.5,51.1,0.0,1,0,1
6425,8.4,8.86,8.65,8.54,8.55,8.49,8.65,8.65,8.73,70.9,1.0,1.0,1.0,2.0,1.0,62.6,3.3,61.9,53.0,1.0,1,1,1
46203,6.01,6.12,5.57,6.18,5.66,5.88,5.5,5.17,5.93,67.1,0.0,1.0,1.0,0.0,0.0,49.1,1.0,33.7,35.7,1.0,1,0,0
42285,7.36,7.24,7.41,7.21,7.23,7.19,7.56,7.56,7.28,67.8,0.0,2.0,2.0,2.0,0.0,68.8,2.5,55.8,46.1,1.0,1,0,0
45699,7.68,7.93,7.94,7.62,8.36,7.99,8.18,7.9,7.89,91.4,2.0,3.0,3.0,5.0,1.0,96.2,3.9,88.8,65.9,1.0,0,1,1
41461,5.9,5.71,6.54,6.75,6.39,6.44,6.54,6.71,6.5,71.7,1.0,3.0,1.0,1.0,1.0,66.1,2.0,52.0,55.5,1.0,1,0,1
28418,7.3,7.04,7.17,7.59,7.23,6.89,7.02,7.85,7.36,83.0,2.0,3.0,3.0,3.0,1.0,82.5,3.1,78.0,80.2,1.0,0,1,1
18151,8.4,8.62,8.42,8.65,8.71,8.65,8.13,7.81,8.52,87.4,1.0,2.0,1.0,3.0,0.0,67.7,2.6,56.0,53.7,1.0,1,1,1
30624,9.35,9.47,9.24,8.99,9.08,9.4,10.0,9.26,9.96,81.5,3.0,5.0,3.0,3.0,1.0,99.4,4.6,96.3,86.7,0.0,0,1,1
3151,8.11,8.77,8.6,7.83,8.25,8.47,8.72,8.24,8.38,83.8,1.0,2.0,2.0,2.0,0.0,67.9,1.8,57.7,36.2,0.0,1,1,1
18185,10.0,10.0,9.98,10.0,9.69,10.0,10.0,10.0,9.94,94.2,3.0,1.0,4.0,4.0,0.0,63.5,3.3,93.4,63.5,0.0,0,1,1
26731,7.44,7.56,7.25,7.36,7.28,8.23,7.65,7.47,7.5,70.2,1.0,0.0,1.0,3.0,1.0,64.2,2.8,62.2,37.5,0.0,1,0,1
12515,6.19,6.14,6.79,6.38,6.23,6.54,5.61,6.27,6.17,85.3,1.0,2.0,2.0,1.0,1.0,74.1,3.5,64.1,57.0,1.0,1,0,1
36056,5.18,5.1,4.22,5.3,5.67,5.57,5.26,5.6,5.35,78.1,1.0,2.0,2.0,1.0,0.0,66.7,2.0,58.5,58.8,0.0,1,0,0
40833,5.37,5.13,5.48,5.45,5.23,4.93,4.66,4.71,5.0,60.4,0.0,1.0,1.0,1.0,0.0,45.0,2.4,21.9,31.4,0.0,1,0,0
34374,7.73,7.81,7.84,7.49,7.67,7.42,8.05,7.0,7.59,98.2,2.0,2.0,3.0,3.0,1.0,89.7,3.2,73.9,87.3,0.0,0,1,1
45453,10.0,9.99,9.89,10.0,10.0,9.65,10.0,10.0,9.9,96.1,3.0,4.0,4.0,4.0,2.0,77.4,4.4,89.1,69.1,1.0,0,1,1
34308,6.23,5.84,6.46,6.22,6.56,6.25,6.76,6.02,6.32,71.0,1.0,3.0,1.0,2.0,0.0,78.8,3.9,45.3,57.1,0.0,1,0,1
46162,6.56,6.79,6.95,7.13,6.54,7.42,6.82,7.05,7.04,74.2,1.0,2.0,1.0,1.0,1.0,74.7,3.4,48.9,55.2,0.0,1,0,1
37976,4.12,4.11,4.04,4.0,4.12,4.11,4.0,4.0,4.01,54.1,0.0,1.0,0.0,0.0,0.0,70.3,2.1,24.2,36.4,0.0,1,0,0
21233,6.66,7.32,7.27,7.33,6.99,6.99,7.19,7.54,7.19,78.6,1.0,1.0,2.0,2.0,0.0,74.0,3.1,52.2,50.7,0.0,1,0,1
20327,8.99,8.76,9.1,8.79,9.33,9.13,9.12,9.14,8.98,77.3,2.0,3.0,3.0,2.0,0.0,68.8,4.7,72.3,55.5,0.0,0,1,1
27005,7.96,7.97,7.92,8.37,8.4,8.09,8.31,8.1,8.31,70.2,1.0,2.0,2.0,1.0,1.0,55.3,3.4,64.1,54.4,1.0,1,1,0
45594,5.71,5.61,6.56,6.41,6.28,5.95,6.14,5.76,6.08,75.6,1.0,3.0,1.0,4.0,2.0,70.3,2.8,62.1,80.0,1.0,1,0,1
25848,8.4,8.47,8.55,8.88,8.91,9.05,8.91,9.23,8.83,94.1,2.0,4.0,2.0,3.0,1.0,77.5,4.3,92.5,62.2,0.0,0,1,1
7440,6.16,6.11,6.23,6.32,6.48,6.07,6.57,6.14,6.23,90.5,3.0,3.0,3.0,3.0,2.0,84.3,3.5,60.1,80.8,1.0,0,1,1
37341,9.36,8.89,8.71,9.33,9.16,9.13,9.13,8.77,9.08,73.6,2.0,3.0,3.0,4.0,0.0,95.6,4.0,77.7,85.3,1.0,0,1,1
10027,4.6,5.08,4.0,5.19,4.75,4.39,4.78,4.52,4.61,65.8,0.0,1.0,0.0,1.0,0.0,59.8,1.6,57.7,30.8,0.0,1,0,0
20966,10.0,9.4,9.32,9.61,10.0,9.47,9.25,9.86,9.48,81.0,1.0,2.0,3.0,3.0,2.0,70.3,2.6,69.6,55.1,0.0,0,1,1
7285,9.18,9.44,10.0,10.0,10.0,10.0,10.0,10.0,9.98,79.7,2.0,5.0,3.0,3.0,1.0,83.1,2.5,93.7,93.8,1.0,0,1,1
30275,6.37,5.78,6.48,6.05,6.13,6.43,5.88,6.93,6.04,77.3,1.0,2.0,2.0,2.0,0.0,73.9,4.0,57.7,53.2,1.0,1,0,1
49968,8.46,7.49,8.36,8.09,8.08,7.73,7.71,8.09,8.07,100.0,2.0,3.0,2.0,4.0,2.0,92.3,2.9,77.4,69.4,1.0,0,1,1
31159,7.66,7.28,7.27,7.12,7.04,6.91,7.29,6.81,7.18,83.3,1.0,2.0,1.0,1.0,1.0,71.6,4.3,57.7,55.4,0.0,1,0,0
15618,7.84,7.99,8.34,8.57,8.01,7.77,8.34,8.29,8.32,85.6,2.0,2.0,2.0,2.0,0.0,71.2,2.6,50.5,56.0,0.0,1,1,1
9619,7.27,7.22,8.02,7.7,7.56,7.88,7.79,7.55,7.58,74.7,1.0,2.0,1.0,2.0,0.0,83.8,3.2,54.1,65.7,0.0,1,1,1
28873,6.78,6.35,6.25,6.97,6.6,6.29,6.03,6.51,6.43,76.7,1.0,2.0,2.0,1.0,1.0,70.1,2.6,43.7,61.8,1.0,1,0,0
37268,7.35,8.14,7.95,7.61,7.82,8.27,8.01,7.96,7.99,91.9,3.0,4.0,4.0,4.0,1.0,91.9,3.7,66.0,79.7,1.0,0,1,1
18811,7.3,6.81,6.95,6.66,6.7,7.17,6.74,6.64,7.02,75.0,1.0,1.0,2.0,2.0,1.0,74.1,3.1,65.7,45.6,1.0,1,0,1
32954,7.38,7.51,8.28,7.32,7.39,7.65,8.07,8.21,7.73,75.4,2.0,3.0,2.0,3.0,2.0,90.6,5.0,65.6,67.4,1.0,0,1,1
29894,7.68,7.7,7.59,8.04,7.92,8.0,7.79,7.77,9.91,72.9,3.0,5.0,2.0,1.0,0.0,97.2,3.0,95.7,45.5,1.0,1,1,1
32505,5.79,6.1,5.38,5.25,5.67,6.03,5.21,5.53,5.67,53.7,1.0,1.0,0.0,0.0,0.0,62.2,2.1,20.3,34.9,0.0,1,0,0
27732,9.04,8.8,9.32,8.84,9.48,8.88,9.42,9.43,9.09,81.4,2.0,3.0,2.0,4.0,2.0,92.1,5.0,75.4,59.7,1.0,0,1,1
31314,8.18,7.5,7.95,7.9,7.94,8.33,8.57,8.82,8.12,92.6,2.0,3.0,3.0,3.0,2.0,74.8,3.1,82.0,55.5,1.0,0,1,1
31845,6.1,6.7,6.8,6.34,6.44,6.81,6.67,6.84,6.45,70.0,0.0,2.0,1.0,1.0,1.0,67.6,2.8,63.8,54.0,1.0,1,0,0
4274,7.69,7.71,7.69,8.04,7.29,7.37,7.44,7.12,7.52,79.5,2.0,3.0,1.0,2.0,1.0,64.9,3.4,54.9,50.9,0.0,1,1,1
47404,9.89,9.63,9.63,10.0,9.18,10.0,9.8,10.0,9.74,95.0,3.0,5.0,2.0,2.0,2.0,85.9,2.9,79.6,88.9,0.0,0,1,1
23362,6.44,6.21,6.41,6.56,6.76,6.75,6.4,6.56,9.82,99.1,3.0,5.0,3.0,3.0,2.0,98.1,4.1,96.1,61.3,1.0,0,1,1
2323,6.31,6.82,6.05,6.04,6.28,6.24,6.55,5.84,6.12,69.3,1.0,2.0,1.0,1.0,0.0,62.0,2.5,49.4,35.9,1.0,1,0,0
14973,7.37,7.03,7.2,7.93,7.32,7.49,7.97,7.35,7.54,100.0,2.0,3.0,2.0,3.0,2.0,75.3,2.9,81.4,76.2,0.0,0,1,1
16452,9.66,9.05,9.22,10.0,10.0,9.79,9.62,9.62,9.76,79.7,2.0,3.0,3.0,2.0,2.0,80.6,3.1,74.6,60.4,1.0,0,1,1
14546,7.18,7.56,7.27,7.04,7.44,7.27,7.83,7.72,7.51,74.0,2.0,3.0,1.0,1.0,1.0,74.5,1.5,62.6,57.5,1.0,1,1,1
19314,9.99,10.0,10.0,9.77,10.0,10.0,10.0,10.0,10.0,81.6,2.0,3.0,4.0,3.0,1.0,72.4,4.7,69.3,80.0,0.0,0,1,1
23671,7.96,7.64,7.89,8.01,7.93,8.1,7.45,8.18,8.04,76.0,1.0,2.0,1.0,2.0,1.0,70.6,2.9,51.3,48.6,1.0,1,1,1
37050,8.62,8.81,8.54,9.31,9.07,8.81,8.5,9.48,8.88,91.1,2.0,4.0,2.0,3.0,1.0,81.2,3.7,90.3,82.2,0.0,0,1,1
45913,5.65,5.87,5.61,5.8,5.31,5.67,5.3,5.99,5.64,60.1,0.0,0.0,0.0,0.0,0.0,46.4,1.6,31.4,30.2,0.0,1,0,0
26320,5.17,5.52,5.38,5.27,5.29,4.58,5.51,4.85,5.14,66.7,1.0,1.0,1.0,1.0,0.0,42.8,1.4,31.4,31.1,0.0,1,0,0
33922,9.42,9.41,9.35,8.96,9.75,9.43,9.74,9.78,9.53,94.5,2.0,3.0,4.0,3.0,1.0,78.4,4.8,85.6,71.9,0.0,0,1,1
6323,7.19,7.3,7.58,7.32,7.11,7.33,6.71,7.05,7.16,81.5,1.0,2.0,2.0,2.0,0.0,77.5,2.4,57.7,62.9,1.0,1,0,1
466,7.93,8.33,8.23,7.23,7.65,7.93,7.72,7.68,7.97,69.9,1.0,2.0,2.0,2.0,1.0,66.6,3.2,60.3,55.5,1.0,1,1,1
3254,7.64,8.09,7.69,8.32,7.97,8.27,8.69,9.07,8.2,93.5,1.0,3.0,3.0,3.0,2.0,74.9,3.1,80.1,74.8,1.0,0,1,1
10987,7.39,7.68,8.0,7.74,8.02,7.65,8.26,8.4,7.83,100.0,2.0,2.0,2.0,5.0,2.0,76.3,5.0,86.1,74.3,1.0,0,1,1
14751,8.92,9.49,9.14,9.16,9.16,9.76,9.17,9.14,9.19,74.7,2.0,5.0,2.0,3.0,1.0,80.3,4.5,83.0,55.5,0.0,0,1,1
14785,5.05,4.31,4.66,4.33,4.86,4.61,4.34,5.18,4.76,69.2,1.0,2.0,2.0,1.0,1.0,62.5,2.7,65.5,59.1,1.0,1,0,0
565,4.52,5.15,4.67,4.3,4.57,5.02,5.04,4.41,4.6,71.1,1.0,2.0,2.0,2.0,0.0,70.3,3.5,48.2,53.9,1.0,1,0,0
43127,8.51,8.03,8.85,8.07,8.04,7.98,8.29,8.0,8.31,89.0,1.0,2.0,2.0,2.0,1.0,60.5,3.1,43.3,50.9,1.0,1,1,1
12725,7.48,7.47,7.06,7.13,7.37,7.89,7.23,7.21,7.52,81.9,1.0,1.0,1.0,2.0,1.0,72.3,2.6,58.3,55.5,1.0,1,0,1
33808,8.15,7.77,7.98,7.87,7.66,8.12,8.39,8.29,8.18,86.1,1.0,3.0,1.0,3.0,1.0,76.5,2.8,61.8,48.3,1.0,1,1,1
7299,4.59,4.93,4.82,4.51,4.62,4.99,4.64,4.32,4.84,76.6,1.0,2.0,2.0,2.0,1.0,69.3,2.9,62.9,50.5,1.0,1,0,0
25389,5.06,4.74,4.91,5.42,4.31,4.51,4.81,4.81,4.94,76.1,1.0,2.0,2.0,1.0,0.0,82.3,3.5,50.9,55.5,1.0,1,0,0
19686,6.85,6.65,6.5,6.83,6.98,6.89,7.2,6.98,6.82,85.0,1.0,2.0,2.0,3.0,1.0,68.3,3.1,61.9,59.0,1.0,1,0,1
34489,9.59,9.99,10.0,10.0,10.0,9.76,10.0,10.0,9.92,92.6,2.0,3.0,3.0,2.0,1.0,70.3,3.1,78.5,71.8,1.0,0,1,1
37828,6.8,6.03,5.9,6.26,6.34,6.5,6.27,6.16,6.43,73.7,0.0,2.0,2.0,1.0,1.0,73.3,3.1,52.9,46.0,1.0,1,0,0
3594,7.37,7.44,7.68,7.83,8.0,8.0,7.17,7.48,7.6,67.8,1.0,2.0,2.0,2.0,1.0,63.7,2.9,57.7,64.1,1.0,1,1,1
12401,7.08,6.74,6.43,6.25,6.85,5.93,6.24,6.27,6.59,76.0,1.0,2.0,2.0,1.0,0.0,53.3,2.5,61.2,48.1,0.0,1,0,1
29940,5.88,5.96,6.58,5.72,6.02,6.39,5.47,6.01,6.02,73.5,1.0,1.0,2.0,1.0,1.0,70.3,3.1,40.2,39.4,0.0,1,0,0
24855,10.0,9.7,10.0,10.0,10.0,10.0,10.0,10.0,9.95,87.7,2.0,3.0,3.0,4.0,2.0,75.4,3.1,70.2,74.1,1.0,0,1,1
21776,8.55,8.62,8.32,8.56,8.3,8.64,8.82,8.84,8.67,71.5,1.0,3.0,1.0,2.0,0.0,75.9,3.3,57.5,55.5,1.0,1,1,1
38919,8.7,9.0,9.05,8.88,9.18,9.03,9.14,8.34,8.84,93.5,2.0,3.0,4.0,3.0,1.0,70.3,4.7,87.8,78.1,1.0,0,1,1
7526,7.31,7.24,7.39,6.7,7.59,7.54,7.33,7.58,7.35,69.8,2.0,2.0,1.0,2.0,0.0,58.6,3.2,63.8,48.6,1.0,1,0,1
8902,5.2,4.79,5.86,4.89,5.46,5.02,5.65,4.97,5.38,64.1,0.0,1.0,0.0,0.0,0.0,50.3,2.5,24.0,23.6,0.0,1,0,0
24779,7.21,7.62,6.72,7.23,7.14,7.39,7.7,7.17,7.35,72.8,0.0,2.0,2.0,1.0,0.0,71.1,3.6,61.7,68.4,0.0,1,0,1
40304,7.94,8.11,8.19,7.65,7.73,7.96,7.94,8.07,8.08,50.0,1.0,2.0,2.0,2.0,0.0,67.2,3.1,65.5,40.4,0.0,1,1,1
39666,6.28,6.36,6.92,6.54,5.88,6.42,6.02,6.6,4.39,52.42525124,0.0,1.0,1.0,0.0,0.0,34.1,2.7,0.1,28.3,0.0,1,0,0
31513,9.05,9.4,9.51,9.85,9.44,9.28,9.42,9.61,9.42,76.8,0.0,1.0,3.0,2.0,0.0,67.7,2.7,55.3,51.3,1.0,1,1,1
26723,7.37,7.31,8.01,7.63,7.8,7.31,7.95,7.94,7.52,100.0,1.0,3.0,4.0,4.0,1.0,89.9,4.2,85.1,55.5,1.0,0,1,1
11905,6.76,6.71,6.87,7.02,7.17,7.0,6.81,7.78,7.11,69.9,1.0,2.0,1.0,1.0,0.0,77.2,3.1,53.4,52.6,1.0,1,0,1
32150,5.26,5.34,5.88,6.44,5.75,6.36,5.93,6.1,5.98,66.5,1.0,2.0,1.0,1.0,0.0,74.3,3.0,56.3,54.9,1.0,1,0,0
48832,6.24,6.69,7.0,6.95,7.33,7.06,7.17,6.89,6.9,74.8,0.0,1.0,2.0,2.0,0.0,68.9,2.4,38.4,53.8,1.0,1,0,0
21258,5.56,5.38,5.2,4.35,5.26,4.97,5.09,5.69,4.98,88.1,1.0,4.0,3.0,2.0,1.0,90.0,3.6,64.2,75.3,1.0,0,0,1
43773,8.49,8.17,7.83,8.15,7.94,8.37,7.98,8.57,8.24,72.9,1.0,1.0,2.0,1.0,0.0,76.6,2.2,71.6,49.3,0.0,1,1,1
42847,7.43,7.66,7.3,7.67,7.48,7.75,7.43,8.06,4.08,50.99390803,1.0,2.0,1.0,2.0,0.0,31.3,2.9,1.7,52.1,0.0,1,0,0
32749,5.71,5.66,5.58,6.05,5.62,5.87,5.8,5.73,5.72,92.0,0.0,2.0,2.0,1.0,0.0,65.2,3.7,56.0,54.0,0.0,1,0,0
34536,7.03,7.21,6.89,6.88,6.74,6.81,6.6,6.82,6.93,61.8,0.0,0.0,1.0,0.0,0.0,44.2,2.1,31.2,26.9,1.0,1,0,0
31921,9.13,9.37,8.69,9.46,9.16,9.61,9.43,9.88,9.57,82.6,2.0,3.0,3.0,5.0,2.0,78.7,4.4,76.8,60.6,1.0,0,1,1
34537,10.0,10.0,10.0,9.52,10.0,10.0,10.0,10.0,9.9,89.5,2.0,3.0,3.0,4.0,1.0,78.6,4.9,85.9,75.0,1.0,0,1,1
9074,5.11,6.3,5.73,5.52,5.82,5.94,6.11,5.53,5.69,57.2,0.0,2.0,1.0,2.0,1.0,72.8,3.1,57.5,55.5,0.0,1,0,0
2339,7.53,8.02,7.57,7.48,7.92,7.51,8.15,8.02,7.76,91.2,1.0,3.0,4.0,4.0,3.0,81.1,4.3,75.8,71.3,1.0,0,1,1
17027,4.85,4.88,4.79,4.57,5.42,5.0,5.03,4.89,4.89,63.6,0.0,1.0,2.0,0.0,0.0,70.3,1.2,28.8,27.3,0.0,1,0,0
20215,7.03,6.61,6.8,6.6,7.2,6.39,6.46,6.62,6.6,58.4,0.0,0.0,1.0,0.0,0.0,43.4,2.1,24.3,30.1,1.0,1,0,0
10993,6.46,6.69,5.69,5.92,5.76,5.47,5.97,5.98,5.89,65.8,0.0,1.0,1.0,0.0,0.0,70.3,1.3,23.7,27.4,0.0,1,0,0
16340,6.91,7.31,7.38,7.78,7.42,6.78,7.38,7.08,7.31,82.5,1.0,3.0,2.0,1.0,1.0,61.7,3.3,55.3,55.8,1.0,1,0,1
49127,9.56,9.15,8.59,8.04,9.0,9.18,8.94,9.27,9.14,82.3,1.0,3.0,3.0,3.0,1.0,81.2,3.6,75.3,72.6,1.0,0,1,1
42628,5.56,6.18,5.98,5.81,6.09,6.02,5.96,6.04,5.74,58.0,1.0,2.0,2.0,2.0,1.0,79.1,2.5,63.7,48.9,1.0,1,0,0
43377,6.41,5.89,5.72,5.99,5.81,5.99,6.07,6.0,6.04,70.6,1.0,1.0,2.0,2.0,1.0,59.8,3.1,50.5,54.8,1.0,1,0,0
7271,7.22,7.04,7.25,7.27,7.49,7.88,7.37,7.67,7.26,80.3,2.0,3.0,3.0,2.0,2.0,90.5,3.9,86.3,77.8,0.0,0,1,1
26458,7.87,8.43,8.53,8.64,8.58,8.61,8.19,8.46,8.39,90.2,3.0,3.0,3.0,3.0,0.0,88.1,3.4,75.0,82.0,1.0,0,1,1
16282,5.96,6.55,6.35,6.46,6.77,6.27,6.77,6.47,6.51,79.1,1.0,1.0,1.0,2.0,1.0,71.0,3.1,50.1,44.1,1.0,1,0,0
8727,5.08,5.74,5.34,5.2,5.97,5.12,5.57,5.24,5.37,71.7,1.0,2.0,2.0,2.0,1.0,79.7,2.9,68.2,49.4,1.0,1,0,1
24193,7.79,7.79,7.2,7.76,7.81,7.89,7.93,7.69,7.81,70.9,1.0,3.0,1.0,1.0,0.0,70.3,3.3,60.6,52.3,0.0,1,1,1
29728,7.11,7.4,7.44,7.73,7.42,6.84,7.23,7.49,7.29,72.5,3.0,4.0,2.0,3.0,0.0,87.2,3.5,78.1,55.5,1.0,1,1,1
1567,6.35,6.35,6.51,5.81,6.44,6.19,6.17,6.14,6.4,73.2,1.0,2.0,2.0,2.0,1.0,70.7,2.7,54.9,55.7,1.0,1,0,1
43977,7.24,7.25,7.44,7.59,6.85,7.25,7.2,7.65,7.28,60.0,1.0,3.0,2.0,1.0,1.0,62.6,2.1,67.0,63.3,1.0,1,0,1
11754,8.12,8.56,8.82,8.53,8.64,9.15,9.13,8.69,8.65,87.5,2.0,3.0,2.0,3.0,2.0,77.3,3.3,76.9,87.4,0.0,0,1,1
37023,5.33,5.7,5.65,5.78,6.02,5.83,6.18,5.61,5.98,97.1,1.0,2.0,1.0,1.0,1.0,80.0,2.1,57.8,38.3,0.0,1,0,0
34921,7.21,7.09,7.54,7.5,7.44,7.79,8.07,8.08,7.58,87.6,1.0,3.0,4.0,3.0,1.0,93.8,4.9,82.0,67.3,0.0,0,1,1
13366,8.22,7.97,7.78,7.59,7.77,7.31,7.86,7.63,7.78,68.6,1.0,1.0,1.0,1.0,0.0,69.0,2.8,52.4,54.5,0.0,1,0,1
37399,7.57,7.34,7.64,7.14,8.11,8.09,7.49,7.95,7.52,84.2,2.0,3.0,2.0,3.0,1.0,96.7,4.3,76.4,79.9,1.0,0,1,1
36169,5.6,4.65,5.41,4.85,5.17,5.41,5.49,5.08,5.23,71.6,0.0,2.0,1.0,1.0,0.0,66.9,2.5,56.4,55.5,0.0,1,0,0
12426,7.64,7.47,6.86,6.74,7.12,7.12,6.97,7.1,7.24,54.5,1.0,1.0,0.0,1.0,0.0,48.0,2.7,26.5,33.7,1.0,1,0,0
645,7.28,8.21,7.14,7.6,7.86,8.11,8.08,7.87,7.73,86.0,1.0,4.0,2.0,4.0,1.0,86.6,4.7,84.5,64.2,0.0,0,1,1
1040,9.73,9.85,9.22,9.56,9.68,9.87,9.85,10.0,9.76,83.1,2.0,4.0,2.0,2.0,3.0,82.5,3.1,74.2,76.7,0.0,0,1,1
28077,9.36,9.01,9.51,9.23,9.48,9.59,9.21,9.61,9.5,83.9,1.0,5.0,2.0,4.0,2.0,85.2,3.7,85.3,82.4,1.0,0,1,1
11215,6.98,6.15,6.29,5.43,5.8,6.14,5.83,5.65,5.99,58.5,0.0,1.0,1.0,0.0,1.0,54.8,1.1,32.3,30.4,1.0,1,0,0
333,7.62,6.76,7.06,7.35,7.47,7.56,7.38,6.63,7.4,96.6,1.0,4.0,2.0,2.0,1.0,82.1,4.6,77.0,72.0,1.0,0,1,1
6484,9.81,10.0,10.0,9.48,10.0,10.0,10.0,10.0,9.96,85.8,2.0,3.0,3.0,4.0,1.0,82.7,3.6,64.9,54.0,1.0,0,1,1
45639,8.6,8.73,8.91,9.1,8.79,8.8,9.29,9.47,9.04,82.4,2.0,4.0,2.0,2.0,2.0,68.8,4.2,81.0,69.3,1.0,0,1,1
32733,6.28,6.7,6.5,6.63,7.04,7.11,6.32,7.06,6.7,66.6,0.0,3.0,1.0,2.0,0.0,60.8,3.7,57.6,61.4,0.0,1,0,1
8179,7.63,7.45,7.88,7.32,7.9,8.02,7.98,7.64,7.67,72.1,2.0,4.0,2.0,3.0,1.0,77.2,3.7,78.5,78.2,1.0,0,1,1
16759,4.17,4.13,4.45,4.18,4.61,4.27,4.31,4.42,4.26,82.0,0.0,2.0,3.0,1.0,1.0,67.2,2.2,57.1,47.9,1.0,1,0,0
47722,5.15,4.48,5.22,4.48,4.4,5.09,4.16,4.05,4.51,64.5,1.0,1.0,0.0,0.0,0.0,54.5,2.8,24.4,27.6,0.0,1,0,0
33288,8.73,8.33,8.28,8.32,8.65,8.9,9.03,8.46,8.64,90.4,1.0,3.0,2.0,3.0,2.0,88.8,3.1,72.6,82.2,1.0,0,1,1
45683,6.43,6.24,6.46,6.17,6.58,6.6,6.46,6.52,6.5,80.9,1.0,2.0,1.0,1.0,1.0,80.3,3.1,51.3,50.9,0.0,1,0,1
47934,8.47,8.43,7.84,7.89,7.33,8.33,8.45,8.51,8.19,75.0,1.0,2.0,2.0,2.0,1.0,53.1,1.9,55.4,52.3,0.0,1,1,1
35573,9.18,9.71,9.35,9.4,9.27,9.58,10.0,9.94,9.78,70.8,2.0,5.0,4.0,2.0,1.0,92.5,2.7,93.6,82.3,0.0,0,1,1
28810,4.72,4.67,4.85,4.95,4.58,4.12,5.03,4.42,4.78,77.3,0.0,1.0,0.0,1.0,0.0,49.5,2.2,30.9,36.6,1.0,1,0,0
20362,8.59,8.88,8.31,7.94,8.24,8.41,8.03,8.77,8.49,75.9,1.0,3.0,2.0,2.0,1.0,88.7,5.0,95.2,76.9,1.0,0,1,1
4450,8.28,7.13,7.49,7.5,7.54,7.79,6.97,7.46,7.45,76.6,1.0,3.0,2.0,1.0,0.0,63.9,3.7,61.1,54.7,0.0,1,1,1
47535,6.99,7.0,6.72,7.23,7.16,7.42,7.0,7.08,6.99,82.7,1.0,3.0,3.0,5.0,2.0,93.3,4.1,92.8,55.5,0.0,0,1,1
18204,4.73,4.17,4.65,4.0,4.69,4.97,4.55,4.09,4.42,62.2,0.0,0.0,1.0,1.0,1.0,41.6,2.2,26.0,29.9,0.0,1,0,0
18727,8.04,8.25,7.94,7.99,8.27,8.55,8.38,8.38,8.29,89.9,2.0,3.0,3.0,3.0,1.0,81.9,4.2,82.8,74.0,1.0,0,1,1
28132,8.11,9.09,8.71,8.65,8.71,9.13,8.43,8.97,8.59,85.2,3.0,2.0,2.0,4.0,1.0,68.7,4.0,57.7,63.6,1.0,0,1,1
12916,6.44,7.33,6.7,6.83,7.56,7.51,7.39,7.39,7.02,63.1,0.0,2.0,2.0,2.0,1.0,68.9,3.9,50.1,49.4,0.0,1,0,1
46304,4.85,4.59,4.8,4.68,4.32,4.6,4.7,4.59,4.69,65.7,0.0,0.0,0.0,0.0,0.0,44.6,2.2,24.5,55.5,0.0,1,0,0
39062,9.33,9.5,9.59,9.65,9.07,9.28,9.65,9.41,9.5,64.0,0.0,1.0,2.0,2.0,1.0,71.6,3.3,59.1,56.1,0.0,1,1,1
15510,7.05,7.24,7.2,7.01,6.78,7.09,7.1,7.53,7.12,90.4,2.0,3.0,3.0,3.0,1.0,80.6,4.1,87.8,94.6,1.0,0,1,1
16422,10.0,10.0,9.79,10.0,10.0,10.0,10.0,10.0,9.79,95.2,2.0,4.0,3.0,2.0,1.0,84.3,3.6,75.3,73.0,1.0,0,1,1
2575,7.58,7.26,7.5,7.31,7.22,8.09,7.62,7.32,7.41,80.6,1.0,3.0,3.0,3.0,2.0,79.6,4.7,72.5,68.1,1.0,0,1,1
38351,10.0,10.0,9.94,10.0,10.0,10.0,10.0,10.0,9.9,87.9,2.0,5.0,3.0,4.0,2.0,96.7,2.8,75.8,55.5,1.0,0,1,1
34003,6.69,7.33,6.47,6.66,7.1,6.44,7.18,6.31,6.93,76.1,1.0,2.0,2.0,1.0,0.0,60.4,3.1,63.5,44.1,0.0,1,0,1
10601,8.18,8.86,8.57,9.03,8.95,8.36,8.75,8.41,8.52,95.9,2.0,4.0,3.0,3.0,2.0,87.7,2.1,82.1,85.4,0.0,0,1,1
6937,8.76,8.61,8.71,8.45,8.99,9.52,8.83,9.2,8.69,89.4,1.0,3.0,2.0,1.0,1.0,84.2,5.0,90.4,75.8,1.0,0,1,1
34097,4.51,4.06,4.33,4.04,4.32,4.18,4.42,4.19,4.3,67.2,0.0,0.0,1.0,1.0,0.0,49.2,2.1,32.3,34.2,0.0,1,0,0
38823,4.0,4.1,4.0,4.0,4.24,4.0,4.0,4.26,4.26,67.9,0.0,1.0,1.0,0.0,0.0,70.3,2.4,27.1,34.1,0.0,1,0,0
30889,5.57,5.31,4.81,6.09,5.75,5.54,5.73,5.92,5.51,83.0,1.0,2.0,2.0,2.0,1.0,59.2,2.3,49.0,59.4,0.0,1,0,0
1499,6.65,6.43,6.44,7.13,7.04,6.83,6.98,6.76,6.67,69.3,1.0,2.0,2.0,1.0,1.0,60.7,3.1,50.2,55.5,0.0,1,0,1
29446,7.67,7.58,7.88,8.03,8.22,8.12,8.42,8.74,8.05,86.9,2.0,3.0,4.0,4.0,1.0,70.3,4.1,77.8,68.3,1.0,0,1,1
29518,6.27,6.83,6.06,6.45,6.49,6.75,6.69,6.87,6.46,91.9,2.0,2.0,2.0,4.0,1.0,88.6,4.8,89.9,79.2,1.0,0,1,1
32132,7.51,7.8,7.15,7.49,7.84,7.63,8.0,8.0,7.61,72.7,1.0,2.0,2.0,2.0,1.0,75.1,2.9,63.6,34.5,1.0,1,1,1
31915,7.51,7.41,7.72,7.19,7.33,7.22,7.7,7.26,7.51,64.5,1.0,2.0,2.0,2.0,0.0,67.2,3.5,57.2,52.3,1.0,1,0,1
20538,6.85,7.31,7.06,7.57,7.63,7.28,7.33,7.4,7.26,91.8,2.0,4.0,3.0,3.0,2.0,72.2,3.1,57.7,69.8,1.0,0,1,1
31680,8.6,8.37,8.32,8.32,8.57,9.53,8.54,8.76,8.73,69.9,1.0,3.0,2.0,1.0,0.0,76.4,3.8,54.9,55.5,0.0,1,1,1
28407,5.42,5.91,5.76,5.28,5.55,5.19,5.48,5.59,5.65,63.3,0.0,0.0,0.0,1.0,0.0,57.3,1.3,27.5,31.3,0.0,1,0,0
49271,6.59,6.29,6.36,6.46,5.81,6.23,6.14,6.43,6.18,84.6,1.0,1.0,1.0,2.0,1.0,70.6,2.4,59.7,49.8,0.0,1,0,0
47069,7.27,7.5,7.18,7.39,7.61,7.38,6.97,7.7,7.36,94.0,1.0,3.0,2.0,3.0,0.0,99.1,5.0,57.7,62.5,1.0,0,1,1
28692,8.74,8.65,9.07,8.96,9.64,8.68,8.74,9.08,8.94,73.6,3.0,5.0,2.0,4.0,0.0,81.8,5.0,63.2,68.8,1.0,0,1,1
48330,7.14,7.34,6.99,6.46,6.92,6.92,6.62,6.67,7.0,74.0,1.0,2.0,2.0,2.0,0.0,74.1,3.1,57.7,51.8,0.0,1,0,0
41821,6.34,6.24,5.75,5.93,6.56,5.94,6.03,5.63,5.94,86.0,1.0,2.0,1.0,2.0,0.0,59.7,3.0,51.7,53.5,0.0,1,0,1
13535,4.2,4.91,4.37,4.84,4.23,4.88,4.58,4.86,4.6,94.6,1.0,1.0,1.0,2.0,1.0,56.3,2.7,65.3,57.6,0.0,1,0,0
35459,8.92,8.78,8.85,8.99,8.69,8.95,8.64,8.89,9.05,73.2,3.0,3.0,3.0,5.0,1.0,83.0,4.1,74.2,76.7,0.0,0,1,1
4860,6.04,5.84,5.3,5.69,5.49,5.85,4.93,5.73,5.64,70.1,1.0,1.0,0.0,1.0,0.0,49.6,2.5,24.0,26.6,0.0,1,0,0
30932,6.82,7.6,7.29,7.24,6.64,7.02,6.79,6.81,6.92,70.8,1.0,2.0,2.0,2.0,0.0,70.8,2.0,62.3,61.2,0.0,1,0,1
14075,8.86,8.3,9.04,8.1,8.58,8.91,8.52,8.82,8.61,77.5,3.0,3.0,3.0,3.0,2.0,70.3,4.0,73.9,71.2,0.0,0,1,1
39012,4.03,4.04,4.48,4.0,4.19,5.35,4.75,4.45,4.42,63.2,1.0,1.0,2.0,1.0,1.0,56.0,2.8,55.0,51.1,0.0,1,0,0
15445,7.57,7.25,6.54,7.44,7.06,7.16,7.75,7.43,7.53,73.5,1.0,2.0,2.0,2.0,1.0,65.9,2.2,44.4,55.5,1.0,1,0,0
42645,8.38,8.63,8.45,8.32,8.35,8.5,8.39,7.83,8.36,82.6,1.0,2.0,2.0,1.0,1.0,67.5,3.4,46.1,52.3,0.0,1,1,1
42825,6.71,7.67,6.64,6.87,7.37,7.09,7.39,7.39,7.27,91.1,2.0,4.0,2.0,3.0,1.0,90.8,4.5,88.1,69.4,1.0,0,1,1
485,8.85,9.23,9.12,8.86,8.04,9.06,9.14,8.56,8.85,83.7,0.0,2.0,2.0,2.0,0.0,71.3,2.6,48.8,53.7,0.0,1,1,1
40140,4.0,4.21,4.21,4.0,4.31,4.0,4.1,4.0,4.08,67.8,1.0,1.0,0.0,1.0,0.0,44.3,2.5,29.6,30.3,0.0,1,0,0
35249,7.16,6.82,6.68,6.58,7.38,7.06,6.61,6.9,6.97,73.6,1.0,2.0,2.0,3.0,1.0,66.4,3.6,54.9,54.0,0.0,1,0,1
47553,6.44,6.55,6.2,5.78,6.12,5.53,6.0,5.94,5.9,52.8,1.0,0.0,2.0,0.0,0.0,42.9,1.5,32.4,27.4,0.0,1,0,0
35752,6.84,6.94,7.26,7.51,7.53,6.95,7.2,7.59,7.14,79.9,0.0,2.0,3.0,2.0,1.0,74.8,1.6,55.5,44.6,1.0,1,0,0
31135,7.72,7.7,7.87,8.07,7.98,7.95,7.57,7.99,7.95,84.0,1.0,2.0,1.0,2.0,0.0,71.5,3.6,57.4,62.2,0.0,1,1,1
19233,8.42,7.96,8.17,8.57,8.97,8.53,8.5,8.31,8.38,82.0,2.0,3.0,3.0,2.0,2.0,82.3,4.3,63.3,90.6,1.0,0,1,1
14476,6.7,6.45,6.49,7.15,6.79,7.32,6.27,6.99,6.83,75.1,1.0,1.0,2.0,3.0,0.0,66.7,2.7,51.7,51.4,0.0,1,0,0
29801,7.21,7.12,7.36,7.25,7.47,6.43,7.2,6.82,6.92,83.2,1.0,2.0,2.0,1.0,1.0,54.2,2.4,53.1,55.6,1.0,1,0,0
31802,7.09,7.47,7.2,7.55,7.39,7.26,7.39,7.54,7.39,68.0,1.0,2.0,1.0,2.0,1.0,62.6,2.9,47.1,45.5,1.0,1,0,1
24676,8.28,8.27,7.95,7.94,7.72,8.1,8.3,8.33,8.15,80.8,2.0,2.0,2.0,1.0,0.0,64.2,3.1,46.0,46.9,1.0,1,1,1
5237,7.32,7.43,7.52,7.35,7.55,7.54,7.73,7.8,7.55,100.0,1.0,3.0,2.0,2.0,0.0,70.3,2.7,65.9,39.1,1.0,1,1,1
28202,7.37,7.09,7.39,7.21,6.83,7.03,6.59,7.23,7.29,77.6,0.0,2.0,2.0,2.0,0.0,80.4,3.3,58.0,47.8,0.0,1,0,1
8043,5.82,5.31,6.05,6.62,5.98,6.37,6.27,6.01,6.23,94.7,1.0,3.0,3.0,4.0,1.0,87.7,4.1,82.7,55.5,1.0,0,0,1
3768,6.9,6.77,7.21,7.07,6.84,7.16,7.27,6.89,6.97,77.1,1.0,0.0,1.0,1.0,0.0,65.4,3.8,48.5,52.8,1.0,1,0,0
31210,7.45,7.88,8.11,7.22,7.85,8.15,7.32,8.03,7.72,86.5,1.0,2.0,2.0,1.0,1.0,72.7,3.0,54.5,45.8,1.0,1,1,1
22330,6.91,6.87,7.14,6.8,6.55,6.78,6.72,6.78,6.68,55.1,0.0,0.0,1.0,1.0,0.0,46.1,3.1,31.1,28.6,0.0,1,0,0
37278,8.83,9.36,8.63,9.32,9.2,8.93,9.45,9.48,9.4,71.4,1.0,3.0,2.0,4.0,2.0,94.1,3.3,81.2,78.7,1.0,0,1,1
29833,9.06,9.19,9.57,9.5,9.45,9.47,9.75,9.71,9.32,100.0,2.0,3.0,3.0,2.0,1.0,65.8,5.0,57.7,79.7,0.0,0,1,1
7525,7.22,7.03,7.13,6.82,7.42,7.15,7.23,6.81,7.19,79.0,2.0,2.0,2.0,1.0,0.0,74.7,2.7,48.4,53.6,1.0,1,0,1
6808,6.88,6.5,7.13,6.75,7.09,6.91,6.71,7.59,6.84,72.0,0.0,2.0,1.0,1.0,1.0,65.9,3.2,49.8,47.4,0.0,1,0,1
11099,8.05,8.17,8.06,8.18,8.0,8.11,8.92,8.07,8.4,80.1,1.0,0.0,1.0,1.0,1.0,69.3,2.8,59.0,57.0,1.0,1,1,1
4730,9.14,10.0,10.0,9.77,10.0,9.68,10.0,10.0,9.71,71.6,1.0,2.0,3.0,4.0,1.0,88.8,5.0,81.8,63.7,1.0,0,1,1
6770,7.94,8.53,8.66,8.09,8.23,9.05,8.97,8.55,8.36,96.8,1.0,3.0,2.0,3.0,1.0,70.3,3.9,81.9,67.5,0.0,0,1,1
23258,8.95,9.5,9.55,9.74,9.65,9.21,9.4,9.77,9.58,79.2,1.0,3.0,3.0,3.0,2.0,88.9,2.6,88.5,62.8,1.0,0,1,1
9554,7.42,7.73,8.13,8.3,7.55,8.46,8.56,8.07,8.02,81.7,0.0,2.0,2.0,1.0,1.0,68.3,4.0,64.5,55.5,0.0,1,1,1
11911,4.0,4.62,4.0,4.0,4.0,4.24,4.0,4.0,4.11,67.4,0.0,1.0,0.0,1.0,0.0,45.3,1.3,33.8,25.6,0.0,1,0,0
25134,7.25,7.34,6.75,7.32,7.18,7.43,7.13,7.08,7.04,70.0,1.0,2.0,2.0,2.0,1.0,78.9,3.6,46.9,50.8,1.0,1,0,1
19367,5.43,5.61,5.24,5.17,5.56,5.16,5.41,5.21,5.32,62.3,0.0,1.0,0.0,1.0,0.0,47.6,1.9,33.4,41.6,0.0,1,0,0
16003,8.12,7.79,7.86,6.78,7.78,7.13,7.26,7.37,4.13,53.85241211,1.0,2.0,2.0,1.0,1.0,36.0,2.4,6.5,60.8,1.0,1,0,1
1645,7.13,6.98,7.22,6.85,7.5,7.08,7.85,7.56,7.19,78.3,1.0,2.0,2.0,3.0,1.0,100.0,4.0,88.1,70.6,0.0,0,1,1
45781,8.76,9.43,8.81,9.12,9.28,8.71,9.46,9.64,9.11,88.5,2.0,4.0,3.0,3.0,1.0,88.1,4.0,70.4,67.4,1.0,0,1,1
20135,10.0,9.88,10.0,9.86,10.0,10.0,9.98,10.0,10.0,89.9,1.0,3.0,3.0,3.0,1.0,70.3,3.4,80.1,68.4,1.0,0,1,1
28822,4.35,4.34,4.29,4.42,4.9,4.0,4.0,4.09,4.19,66.5,0.0,1.0,1.0,1.0,0.0,47.0,2.5,18.8,23.0,0.0,1,0,0
27637,9.17,9.53,9.62,9.55,9.43,9.6,9.5,10.0,9.62,80.7,3.0,4.0,4.0,4.0,2.0,87.8,4.0,80.7,67.6,1.0,0,1,1
40658,4.0,4.0,4.0,4.0,4.0,4.0,4.0,4.0,4.1,57.6,1.0,1.0,0.0,0.0,0.0,70.3,1.8,30.1,33.3,0.0,1,0,0
3280,7.96,8.31,8.06,9.09,8.61,8.39,8.11,8.78,8.46,54.4,1.0,1.0,2.0,2.0,1.0,67.5,2.1,55.3,47.7,0.0,1,1,1
43954,5.41,5.48,5.77,5.55,5.75,5.81,5.36,5.49,5.67,71.1,1.0,2.0,1.0,1.0,1.0,70.3,3.1,57.7,41.6,0.0,1,0,0
39538,9.2,9.55,9.5,9.14,9.53,9.33,9.46,9.55,9.45,74.6,2.0,1.0,2.0,1.0,0.0,71.5,2.6,50.2,54.2,1.0,1,1,1
44981,9.28,9.11,9.01,9.08,8.76,9.1,9.04,8.7,8.94,84.6,1.0,2.0,2.0,2.0,0.0,58.1,3.3,49.9,58.4,0.0,1,1,1
22666,8.7,9.34,9.73,9.67,9.18,9.29,9.26,9.7,9.48,83.2,2.0,4.0,2.0,4.0,1.0,83.5,4.3,85.8,69.2,1.0,0,1,1
8249,5.55,6.03,5.41,5.96,5.75,5.51,6.15,5.88,5.71,78.6,0.0,1.0,0.0,0.0,0.0,70.3,2.6,32.3,23.7,0.0,1,0,0
16167,7.07,7.02,7.07,6.98,6.97,6.89,7.41,7.72,7.04,60.5,1.0,2.0,2.0,2.0,0.0,62.2,3.7,54.0,44.5,0.0,1,0,1
31709,7.92,7.03,7.45,7.22,7.6,7.55,7.72,7.27,7.37,84.2,0.0,2.0,1.0,2.0,1.0,80.4,2.6,54.2,42.7,1.0,1,0,0
37418,4.68,5.13,4.55,4.14,4.74,4.75,5.37,4.92,4.7,82.7,1.0,1.0,1.0,2.0,1.0,57.9,2.6,53.9,56.9,0.0,1,0,0
38543,5.81,6.24,6.09,5.8,5.6,5.63,5.4,5.27,5.77,69.0,0.0,0.0,0.0,0.0,0.0,48.2,2.2,57.7,34.8,0.0,1,0,0
38706,6.91,6.77,7.17,6.76,6.56,6.86,6.45,6.92,6.93,75.2,1.0,3.0,2.0,1.0,0.0,81.7,2.7,55.8,61.3,0.0,1,0,1
40565,5.86,6.33,6.03,6.21,5.95,6.5,5.91,6.43,6.06,78.1,0.0,2.0,2.0,2.0,0.0,73.0,3.8,60.2,45.3,1.0,1,0,0
26085,6.17,6.71,6.43,6.74,6.22,6.93,6.79,6.65,6.5,69.9,0.0,1.0,2.0,2.0,0.0,65.0,3.1,56.4,56.6,0.0,1,0,0
17005,7.19,7.11,7.25,6.71,7.53,6.46,7.27,6.66,7.07,58.1,0.0,1.0,0.0,1.0,0.0,47.4,3.1,29.1,26.8,0.0,1,0,0
42437,7.57,7.32,7.91,7.96,7.7,8.34,8.03,7.83,7.88,59.8,1.0,2.0,2.0,1.0,0.0,73.8,3.2,57.4,49.7,0.0,1,0,1
6706,5.46,5.62,5.99,5.21,5.67,5.97,5.68,5.8,5.51,70.0,1.0,1.0,0.0,1.0,0.0,44.3,1.9,24.8,28.2,0.0,1,0,0
10173,7.1,6.29,6.96,7.1,6.66,6.8,7.06,6.51,6.64,77.3,1.0,1.0,3.0,1.0,0.0,53.3,4.0,57.5,49.5,1.0,1,0,0
22086,7.9,7.63,7.83,8.49,7.92,8.19,8.66,7.41,7.87,78.2,1.0,3.0,2.0,2.0,1.0,74.3,2.4,56.1,54.1,0.0,1,1,1
48744,7.87,8.47,7.39,8.58,8.15,8.23,7.91,7.97,7.98,84.7,3.0,3.0,4.0,2.0,2.0,83.8,3.9,77.3,63.1,1.0,0,1,1
5153,6.36,6.54,6.07,6.37,6.38,5.79,6.57,6.21,6.17,52.7,0.0,1.0,1.0,0.0,0.0,48.4,3.1,25.9,35.3,0.0,1,0,0
13060,9.96,10.0,9.95,10.0,9.45,9.91,10.0,10.0,10.0,88.6,2.0,3.0,4.0,3.0,2.0,64.9,5.0,73.0,80.1,1.0,0,1,1
17722,7.3,7.18,7.79,7.2,8.3,7.81,7.39,7.24,7.67,94.9,1.0,4.0,2.0,4.0,1.0,93.6,3.5,73.1,70.8,0.0,0,1,1
42214,5.3,4.99,5.05,5.06,4.95,4.4,5.04,4.97,5.03,50.0,0.0,1.0,0.0,0.0,0.0,70.3,1.3,30.0,30.4,0.0,1,0,0
24802,5.2,4.97,4.98,4.44,4.55,4.71,4.99,4.22,4.82,60.2,0.0,0.0,1.0,0.0,0.0,43.2,2.1,31.6,34.1,0.0,1,0,0
20156,9.09,8.91,8.73,8.9,8.47,8.88,8.97,9.04,8.87,82.9,3.0,2.0,3.0,2.0,2.0,79.5,4.3,67.8,55.5,1.0,0,1,1
5147,7.47,7.92,8.12,7.96,7.92,8.0,7.77,8.2,8.0,84.9,1.0,2.0,2.0,1.0,0.0,57.9,3.9,46.7,46.4,1.0,1,1,1
32730,6.15,6.58,6.17,6.17,6.4,6.68,6.75,6.59,6.44,96.9,1.0,4.0,2.0,4.0,1.0,82.5,4.3,82.3,63.2,1.0,0,1,1
49253,9.09,8.92,9.39,9.73,9.27,9.0,8.85,9.35,9.06,95.6,2.0,4.0,3.0,3.0,1.0,86.4,3.5,80.3,66.9,1.0,0,1,1
49477,6.26,5.91,6.39,6.38,6.46,6.69,6.13,6.23,6.24,73.0,1.0,2.0,1.0,1.0,0.0,67.0,2.9,62.0,57.4,1.0,1,0,1
39443,5.72,5.2,5.72,5.92,5.74,6.53,5.87,5.7,5.78,71.6,1.0,2.0,1.0,2.0,0.0,70.4,3.4,57.3,56.5,1.0,1,0,0
43121,8.31,7.82,8.26,7.7,8.6,8.39,8.44,8.73,8.2,86.2,2.0,2.0,2.0,3.0,1.0,74.3,3.5,57.7,84.2,0.0,0,1,1
18577,8.26,8.16,8.05,8.18,8.5,8.17,8.24,8.44,8.42,77.9,1.0,2.0,2.0,1.0,0.0,71.3,3.2,48.0,38.6,1.0,1,1,1
41585,8.95,9.05,9.3,8.31,9.31,8.9,9.23,9.08,9.12,87.9,2.0,3.0,3.0,2.0,1.0,91.6,4.3,64.0,74.1,1.0,0,1,1
35109,4.0,4.51,4.22,4.48,4.0,4.21,4.02,4.05,4.16,64.6,1.0,1.0,2.0,0.0,0.0,50.7,2.1,34.0,33.8,0.0,1,0,0
36718,4.23,4.0,4.0,4.0,4.05,4.0,4.0,4.0,4.0,66.1,1.0,0.0,0.0,0.0,0.0,50.0,1.5,25.4,55.5,0.0,1,0,0
20617,8.06,8.18,8.22,8.31,8.32,7.97,8.09,8.55,8.12,71.0,2.0,3.0,2.0,3.0,2.0,82.3,3.6,67.8,66.8,1.0,0,1,1
17769,7.17,6.45,6.57,7.23,7.38,7.51,7.2,7.43,7.11,87.2,1.0,2.0,1.0,2.0,0.0,60.5,2.9,58.7,57.7,1.0,1,0,1
16398,4.56,4.55,4.84,4.67,4.38,4.17,4.6,4.02,4.47,53.4,0.0,1.0,0.0,1.0,0.0,44.0,2.6,32.7,29.2,0.0,1,0,0
1233,8.96,9.04,8.81,9.18,8.9,9.02,9.5,9.46,9.1,99.6,2.0,3.0,3.0,3.0,2.0,73.6,4.0,68.9,87.6,1.0,0,1,1
40280,7.8,7.95,7.58,7.54,7.68,8.17,8.57,7.88,8.06,78.2,2.0,3.0,3.0,3.0,2.0,80.5,3.2,76.1,65.5,0.0,0,1,1
11070,5.74,5.72,5.83,5.82,5.25,5.69,5.98,5.49,5.6,68.2,1.0,2.0,1.0,3.0,0.0,65.6,3.3,50.5,37.6,0.0,1,0,0
32394,6.12,6.78,6.23,6.0,6.42,5.76,5.65,5.65,5.96,72.8,1.0,3.0,1.0,1.0,0.0,74.0,2.9,57.7,57.7,0.0,1,0,1
9431,6.71,6.09,5.93,6.32,5.89,6.2,5.4,5.38,5.96,64.6,0.0,0.0,0.0,1.0,0.0,48.4,1.8,29.6,31.5,0.0,1,0,0
17864,5.79,6.18,5.31,5.74,6.15,6.02,5.75,5.8,5.66,98.5,2.0,2.0,3.0,3.0,2.0,94.4,4.2,90.2,72.1,1.0,0,1,1
34418,9.96,9.79,9.26,10.0,10.0,10.0,9.63,9.89,9.89,71.5,1.0,3.0,3.0,3.0,1.0,86.3,3.8,74.2,68.4,1.0,0,1,1
44845,5.08,4.69,4.74,4.9,5.07,4.75,4.95,4.89,4.68,71.2,2.0,3.0,2.0,2.0,0.0,70.4,3.1,61.9,51.3,0.0,1,0,0
27617,8.97,8.91,8.72,8.67,9.1,8.95,9.37,8.9,4.18,52.00096755,2.0,3.0,3.0,4.0,2.0,32.1,3.7,0.5,68.6,1.0,1,1,1
13035,9.09,8.95,9.24,10.0,9.46,9.52,9.28,9.42,9.42,95.0,2.0,2.0,3.0,4.0,1.0,70.3,5.0,75.3,59.8,1.0,0,1,1
1604,4.8,5.53,4.93,4.98,4.82,5.57,4.94,5.12,5.27,75.6,0.0,2.0,2.0,2.0,0.0,63.5,3.6,54.2,63.8,1.0,1,0,0
25037,7.18,6.64,6.85,6.64,6.9,7.52,7.02,6.64,6.97,86.5,1.0,3.0,3.0,3.0,1.0,75.3,3.9,57.7,76.4,1.0,0,1,1
43369,5.96,5.89,5.14,5.09,5.19,5.06,4.81,4.99,5.28,50.0,0.0,1.0,0.0,1.0,0.0,56.3,1.7,27.6,55.5,1.0,1,0,0
8538,4.48,4.73,4.66,4.74,5.17,4.25,5.18,4.78,4.73,54.4,0.0,1.0,1.0,0.0,0.0,42.2,2.1,30.0,32.2,0.0,1,0,0
28602,7.77,7.53,7.55,7.41,7.25,7.79,7.88,7.72,7.67,84.9,2.0,5.0,2.0,3.0,1.0,78.3,4.2,79.6,64.3,0.0,0,1,1
30645,7.24,7.87,7.69,7.38,7.63,7.18,7.2,7.59,7.48,69.8,1.0,1.0,3.0,1.0,1.0,79.3,3.1,53.0,61.6,0.0,1,1,1
37322,5.21,5.22,5.37,5.63,5.09,5.01,5.98,5.2,5.31,69.0,2.0,2.0,1.0,2.0,1.0,76.0,3.1,51.8,58.3,1.0,1,0,0
17285,8.76,8.72,8.85,9.0,8.97,8.67,9.2,9.17,8.79,93.0,1.0,4.0,4.0,3.0,2.0,70.3,4.9,84.5,55.5,1.0,0,1,1
8376,6.97,6.42,6.52,6.76,6.94,6.76,6.19,6.6,6.45,74.4,1.0,1.0,3.0,2.0,0.0,74.4,3.1,58.3,51.8,1.0,1,0,1
32583,9.18,8.95,8.8,9.26,9.55,9.41,9.37,9.13,9.12,99.9,1.0,3.0,3.0,4.0,1.0,98.3,4.3,70.1,84.5,1.0,0,1,1
49233,4.26,4.0,4.56,4.63,4.12,4.21,4.16,4.19,4.29,58.0,0.0,1.0,1.0,0.0,0.0,46.1,1.4,31.7,55.5,1.0,1,0,0
15351,7.61,7.3,7.49,8.24,7.32,7.32,7.72,7.72,7.84,94.2,2.0,4.0,3.0,3.0,2.0,94.0,3.1,65.4,71.8,1.0,0,1,1
42886,6.58,6.39,6.14,5.85,6.03,5.22,6.23,6.19,6.25,53.1,0.0,1.0,1.0,0.0,0.0,41.8,1.7,29.6,55.5,0.0,1,0,0
33627,7.56,8.05,8.06,8.22,8.29,8.17,8.29,8.78,8.2,92.3,3.0,3.0,2.0,3.0,1.0,89.8,4.0,85.8,69.3,0.0,0,1,1
1537,10.0,9.75,10.0,10.0,10.0,10.0,10.0,10.0,9.97,81.5,1.0,2.0,2.0,2.0,1.0,92.3,3.1,91.2,93.1,1.0,0,1,1
42912,8.34,8.33,8.38,8.55,8.7,8.3,8.99,8.76,8.47,86.8,2.0,2.0,4.0,3.0,1.0,100.0,3.3,100.0,78.5,1.0,0,1,1
21191,7.99,8.61,9.0,8.87,8.93,8.41,8.4,8.75,8.62,83.5,1.0,4.0,3.0,3.0,2.0,87.4,3.6,81.7,76.3,0.0,0,1,1
1182,7.85,7.42,7.75,7.92,8.27,7.93,7.72,7.63,7.73,90.1,2.0,4.0,3.0,4.0,1.0,80.6,4.1,73.5,83.5,1.0,0,1,1
6584,9.19,9.17,9.23,9.34,9.74,9.94,9.58,9.97,9.66,83.2,2.0,4.0,3.0,2.0,1.0,80.8,4.1,90.9,80.0,1.0,0,1,1
11500,4.37,4.14,4.0,4.01,4.0,4.0,4.0,4.0,4.14,60.7,1.0,1.0,1.0,1.0,0.0,47.7,1.3,21.4,27.1,0.0,1,0,0
30781,6.58,6.41,6.91,6.26,7.12,6.53,6.44,7.05,6.74,88.7,2.0,4.0,3.0,4.0,1.0,52.4,2.7,69.0,83.4,0.0,0,1,1
10127,8.74,8.83,9.0,8.51,8.52,8.67,8.73,8.03,8.66,74.9,1.0,2.0,2.0,2.0,0.0,71.6,3.3,61.3,58.8,0.0,1,1,1
13023,5.17,4.76,4.66,5.36,4.14,4.72,5.03,4.68,4.9,60.6,0.0,1.0,2.0,0.0,0.0,49.1,1.1,25.7,26.6,0.0,1,0,0
34213,6.4,6.8,7.48,7.56,7.18,6.49,6.82,6.54,6.76,54.3,0.0,1.0,0.0,0.0,0.0,59.0,1.7,36.1,55.5,0.0,1,0,0
48908,4.02,4.3,4.17,4.52,4.41,4.7,4.02,4.04,4.21,63.5,1.0,0.0,0.0,1.0,0.0,41.0,2.8,23.3,30.1,1.0,1,0,0
21229,6.09,6.29,6.26,6.71,6.46,5.98,6.18,6.23,6.42,79.2,2.0,2.0,3.0,3.0,2.0,89.3,3.5,84.2,64.9,1.0,0,1,1
4456,8.21,8.54,8.68,8.68,9.29,8.91,8.82,9.17,8.82,90.7,2.0,4.0,2.0,4.0,1.0,89.4,4.7,81.6,70.2,1.0,0,1,1
8441,10.0,10.0,10.0,10.0,9.77,10.0,10.0,9.95,10.0,74.9,2.0,3.0,3.0,3.0,2.0,92.3,4.2,67.8,76.4,0.0,0,1,1
5713,5.78,5.56,5.73,6.34,6.09,5.47,6.41,6.45,6.07,81.3,1.0,2.0,1.0,2.0,0.0,62.4,3.3,71.2,58.1,1.0,1,0,1
27663,7.1,7.55,7.67,7.08,7.23,7.28,7.12,7.99,7.36,81.6,1.0,1.0,2.0,1.0,1.0,66.5,3.0,57.7,55.5,1.0,1,0,1
19825,7.88,7.31,7.31,7.39,7.06,7.89,7.88,7.27,7.43,74.6,1.0,2.0,1.0,1.0,0.0,70.3,2.9,58.1,55.5,0.0,1,0,1
31176,7.77,7.56,7.87,8.5,7.69,7.87,8.17,7.88,7.96,81.8,1.0,4.0,3.0,2.0,1.0,63.4,2.8,81.8,77.8,1.0,0,1,1
11710,6.97,7.34,6.95,6.88,7.14,6.78,7.52,7.38,7.12,79.9,2.0,2.0,2.0,2.0,0.0,78.8,2.5,63.6,50.3,0.0,1,0,1
15720,7.71,7.45,7.54,7.98,7.32,7.31,7.36,7.08,7.36,80.9,1.0,2.0,1.0,2.0,0.0,78.8,2.4,55.6,54.3,1.0,1,0,1
20476,4.8,5.11,5.59,5.32,5.17,5.22,5.26,4.96,5.23,68.8,0.0,0.0,1.0,0.0,0.0,70.3,1.7,28.5,28.7,0.0,1,0,0
18425,7.07,7.52,7.61,7.69,7.47,7.64,8.54,8.02,7.74,86.3,2.0,3.0,3.0,3.0,1.0,86.1,3.1,80.4,78.9,1.0,0,1,1
9550,5.44,5.94,6.37,5.47,5.81,5.6,5.95,6.21,6.0,64.6,1.0,1.0,1.0,1.0,0.0,70.3,1.6,20.9,55.5,0.0,1,0,0
43966,5.39,4.0,4.17,4.43,4.86,4.66,4.32,5.03,4.51,63.3,1.0,0.0,1.0,0.0,0.0,51.5,2.6,23.0,30.3,0.0,1,0,0
31207,7.84,7.94,7.79,7.96,7.74,8.45,7.91,8.02,8.19,79.1,1.0,4.0,3.0,3.0,2.0,94.0,2.7,73.0,71.9,1.0,0,1,1
12968,6.97,6.87,6.74,7.42,7.11,6.98,6.69,6.8,6.91,86.1,1.0,2.0,1.0,2.0,0.0,78.9,3.4,56.9,55.5,1.0,1,0,1
41471,7.27,7.58,7.27,7.37,7.18,7.46,7.1,7.12,7.44,81.8,2.0,3.0,4.0,4.0,1.0,78.0,3.1,70.2,75.5,0.0,0,1,1
46711,4.9,4.86,4.74,4.51,4.77,4.55,4.38,4.19,4.57,58.4,1.0,0.0,0.0,1.0,0.0,52.2,1.0,24.8,28.6,0.0,1,0,0
9294,6.03,5.53,5.96,5.54,6.36,5.42,5.98,6.08,5.85,84.8,1.0,1.0,2.0,1.0,1.0,67.9,3.1,55.0,45.8,1.0,1,0,0
38336,9.5,10.0,9.63,9.68,10.0,9.76,10.0,10.0,9.91,74.2,2.0,4.0,3.0,3.0,2.0,67.8,3.8,73.4,55.5,1.0,0,1,1
18615,5.4,5.33,5.56,6.16,5.11,6.56,5.83,5.73,5.79,79.4,1.0,3.0,2.0,1.0,1.0,56.4,4.3,57.4,58.6,1.0,1,0,1
38275,8.05,7.82,7.24,8.01,7.82,8.2,7.71,8.19,8.0,93.3,2.0,4.0,4.0,3.0,1.0,93.3,4.2,87.8,82.8,0.0,0,1,1
4520,8.71,8.9,8.97,9.02,9.93,9.32,9.59,9.17,9.14,87.7,2.0,3.0,2.0,4.0,2.0,87.5,4.0,90.2,77.6,1.0,0,1,1
22110,6.63,7.02,7.24,6.89,7.32,7.17,7.21,7.56,7.14,83.7,2.0,2.0,2.0,4.0,2.0,50.0,3.5,82.1,69.9,1.0,0,1,1
42243,6.9,6.28,6.55,6.66,6.1,6.48,5.62,6.03,6.47,63.5,0.0,1.0,0.0,1.0,0.0,51.1,1.7,24.7,28.6,0.0,1,0,0
18223,5.59,5.34,6.06,5.55,5.17,5.64,5.76,5.19,5.61,50.2,1.0,1.0,0.0,1.0,0.0,49.6,1.9,57.7,24.1,0.0,1,0,0
45396,9.59,10.0,10.0,10.0,10.0,9.82,9.92,10.0,9.88,76.7,2.0,4.0,3.0,4.0,1.0,90.9,4.1,79.9,76.7,1.0,0,1,1
4885,6.83,6.68,6.96,7.34,6.85,7.02,8.12,7.72,7.24,74.4,2.0,3.0,2.0,3.0,1.0,86.3,4.5,96.7,74.2,0.0,0,1,1
4507,6.67,6.98,6.85,7.0,7.04,6.38,6.82,6.54,9.82,82.7,3.0,5.0,2.0,1.0,1.0,98.6,3.2,98.3,44.9,0.0,1,1,0
42664,9.52,10.0,10.0,10.0,10.0,10.0,9.95,10.0,10.0,86.6,2.0,3.0,4.0,4.0,2.0,87.4,4.0,79.6,84.6,1.0,0,1,1
25812,4.09,4.31,4.61,4.08,4.42,4.0,4.59,4.19,4.21,50.0,0.0,1.0,1.0,0.0,0.0,43.9,1.7,23.1,32.1,0.0,1,0,0
11125,9.56,10.0,9.75,9.42,10.0,10.0,10.0,10.0,9.78,93.6,1.0,3.0,3.0,3.0,2.0,100.0,3.6,84.0,70.8,1.0,0,1,1
665,10.0,9.74,10.0,9.7,10.0,9.95,10.0,10.0,9.99,78.8,1.0,3.0,2.0,3.0,1.0,71.0,4.1,74.3,80.8,1.0,0,1,1
19131,7.04,6.98,7.16,7.18,7.55,7.08,7.41,7.48,7.23,89.3,3.0,3.0,2.0,4.0,1.0,74.1,3.1,82.3,90.4,1.0,0,1,1
40411,6.87,7.18,6.26,6.84,6.79,7.02,7.03,7.14,6.82,70.4,2.0,2.0,2.0,2.0,1.0,56.4,2.5,48.0,57.4,0.0,1,0,1
18300,7.65,7.14,6.39,7.57,6.83,7.76,7.03,6.63,7.2,82.6,1.0,1.0,2.0,2.0,0.0,70.1,3.7,50.1,51.7,1.0,1,0,1
6685,7.95,7.43,7.69,7.61,7.79,7.51,7.84,7.95,7.89,80.3,1.0,2.0,2.0,1.0,1.0,71.2,2.5,56.6,45.0,0.0,1,1,1
502,5.96,5.26,6.15,5.57,6.2,5.6,6.16,6.42,6.16,61.2,1.0,2.0,2.0,2.0,1.0,58.9,4.7,52.3,52.3,0.0,1,0,1
28099,6.74,6.4,6.75,6.83,7.07,6.78,6.8,6.67,6.58,76.3,0.0,1.0,2.0,2.0,2.0,58.0,2.4,57.7,55.5,1.0,1,0,0
44872,9.4,9.75,9.85,10.0,9.85,9.84,9.4,10.0,9.81,100.0,2.0,2.0,3.0,4.0,1.0,83.3,4.4,78.9,73.9,0.0,0,1,1
32651,7.3,6.66,7.2,6.82,7.22,7.07,7.03,7.5,7.11,82.4,2.0,2.0,1.0,1.0,0.0,73.7,3.1,49.6,55.1,1.0,1,0,1
41289,5.27,5.4,5.62,5.33,5.29,5.4,5.58,5.34,5.22,75.3,0.0,0.0,0.0,0.0,0.0,43.4,2.0,32.2,34.2,1.0,1,0,0
33571,4.0,4.0,4.0,4.0,4.0,4.0,4.11,4.0,4.05,60.9,1.0,0.0,1.0,1.0,0.0,48.2,1.7,25.2,35.1,0.0,1,0,0
31893,5.95,6.19,5.72,6.04,5.63,6.29,6.23,5.85,5.98,77.9,1.0,1.0,2.0,2.0,0.0,70.8,3.0,56.1,48.9,0.0,1,0,0
49651,6.79,6.12,6.61,6.56,6.86,6.81,6.52,7.38,6.68,72.5,1.0,2.0,1.0,2.0,1.0,67.9,2.5,64.9,60.9,0.0,1,0,1
48952,5.41,4.57,5.59,5.25,4.74,5.23,4.84,4.6,5.0,62.0,0.0,1.0,2.0,0.0,0.0,42.8,1.7,29.3,28.0,0.0,1,0,0
18088,9.96,10.0,10.0,10.0,10.0,10.0,10.0,10.0,10.0,80.1,2.0,3.0,4.0,3.0,2.0,89.9,4.2,77.7,67.7,1.0,0,1,1
11179,7.98,8.13,8.23,7.65,8.39,8.34,7.86,8.32,8.24,76.8,2.0,2.0,2.0,2.0,0.0,61.4,3.3,55.9,54.1,1.0,1,1,1
19603,6.62,7.03,6.1,7.21,7.25,6.52,6.58,6.51,6.76,72.0,1.0,2.0,1.0,1.0,1.0,67.9,3.1,54.5,50.6,1.0,1,0,1
13252,6.53,7.15,6.66,6.73,7.25,7.1,6.98,6.01,6.68,79.5,1.0,2.0,1.0,2.0,1.0,64.1,3.2,45.1,44.2,0.0,1,0,1
16417,5.0,5.18,4.84,5.49,5.3,5.21,5.46,4.99,5.43,69.1,0.0,1.0,0.0,1.0,0.0,49.6,1.6,24.1,25.6,0.0,1,0,0
23207,10.0,9.38,10.0,9.97,10.0,9.97,10.0,10.0,9.99,77.4,2.0,3.0,2.0,3.0,2.0,80.5,4.1,91.3,82.0,0.0,0,1,1
39881,10.0,10.0,10.0,10.0,9.7,9.92,10.0,10.0,9.98,72.6,2.0,3.0,3.0,3.0,1.0,94.8,3.7,79.2,83.5,1.0,0,1,1
39376,6.38,6.04,5.58,6.66,5.81,6.59,6.27,6.11,6.26,70.8,1.0,2.0,2.0,1.0,1.0,70.3,2.8,55.2,54.6,1.0,1,0,0
11437,9.22,9.1,8.96,9.23,9.35,9.47,9.5,9.15,9.35,85.6,1.0,2.0,1.0,2.0,0.0,67.1,3.2,57.0,57.9,1.0,1,1,1
45270,6.91,6.92,7.21,7.2,6.8,7.33,7.26,7.19,7.14,81.6,1.0,1.0,2.0,2.0,0.0,64.6,3.1,45.7,61.2,1.0,1,0,0
29464,6.92,7.16,7.0,7.37,6.99,7.16,7.84,7.35,7.18,100.0,2.0,3.0,2.0,4.0,3.0,75.1,3.5,76.2,70.1,1.0,0,1,1
6737,4.45,4.7,4.11,4.11,4.23,4.67,4.51,4.32,4.17,58.2,0.0,0.0,1.0,1.0,0.0,47.8,3.1,40.3,31.6,0.0,1,0,0
20687,7.15,7.11,6.86,7.3,7.13,6.85,6.63,6.98,6.9,74.0,1.0,2.0,2.0,1.0,1.0,68.7,3.2,44.8,52.2,1.0,1,0,1
17050,9.08,8.79,8.91,8.36,9.27,8.91,9.65,9.32,9.23,78.9,2.0,4.0,2.0,2.0,2.0,88.6,3.1,57.7,75.1,1.0,0,1,1
45512,5.67,5.28,5.37,5.78,5.57,5.86,6.05,5.68,5.65,77.1,1.0,2.0,1.0,2.0,0.0,68.5,1.8,56.4,64.2,0.0,1,0,0
4845,6.48,6.97,6.36,6.66,6.8,6.41,7.34,7.16,6.87,84.8,2.0,5.0,3.0,3.0,1.0,79.8,3.6,57.7,86.0,1.0,0,1,1
3273,7.19,6.25,7.06,6.63,6.83,6.85,7.2,6.97,6.68,73.1,1.0,2.0,2.0,2.0,0.0,85.5,3.1,52.8,53.4,1.0,1,0,1
32714,9.42,9.62,9.79,9.96,9.91,10.0,9.35,9.58,9.67,83.0,1.0,4.0,4.0,4.0,1.0,81.7,3.1,78.7,68.5,1.0,0,1,1
33178,7.82,7.65,7.71,7.82,7.65,8.09,7.94,7.87,7.9,80.2,2.0,2.0,2.0,5.0,2.0,83.9,3.7,81.3,65.5,0.0,0,1,1
49771,5.98,5.45,6.12,4.98,5.3,5.61,5.39,5.09,5.47,65.4,0.0,0.0,0.0,0.0,0.0,57.9,2.7,24.7,35.6,0.0,1,0,0
31808,5.33,4.72,4.66,4.71,4.85,4.59,4.32,4.9,9.99,60.5,3.0,5.0,0.0,0.0,0.0,96.1,2.1,99.6,24.9,0.0,1,0,0
33270,6.0,6.47,6.63,6.61,6.52,7.06,7.28,6.79,6.75,89.9,3.0,4.0,3.0,3.0,1.0,66.8,3.7,68.6,68.9,1.0,0,1,1
16096,5.48,5.33,5.58,5.32,5.15,5.53,5.37,5.38,5.6,65.8,1.0,1.0,0.0,0.0,0.0,47.7,2.0,25.4,27.4,1.0,1,0,0
8905,6.99,7.51,7.21,7.06,7.3,6.9,7.59,6.97,7.21,77.5,1.0,2.0,2.0,2.0,0.0,74.5,3.3,56.4,44.8,1.0,1,0,1
8407,7.65,8.06,7.41,7.84,8.3,7.97,8.39,8.0,8.17,89.3,2.0,4.0,2.0,3.0,1.0,73.5,3.3,72.3,79.1,1.0,0,1,1
5013,6.21,5.48,5.87,6.02,5.9,6.18,6.19,6.39,5.87,73.1,1.0,1.0,2.0,2.0,1.0,70.3,1.6,63.0,57.2,1.0,1,0,0
4244,8.53,8.52,9.21,9.07,8.99,8.48,8.97,8.39,8.9,56.8,0.0,2.0,1.0,1.0,0.0,73.4,2.5,52.7,51.2,0.0,1,1,1
15419,9.03,9.36,9.07,9.24,8.75,9.38,9.08,9.48,9.16,69.5,1.0,2.0,1.0,3.0,1.0,65.0,3.0,55.9,52.5,0.0,1,1,1
41124,9.66,9.59,9.72,10.0,10.0,9.32,9.69,10.0,9.77,83.4,1.0,2.0,2.0,3.0,1.0,82.8,4.0,81.8,80.7,1.0,0,1,1
29756,7.32,6.65,6.62,5.8,6.91,6.66,6.83,6.5,6.53,67.6,0.0,2.0,1.0,1.0,1.0,68.7,3.2,50.8,43.2,1.0,1,0,1
32164,6.51,5.98,6.74,6.51,6.95,6.92,6.91,6.84,6.57,76.6,1.0,2.0,2.0,1.0,1.0,69.0,2.0,57.7,45.4,1.0,1,0,1
31980,4.68,4.45,4.08,4.47,4.0,4.0,4.15,4.59,4.15,53.6,0.0,0.0,0.0,0.0,0.0,50.6,1.6,29.0,35.4,0.0,1,0,0
36444,5.73,6.24,5.89,5.76,6.11,6.06,6.08,6.77,5.95,92.9,2.0,3.0,4.0,3.0,1.0,85.0,4.1,78.2,66.2,0.0,0,0,1
16482,8.11,7.96,8.14,7.99,8.44,7.96,8.33,8.09,8.15,79.1,1.0,2.0,2.0,1.0,1.0,70.3,3.1,57.7,57.4,1.0,1,1,1
1115,5.33,5.14,5.42,4.85,5.42,5.47,5.48,5.05,5.12,74.1,1.0,2.0,2.0,2.0,0.0,67.9,3.1,47.2,53.1,1.0,1,0,0
14876,7.18,7.53,7.54,7.69,6.9,7.0,6.59,7.23,7.22,80.4,1.0,3.0,2.0,1.0,0.0,62.8,2.6,57.7,47.9,0.0,1,0,1
6267,7.11,6.76,6.95,6.5,7.26,6.48,6.69,6.97,6.95,67.5,0.0,0.0,0.0,1.0,0.0,47.9,1.7,19.2,33.6,0.0,1,0,0
39209,7.76,7.24,7.32,7.73,8.2,7.27,7.62,7.09,7.47,100.0,2.0,2.0,2.0,3.0,1.0,80.4,5.0,82.9,55.5,1.0,0,1,1
32427,5.76,5.36,5.52,5.88,5.45,5.23,5.49,5.63,5.65,61.9,0.0,1.0,1.0,0.0,0.0,42.1,3.1,28.1,28.6,0.0,1,0,0
11918,4.68,4.8,4.85,4.21,4.51,4.34,4.29,4.88,4.48,66.8,1.0,1.0,0.0,0.0,0.0,40.7,1.0,27.6,37.9,0.0,1,0,0
23181,6.25,6.43,6.61,6.04,6.72,6.03,6.46,6.46,6.44,83.0,0.0,2.0,2.0,1.0,0.0,70.4,2.3,52.6,57.3,1.0,1,0,1
41354,7.47,7.22,7.52,7.4,7.49,7.8,7.28,7.1,7.44,80.6,2.0,2.0,2.0,1.0,1.0,76.2,4.4,49.4,47.1,0.0,1,1,1
35149,10.0,10.0,9.71,10.0,10.0,10.0,10.0,10.0,10.0,100.0,2.0,2.0,1.0,4.0,1.0,96.0,2.6,82.7,68.5,1.0,0,1,1
30573,6.15,6.18,5.89,5.7,5.95,5.59,6.03,5.6,5.82,74.8,1.0,1.0,2.0,2.0,0.0,70.3,3.1,56.5,70.7,1.0,1,0,0
47807,7.61,7.81,8.37,8.26,8.41,7.94,9.07,8.31,8.22,94.7,2.0,4.0,3.0,3.0,1.0,80.0,4.3,74.3,72.9,1.0,0,1,1
45286,10.0,10.0,9.5,9.96,9.8,9.38,10.0,10.0,9.87,83.6,2.0,3.0,2.0,3.0,1.0,87.8,3.7,80.4,73.2,1.0,0,1,1
42791,9.24,9.0,8.94,8.61,9.11,9.83,9.59,9.45,9.18,81.8,2.0,3.0,3.0,4.0,2.0,83.0,3.5,67.2,80.0,1.0,0,1,1
20997,5.25,5.34,5.01,5.02,5.06,5.5,5.35,5.2,5.04,61.7,0.0,0.0,1.0,0.0,0.0,49.3,1.0,26.9,25.2,0.0,1,0,0
34299,7.39,7.62,7.74,7.55,7.94,7.73,7.18,7.76,4.11,53.29921999,1.0,2.0,2.0,2.0,1.0,37.5,2.4,3.5,54.4,1.0,1,0,0
22049,4.54,4.49,4.47,4.52,4.35,4.55,4.62,4.33,4.56,59.1,0.0,1.0,0.0,0.0,0.0,51.7,2.1,30.2,55.5,0.0,1,0,0
2529,7.89,7.54,7.65,7.21,7.77,8.14,7.36,8.02,7.65,82.5,2.0,3.0,4.0,3.0,2.0,91.5,3.8,94.5,55.5,1.0,0,1,1
30519,8.34,8.71,7.95,8.37,8.49,8.9,8.6,8.96,4.35,51.50042289,2.0,5.0,2.0,2.0,1.0,36.9,4.2,57.7,83.2,0.0,1,1,1
29541,10.0,9.92,10.0,9.65,10.0,10.0,10.0,10.0,10.0,89.8,2.0,4.0,3.0,3.0,2.0,97.0,3.4,68.5,56.0,0.0,0,1,1
27441,7.41,7.44,7.42,7.39,6.43,7.16,7.6,7.64,7.26,68.9,0.0,3.0,2.0,1.0,1.0,70.5,3.9,52.5,44.6,0.0,1,0,0
43855,9.39,8.57,9.36,8.91,9.5,9.49,8.82,9.26,9.31,80.5,2.0,2.0,2.0,3.0,2.0,71.1,4.4,81.7,76.0,1.0,0,1,1
26939,7.61,7.42,8.25,7.69,7.37,7.62,7.62,8.19,7.85,55.2,0.0,2.0,1.0,2.0,1.0,72.9,3.0,65.1,55.5,0.0,1,0,1
2985,6.83,6.59,6.25,6.69,6.88,6.31,6.81,6.53,6.71,73.7,1.0,2.0,1.0,2.0,0.0,75.2,3.9,58.7,66.8,0.0,1,0,1
14774,7.55,7.63,7.12,7.11,7.48,6.98,7.25,7.28,7.38,59.9,1.0,2.0,2.0,2.0,1.0,60.3,2.6,56.6,49.6,0.0,1,0,1
27928,9.12,9.52,8.8,9.5,9.74,9.43,9.3,8.93,9.29,80.9,1.0,2.0,1.0,2.0,1.0,60.8,3.4,64.1,55.9,0.0,1,1,1
22426,10.0,10.0,10.0,9.72,10.0,10.0,10.0,9.94,9.97,88.4,1.0,3.0,3.0,2.0,0.0,84.4,3.7,70.0,67.2,1.0,0,1,1
26390,7.4,6.92,7.61,7.38,7.33,7.26,7.26,7.33,7.28,82.2,2.0,3.0,2.0,3.0,1.0,70.7,4.3,77.0,76.5,1.0,0,1,1
42169,7.01,6.98,6.85,6.79,6.58,7.13,6.68,7.38,6.8,69.6,0.0,2.0,2.0,1.0,0.0,70.3,3.0,55.4,52.9,0.0,1,0,1
45903,8.86,8.94,9.1,9.29,9.19,9.41,9.62,9.14,9.15,85.4,1.0,3.0,4.0,3.0,1.0,80.1,4.0,90.0,55.5,0.0,0,1,1
19186,5.35,5.88,6.3,5.63,5.56,6.52,6.1,5.67,5.97,85.9,1.0,2.0,2.0,1.0,0.0,82.2,2.2,58.3,51.1,1.0,1,0,0
18987,6.25,6.24,6.45,6.42,6.98,6.24,6.03,6.05,6.25,63.0,1.0,1.0,0.0,0.0,0.0,43.8,2.0,19.5,31.4,0.0,1,0,0
29621,6.45,7.12,7.48,6.81,7.01,7.44,6.8,6.83,6.95,77.8,1.0,2.0,2.0,0.0,1.0,66.6,2.6,49.8,38.9,1.0,1,0,1
20561,5.6,5.47,5.42,5.64,5.57,6.18,5.93,6.16,5.64,93.9,2.0,2.0,4.0,4.0,2.0,76.7,2.8,86.4,75.0,1.0,0,0,1
35150,8.2,7.97,8.78,8.93,8.44,8.96,8.27,8.58,8.68,82.9,3.0,2.0,2.0,4.0,1.0,93.2,4.9,80.8,75.4,0.0,0,1,1
24235,7.16,6.91,6.77,6.73,6.59,6.89,6.42,6.75,6.8,82.9,1.0,2.0,2.0,2.0,1.0,78.2,2.6,46.1,50.9,0.0,1,0,0
15434,5.1,5.93,5.73,5.0,5.79,5.48,4.83,5.33,5.28,85.4,1.0,2.0,2.0,3.0,0.0,73.4,3.7,41.3,64.6,1.0,1,0,1
2864,7.17,7.24,6.7,7.44,6.87,7.12,7.19,7.41,7.16,86.1,1.0,3.0,1.0,2.0,0.0,67.9,3.6,57.3,52.2,0.0,1,0,1
23220,7.86,7.92,8.13,7.74,7.86,8.45,7.55,8.02,7.87,85.7,1.0,1.0,2.0,2.0,0.0,72.3,2.5,59.8,56.2,0.0,1,1,1
16663,5.53,5.08,4.59,5.05,4.86,4.98,5.09,4.51,4.93,67.4,0.0,1.0,0.0,0.0,0.0,52.4,1.5,32.5,27.1,0.0,1,0,0
15768,7.33,6.91,6.94,6.95,6.9,6.78,7.35,7.49,7.08,74.7,0.0,2.0,1.0,3.0,0.0,71.6,4.3,53.3,55.5,1.0,1,0,1
14479,8.69,8.93,9.3,9.07,9.01,9.07,8.68,8.91,8.84,96.3,2.0,3.0,2.0,4.0,1.0,70.3,4.3,61.9,70.4,0.0,0,1,1
9956,7.52,8.31,7.51,7.39,7.6,7.94,7.86,7.74,7.73,92.8,2.0,2.0,3.0,3.0,1.0,82.9,5.0,75.8,62.9,1.0,0,1,1
31403,5.25,5.51,6.03,5.61,5.46,5.19,5.72,4.99,5.52,61.0,0.0,1.0,0.0,0.0,0.0,50.0,1.0,30.9,30.5,0.0,1,0,0
21050,7.92,9.12,8.48,8.76,8.94,8.63,9.08,8.51,8.63,77.5,2.0,3.0,3.0,3.0,1.0,96.0,3.7,87.7,81.3,1.0,0,1,1
34970,5.37,5.27,5.27,5.43,5.51,6.3,5.4,4.99,5.64,68.0,0.0,1.0,1.0,1.0,0.0,55.5,2.9,21.8,24.1,0.0,1,0,0
24269,9.08,10.0,9.89,9.8,9.93,10.0,10.0,9.65,9.98,96.4,2.0,4.0,1.0,2.0,2.0,87.2,4.4,82.1,71.7,0.0,0,1,1
23205,6.92,7.3,7.03,6.89,6.96,7.43,6.71,7.17,7.05,82.9,1.0,3.0,2.0,2.0,0.0,88.1,3.1,58.2,61.5,1.0,1,0,1
3378,7.35,7.49,7.99,7.33,7.78,8.18,7.76,8.18,7.64,84.0,2.0,2.0,3.0,3.0,1.0,70.3,3.1,90.5,64.0,1.0,0,1,1
1600,5.7,5.5,5.59,5.38,5.41,5.68,5.23,5.47,5.42,64.6,0.0,1.0,0.0,0.0,0.0,52.9,1.6,30.3,26.8,0.0,1,0,0
477,9.47,10.0,10.0,9.98,10.0,10.0,9.32,10.0,9.8,68.3,2.0,3.0,3.0,3.0,2.0,92.2,4.4,57.7,76.5,0.0,0,1,1
10799,7.58,7.85,7.55,8.08,7.76,7.68,7.63,7.51,7.66,63.2,1.0,2.0,1.0,2.0,1.0,70.3,2.5,59.7,63.3,0.0,1,1,1
8640,6.66,6.56,6.84,6.98,7.1,6.76,7.99,7.43,7.16,70.0,1.0,2.0,1.0,2.0,0.0,67.6,2.2,59.4,55.5,0.0,1,0,1
22143,10.0,10.0,9.79,9.77,10.0,10.0,10.0,9.74,10.0,100.0,1.0,4.0,4.0,3.0,1.0,86.8,4.2,73.5,66.4,1.0,0,1,1
22183,9.45,9.12,8.68,9.02,8.48,9.21,9.31,9.13,9.13,88.9,2.0,3.0,2.0,2.0,2.0,81.5,4.0,89.2,81.7,0.0,0,1,1
9933,6.97,7.34,7.69,7.23,6.99,7.35,7.38,7.7,7.19,92.2,3.0,3.0,2.0,2.0,1.0,84.8,3.9,77.0,68.1,1.0,0,1,1
21047,8.28,8.33,8.01,7.98,7.75,8.21,8.21,8.15,7.94,77.7,1.0,2.0,2.0,1.0,0.0,62.8,2.6,53.4,56.3,0.0,1,1,1
45443,7.68,7.04,7.15,8.07,7.78,7.14,7.25,8.25,7.45,86.5,1.0,4.0,4.0,3.0,2.0,70.3,5.0,85.1,80.0,1.0,0,1,1
36232,6.58,6.46,6.0,6.87,6.19,5.81,6.43,6.04,6.22,56.5,0.0,0.0,0.0,1.0,1.0,70.3,1.8,26.9,55.5,0.0,1,0,0
43953,8.38,8.05,7.76,8.26,8.14,8.18,7.89,8.62,8.21,88.5,1.0,3.0,1.0,2.0,0.0,70.3,2.8,63.9,44.7,1.0,1,1,1
38327,6.06,6.08,5.68,6.0,5.52,5.56,5.43,5.4,5.6,60.1,0.0,1.0,0.0,1.0,1.0,54.0,1.9,30.2,29.0,1.0,1,0,0
38593,8.07,8.61,8.36,8.33,8.56,8.2,8.63,8.71,8.59,100.0,1.0,3.0,3.0,4.0,1.0,78.1,3.7,75.2,83.9,1.0,0,1,1
17782,8.25,7.76,7.86,8.0,7.82,8.12,8.43,8.53,8.28,72.2,0.0,1.0,2.0,1.0,0.0,67.0,2.6,57.6,42.9,1.0,1,1,0
29876,4.0,4.09,4.56,4.07,4.0,4.01,4.17,4.22,4.12,51.3,0.0,0.0,1.0,0.0,0.0,41.5,1.9,25.1,33.5,1.0,1,0,0
31071,6.77,6.9,6.66,6.58,6.57,6.85,6.89,6.94,6.78,66.7,1.0,2.0,0.0,1.0,1.0,69.6,3.1,57.7,55.5,0.0,1,0,1
22257,4.21,4.0,4.0,4.0,4.0,4.0,4.07,4.0,4.04,65.0,0.0,2.0,2.0,3.0,0.0,69.7,3.1,57.5,57.2,1.0,1,0,0
9460,7.78,8.21,8.02,8.06,8.53,8.16,7.82,8.28,8.12,90.7,1.0,3.0,2.0,2.0,2.0,88.3,3.6,79.1,70.4,1.0,0,1,1
10666,7.1,5.95,6.52,6.92,6.87,6.91,7.05,6.55,6.62,97.7,3.0,2.0,2.0,4.0,2.0,69.0,4.1,67.0,82.8,1.0,0,1,1
8332,6.17,6.63,6.45,5.62,6.01,6.17,6.21,6.29,6.09,77.6,2.0,1.0,2.0,2.0,1.0,61.6,2.6,51.0,52.0,1.0,1,0,1
25866,8.6,7.77,8.8,7.97,7.81,8.9,8.18,8.72,8.27,100.0,2.0,3.0,3.0,4.0,0.0,84.1,4.0,76.3,58.2,0.0,0,1,1
48002,4.14,4.11,4.04,4.17,4.32,4.0,4.32,4.71,4.16,85.2,1.0,2.0,2.0,1.0,1.0,73.7,3.4,49.4,48.7,1.0,1,0,0
17555,4.9,4.97,4.66,4.86,4.15,4.69,4.99,4.9,4.71,71.3,0.0,1.0,0.0,0.0,0.0,49.7,1.7,25.3,33.2,0.0,1,0,0
38887,5.82,5.39,6.14,5.44,5.61,5.34,5.61,5.48,5.67,64.4,0.0,1.0,1.0,0.0,0.0,39.1,1.1,25.0,26.6,0.0,1,0,0
28591,6.76,7.06,6.76,6.99,6.99,6.59,6.57,7.02,6.75,54.3,0.0,1.0,1.0,0.0,0.0,39.6,1.8,26.8,55.5,1.0,1,0,0
15303,9.65,8.83,8.94,9.05,8.87,8.91,9.31,9.68,9.32,81.0,2.0,4.0,3.0,4.0,2.0,70.3,4.0,65.7,81.9,0.0,0,1,1
27981,7.01,6.84,7.79,7.52,6.84,7.06,6.35,7.25,7.16,73.3,2.0,2.0,2.0,1.0,1.0,69.6,1.9,66.6,51.2,0.0,1,0,1
19594,6.61,7.21,7.32,7.72,7.28,7.85,7.29,7.88,7.4,89.6,2.0,5.0,2.0,2.0,2.0,67.5,4.0,76.2,77.0,1.0,0,1,1
11840,8.57,8.98,9.09,9.23,9.23,9.02,9.45,8.91,9.26,84.3,2.0,1.0,2.0,4.0,1.0,80.3,2.4,83.4,65.8,0.0,0,1,1
19063,4.95,5.37,5.75,5.37,5.18,5.28,5.32,5.55,9.9,55.4,3.0,5.0,0.0,0.0,0.0,96.5,1.2,97.2,30.9,0.0,1,0,0
26701,8.67,9.23,8.91,9.32,9.38,9.13,9.54,8.81,9.06,90.4,2.0,2.0,2.0,4.0,2.0,82.9,3.6,84.1,70.2,0.0,0,1,1
39869,8.75,8.56,9.41,9.22,8.78,8.78,9.32,9.09,9.09,100.0,2.0,2.0,3.0,4.0,2.0,77.0,4.4,75.2,61.3,1.0,0,1,1
18827,9.25,8.55,8.45,7.98,8.82,8.6,8.34,8.67,8.6,81.7,2.0,2.0,2.0,2.0,1.0,68.5,2.5,60.8,51.7,0.0,0,1,1
44783,9.01,8.29,8.87,8.34,8.36,9.23,8.7,8.62,8.58,94.7,2.0,3.0,3.0,2.0,2.0,77.0,3.7,71.8,55.5,1.0,0,1,1
13474,8.07,8.33,8.44,8.5,8.18,8.86,8.22,8.13,8.37,84.7,2.0,3.0,4.0,4.0,2.0,78.1,4.1,57.7,87.2,0.0,0,1,1
1812,6.02,6.45,6.43,5.53,6.32,5.99,6.09,6.67,6.11,81.8,1.0,2.0,2.0,1.0,0.0,70.8,2.7,53.0,44.3,1.0,1,0,0
5577,6.62,6.6,6.79,6.4,6.74,6.59,6.9,6.91,6.7,78.9,1.0,3.0,2.0,2.0,0.0,70.3,3.1,47.4,43.2,1.0,1,0,1
13605,10.0,9.94,10.0,10.0,9.93,10.0,10.0,10.0,9.85,100.0,2.0,3.0,3.0,3.0,2.0,76.4,4.7,83.6,81.7,1.0,0,1,1
45815,4.98,4.99,4.15,4.53,4.76,4.08,4.23,4.91,4.53,67.1,0.0,1.0,0.0,0.0,0.0,49.0,2.0,26.8,37.4,0.0,1,0,0
19288,7.81,6.88,7.11,7.4,7.64,7.04,7.63,7.49,7.21,86.7,1.0,2.0,2.0,2.0,1.0,70.3,3.9,83.3,74.9,0.0,0,1,1
45445,6.71,6.79,6.31,7.04,6.89,7.27,6.84,6.7,6.82,71.5,0.0,2.0,2.0,2.0,0.0,54.2,4.9,63.4,38.5,0.0,1,0,1
2214,5.59,4.8,5.06,5.26,4.99,4.81,5.02,5.28,5.26,65.0,0.0,0.0,1.0,1.0,0.0,70.3,2.1,27.0,22.9,0.0,1,0,0
27631,7.59,7.64,7.72,7.52,7.97,8.05,8.07,7.97,9.87,95.0,3.0,5.0,3.0,3.0,2.0,96.6,4.2,99.2,75.3,0.0,0,1,1
43905,7.81,7.91,8.44,8.41,8.53,8.16,8.21,8.83,8.31,100.0,2.0,4.0,2.0,5.0,2.0,69.3,4.8,66.2,83.8,1.0,0,1,1
30732,10.0,10.0,10.0,10.0,9.97,10.0,10.0,10.0,10.0,97.2,2.0,4.0,3.0,3.0,1.0,74.6,3.6,75.4,69.8,1.0,0,1,1
21256,8.79,9.12,9.61,9.27,9.37,10.0,9.08,9.12,9.32,80.6,2.0,4.0,3.0,3.0,0.0,73.5,4.9,66.6,56.6,1.0,0,1,1
22983,4.97,6.03,5.12,5.03,5.01,4.45,4.8,4.36,4.46,52.60355906,1.0,0.0,0.0,0.0,0.0,37.5,1.5,4.7,25.4,0.0,1,0,0
16040,9.29,9.09,8.75,9.16,9.35,9.82,9.47,8.85,9.14,74.4,1.0,1.0,2.0,3.0,0.0,55.8,4.2,57.7,54.3,0.0,1,1,1
2673,6.85,6.48,6.8,7.16,6.1,6.67,6.83,7.15,6.78,74.4,0.0,2.0,1.0,1.0,0.0,63.3,3.8,48.7,54.5,0.0,1,0,1
29364,5.62,5.76,5.96,6.83,6.6,5.88,6.12,5.91,5.92,53.0,1.0,1.0,0.0,1.0,0.0,70.3,1.6,22.1,27.3,0.0,1,0,0
2609,6.64,6.69,6.03,6.11,6.91,6.62,6.01,6.51,6.57,74.7,1.0,2.0,1.0,2.0,0.0,63.3,2.6,59.7,55.5,1.0,1,0,1
20497,4.89,4.89,5.08,5.47,5.53,4.8,4.79,5.12,5.2,76.7,1.0,2.0,1.0,2.0,0.0,65.5,2.4,57.2,41.6,1.0,1,0,0
47609,6.91,7.81,7.19,7.82,7.8,7.82,7.33,7.64,7.44,72.8,1.0,1.0,1.0,1.0,0.0,67.9,3.4,54.7,55.5,0.0,1,0,1
5160,7.53,7.93,7.83,7.87,8.14,8.04,7.97,7.75,7.92,81.8,1.0,3.0,2.0,2.0,1.0,88.9,3.8,81.5,77.8,1.0,0,1,1
39382,4.31,4.25,4.08,4.0,4.02,4.13,4.0,4.0,4.0,62.4,0.0,1.0,1.0,0.0,0.0,42.6,2.7,36.2,33.9,0.0,1,0,0
35577,6.89,6.51,6.38,6.32,6.4,6.21,6.6,6.38,6.58,61.8,0.0,1.0,1.0,1.0,0.0,70.3,1.9,30.1,55.5,0.0,1,0,0
34235,8.33,8.75,9.15,8.79,9.16,8.95,9.27,9.47,9.09,88.9,1.0,1.0,2.0,3.0,0.0,69.8,2.2,47.0,55.5,1.0,1,1,1
32778,6.64,6.36,6.75,6.41,6.56,6.02,6.78,7.02,6.69,84.5,0.0,2.0,1.0,2.0,0.0,65.9,2.4,50.9,53.1,0.0,1,0,0
11402,7.19,7.14,8.14,7.59,7.04,7.66,7.47,7.48,7.45,78.9,1.0,2.0,2.0,2.0,1.0,64.2,2.9,58.1,56.1,0.0,1,1,1
10505,5.6,6.08,5.77,5.84,5.72,6.25,6.4,5.62,5.95,76.2,1.0,2.0,1.0,1.0,1.0,55.5,2.3,52.7,47.4,0.0,1,0,0
33527,6.02,5.48,5.55,6.2,5.74,5.26,5.28,6.13,5.8,82.9,1.0,2.0,1.0,2.0,1.0,71.4,2.5,51.9,52.0,1.0,1,0,1
41590,6.46,6.94,7.1,7.37,6.98,7.17,6.91,7.26,7.05,95.3,3.0,3.0,3.0,3.0,0.0,72.8,3.1,86.9,69.6,1.0,0,1,1
5755,5.69,5.39,4.95,4.85,5.18,5.08,5.29,4.99,5.06,55.0,1.0,1.0,0.0,0.0,0.0,41.4,2.3,29.8,28.1,1.0,1,0,0
44771,7.6,7.03,7.17,7.37,7.3,7.49,7.56,7.45,7.32,82.2,2.0,2.0,3.0,4.0,1.0,84.6,3.5,80.7,55.5,1.0,0,1,1
22012,6.63,6.79,6.64,7.32,7.29,6.7,6.87,6.16,6.82,79.0,1.0,2.0,1.0,2.0,0.0,39.7,3.8,50.5,55.7,0.0,1,0,0
45389,8.51,8.84,8.15,8.29,8.98,8.03,8.22,8.86,8.52,71.0,1.0,2.0,2.0,2.0,0.0,65.1,2.5,53.0,47.5,0.0,1,1,1
20938,8.62,8.82,8.8,8.53,9.63,8.54,9.47,8.88,9.02,90.2,2.0,1.0,2.0,3.0,1.0,79.8,4.2,92.9,82.4,1.0,0,1,1
21935,6.39,6.08,6.33,5.61,5.74,6.43,6.0,6.76,6.24,75.7,1.0,3.0,2.0,2.0,1.0,65.5,3.4,52.5,58.1,0.0,1,0,1
8035,6.33,7.12,6.22,6.42,5.78,6.41,6.97,6.39,6.45,74.4,1.0,2.0,1.0,1.0,0.0,73.4,3.2,49.0,50.3,1.0,1,0,1
7127,8.24,8.39,8.47,8.58,8.16,8.3,8.87,9.48,8.48,84.1,2.0,3.0,3.0,2.0,2.0,75.7,3.6,82.7,74.6,1.0,0,1,1
47616,9.09,8.8,9.05,8.99,8.78,8.55,9.39,8.84,8.98,97.4,2.0,4.0,3.0,4.0,1.0,70.3,3.4,80.6,81.7,0.0,0,1,1
47791,6.6,6.69,5.82,6.08,6.6,6.34,6.64,6.26,6.33,87.6,1.0,0.0,1.0,1.0,1.0,69.3,4.6,50.9,42.5,1.0,1,0,0
46123,4.7,4.42,4.0,4.58,4.31,4.0,4.0,4.33,4.12,71.8,1.0,0.0,1.0,0.0,0.0,70.3,1.7,28.0,23.6,0.0,1,0,0
35847,6.92,6.75,6.49,6.57,6.53,6.4,6.58,6.46,6.7,73.2,1.0,1.0,2.0,2.0,1.0,70.1,3.7,56.7,53.4,1.0,1,0,1
34583,8.74,8.57,8.58,8.91,8.87,8.59,9.08,8.52,8.65,71.4,1.0,2.0,1.0,1.0,0.0,70.3,2.5,56.7,56.2,0.0,1,1,1
13083,7.47,7.9,7.72,7.55,7.68,7.56,7.56,7.89,7.69,71.2,2.0,2.0,2.0,2.0,0.0,81.3,2.7,54.3,44.5,0.0,1,1,1
40647,5.96,5.94,6.46,5.84,5.58,6.05,5.98,6.13,6.01,79.0,2.0,3.0,4.0,3.0,2.0,73.7,3.2,57.7,92.3,1.0,0,0,1
21906,8.64,8.78,8.4,9.05,9.11,8.84,9.37,8.37,8.95,75.8,1.0,2.0,1.0,2.0,1.0,70.3,2.6,64.1,39.4,1.0,1,1,1
25239,9.85,9.69,9.89,9.8,9.89,10.0,10.0,10.0,9.7,85.8,2.0,2.0,2.0,3.0,1.0,85.4,3.7,75.3,86.7,1.0,0,1,1
35976,5.81,6.15,5.91,7.06,6.72,6.26,6.9,6.47,6.45,56.3,1.0,2.0,2.0,2.0,0.0,70.3,3.5,60.5,55.5,0.0,1,0,1
6497,8.94,8.89,9.12,9.24,8.91,9.29,8.85,9.14,9.05,71.5,1.0,2.0,2.0,2.0,0.0,54.3,2.3,57.7,54.1,0.0,1,1,1
43694,7.59,7.45,8.13,7.03,7.76,6.9,7.48,8.19,7.5,79.8,2.0,3.0,2.0,2.0,1.0,78.0,3.9,57.7,55.5,1.0,1,1,1
33525,6.71,6.7,7.55,7.6,7.08,6.77,7.29,7.42,7.12,62.0,1.0,3.0,2.0,2.0,0.0,70.3,3.8,49.4,55.5,1.0,1,0,1
20702,6.78,6.82,6.36,6.65,6.85,6.6,7.33,6.93,6.7,86.1,1.0,4.0,4.0,3.0,2.0,70.3,4.1,90.6,78.7,1.0,0,1,1
13313,7.84,8.09,8.72,8.55,8.74,8.33,8.33,8.81,8.32,88.7,2.0,3.0,3.0,3.0,2.0,70.3,4.3,73.9,69.2,1.0,0,1,1
10037,5.24,4.97,5.2,4.39,4.88,4.6,4.75,5.41,4.97,61.7,0.0,0.0,0.0,1.0,0.0,54.7,1.9,28.0,26.9,0.0,1,0,0
14165,5.33,5.38,5.74,5.66,5.67,6.08,5.47,6.05,5.7,89.4,1.0,2.0,1.0,2.0,1.0,64.4,3.7,54.6,54.2,0.0,1,0,1
31155,6.63,5.83,6.29,6.25,5.9,5.95,6.3,5.61,6.05,75.0,1.0,1.0,1.0,2.0,1.0,61.3,2.6,56.4,64.7,0.0,1,0,0
24949,8.56,8.91,8.56,8.53,8.54,8.64,8.51,9.08,8.78,74.7,1.0,3.0,2.0,4.0,0.0,78.8,3.1,82.1,67.4,1.0,0,1,1
35309,6.23,6.08,6.33,6.92,6.76,6.48,7.04,6.84,6.51,84.6,1.0,1.0,4.0,3.0,1.0,92.9,3.3,76.8,70.1,1.0,0,1,1
47764,6.26,6.12,6.34,6.57,6.63,6.52,6.6,6.41,6.34,73.3,1.0,2.0,1.0,1.0,0.0,63.7,3.0,58.6,57.9,0.0,1,0,1
32908,7.53,8.11,7.55,7.49,7.35,7.58,7.31,7.41,7.46,72.8,1.0,2.0,3.0,1.0,0.0,73.2,5.0,65.7,59.6,1.0,1,1,1
45610,5.35,5.0,5.25,5.02,4.88,4.63,4.72,5.18,4.87,68.4,1.0,2.0,2.0,1.0,1.0,65.8,3.1,62.2,52.1,0.0,1,0,0
5254,8.79,8.6,8.7,8.94,8.92,8.61,8.7,8.78,8.78,85.9,1.0,1.0,3.0,4.0,2.0,78.0,3.5,83.7,79.4,0.0,0,1,1
19105,6.03,6.32,6.56,6.46,6.24,6.11,6.32,5.9,6.18,79.4,0.0,1.0,1.0,1.0,1.0,63.3,3.4,43.1,56.3,1.0,1,0,0
32806,8.06,8.05,8.03,8.37,8.19,8.75,8.0,8.07,8.18,84.7,2.0,3.0,4.0,2.0,1.0,81.5,3.7,83.7,78.0,1.0,0,1,1
40517,6.91,6.81,7.05,7.29,5.99,6.64,6.92,6.85,6.92,59.3,0.0,0.0,0.0,1.0,0.0,40.7,2.0,31.7,32.4,0.0,1,0,0
3883,5.36,5.74,4.77,4.98,5.36,4.64,5.2,4.57,4.9,58.6,0.0,1.0,1.0,1.0,0.0,42.1,1.7,28.7,32.1,0.0,1,0,0
22989,6.23,6.56,6.69,5.44,6.16,6.41,6.78,6.58,6.24,78.2,1.0,2.0,2.0,2.0,0.0,65.3,2.9,53.6,48.5,0.0,1,0,1
31225,6.16,6.63,6.16,5.94,6.31,6.67,6.35,6.37,6.26,69.4,1.0,2.0,2.0,2.0,0.0,52.0,3.2,52.5,55.5,1.0,1,0,0
3419,8.35,8.42,8.46,8.15,8.89,8.46,8.75,9.17,8.63,89.5,2.0,3.0,2.0,3.0,1.0,91.0,3.5,84.3,56.8,1.0,0,1,1
38930,7.67,7.71,7.59,8.23,7.78,7.48,8.14,8.12,7.98,82.3,3.0,4.0,3.0,2.0,0.0,91.2,3.3,100.0,72.3,0.0,0,1,1
23542,8.48,8.55,8.51,8.57,8.25,8.69,8.32,8.48,8.56,86.8,1.0,1.0,1.0,2.0,0.0,69.6,3.4,57.7,56.4,1.0,1,1,1
26355,5.18,5.84,4.98,4.95,4.65,5.07,4.83,5.26,5.06,54.8,0.0,1.0,0.0,0.0,0.0,40.0,2.4,31.2,27.5,1.0,1,0,0
19772,6.01,5.95,5.75,6.08,5.26,5.16,5.75,4.97,5.46,56.8,1.0,1.0,0.0,1.0,0.0,70.3,2.3,27.7,33.6,1.0,1,0,0
10190,9.11,8.9,8.94,9.49,9.25,9.31,8.67,9.29,9.12,87.6,2.0,4.0,3.0,3.0,1.0,86.1,3.7,57.7,69.9,0.0,0,1,1
44563,4.7,4.47,4.79,5.02,5.45,5.23,5.08,4.69,4.81,84.9,1.0,2.0,2.0,1.0,1.0,70.3,3.1,71.7,55.0,1.0,1,0,0
44561,5.57,6.06,5.52,5.75,5.45,5.43,5.33,5.0,5.63,58.2,0.0,1.0,0.0,1.0,0.0,56.9,1.2,24.5,33.4,0.0,1,0,0
44945,9.41,9.24,9.24,9.46,9.8,9.13,9.05,9.51,9.38,60.5,2.0,2.0,1.0,1.0,0.0,65.3,3.5,56.7,66.7,1.0,1,1,1
5196,5.9,6.72,6.16,5.91,6.33,6.07,5.47,6.07,6.2,74.9,1.0,2.0,1.0,2.0,0.0,63.1,3.4,52.4,51.8,0.0,1,0,1
37256,5.77,5.85,5.44,5.61,5.57,5.86,5.27,5.16,5.78,52.4,0.0,1.0,0.0,1.0,0.0,51.5,1.9,24.2,30.8,0.0,1,0,0
31611,5.31,5.6,5.35,4.99,5.33,5.18,4.85,5.41,5.34,84.7,1.0,2.0,0.0,1.0,1.0,62.5,3.7,63.8,57.4,0.0,1,0,1
2192,6.79,6.35,6.57,6.55,7.44,6.5,6.15,6.0,6.71,61.1,0.0,0.0,1.0,0.0,0.0,45.7,2.1,26.4,27.2,0.0,1,0,0
31040,7.52,7.56,7.92,7.85,8.1,8.09,8.28,7.27,7.85,72.7,2.0,2.0,2.0,1.0,1.0,76.9,3.3,49.5,48.1,0.0,1,1,1
46777,6.2,6.12,6.15,5.88,6.02,6.38,6.39,6.31,5.89,83.7,2.0,2.0,3.0,3.0,1.0,70.3,4.6,57.7,55.5,1.0,0,0,1
7786,6.77,7.63,7.4,7.23,7.3,7.12,7.36,7.55,7.31,73.0,0.0,3.0,1.0,2.0,1.0,62.4,2.8,57.7,60.5,1.0,1,0,1
46173,7.57,7.19,7.67,8.23,7.37,7.78,7.18,8.26,7.56,76.5,1.0,2.0,2.0,2.0,0.0,59.9,3.4,56.2,42.9,0.0,1,0,1
42979,7.24,6.08,6.72,6.97,6.91,7.01,6.81,6.95,6.94,83.6,1.0,2.0,1.0,1.0,0.0,52.2,2.4,52.8,57.5,1.0,1,0,0
48127,8.71,8.28,8.4,8.25,8.7,9.08,8.37,8.83,8.44,100.0,1.0,4.0,3.0,4.0,1.0,83.1,4.7,85.0,55.5,1.0,0,1,1
3155,8.06,8.32,8.49,8.71,8.66,8.98,7.65,8.59,8.42,71.9,1.0,1.0,2.0,2.0,1.0,57.9,3.6,44.9,54.9,0.0,1,1,1
22796,5.24,5.84,6.03,5.43,5.53,4.85,5.51,5.36,5.37,77.1,1.0,0.0,1.0,0.0,0.0,48.5,1.1,28.1,30.6,1.0,1,0,0
29896,7.16,6.7,6.72,6.37,6.69,6.36,6.76,6.92,6.79,81.5,0.0,2.0,1.0,2.0,1.0,68.5,3.1,54.5,53.7,1.0,1,0,1
16913,4.64,4.13,4.41,4.0,4.8,4.0,4.0,4.21,4.1,51.8,1.0,1.0,0.0,1.0,0.0,49.3,2.2,26.7,38.1,1.0,1,0,0
41043,5.08,4.41,4.33,4.33,4.19,4.83,4.42,4.53,4.57,52.8,1.0,1.0,2.0,0.0,0.0,51.1,1.5,30.7,28.3,1.0,1,0,0
42716,6.79,6.35,7.13,7.53,6.59,6.73,7.0,6.81,6.67,72.1,1.0,2.0,2.0,3.0,0.0,83.0,3.4,51.9,57.7,1.0,1,0,1
7442,8.18,8.82,8.38,8.79,9.02,8.54,9.73,8.64,8.99,89.2,2.0,3.0,2.0,5.0,2.0,100.0,4.2,76.8,68.7,1.0,0,1,1
12849,8.06,8.39,8.38,8.56,8.03,8.94,8.79,8.29,8.49,71.0,3.0,3.0,4.0,4.0,1.0,70.3,3.9,77.4,69.3,1.0,0,1,1
12620,7.32,6.82,7.47,7.28,7.12,7.19,7.33,6.63,7.16,68.6,1.0,1.0,2.0,1.0,0.0,62.0,2.8,61.0,53.6,0.0,1,0,1
19747,4.73,4.16,4.51,4.85,4.69,4.32,4.21,4.17,4.32,59.3,0.0,1.0,2.0,0.0,0.0,41.2,2.3,24.5,55.5,0.0,1,0,0
1423,9.78,9.13,9.3,9.12,9.65,9.54,9.72,9.38,9.37,96.2,1.0,4.0,2.0,4.0,2.0,75.4,3.3,84.0,76.5,0.0,0,1,1
26895,9.14,9.3,9.34,9.12,9.64,9.55,9.64,9.97,9.39,100.0,1.0,3.0,3.0,4.0,1.0,86.4,3.4,69.0,55.5,1.0,0,1,1
6066,6.7,6.44,7.07,6.9,6.36,6.92,6.87,6.17,6.82,73.5,1.0,2.0,3.0,2.0,1.0,71.6,3.1,47.0,58.5,1.0,1,0,1
37617,6.77,6.16,6.77,6.12,6.3,6.28,6.35,6.69,6.41,76.7,0.0,2.0,2.0,3.0,1.0,68.0,2.7,58.5,54.9,1.0,1,0,1
37029,4.0,4.45,4.57,4.13,4.0,4.42,4.31,4.08,4.23,72.7,1.0,1.0,1.0,0.0,0.0,56.0,2.3,36.6,29.9,0.0,1,0,0
43198,4.52,4.61,4.6,4.83,4.7,4.59,4.26,4.62,4.79,78.4,1.0,1.0,2.0,1.0,1.0,73.2,2.1,56.0,47.3,0.0,1,0,0
29229,8.73,8.36,8.51,8.57,9.03,8.24,8.9,8.59,8.66,84.0,1.0,4.0,2.0,3.0,2.0,71.7,3.9,81.0,86.1,1.0,0,1,1
29836,8.84,8.99,9.11,8.86,8.84,8.83,9.06,9.04,8.88,81.4,2.0,3.0,2.0,2.0,1.0,84.1,3.2,83.8,69.5,0.0,0,1,1
22686,5.26,4.64,4.37,5.01,5.23,4.87,4.7,5.03,5.09,62.4,1.0,0.0,1.0,0.0,0.0,44.3,1.4,26.9,26.2,0.0,1,0,0
22342,8.45,8.37,8.68,9.0,8.51,9.31,8.93,8.71,8.81,77.1,1.0,1.0,1.0,1.0,0.0,83.7,2.7,57.7,47.2,0.0,1,1,1
45714,7.94,7.81,8.24,7.72,8.38,8.48,8.31,8.48,8.14,85.5,1.0,4.0,2.0,3.0,1.0,77.4,4.1,100.0,97.1,0.0,0,1,1
34760,4.58,4.88,4.0,4.38,4.11,4.53,4.47,4.04,4.42,55.0,1.0,1.0,0.0,1.0,0.0,43.4,1.9,24.9,29.7,0.0,1,0,0
5216,7.52,8.13,8.07,7.47,7.84,8.04,8.6,7.72,7.92,75.8,1.0,2.0,1.0,1.0,1.0,65.0,3.1,48.4,47.3,0.0,1,1,1
48813,6.21,5.89,6.55,6.2,5.72,5.56,5.97,5.81,5.85,58.4,0.0,1.0,0.0,0.0,0.0,58.8,1.9,28.5,34.1,0.0,1,0,0
44918,6.38,6.14,6.02,5.67,6.1,6.64,6.04,6.05,5.98,83.5,1.0,1.0,2.0,2.0,1.0,66.4,3.3,55.8,55.5,1.0,1,0,1
39365,5.81,5.67,6.08,6.03,5.7,5.34,5.82,5.72,5.61,61.3,1.0,1.0,2.0,2.0,0.0,51.0,3.4,67.9,43.7,0.0,1,0,1
47379,9.99,9.81,10.0,10.0,10.0,10.0,10.0,10.0,10.0,68.7,2.0,2.0,3.0,3.0,2.0,100.0,3.2,76.9,55.5,1.0,0,1,1
2900,9.52,9.38,9.26,9.45,9.93,9.64,10.0,9.74,9.53,94.3,2.0,3.0,4.0,3.0,1.0,73.6,4.9,65.4,66.3,0.0,0,1,1
13308,5.29,5.23,4.82,4.8,4.46,4.54,4.47,4.46,4.57,62.7,1.0,1.0,0.0,0.0,0.0,51.8,1.9,27.0,35.2,0.0,1,0,0
18862,5.73,6.11,5.66,5.77,5.4,6.14,6.52,5.84,5.73,83.0,1.0,1.0,1.0,2.0,1.0,67.8,3.1,61.7,48.4,0.0,1,0,0
14161,8.62,8.45,8.66,8.52,8.45,9.33,8.58,8.8,8.93,80.1,2.0,4.0,3.0,2.0,0.0,95.9,4.4,69.8,64.8,0.0,0,1,1
15154,9.36,9.96,9.4,9.7,10.0,10.0,10.0,9.96,4.23,52.14053129,1.0,5.0,3.0,3.0,1.0,35.8,2.6,7.5,82.2,1.0,1,1,1
2562,7.26,6.69,6.31,6.23,6.7,7.4,7.15,6.91,6.75,96.9,1.0,2.0,1.0,1.0,0.0,75.2,2.3,59.8,55.5,1.0,1,0,1
7309,6.62,7.0,6.48,7.13,6.35,6.56,7.08,7.0,6.73,78.4,1.0,2.0,1.0,3.0,0.0,67.8,3.4,56.3,59.0,0.0,1,0,1
19224,6.77,6.6,6.24,5.89,6.6,6.69,5.86,6.84,6.46,50.8,0.0,0.0,0.0,1.0,0.0,70.3,1.5,28.0,31.7,0.0,1,0,0
39544,6.85,6.28,6.84,7.03,7.21,6.99,6.95,7.07,6.88,93.9,2.0,3.0,2.0,3.0,1.0,70.3,5.0,100.0,79.8,1.0,0,1,1
33681,9.61,9.75,9.46,9.46,9.98,9.35,9.52,10.0,9.68,74.6,1.0,2.0,2.0,2.0,1.0,71.2,2.6,53.4,42.3,1.0,1,1,1
39098,8.41,8.17,8.36,7.59,7.83,8.67,8.69,8.09,8.38,72.6,2.0,4.0,2.0,3.0,2.0,70.8,4.7,65.3,76.5,1.0,0,1,1
44841,7.64,7.81,7.99,8.25,7.94,7.99,7.77,7.89,7.91,70.5,1.0,1.0,1.0,2.0,1.0,64.5,2.9,58.0,50.3,0.0,1,1,1
44615,6.16,6.58,6.67,6.78,6.5,6.44,6.58,6.51,6.54,82.2,2.0,3.0,3.0,3.0,2.0,73.3,3.9,85.8,85.1,1.0,0,1,1
27192,7.77,7.77,7.66,7.96,7.94,7.66,8.09,7.9,7.97,79.4,1.0,1.0,2.0,1.0,1.0,63.5,3.2,57.1,54.0,0.0,1,1,1
17477,8.78,7.99,8.12,8.16,8.39,8.52,7.61,8.16,8.15,61.7,0.0,3.0,2.0,2.0,0.0,58.7,2.6,51.3,48.9,1.0,1,1,1
14804,7.52,7.14,7.37,7.88,7.04,7.4,6.99,7.32,7.37,68.2,1.0,3.0,2.0,2.0,1.0,67.0,4.5,78.1,76.7,1.0,0,1,1
26838,8.44,8.23,8.39,8.05,8.1,8.29,8.81,8.56,8.43,66.6,0.0,1.0,1.0,2.0,1.0,81.6,3.3,52.0,55.5,1.0,1,1,1
10263,7.74,8.03,7.7,7.53,7.68,7.51,7.95,7.78,7.56,73.0,1.0,3.0,1.0,2.0,0.0,70.3,2.5,49.9,47.8,1.0,1,1,1
44191,9.19,9.2,9.6,8.56,9.65,9.57,9.28,9.52,9.33,86.8,1.0,3.0,4.0,4.0,1.0,97.7,3.8,88.8,62.3,1.0,0,1,1
43279,9.54,9.64,9.88,9.77,9.73,9.61,9.73,9.98,9.75,73.7,1.0,2.0,1.0,1.0,0.0,62.0,2.7,60.0,43.5,1.0,1,1,1
30949,7.43,6.81,7.32,6.86,7.19,7.41,7.22,7.43,7.2,90.6,2.0,2.0,2.0,2.0,2.0,82.5,3.7,57.7,80.2,1.0,0,1,1
42990,9.24,8.9,9.26,9.24,9.47,8.9,9.12,9.13,9.2,73.1,2.0,4.0,3.0,4.0,2.0,84.1,4.6,88.1,71.9,0.0,0,1,1
19710,8.87,9.2,8.82,8.97,8.75,8.65,9.3,8.53,9.01,77.2,0.0,2.0,1.0,2.0,0.0,73.1,3.7,53.8,52.5,1.0,1,1,1
28469,6.15,5.99,6.09,5.72,5.79,6.05,5.81,6.01,5.83,66.0,0.0,1.0,1.0,1.0,0.0,40.7,1.7,36.5,33.9,1.0,1,0,0
544,8.33,8.1,8.37,7.9,8.05,8.37,8.19,8.29,8.11,83.8,1.0,1.0,2.0,2.0,1.0,74.5,3.0,55.9,55.5,1.0,1,1,1
23823,5.21,5.92,5.96,5.35,5.31,5.33,5.7,5.29,5.53,69.5,0.0,1.0,1.0,1.0,0.0,57.1,1.8,29.5,23.7,1.0,1,0,0
28067,7.79,8.17,8.43,7.86,8.38,7.67,8.29,7.67,7.92,83.3,1.0,3.0,2.0,3.0,2.0,75.8,4.4,87.2,70.7,1.0,0,1,1
34416,4.91,4.36,4.51,4.86,4.85,4.68,5.59,5.05,4.83,75.5,2.0,1.0,2.0,3.0,1.0,80.6,3.8,51.6,60.1,1.0,1,0,0
39628,8.4,8.67,7.97,8.1,8.75,8.39,8.47,8.25,8.44,88.0,2.0,4.0,2.0,4.0,3.0,82.9,2.8,90.0,76.8,1.0,0,1,1
1164,6.85,6.99,7.46,7.22,7.25,7.04,6.97,7.29,7.12,81.2,2.0,2.0,2.0,2.0,0.0,66.9,3.5,59.8,50.9,1.0,1,0,1
29747,7.96,8.07,8.45,7.63,7.83,7.91,8.07,8.18,8.06,67.0,1.0,2.0,1.0,2.0,1.0,56.1,3.1,49.4,47.6,1.0,1,1,1
2211,5.73,4.67,4.81,4.99,5.38,5.82,5.21,5.77,5.42,67.1,1.0,2.0,1.0,2.0,1.0,76.4,2.9,68.9,45.3,0.0,1,0,0
23002,8.89,8.94,9.27,8.79,9.3,8.68,9.13,9.63,9.08,92.8,2.0,4.0,3.0,3.0,2.0,74.8,4.4,63.7,73.4,1.0,0,1,1
32301,9.09,9.28,10.0,8.93,9.59,9.56,10.0,9.77,9.49,76.0,2.0,4.0,3.0,4.0,1.0,69.3,4.2,85.7,78.5,0.0,0,1,1
46321,7.32,7.59,7.43,7.56,7.39,7.36,8.04,7.72,7.73,95.5,3.0,2.0,3.0,4.0,0.0,84.2,4.1,81.1,71.6,0.0,0,1,1
28828,7.05,6.61,7.16,6.71,6.99,6.93,6.89,6.61,7.07,58.9,0.0,0.0,0.0,1.0,0.0,51.3,3.4,24.9,36.8,0.0,1,0,0
44405,6.01,6.26,5.96,5.91,6.71,5.88,6.27,6.48,6.29,75.6,1.0,2.0,2.0,2.0,1.0,61.4,2.7,64.3,50.7,0.0,1,0,1
18199,6.81,7.09,6.57,7.52,7.46,7.06,7.02,6.89,6.99,82.9,1.0,2.0,1.0,2.0,0.0,62.0,2.6,60.2,44.0,0.0,1,0,1
1902,10.0,10.0,9.86,10.0,10.0,10.0,10.0,9.93,10.0,100.0,1.0,3.0,3.0,4.0,2.0,84.7,5.0,79.0,70.6,1.0,0,1,1
37461,6.6,6.92,6.92,6.73,6.36,6.73,6.31,6.3,6.5,67.7,1.0,2.0,2.0,1.0,0.0,68.0,3.1,55.0,55.3,0.0,1,0,1
17693,6.47,6.26,6.09,6.29,6.22,6.04,5.77,6.3,6.16,67.3,0.0,1.0,2.0,0.0,0.0,50.0,1.8,33.6,31.8,0.0,1,0,0
28201,6.68,7.53,7.57,7.99,7.16,6.92,7.35,7.12,7.31,84.8,1.0,2.0,2.0,2.0,0.0,71.9,3.4,60.4,62.3,0.0,1,0,1
24783,5.18,5.46,5.07,6.02,4.92,5.69,5.49,5.7,5.52,73.4,1.0,2.0,1.0,1.0,0.0,65.7,2.6,53.2,55.5,1.0,1,0,0
28969,9.34,9.45,9.81,10.0,9.66,9.82,10.0,9.92,9.87,81.2,1.0,4.0,3.0,4.0,2.0,88.0,3.2,59.9,67.3,1.0,0,1,1
38889,9.66,9.29,9.4,9.76,9.42,10.0,9.2,9.27,9.51,92.6,2.0,4.0,3.0,5.0,2.0,86.7,3.9,86.6,78.0,1.0,0,1,1
35969,6.21,6.38,6.95,6.5,6.74,7.03,6.07,6.72,6.46,55.5,0.0,1.0,0.0,0.0,0.0,53.5,2.7,31.3,26.8,1.0,1,0,0
30876,8.54,7.8,7.61,7.66,8.56,7.8,8.44,8.02,8.07,86.3,2.0,4.0,3.0,3.0,1.0,90.5,4.3,78.4,78.1,1.0,0,1,1
38949,8.03,7.59,7.74,7.96,7.58,7.83,7.97,7.62,7.84,98.3,1.0,2.0,3.0,3.0,1.0,66.7,4.3,76.7,67.1,1.0,0,1,1
15360,9.19,9.37,9.6,9.23,9.52,9.35,9.34,9.57,9.37,95.6,2.0,4.0,3.0,2.0,1.0,75.8,5.0,78.2,56.6,1.0,0,1,1
42752,6.25,6.38,6.17,6.63,6.53,6.35,6.21,5.96,6.27,80.1,1.0,2.0,2.0,1.0,1.0,82.5,2.6,65.1,39.0,0.0,1,0,1
44470,4.79,4.96,4.93,5.01,5.01,5.24,5.35,4.94,5.03,75.7,1.0,1.0,1.0,2.0,0.0,70.6,3.9,45.5,47.8,1.0,1,0,0
19715,7.55,7.18,7.87,7.46,7.24,7.96,8.11,7.97,7.76,70.9,2.0,2.0,2.0,1.0,0.0,80.9,2.8,50.9,44.1,1.0,1,1,1
11608,7.09,8.23,8.22,8.42,8.49,8.14,8.09,8.58,8.17,76.5,2.0,3.0,3.0,4.0,1.0,84.4,4.2,80.0,81.6,1.0,0,1,1
36168,7.62,7.13,7.56,7.02,7.76,7.57,7.29,7.72,7.3,86.8,2.0,4.0,3.0,2.0,2.0,72.8,3.8,58.4,74.3,0.0,0,1,1
35572,6.26,6.9,6.5,7.18,7.08,7.59,7.32,7.05,6.97,100.0,2.0,2.0,3.0,4.0,2.0,69.9,4.5,76.6,66.3,1.0,0,1,1
30442,5.86,6.04,5.87,5.94,6.33,5.31,5.61,6.2,5.86,74.2,1.0,2.0,2.0,2.0,1.0,72.4,2.7,58.6,64.3,1.0,1,0,0
39647,6.52,7.07,6.39,6.65,5.91,6.82,6.31,6.45,6.43,63.0,1.0,2.0,2.0,1.0,0.0,66.6,3.1,55.9,39.3,0.0,1,0,1
45247,8.93,9.6,9.37,10.0,10.0,9.18,10.0,9.87,9.53,80.6,1.0,4.0,3.0,4.0,1.0,92.2,2.8,57.7,79.1,1.0,0,1,1
10435,6.88,6.7,6.94,7.21,6.7,7.05,6.83,6.91,6.9,57.4,0.0,1.0,0.0,0.0,0.0,48.9,2.3,33.6,20.7,0.0,1,0,0
45592,7.09,7.06,6.24,6.76,6.71,6.57,6.91,6.52,6.95,77.9,1.0,2.0,2.0,1.0,1.0,63.3,2.5,49.2,42.7,1.0,1,0,1
33541,7.48,7.33,7.46,7.86,7.98,8.12,7.59,7.7,7.6,71.1,1.0,3.0,1.0,2.0,0.0,50.8,2.3,53.7,64.8,1.0,1,0,1
4163,7.01,6.36,6.56,7.03,6.97,6.88,7.3,6.75,6.92,70.8,1.0,3.0,1.0,2.0,1.0,79.2,3.3,47.7,57.3,1.0,1,0,1
24262,9.76,9.83,10.0,9.31,9.67,9.49,9.93,9.89,9.78,87.4,2.0,4.0,2.0,3.0,0.0,77.5,4.3,69.5,79.2,1.0,0,1,1
27619,9.23,9.7,9.87,9.86,10.0,10.0,10.0,10.0,9.86,98.3,2.0,3.0,3.0,3.0,1.0,91.3,4.0,91.1,62.7,1.0,0,1,1
17467,7.54,8.21,8.41,8.01,8.1,7.5,8.53,8.39,4.1,51.29166291,1.0,2.0,2.0,1.0,0.0,30.1,3.1,0.8,54.2,0.0,1,0,1
2442,7.06,6.32,6.92,6.81,6.86,6.94,6.65,7.18,6.82,90.9,1.0,2.0,2.0,2.0,1.0,70.9,3.0,45.8,57.0,1.0,1,0,1
6212,9.25,9.66,9.45,9.57,9.72,10.0,9.72,10.0,9.53,86.9,1.0,2.0,4.0,3.0,2.0,91.8,4.3,100.0,71.9,1.0,0,1,1
16369,7.55,7.43,7.67,7.88,7.56,7.94,8.34,7.92,7.85,63.7,0.0,1.0,0.0,1.0,0.0,59.2,2.8,57.7,50.3,0.0,1,0,0
6897,5.11,4.91,4.92,4.74,4.5,4.65,5.34,4.84,4.92,50.0,0.0,1.0,0.0,0.0,0.0,48.9,1.0,26.9,55.5,0.0,1,0,0
27591,4.82,4.62,4.13,4.68,5.02,4.52,4.3,4.64,9.83,57.5,3.0,5.0,1.0,0.0,0.0,98.7,1.7,95.3,29.2,1.0,1,0,0
27722,6.36,5.85,5.9,6.34,6.21,5.71,6.21,6.43,6.04,94.5,0.0,1.0,1.0,2.0,0.0,65.4,3.1,61.5,65.9,1.0,1,0,0
6401,8.3,8.66,8.55,8.58,8.18,8.25,8.21,8.62,8.49,68.3,1.0,2.0,2.0,1.0,1.0,70.3,2.8,53.6,51.5,1.0,1,1,1
46283,8.22,7.55,7.94,7.64,8.08,7.98,7.9,7.95,7.94,84.1,1.0,2.0,2.0,2.0,0.0,74.3,3.5,54.2,55.5,0.0,1,1,1
30128,9.17,8.96,9.59,9.37,9.76,9.9,9.57,9.85,9.45,94.6,2.0,4.0,3.0,4.0,2.0,67.7,4.2,68.5,63.5,0.0,0,1,1
19028,8.49,7.62,8.26,8.32,7.65,7.37,7.87,7.59,7.98,70.7,1.0,2.0,2.0,1.0,1.0,59.8,3.4,57.7,43.7,0.0,1,1,1
33822,5.82,7.07,6.64,6.52,6.77,6.12,6.03,6.65,6.51,74.1,1.0,2.0,1.0,2.0,0.0,72.6,3.0,57.6,52.2,0.0,1,0,0
32757,5.74,4.94,5.98,5.82,5.28,5.31,5.75,5.34,5.46,54.4,0.0,1.0,1.0,0.0,0.0,55.4,2.0,28.4,25.6,0.0,1,0,0
47478,9.68,10.0,10.0,9.92,9.8,10.0,9.85,10.0,9.7,97.6,3.0,3.0,2.0,3.0,2.0,83.4,3.1,57.2,69.2,0.0,0,1,1
31633,9.1,9.2,9.11,8.84,8.98,9.36,9.4,9.22,9.22,73.9,2.0,3.0,3.0,3.0,2.0,75.6,5.0,72.2,82.1,0.0,0,1,1
18559,7.73,7.37,7.3,7.58,7.82,6.84,7.23,6.91,7.55,70.4,1.0,1.0,1.0,2.0,1.0,70.3,2.8,55.4,51.3,1.0,1,0,1
16626,6.38,5.67,6.55,6.03,6.06,5.65,5.73,6.46,5.91,53.8,1.0,2.0,2.0,1.0,1.0,65.1,2.6,53.8,55.2,1.0,1,0,0
17532,6.65,6.09,6.46,6.63,6.53,7.44,5.9,6.65,6.58,72.8,1.0,2.0,2.0,2.0,1.0,72.3,3.1,68.7,45.2,1.0,1,0,1
37648,6.64,6.22,6.15,5.84,6.18,6.61,5.97,6.86,6.39,50.0,0.0,0.0,1.0,0.0,0.0,40.2,1.3,24.6,36.9,0.0,1,0,0
33396,6.12,5.97,5.89,5.87,6.13,5.15,5.63,5.18,5.72,50.0,1.0,1.0,0.0,0.0,0.0,53.7,1.1,29.1,28.6,0.0,1,0,0
17828,8.91,8.44,8.68,8.9,8.55,8.86,8.32,8.91,8.68,95.9,2.0,2.0,4.0,3.0,1.0,72.6,3.6,86.1,61.1,1.0,0,1,1
14428,10.0,10.0,9.97,9.98,10.0,10.0,10.0,10.0,10.0,97.4,2.0,4.0,3.0,3.0,1.0,68.4,3.6,64.7,63.5,1.0,0,1,1
1006,7.63,8.33,8.14,7.7,7.7,8.15,8.32,8.47,8.15,81.4,1.0,2.0,2.0,2.0,1.0,57.9,3.9,62.6,57.1,0.0,1,1,1
5489,8.85,8.69,8.27,9.09,9.09,8.69,9.08,9.28,8.92,79.1,1.0,1.0,1.0,2.0,0.0,72.4,3.3,57.3,55.5,1.0,1,1,1
45616,6.1,6.19,5.68,5.85,5.79,5.77,5.75,5.67,9.81,89.4,3.0,5.0,2.0,2.0,0.0,97.1,2.2,96.1,55.5,1.0,1,0,0
17407,6.61,6.3,6.26,6.18,6.48,6.04,6.31,6.08,6.23,92.7,2.0,3.0,3.0,4.0,2.0,63.5,5.0,82.9,81.3,1.0,0,1,1
455,9.42,10.0,10.0,10.0,10.0,10.0,10.0,10.0,9.86,87.9,1.0,3.0,2.0,3.0,1.0,73.3,3.8,70.5,71.7,1.0,0,1,1
4245,7.31,7.27,6.95,7.78,7.0,7.45,7.44,7.45,7.36,85.1,0.0,2.0,2.0,2.0,1.0,71.0,3.4,61.5,54.4,1.0,1,1,1
39506,5.46,5.7,4.97,4.74,4.99,4.56,5.38,4.9,5.08,64.2,0.0,1.0,1.0,1.0,0.0,51.9,2.8,32.5,55.5,0.0,1,0,0
43384,7.74,8.34,7.81,8.56,8.56,8.28,8.31,7.89,8.13,93.5,3.0,3.0,3.0,4.0,1.0,86.9,4.1,71.7,98.6,1.0,0,1,1
34293,6.72,7.53,7.03,7.14,7.06,7.18,6.87,7.13,7.18,77.9,1.0,2.0,2.0,2.0,1.0,70.3,2.5,44.8,47.8,0.0,1,0,1
41414,4.56,4.85,4.56,4.48,4.42,4.51,4.58,4.75,4.54,68.0,0.0,1.0,0.0,0.0,1.0,45.2,2.3,25.9,37.3,0.0,1,0,0
44592,6.05,6.24,6.26,6.22,6.14,5.62,5.85,6.19,6.14,82.9,1.0,2.0,2.0,2.0,1.0,65.6,3.4,38.6,47.9,0.0,1,0,0
31954,5.28,5.57,6.27,5.88,5.58,5.37,5.82,4.75,5.49,54.8,1.0,1.0,0.0,0.0,0.0,33.1,2.8,31.2,32.7,0.0,1,0,0
29981,9.33,9.58,8.68,8.99,8.86,9.39,8.74,9.65,9.16,93.1,2.0,2.0,2.0,3.0,1.0,95.8,3.0,70.5,75.0,1.0,0,1,1
9392,6.19,5.52,6.29,6.15,6.35,6.16,6.18,6.06,6.16,58.7,0.0,0.0,0.0,0.0,0.0,62.5,1.7,23.1,27.3,1.0,1,0,0
22339,6.04,6.83,6.91,6.99,6.75,6.25,6.15,6.16,6.4,54.0,0.0,1.0,1.0,0.0,0.0,42.7,1.7,29.6,28.9,1.0,1,0,0
11709,8.22,8.48,8.36,8.26,8.23,8.26,8.32,8.66,8.38,74.4,1.0,3.0,1.0,2.0,0.0,70.1,3.0,57.5,55.1,0.0,1,1,1
12967,6.79,6.14,7.12,6.56,6.77,6.94,6.69,6.89,6.53,77.4,0.0,1.0,1.0,2.0,0.0,57.8,1.9,60.7,49.8,1.0,1,0,0
45665,6.64,7.54,7.55,7.21,6.71,7.53,7.52,7.49,7.39,96.7,3.0,4.0,4.0,3.0,2.0,69.1,3.6,66.6,97.1,0.0,0,1,1
12825,6.86,6.85,6.49,6.82,6.72,6.85,6.46,6.14,6.57,57.8,0.0,0.0,2.0,0.0,0.0,48.5,1.0,57.7,24.8,1.0,1,0,0
29862,6.69,6.3,7.02,6.88,6.87,7.5,7.06,7.12,6.88,94.1,1.0,3.0,3.0,2.0,2.0,76.5,4.7,76.1,79.0,1.0,0,1,1
36408,9.1,8.78,9.0,9.07,9.53,9.32,8.92,8.94,9.2,66.8,1.0,2.0,1.0,2.0,0.0,73.5,3.2,57.7,54.0,1.0,1,1,1
19205,7.7,7.32,7.35,7.56,7.92,8.1,7.78,7.59,7.59,96.5,1.0,1.0,2.0,2.0,1.0,76.9,3.1,46.0,51.2,0.0,1,1,0
7777,8.88,8.25,8.59,8.56,9.23,8.9,8.92,8.64,8.9,84.8,1.0,2.0,3.0,2.0,1.0,85.7,4.9,70.9,70.1,1.0,0,1,1
35973,5.68,6.17,5.84,5.81,6.59,5.63,6.02,5.66,5.77,60.6,1.0,2.0,1.0,0.0,1.0,85.9,3.8,57.7,46.6,0.0,1,0,1
46216,5.62,6.35,6.35,5.49,5.71,6.3,6.34,6.47,5.94,78.7,2.0,2.0,3.0,3.0,2.0,84.5,5.0,78.2,54.9,0.0,0,0,1
26543,5.82,6.04,5.48,6.06,6.44,6.1,5.69,4.91,9.92,69.4,3.0,5.0,1.0,1.0,0.0,99.2,1.0,95.8,34.1,0.0,1,0,0
26717,9.48,9.53,9.35,9.43,10.0,9.8,9.46,9.58,9.54,100.0,1.0,3.0,4.0,4.0,2.0,88.4,3.1,91.7,78.7,1.0,0,1,1
41854,5.7,5.67,5.26,6.38,5.55,5.61,5.31,5.35,5.47,64.3,0.0,1.0,1.0,0.0,0.0,49.1,2.3,30.5,35.1,0.0,1,0,0
15470,5.94,5.55,5.28,5.31,5.97,6.27,5.46,5.39,5.68,66.7,0.0,1.0,0.0,0.0,0.0,47.8,2.6,23.0,22.6,0.0,1,0,0
27056,9.98,9.51,10.0,9.49,9.99,10.0,10.0,9.87,9.73,95.9,1.0,3.0,3.0,2.0,1.0,68.4,3.9,69.5,55.5,0.0,0,1,1
11063,5.82,6.2,6.02,6.56,5.23,5.97,5.93,5.54,5.89,64.6,0.0,0.0,1.0,1.0,0.0,55.2,1.6,23.9,31.2,0.0,1,0,0
12111,7.9,8.47,8.61,8.22,8.52,8.67,8.96,8.52,8.55,89.7,2.0,4.0,2.0,2.0,0.0,70.3,4.9,57.7,77.0,1.0,0,1,1
14519,4.69,4.55,4.72,5.0,4.81,4.9,4.87,4.47,4.8,61.9,0.0,0.0,1.0,0.0,0.0,40.8,2.1,27.0,26.6,0.0,1,0,0
37533,8.47,8.46,8.39,8.07,8.12,8.61,8.18,8.9,8.28,94.7,1.0,4.0,2.0,3.0,1.0,84.9,3.1,77.5,60.4,0.0,0,1,1
33613,8.89,8.41,8.98,8.46,8.81,8.82,9.29,8.58,8.83,70.4,1.0,2.0,2.0,2.0,0.0,80.0,1.7,50.1,51.6,1.0,1,1,1
13434,7.43,7.5,7.93,7.6,7.25,7.64,7.27,7.55,7.43,91.1,0.0,2.0,2.0,2.0,0.0,85.3,2.5,57.9,44.3,0.0,1,0,1
3054,8.95,7.88,8.66,8.01,8.37,8.72,8.49,8.06,8.41,87.2,1.0,4.0,2.0,3.0,1.0,70.3,4.3,81.3,70.0,1.0,0,1,1
17453,7.75,7.75,7.37,7.66,7.76,7.62,8.07,7.57,7.67,71.0,1.0,2.0,2.0,2.0,1.0,66.9,2.8,40.6,55.6,1.0,1,1,1
27506,7.18,7.52,7.79,7.42,7.8,7.51,7.7,7.41,7.42,79.8,1.0,2.0,2.0,1.0,1.0,63.9,2.4,61.0,41.9,1.0,1,0,0
48931,6.43,6.74,6.53,6.37,6.73,6.78,6.92,6.86,4.27,50.18724547,1.0,1.0,2.0,1.0,1.0,36.5,2.6,1.9,55.3,0.0,1,0,0
20001,7.26,7.26,7.17,7.25,7.01,7.46,7.39,7.36,7.14,75.9,2.0,2.0,2.0,0.0,1.0,72.1,2.4,66.0,55.1,0.0,1,0,1
39080,4.25,4.37,4.0,4.0,4.0,4.0,4.0,4.0,4.0,54.6,0.0,0.0,1.0,0.0,0.0,50.1,1.8,32.0,32.5,0.0,1,0,0
9274,7.65,8.26,8.37,8.19,8.25,8.62,7.9,8.24,8.41,79.9,0.0,1.0,3.0,2.0,0.0,67.6,4.1,47.9,51.5,0.0,1,1,1
10135,10.0,9.74,10.0,10.0,10.0,10.0,10.0,9.9,10.0,82.5,2.0,3.0,3.0,2.0,1.0,93.3,4.4,75.3,90.4,0.0,0,1,1
2983,6.97,6.75,7.58,6.89,7.21,7.09,7.22,6.96,7.09,83.4,0.0,2.0,2.0,2.0,0.0,71.9,3.4,43.8,46.4,1.0,1,0,0
31600,5.64,5.8,5.62,6.03,6.11,6.57,6.44,6.12,9.81,73.5,3.0,5.0,1.0,1.0,0.0,99.1,3.0,96.7,52.1,0.0,1,0,1
47438,8.42,8.43,8.48,8.18,8.11,8.72,8.74,9.04,8.35,87.8,2.0,2.0,3.0,3.0,2.0,78.0,3.4,75.5,66.5,0.0,0,1,1
40224,6.82,6.96,6.43,6.24,6.59,6.19,6.13,6.12,6.62,53.3,0.0,1.0,0.0,0.0,0.0,47.7,1.8,31.9,55.5,0.0,1,0,0
5771,6.92,5.76,6.38,6.06,5.72,6.16,6.31,6.18,6.06,77.6,1.0,2.0,1.0,2.0,0.0,69.2,2.7,52.6,56.1,0.0,1,0,1
34871,6.67,5.91,5.54,6.21,5.54,6.2,5.85,6.16,6.15,77.3,1.0,2.0,2.0,2.0,1.0,51.7,2.2,51.2,55.5,1.0,1,0,0
29000,5.58,6.42,5.81,5.89,6.19,6.0,6.1,5.8,5.97,66.3,0.0,1.0,0.0,0.0,0.0,59.4,1.3,29.5,31.9,0.0,1,0,0
16321,6.17,5.9,6.18,6.38,6.42,6.88,6.73,6.31,6.49,58.8,0.0,0.0,0.0,0.0,0.0,41.9,1.5,31.3,26.7,0.0,1,0,0
38545,9.99,10.0,10.0,10.0,10.0,10.0,10.0,10.0,10.0,85.2,2.0,4.0,2.0,3.0,2.0,91.7,4.1,72.6,65.1,1.0,0,1,1
14816,7.46,7.31,6.61,6.38,6.73,7.01,7.15,6.76,6.88,70.9,0.0,2.0,2.0,2.0,1.0,68.5,2.8,62.6,49.2,0.0,1,0,0
17963,7.62,8.09,7.84,7.83,7.89,7.92,7.61,7.44,7.8,78.2,1.0,2.0,2.0,2.0,1.0,61.6,2.6,48.1,66.5,1.0,1,1,1
23648,9.6,9.75,9.97,9.75,9.52,10.0,9.77,10.0,9.74,86.0,2.0,4.0,2.0,4.0,1.0,78.2,3.2,58.2,58.7,1.0,0,1,1
8480,6.13,5.73,5.42,5.88,5.61,5.51,5.62,5.76,5.64,62.0,1.0,0.0,1.0,0.0,0.0,52.5,2.0,37.4,55.5,0.0,1,0,0
22896,8.61,8.45,9.01,9.2,8.51,9.04,9.07,9.34,8.83,72.5,2.0,3.0,2.0,4.0,2.0,89.9,3.7,70.8,55.5,0.0,0,1,1
18854,7.48,7.14,7.32,7.33,7.5,7.77,6.64,7.04,7.35,76.0,1.0,2.0,1.0,2.0,0.0,74.0,2.7,48.1,55.8,0.0,1,0,1
39475,8.72,8.85,9.54,8.84,8.83,9.42,9.27,9.45,9.2,95.6,1.0,3.0,3.0,4.0,1.0,82.4,4.2,52.6,61.7,0.0,0,1,1
9354,7.56,7.75,7.67,7.57,7.83,7.99,7.57,7.77,7.74,100.0,1.0,3.0,2.0,2.0,2.0,94.7,4.2,81.2,70.6,1.0,0,1,1
25043,6.82,6.43,7.64,6.94,7.11,7.42,6.68,7.22,6.98,76.8,1.0,2.0,1.0,3.0,0.0,55.1,3.5,51.2,48.9,1.0,1,0,1
46016,8.44,8.08,8.25,8.2,7.37,8.46,8.67,8.24,4.44,54.84114985,1.0,1.0,2.0,2.0,1.0,30.7,2.5,7.6,55.5,0.0,1,0,1
2758,5.25,5.2,5.26,5.48,5.54,5.63,5.38,4.76,5.32,51.5,0.0,1.0,0.0,1.0,0.0,51.4,1.0,24.4,30.8,1.0,1,0,0
12215,6.51,6.83,6.05,7.25,6.55,6.77,5.96,6.64,6.38,71.6,1.0,1.0,2.0,2.0,1.0,65.6,3.1,52.2,36.4,1.0,1,0,0
23492,5.69,5.65,5.46,6.11,5.63,5.5,4.91,4.87,5.25,53.1,0.0,1.0,0.0,1.0,0.0,70.3,1.6,31.8,35.2,0.0,1,0,0
28028,9.95,9.74,9.93,10.0,10.0,9.93,10.0,10.0,9.91,98.8,1.0,3.0,3.0,2.0,1.0,74.2,4.2,77.9,77.0,0.0,0,1,1
4129,7.69,7.28,7.25,8.24,7.68,7.93,8.2,8.13,7.81,78.7,2.0,3.0,4.0,3.0,1.0,84.2,4.5,84.8,77.8,1.0,0,1,1
30612,8.57,7.97,8.41,8.86,8.9,8.97,9.27,9.1,8.68,87.0,3.0,2.0,3.0,3.0,2.0,84.6,3.2,64.0,81.0,0.0,0,1,1
7916,7.89,7.88,7.6,8.16,8.57,7.86,8.28,8.74,8.11,84.6,2.0,3.0,3.0,3.0,1.0,70.4,3.9,83.7,59.6,1.0,0,1,1
27688,6.96,6.95,7.09,7.65,7.49,7.59,8.1,7.35,7.45,95.5,2.0,2.0,2.0,3.0,1.0,96.5,3.8,81.3,64.3,0.0,0,1,1
25573,9.4,9.82,10.0,10.0,10.0,9.89,9.73,10.0,9.71,79.8,1.0,4.0,3.0,3.0,1.0,80.2,3.1,79.6,87.1,1.0,0,1,1
2183,9.39,9.42,9.13,9.02,9.09,9.47,9.6,9.47,9.29,94.2,3.0,3.0,2.0,3.0,1.0,70.3,5.0,81.2,87.4,1.0,0,1,1
29966,8.63,8.32,8.76,8.76,8.7,9.02,8.91,9.21,8.86,77.9,2.0,3.0,3.0,3.0,1.0,87.1,3.9,69.3,65.1,1.0,0,1,1
26217,6.88,5.83,6.1,6.07,6.05,6.16,6.02,6.01,6.09,74.8,1.0,2.0,1.0,1.0,0.0,79.3,3.1,62.5,56.9,1.0,1,0,1
4823,8.05,7.88,7.91,7.67,7.68,8.03,8.06,7.37,8.05,80.1,0.0,2.0,2.0,2.0,1.0,58.6,2.5,65.8,55.5,0.0,1,1,1
2111,10.0,10.0,9.93,9.3,10.0,10.0,10.0,10.0,9.91,84.0,3.0,3.0,3.0,4.0,2.0,59.4,4.9,86.7,71.7,1.0,0,1,1
20932,8.15,8.19,8.63,7.84,8.12,7.93,8.14,7.98,8.1,63.1,1.0,2.0,1.0,2.0,1.0,62.3,3.4,46.4,53.7,1.0,1,1,1
25271,8.64,8.45,8.69,8.28,8.28,8.79,8.4,9.45,8.6,98.7,1.0,4.0,3.0,3.0,1.0,70.3,5.0,59.6,72.5,1.0,0,1,1
177,7.92,7.56,7.78,7.18,7.15,7.16,7.32,8.1,7.46,79.0,1.0,3.0,1.0,1.0,0.0,62.6,3.4,58.3,41.9,1.0,1,0,1
5684,8.23,7.36,7.71,7.49,8.09,7.6,7.67,7.7,7.87,100.0,1.0,3.0,2.0,3.0,1.0,71.2,3.4,90.6,74.2,0.0,0,1,1
47938,4.33,5.24,5.13,5.47,4.92,5.52,5.07,5.1,5.11,71.5,0.0,0.0,1.0,0.0,1.0,50.1,2.7,33.1,26.5,0.0,1,0,0
32859,10.0,9.97,10.0,9.91,10.0,10.0,9.71,10.0,9.92,82.3,2.0,4.0,2.0,1.0,1.0,82.4,4.0,89.9,88.8,1.0,0,1,1
28222,8.45,9.11,9.02,9.63,8.68,9.05,9.21,8.79,8.91,91.3,2.0,5.0,2.0,3.0,1.0,100.0,3.8,89.0,66.3,1.0,0,1,1
28531,7.1,6.83,7.66,6.59,7.02,7.21,7.19,7.02,9.92,70.2,3.0,5.0,1.0,2.0,0.0,96.5,2.2,96.4,51.7,1.0,1,1,1
15850,7.36,7.89,7.72,7.88,7.81,7.44,7.49,7.23,7.57,62.3,1.0,1.0,3.0,1.0,0.0,71.8,4.3,52.3,57.1,0.0,1,0,1
23745,7.67,6.65,7.08,7.36,7.15,7.35,7.3,7.2,7.24,91.3,2.0,4.0,3.0,2.0,2.0,72.7,4.2,70.0,56.2,0.0,0,1,1
43284,5.99,6.33,6.36,6.03,6.23,6.32,6.45,6.32,6.47,77.7,0.0,2.0,2.0,2.0,1.0,72.0,2.7,57.7,48.4,0.0,1,0,0
20614,6.05,6.39,5.74,6.45,6.44,6.18,5.88,5.88,9.82,59.3,3.0,5.0,2.0,3.0,0.0,99.1,2.5,97.0,57.3,1.0,1,1,0
27820,7.78,7.54,7.76,8.1,7.58,7.37,7.72,7.28,7.77,77.6,0.0,2.0,1.0,2.0,0.0,63.3,3.3,50.5,55.4,0.0,1,0,0
38873,5.67,6.07,5.19,5.81,6.1,5.72,5.74,5.75,5.74,67.7,0.0,2.0,2.0,2.0,1.0,60.6,3.5,53.7,59.7,0.0,1,0,0
27588,6.28,6.07,5.96,5.98,6.68,6.47,6.46,6.79,6.31,62.3,1.0,1.0,1.0,3.0,0.0,59.1,2.8,62.7,56.2,0.0,1,0,1
41890,5.88,5.47,6.14,5.37,5.6,5.76,5.35,5.19,5.72,59.3,1.0,1.0,0.0,0.0,0.0,49.0,1.9,21.5,32.7,0.0,1,0,0
23873,7.72,8.0,7.2,7.88,7.62,7.43,7.4,7.81,7.79,69.3,2.0,2.0,1.0,1.0,0.0,51.0,4.0,56.3,60.5,1.0,1,1,1
10916,7.9,7.52,7.42,7.91,8.44,8.21,7.62,8.34,7.93,84.1,2.0,3.0,2.0,3.0,2.0,84.4,4.3,88.8,89.2,0.0,0,1,1
22990,4.77,5.02,4.87,4.6,4.78,4.87,4.31,4.16,4.63,78.6,1.0,1.0,0.0,0.0,0.0,54.7,2.2,28.7,24.5,0.0,1,0,0
47402,4.11,4.0,4.0,4.04,4.38,4.0,4.0,4.0,4.04,68.0,0.0,1.0,0.0,0.0,0.0,47.2,2.5,30.8,55.5,0.0,1,0,0
20375,7.2,6.73,7.04,7.19,7.0,6.58,7.3,7.36,6.94,68.4,1.0,1.0,1.0,2.0,0.0,68.8,3.2,66.5,57.3,0.0,1,0,1
24684,7.46,7.0,7.11,7.71,7.54,7.68,7.33,8.01,7.56,85.6,2.0,2.0,2.0,4.0,1.0,70.3,3.8,79.7,91.9,0.0,0,1,1
8054,7.07,7.66,7.31,7.43,8.06,7.41,7.44,7.92,7.37,78.9,1.0,1.0,1.0,1.0,0.0,70.1,3.4,59.2,45.5,0.0,1,0,0
1742,6.36,6.55,5.72,6.48,5.88,5.59,5.78,6.17,4.04,54.07539255,1.0,2.0,2.0,1.0,1.0,33.0,3.8,7.4,57.0,1.0,1,0,1
25117,8.57,8.56,8.56,7.72,8.98,8.94,9.07,9.04,8.59,75.7,1.0,4.0,3.0,3.0,1.0,77.2,5.0,65.3,71.5,0.0,0,1,1
24185,6.17,5.8,6.19,6.24,6.18,6.16,6.11,6.17,6.22,76.1,1.0,2.0,2.0,2.0,0.0,65.8,3.0,59.4,38.1,1.0,1,0,1
13632,9.56,10.0,9.71,9.19,9.22,10.0,9.24,9.28,9.34,100.0,2.0,3.0,3.0,2.0,2.0,57.5,4.8,83.2,71.9,1.0,0,1,1
4304,5.79,5.78,5.58,6.03,5.8,6.03,5.82,5.52,5.65,77.2,1.0,2.0,2.0,2.0,1.0,79.6,3.4,57.7,48.5,1.0,1,0,1
21988,9.76,9.98,9.78,10.0,9.66,9.77,9.99,9.64,9.74,94.0,1.0,1.0,1.0,3.0,0.0,72.3,3.1,49.7,49.1,0.0,1,1,1
35720,7.64,7.17,7.39,7.3,7.52,7.79,7.3,7.37,7.39,56.1,1.0,2.0,1.0,2.0,0.0,73.3,3.1,51.6,52.0,0.0,1,0,0
23461,8.62,8.69,8.65,8.35,8.13,8.17,7.92,8.28,8.23,59.5,0.0,1.0,0.0,0.0,1.0,41.2,2.0,29.6,31.2,0.0,1,0,0
10445,7.12,6.63,6.4,6.98,7.15,7.52,6.99,6.79,6.76,100.0,1.0,4.0,2.0,3.0,1.0,62.6,3.5,70.7,79.0,1.0,0,1,1
42407,8.29,6.97,7.67,7.08,8.18,7.15,7.49,7.45,7.59,61.5,1.0,2.0,2.0,2.0,0.0,68.3,2.6,46.6,60.7,0.0,1,0,1
15710,5.29,4.82,5.09,4.91,4.76,4.85,4.49,5.0,9.83,60.0,3.0,5.0,1.0,2.0,1.0,98.0,2.8,99.8,53.1,0.0,1,0,0
33010,8.9,9.21,9.33,9.07,9.39,9.3,9.25,9.04,9.9,100.0,3.0,5.0,2.0,3.0,1.0,98.3,4.2,97.2,59.2,0.0,0,1,1
10280,5.81,5.82,5.69,6.39,5.91,5.84,6.4,5.8,5.84,77.6,1.0,3.0,3.0,2.0,0.0,71.7,2.2,57.7,55.3,0.0,1,0,1
20946,9.62,9.93,9.76,9.82,9.41,10.0,9.59,9.98,9.7,100.0,2.0,3.0,4.0,4.0,1.0,88.7,4.5,84.3,71.2,0.0,0,1,1
5654,5.71,5.51,5.73,5.43,5.99,5.84,5.66,5.84,5.78,73.3,1.0,2.0,2.0,2.0,1.0,70.3,3.2,63.0,55.5,0.0,1,0,0
4817,5.14,4.61,4.79,5.11,5.04,4.92,4.06,5.09,4.83,66.6,0.0,2.0,1.0,1.0,0.0,49.3,2.1,32.8,27.3,0.0,1,0,0
36891,6.62,6.61,6.43,6.67,6.75,6.65,6.8,7.15,6.62,52.8,1.0,1.0,2.0,1.0,0.0,50.1,2.0,29.7,32.2,0.0,1,0,0
39174,4.7,5.14,4.97,4.91,5.5,4.7,5.22,4.86,5.01,67.3,1.0,1.0,1.0,1.0,0.0,40.8,1.9,27.5,33.2,0.0,1,0,0
15057,7.33,7.52,7.64,7.78,7.82,7.37,7.52,7.38,7.55,81.6,2.0,3.0,3.0,4.0,1.0,83.9,4.0,66.4,85.0,0.0,0,1,1
13944,9.33,9.21,8.9,9.88,9.0,10.0,9.86,9.85,9.45,82.5,2.0,4.0,2.0,4.0,1.0,90.9,4.5,85.1,78.1,1.0,0,1,1
21682,6.18,6.45,6.41,6.29,6.53,6.41,5.36,6.45,4.3,54.52027471,1.0,1.0,1.0,1.0,0.0,36.3,3.1,7.1,33.6,0.0,1,0,0
35500,7.3,7.27,7.01,7.5,6.61,6.96,6.84,7.23,7.15,94.3,1.0,3.0,2.0,1.0,1.0,59.5,3.0,50.9,54.1,1.0,1,0,1
11029,4.41,4.62,4.26,5.02,4.85,4.44,4.0,4.0,4.44,60.8,0.0,0.0,0.0,1.0,0.0,46.1,1.1,29.2,24.3,0.0,1,0,0
4449,7.68,7.68,7.73,8.13,7.41,8.48,7.74,8.03,9.79,82.4,3.0,5.0,3.0,2.0,1.0,98.7,5.0,96.3,55.5,1.0,0,1,1
39839,6.39,6.83,6.95,7.0,7.11,7.2,6.96,6.96,6.83,83.5,3.0,4.0,3.0,3.0,1.0,87.7,3.4,77.0,55.5,1.0,0,1,1
42197,7.76,8.84,8.32,8.06,8.01,7.95,8.24,8.22,8.33,79.8,0.0,2.0,2.0,2.0,1.0,77.9,2.5,54.3,55.5,0.0,1,1,1
32526,6.47,6.23,6.5,6.47,6.05,5.36,5.56,5.99,5.9,66.7,0.0,1.0,1.0,0.0,0.0,47.4,2.6,57.7,35.4,0.0,1,0,0
30353,8.25,8.24,8.04,8.45,8.52,8.47,8.07,8.37,8.36,71.6,1.0,1.0,2.0,1.0,0.0,63.0,2.9,64.8,58.7,1.0,1,1,1
27615,9.06,9.02,8.37,8.96,9.56,9.69,9.62,8.8,9.12,87.1,1.0,3.0,3.0,3.0,2.0,92.7,3.1,71.0,84.4,1.0,0,1,1
20950,7.05,7.8,7.28,7.94,8.16,8.15,8.34,7.72,7.8,77.0,2.0,3.0,3.0,3.0,1.0,77.9,5.0,59.1,76.0,1.0,0,1,1
45485,8.63,8.55,8.61,8.93,8.94,8.98,8.64,9.09,8.68,84.8,2.0,3.0,2.0,2.0,1.0,94.7,3.1,67.3,68.9,1.0,0,1,1
38588,7.96,8.09,7.64,7.69,8.33,8.15,7.37,8.06,7.98,82.2,2.0,3.0,3.0,3.0,0.0,80.9,4.9,78.0,62.2,1.0,0,1,1
17250,5.59,5.03,4.76,5.25,5.77,5.58,5.54,4.58,5.22,56.7,0.0,0.0,1.0,0.0,0.0,51.1,1.3,29.1,36.6,0.0,1,0,0
3432,4.11,4.89,4.63,4.62,4.16,4.24,4.8,4.1,4.5,58.0,0.0,1.0,0.0,0.0,0.0,43.4,1.5,27.1,30.2,1.0,1,0,0
46131,6.94,7.48,7.03,7.14,6.99,7.05,7.26,7.44,4.48,52.7821298,1.0,4.0,2.0,3.0,1.0,33.6,4.1,3.3,75.2,1.0,1,0,1
1793,6.59,6.84,6.66,6.52,6.88,6.78,6.51,6.79,6.66,77.6,1.0,2.0,1.0,1.0,0.0,80.7,3.6,59.8,52.4,0.0,1,0,1
4866,6.82,6.39,6.99,6.93,7.06,6.9,6.95,6.78,6.68,75.3,1.0,1.0,2.0,2.0,1.0,48.3,2.4,49.6,43.3,1.0,1,0,0
27416,7.2,8.03,7.77,7.97,8.02,8.33,8.38,7.95,7.85,89.2,2.0,3.0,3.0,2.0,1.0,92.5,3.1,85.6,55.5,0.0,0,1,1
17915,8.57,9.25,10.0,9.19,9.29,9.42,9.16,9.32,9.39,83.7,1.0,3.0,3.0,3.0,1.0,95.9,3.3,65.3,55.5,1.0,0,1,1
37333,7.12,7.55,7.5,7.83,7.62,7.54,7.44,7.91,7.5,70.5,1.0,2.0,2.0,1.0,1.0,88.3,2.9,55.8,51.1,0.0,1,1,1
7593,7.57,7.02,7.65,7.21,7.42,7.6,7.68,8.22,7.69,69.1,1.0,2.0,1.0,1.0,1.0,67.8,4.1,58.7,62.6,1.0,1,1,1
47135,7.92,8.04,7.9,7.85,8.83,7.55,8.28,7.66,8.01,78.5,2.0,2.0,2.0,4.0,2.0,61.2,4.5,79.5,73.5,1.0,0,1,1
44991,7.29,7.25,6.83,7.08,7.1,7.17,7.41,7.16,9.96,84.4,3.0,5.0,1.0,2.0,0.0,98.3,2.2,95.4,47.3,1.0,1,1,1
40269,6.72,6.28,6.95,7.35,6.58,7.14,7.09,7.18,6.87,82.2,2.0,4.0,3.0,4.0,1.0,72.8,3.9,89.7,67.4,1.0,0,1,1
5170,9.4,10.0,10.0,9.62,9.62,9.34,9.95,9.41,9.69,73.0,1.0,2.0,2.0,2.0,0.0,66.6,2.4,53.9,54.6,1.0,1,1,1
35152,4.0,4.33,4.48,4.07,4.0,4.0,4.0,4.19,4.0,58.4,0.0,1.0,0.0,0.0,0.0,43.1,1.0,57.7,35.0,0.0,1,0,0
46636,7.37,7.66,7.83,7.61,7.03,7.69,7.8,7.91,7.74,70.0,2.0,2.0,1.0,0.0,0.0,58.6,2.9,57.7,55.5,0.0,1,0,1
32958,6.3,6.19,6.63,6.16,5.84,5.84,5.9,6.03,4.09,54.7506162,1.0,1.0,1.0,3.0,0.0,34.8,3.1,3.2,55.9,0.0,1,0,0
40262,7.74,7.62,7.38,7.85,6.95,7.92,7.56,7.32,7.39,78.6,1.0,2.0,2.0,2.0,0.0,78.9,3.4,57.7,49.4,1.0,1,1,1
11808,8.0,7.87,7.92,8.55,7.83,8.77,7.79,8.33,8.15,98.0,2.0,5.0,3.0,4.0,1.0,83.4,4.5,62.8,66.6,1.0,0,1,1
42049,6.42,7.29,6.34,6.63,5.46,6.95,6.73,6.14,6.49,72.9,0.0,1.0,2.0,2.0,1.0,71.8,2.0,62.1,56.9,1.0,1,0,0
2711,7.04,6.92,7.65,7.34,7.29,6.68,7.59,7.45,7.32,71.6,2.0,2.0,1.0,2.0,1.0,72.1,3.1,59.4,47.9,0.0,1,0,1
12884,7.84,7.2,7.49,7.53,7.2,7.43,7.91,7.76,7.63,76.4,0.0,1.0,2.0,2.0,1.0,67.9,3.1,56.2,57.5,0.0,1,0,0
46276,5.29,5.37,5.77,5.82,5.77,5.08,5.75,5.53,5.47,83.2,1.0,2.0,2.0,2.0,0.0,64.1,4.0,59.0,55.1,1.0,1,0,1
44109,5.39,5.41,4.76,5.36,4.44,5.04,4.62,4.69,4.97,57.4,1.0,0.0,0.0,0.0,0.0,51.2,2.1,26.3,35.5,0.0,1,0,0
5228,5.16,6.01,4.98,5.75,5.31,5.46,5.27,5.41,5.29,58.2,0.0,1.0,0.0,1.0,0.0,31.5,3.1,36.7,32.1,1.0,1,0,0
34402,8.56,8.29,7.62,8.09,9.31,8.29,8.36,9.08,8.61,80.6,2.0,5.0,3.0,3.0,2.0,70.3,3.4,87.5,82.1,1.0,0,1,1
46087,9.09,9.63,9.39,9.21,9.96,9.34,9.98,9.55,9.65,95.2,2.0,3.0,3.0,2.0,1.0,77.2,3.4,53.5,74.4,1.0,0,1,1
5187,8.66,7.85,8.18,8.15,8.47,8.7,8.39,7.99,8.37,70.7,1.0,1.0,2.0,2.0,0.0,60.0,3.2,59.6,50.5,1.0,1,1,1
13710,7.75,9.16,8.48,8.36,7.95,8.55,8.44,8.5,8.42,85.7,1.0,2.0,2.0,2.0,1.0,70.9,3.0,59.8,60.8,1.0,1,1,1
18173,8.87,8.75,7.82,8.54,8.51,8.6,8.41,9.11,8.52,91.5,1.0,3.0,2.0,4.0,1.0,95.1,5.0,74.2,90.7,1.0,0,1,1
39230,4.0,4.61,5.09,4.63,4.58,4.5,4.85,5.14,4.66,85.1,2.0,3.0,3.0,3.0,1.0,75.5,3.1,66.3,89.0,1.0,0,0,1
2580,6.0,6.21,6.67,6.21,5.8,6.38,6.71,6.61,6.38,82.9,1.0,2.0,2.0,2.0,1.0,77.2,3.1,57.0,59.9,0.0,1,0,1
35601,8.22,8.01,8.37,7.93,8.25,8.21,7.65,8.44,8.36,90.4,2.0,4.0,3.0,1.0,1.0,83.7,3.7,79.8,55.5,1.0,0,1,1
38533,7.33,6.94,8.3,7.42,7.74,8.16,7.19,7.88,7.69,83.4,2.0,3.0,4.0,4.0,1.0,84.5,3.1,68.0,100.0,0.0,0,1,1
29485,9.47,9.22,9.33,9.94,10.0,10.0,9.65,9.78,9.84,98.1,3.0,3.0,3.0,3.0,1.0,81.4,5.0,57.7,62.1,1.0,0,1,1
25443,9.39,8.97,9.5,9.01,9.01,9.94,9.18,9.22,9.1,66.3,1.0,1.0,1.0,1.0,0.0,70.3,2.5,58.7,53.0,1.0,1,1,1
46698,5.79,6.48,5.98,6.43,5.66,6.23,6.32,6.31,6.19,61.9,0.0,0.0,0.0,0.0,1.0,53.5,1.7,23.8,29.0,1.0,1,0,0
1585,5.2,5.1,5.13,5.35,5.23,4.8,4.64,5.14,5.14,74.5,1.0,0.0,1.0,0.0,0.0,52.5,1.8,21.8,24.6,0.0,1,0,0
47460,4.46,4.31,4.01,4.06,4.0,4.19,4.0,4.0,4.16,50.0,0.0,1.0,1.0,0.0,0.0,70.3,1.3,30.5,35.1,0.0,1,0,0
18330,5.02,5.27,5.82,5.7,5.13,5.48,5.76,5.57,5.66,80.2,1.0,2.0,1.0,1.0,0.0,67.9,3.8,46.9,52.3,0.0,1,0,0
8189,8.23,8.78,8.71,8.92,8.7,9.16,9.02,9.17,8.71,66.2,0.0,2.0,3.0,2.0,1.0,69.0,2.5,54.5,55.3,0.0,1,1,1
8932,9.22,9.33,9.35,9.38,9.26,9.54,9.11,8.85,9.26,100.0,2.0,3.0,3.0,3.0,2.0,71.8,3.2,66.5,76.2,1.0,0,1,1
33141,7.6,8.16,7.8,8.12,7.29,7.72,8.43,7.6,7.93,73.8,2.0,2.0,2.0,2.0,0.0,64.3,3.1,59.4,49.4,0.0,1,1,1
21589,5.17,5.79,5.62,6.55,5.92,5.64,5.46,5.56,5.8,67.5,1.0,1.0,2.0,2.0,0.0,70.0,3.6,51.2,55.5,0.0,1,0,0
30814,9.19,9.15,8.99,9.36,9.55,10.0,9.72,9.03,9.36,94.3,3.0,5.0,3.0,2.0,1.0,74.9,3.9,81.8,81.3,1.0,0,1,1
45261,5.62,5.75,5.49,5.83,5.81,5.31,5.19,5.44,5.51,83.1,1.0,2.0,1.0,1.0,0.0,72.9,2.9,58.0,47.1,1.0,1,0,0
4868,8.35,7.94,7.96,8.06,8.82,8.05,8.3,7.55,8.37,82.5,2.0,2.0,3.0,3.0,1.0,88.3,5.0,91.6,71.8,1.0,0,1,1
9101,7.6,7.34,7.36,7.36,7.28,7.35,7.19,7.13,7.39,77.6,1.0,2.0,1.0,3.0,0.0,65.8,4.0,46.9,50.9,0.0,1,0,1
21007,5.8,6.02,6.33,6.08,6.15,5.69,6.36,5.92,6.05,60.9,1.0,0.0,0.0,0.0,0.0,52.8,1.9,27.8,32.0,0.0,1,0,0
42996,9.58,9.57,9.21,9.37,9.4,9.24,9.55,9.28,9.53,75.2,1.0,2.0,1.0,2.0,1.0,79.6,3.1,66.3,64.1,1.0,1,1,1
28564,5.87,5.89,5.83,5.54,5.6,5.61,5.16,5.94,5.64,71.5,1.0,1.0,2.0,2.0,0.0,50.8,1.5,56.6,56.6,0.0,1,0,0
41966,4.83,4.61,5.0,4.59,4.7,4.45,4.59,4.76,4.8,62.0,1.0,0.0,0.0,0.0,0.0,40.2,2.2,57.7,25.4,0.0,1,0,0
21029,6.06,6.37,6.76,6.87,6.21,6.98,7.33,7.1,6.7,81.4,2.0,3.0,3.0,3.0,2.0,78.9,3.8,97.7,84.4,1.0,0,1,1
21398,10.0,9.62,9.76,10.0,9.22,10.0,10.0,10.0,9.77,100.0,3.0,3.0,2.0,2.0,1.0,79.4,3.4,81.9,96.6,1.0,0,1,1
30759,7.69,7.36,6.82,7.28,7.29,6.92,7.55,7.61,9.75,83.5,3.0,5.0,2.0,2.0,1.0,99.7,3.1,100.0,29.6,1.0,1,1,1
26870,5.49,5.02,5.5,4.96,4.47,5.02,4.82,4.75,4.87,61.1,0.0,1.0,1.0,1.0,1.0,52.9,1.8,29.9,29.8,0.0,1,0,0
1705,8.1,8.29,8.25,8.44,7.97,7.92,8.32,8.14,8.41,67.4,0.0,0.0,2.0,2.0,1.0,67.2,3.1,49.8,58.7,1.0,1,1,1
41474,6.06,6.32,6.26,5.88,6.71,6.49,6.61,6.31,6.36,74.0,0.0,2.0,2.0,2.0,1.0,71.8,1.7,45.1,52.8,0.0,1,0,0
49579,10.0,9.53,10.0,9.97,9.99,10.0,9.69,10.0,9.92,65.4,1.0,2.0,2.0,2.0,0.0,73.4,2.5,52.4,55.6,1.0,1,1,1
47743,6.56,5.82,6.28,6.06,6.35,6.26,6.71,6.11,6.19,92.1,3.0,3.0,4.0,3.0,1.0,86.7,4.2,57.7,81.3,1.0,0,1,1
11569,8.76,8.59,8.71,8.9,8.86,8.81,9.14,8.53,8.81,100.0,1.0,2.0,3.0,3.0,2.0,72.2,4.4,78.3,79.6,1.0,0,1,1
31449,7.58,7.13,7.22,7.26,7.33,6.95,7.08,7.17,7.24,73.6,1.0,2.0,1.0,1.0,0.0,61.3,3.1,58.2,43.2,1.0,1,0,0
30879,5.12,4.0,4.44,5.18,4.42,4.41,4.65,4.2,4.51,57.5,0.0,0.0,0.0,0.0,0.0,39.6,2.3,26.1,26.3,0.0,1,0,0
34155,6.49,6.21,6.36,5.93,7.02,6.68,6.77,6.32,6.44,73.3,2.0,5.0,4.0,3.0,2.0,84.0,5.0,79.1,65.6,1.0,0,1,1
8408,7.68,8.14,9.07,8.22,9.04,8.68,8.68,9.34,8.62,100.0,2.0,2.0,3.0,4.0,2.0,88.4,2.2,70.6,74.7,0.0,0,1,1
45877,6.13,6.63,6.59,5.76,6.61,5.96,6.07,6.53,6.19,77.8,1.0,2.0,2.0,2.0,0.0,72.0,3.1,49.0,51.9,1.0,1,0,0
10017,8.54,8.06,8.33,8.19,8.16,8.77,8.94,8.05,8.43,82.2,2.0,3.0,3.0,3.0,2.0,70.3,3.6,77.9,79.0,0.0,0,1,1
11045,7.28,7.25,7.56,7.21,7.08,7.19,7.18,6.96,7.23,91.3,1.0,2.0,1.0,1.0,0.0,67.9,2.7,57.8,52.8,1.0,1,0,0
28438,6.92,6.88,6.2,6.77,6.8,6.68,7.34,7.09,6.83,71.6,0.0,2.0,1.0,1.0,0.0,73.7,3.2,61.5,44.2,1.0,1,0,0
27225,8.3,8.01,8.19,8.33,8.49,8.08,9.1,8.7,8.36,70.6,2.0,3.0,2.0,2.0,2.0,96.2,3.5,57.7,93.7,1.0,0,1,1
25454,7.29,8.02,7.31,7.38,7.07,6.99,7.62,7.95,7.51,72.3,1.0,1.0,2.0,2.0,0.0,82.8,3.0,53.5,59.0,1.0,1,0,1
4422,4.0,4.27,4.0,4.0,4.34,4.08,4.0,4.0,4.08,59.8,0.0,1.0,0.0,1.0,0.0,70.3,2.3,30.1,34.2,0.0,1,0,0
1277,9.8,9.93,10.0,10.0,9.83,10.0,9.77,10.0,9.97,73.4,3.0,4.0,4.0,3.0,2.0,87.5,4.2,63.0,70.7,1.0,0,1,1
27244,4.0,4.31,4.0,4.26,4.08,4.0,4.39,4.0,4.16,63.3,0.0,0.0,0.0,0.0,0.0,57.8,1.4,35.1,29.7,0.0,1,0,0
331,6.1,6.05,6.3,6.03,6.6,6.24,6.05,6.6,6.28,86.0,0.0,1.0,1.0,2.0,1.0,56.6,3.3,47.0,42.3,1.0,1,0,1
20295,9.02,9.62,8.74,8.71,8.82,8.63,9.06,9.29,8.98,97.2,2.0,3.0,2.0,3.0,1.0,79.4,2.7,82.9,62.8,0.0,0,1,1
2433,7.19,6.99,6.67,6.43,6.8,6.84,6.74,6.72,6.83,56.3,0.0,0.0,0.0,1.0,0.0,45.6,1.5,28.0,26.4,0.0,1,0,0
6348,6.38,6.81,5.66,6.65,6.92,6.38,6.42,5.85,6.46,58.0,1.0,0.0,1.0,0.0,0.0,55.9,3.0,31.0,55.5,0.0,1,0,0
31810,7.7,7.56,7.46,7.69,8.08,7.46,7.61,7.54,7.64,73.7,1.0,2.0,2.0,2.0,0.0,64.4,2.5,39.8,55.5,0.0,1,0,1
23469,6.6,6.76,6.84,6.78,6.92,6.05,6.31,6.65,6.36,77.1,1.0,0.0,1.0,0.0,0.0,45.5,1.9,29.0,29.5,0.0,1,0,0
17392,4.47,4.73,4.61,4.0,4.34,4.1,4.51,4.64,4.38,70.6,1.0,1.0,0.0,0.0,0.0,45.7,1.5,31.5,36.4,1.0,1,0,0
36045,8.5,9.02,8.93,8.56,8.68,8.44,9.15,8.52,8.64,94.3,1.0,3.0,4.0,4.0,1.0,98.0,3.1,74.7,63.2,1.0,0,1,1
39581,8.1,7.82,8.07,7.98,8.02,8.25,8.25,8.53,8.03,88.4,1.0,4.0,3.0,3.0,1.0,83.2,4.4,57.7,87.5,1.0,0,1,1
20256,7.22,7.24,7.7,7.61,7.19,7.33,7.24,7.61,7.37,66.0,2.0,2.0,2.0,1.0,1.0,68.8,2.9,63.7,45.6,1.0,1,0,1
26720,6.01,4.95,5.68,5.77,5.28,5.76,5.7,5.81,5.51,75.2,1.0,2.0,2.0,3.0,1.0,70.3,2.3,47.9,44.4,1.0,1,0,0
9726,5.16,5.07,5.27,4.03,5.13,4.98,4.64,5.49,5.08,57.5,0.0,1.0,1.0,0.0,0.0,56.5,1.6,26.5,27.0,1.0,1,0,0
42726,9.61,9.34,9.49,9.89,9.82,9.45,9.71,10.0,9.57,97.5,3.0,3.0,3.0,2.0,2.0,86.1,4.3,86.2,56.9,1.0,0,1,1
14846,6.94,7.17,6.82,7.34,7.83,7.13,6.66,7.18,7.19,68.8,0.0,2.0,1.0,2.0,1.0,63.8,2.5,45.4,50.4,0.0,1,0,0
4884,6.91,7.32,7.23,7.3,7.27,7.54,6.93,7.73,7.29,85.6,2.0,2.0,3.0,1.0,1.0,70.3,3.4,78.2,55.5,0.0,0,1,1
40466,9.33,9.18,9.68,8.78,9.08,9.09,9.13,9.34,9.12,82.1,1.0,2.0,1.0,2.0,1.0,82.6,2.9,56.7,60.7,0.0,1,1,1
41337,4.74,5.02,4.54,5.15,4.65,4.77,5.24,5.16,5.01,60.1,1.0,0.0,1.0,0.0,0.0,44.6,2.8,27.8,22.5,0.0,1,0,0
9799,7.47,7.98,7.91,7.93,7.92,8.53,8.04,7.94,8.2,75.8,1.0,1.0,2.0,2.0,0.0,70.7,2.0,55.4,45.5,0.0,1,1,0
16430,7.99,7.69,7.76,7.86,8.47,8.28,7.97,7.88,7.84,64.5,0.0,2.0,1.0,1.0,0.0,68.1,3.1,61.9,55.5,0.0,1,0,1
4265,7.63,7.67,7.28,7.85,7.39,7.53,7.59,7.28,7.7,71.4,1.0,2.0,1.0,2.0,0.0,64.8,2.6,64.4,38.9,1.0,1,0,0
28502,6.81,6.52,6.52,6.59,7.47,7.09,7.23,7.71,6.98,82.9,1.0,1.0,1.0,2.0,0.0,67.1,2.9,61.8,48.8,1.0,1,0,1
48837,8.69,9.3,8.88,9.04,8.89,9.03,9.01,9.52,8.99,91.7,2.0,3.0,3.0,3.0,1.0,85.8,5.0,76.8,74.7,0.0,0,1,1
19786,6.35,6.38,6.86,6.73,6.76,6.68,7.45,6.48,6.79,78.0,1.0,2.0,2.0,2.0,0.0,72.7,4.0,56.1,46.4,1.0,1,0,0
15632,8.87,9.17,8.92,9.77,9.54,9.5,8.62,8.89,9.34,66.2,1.0,2.0,1.0,2.0,1.0,65.1,3.5,62.5,55.5,0.0,1,1,1
11902,4.0,4.0,4.0,4.0,4.0,4.0,4.0,4.0,9.9,50.0,3.0,5.0,0.0,0.0,1.0,96.5,2.3,57.7,30.1,0.0,1,0,0
16113,9.48,10.0,9.91,10.0,10.0,10.0,10.0,10.0,9.7,100.0,2.0,3.0,2.0,3.0,2.0,70.3,4.8,67.0,94.7,1.0,0,1,1
3716,8.74,9.52,9.52,9.21,8.99,9.59,9.36,9.34,9.39,94.9,2.0,4.0,3.0,2.0,1.0,84.0,4.5,93.3,73.3,1.0,0,1,1
43726,6.37,6.86,7.29,7.06,6.63,6.98,6.64,6.18,6.97,55.6,1.0,0.0,0.0,1.0,0.0,45.9,2.1,27.7,28.4,1.0,1,0,0
1181,6.34,6.02,5.76,6.16,5.72,5.59,5.94,5.82,5.93,59.2,0.0,1.0,1.0,0.0,0.0,46.7,2.8,28.9,27.9,0.0,1,0,0
6068,7.65,7.84,7.9,7.91,7.74,7.46,7.99,8.77,7.91,97.6,2.0,3.0,3.0,3.0,1.0,87.9,3.0,81.9,80.6,1.0,0,1,1
36254,6.61,6.41,6.24,5.77,6.67,6.14,5.71,5.3,6.27,64.8,0.0,1.0,1.0,1.0,0.0,54.8,1.3,27.8,34.8,1.0,1,0,0
41884,4.84,4.82,4.93,4.56,4.76,4.1,4.64,4.89,4.52,60.4,1.0,0.0,1.0,0.0,0.0,70.3,1.9,30.5,30.6,0.0,1,0,0
950,7.63,7.71,7.41,7.81,7.43,7.85,7.62,7.52,7.6,87.1,2.0,2.0,2.0,2.0,1.0,70.3,4.2,65.4,59.4,1.0,1,1,1
36503,6.32,7.01,6.95,6.78,6.51,7.04,7.25,6.3,6.71,77.6,0.0,2.0,2.0,2.0,1.0,73.9,2.9,61.8,51.3,0.0,1,0,1
8201,8.04,8.77,8.6,9.76,8.37,9.06,8.98,9.19,8.94,89.1,3.0,2.0,3.0,3.0,1.0,79.2,4.9,87.4,55.5,0.0,0,1,1
49181,7.42,7.58,6.74,7.5,7.5,7.85,6.87,7.25,7.41,92.4,2.0,4.0,1.0,3.0,1.0,92.1,2.8,79.9,81.0,1.0,0,1,1
48905,7.32,7.78,7.55,7.08,7.18,7.8,7.75,7.23,7.59,79.8,1.0,2.0,1.0,1.0,1.0,65.5,2.0,55.6,44.1,0.0,1,0,1
48862,8.86,9.14,8.82,8.77,9.29,9.02,9.15,9.16,9.05,80.2,3.0,4.0,3.0,3.0,2.0,82.9,3.7,93.4,67.2,1.0,0,1,1
42700,9.5,9.9,8.97,9.13,10.0,10.0,9.12,9.82,9.38,93.6,1.0,3.0,2.0,4.0,1.0,83.9,3.9,86.1,71.9,0.0,0,1,1
44391,6.19,5.89,5.89,6.03,6.18,6.14,5.52,5.97,6.02,74.3,1.0,2.0,1.0,2.0,0.0,70.3,2.0,54.2,69.6,0.0,1,0,0
12147,7.56,7.45,7.37,7.46,7.77,8.02,7.83,8.11,7.63,100.0,1.0,4.0,2.0,2.0,1.0,85.3,4.7,71.7,69.6,1.0,0,1,1
29209,8.04,8.47,7.89,8.34,8.87,8.42,8.51,8.55,8.51,82.5,2.0,3.0,3.0,4.0,2.0,81.2,5.0,84.0,78.7,0.0,0,1,1
37982,8.48,8.35,8.39,7.83,8.1,8.19,8.47,7.5,8.27,74.0,1.0,2.0,2.0,2.0,0.0,64.6,3.4,55.7,50.2,1.0,1,1,1
20970,5.42,4.62,6.06,5.89,6.05,5.58,5.52,5.31,5.69,68.2,2.0,2.0,1.0,2.0,0.0,59.8,2.8,66.8,57.8,0.0,1,0,1
7991,6.38,6.26,6.46,6.1,6.45,6.34,7.31,6.56,6.58,73.7,2.0,2.0,2.0,2.0,1.0,72.6,3.0,54.6,54.2,1.0,1,0,1
4673,6.81,7.06,6.9,7.61,7.43,7.49,7.44,7.37,7.03,77.6,1.0,1.0,1.0,3.0,1.0,61.0,2.7,50.9,50.6,1.0,1,0,0
4460,6.32,5.99,6.71,5.97,6.79,6.33,6.85,6.9,6.45,81.1,0.0,1.0,2.0,3.0,0.0,65.9,2.2,61.9,59.1,0.0,1,0,0
25594,7.45,7.2,7.28,6.78,6.85,7.09,7.37,7.19,7.19,77.0,1.0,2.0,1.0,1.0,0.0,77.9,3.8,53.9,55.5,0.0,1,0,1
11114,8.24,8.44,8.61,7.78,8.35,8.3,8.65,8.28,8.29,71.4,1.0,1.0,2.0,2.0,1.0,68.2,2.2,46.7,59.2,1.0,1,1,1
34681,9.16,8.73,8.48,8.95,8.48,8.72,9.28,9.06,8.84,100.0,2.0,4.0,3.0,4.0,1.0,88.7,3.6,69.3,66.9,0.0,0,1,1
15869,8.4,9.02,8.74,8.18,8.16,7.98,7.77,8.59,8.38,56.8,1.0,0.0,1.0,1.0,0.0,49.3,2.4,33.7,33.4,0.0,1,0,1
31414,7.33,7.28,7.56,6.98,7.44,7.12,7.87,7.2,7.25,65.0,1.0,2.0,1.0,2.0,1.0,70.3,3.1,50.0,48.3,0.0,1,0,1
13621,8.85,8.43,8.66,8.88,8.21,8.79,9.2,8.74,8.47,70.5,1.0,2.0,1.0,1.0,1.0,71.4,2.5,46.7,52.6,1.0,1,1,0
4156,9.32,8.99,9.63,9.1,9.52,9.68,9.31,9.59,9.27,97.3,2.0,3.0,3.0,5.0,1.0,79.9,3.1,67.2,72.6,1.0,0,1,1
27885,7.83,7.33,7.68,8.14,7.86,7.41,7.73,7.57,7.52,89.7,2.0,3.0,2.0,3.0,1.0,84.9,4.0,82.8,59.8,1.0,0,1,1
16930,7.14,7.48,7.2,7.15,7.3,7.45,7.53,6.85,7.17,85.3,1.0,2.0,2.0,1.0,0.0,68.2,2.6,57.0,54.0,1.0,1,0,1
26670,8.25,8.04,7.88,8.59,8.77,8.8,9.05,8.74,8.4,90.0,1.0,3.0,3.0,2.0,1.0,70.3,2.9,74.1,66.5,0.0,0,1,1
46227,6.76,7.08,7.26,7.45,7.67,7.78,7.25,7.36,7.24,71.7,1.0,1.0,1.0,1.0,0.0,66.6,2.9,56.1,61.2,0.0,1,0,1
29243,6.82,6.58,6.66,7.19,6.27,6.7,6.61,6.16,6.6,83.8,0.0,2.0,1.0,3.0,1.0,74.4,2.4,48.5,40.8,1.0,1,0,0
27540,6.07,6.23,6.41,6.04,6.08,6.06,6.36,6.03,4.08,50.1294596,0.0,2.0,2.0,2.0,1.0,34.0,3.7,1.5,55.4,1.0,1,0,1
25150,6.64,6.87,6.81,6.53,7.19,6.86,6.22,7.19,6.84,78.3,1.0,2.0,3.0,2.0,2.0,90.0,5.0,78.1,55.9,1.0,0,1,1
20795,6.8,7.27,7.25,7.41,7.21,7.32,7.13,7.43,7.17,80.6,1.0,2.0,2.0,1.0,1.0,68.6,3.8,69.4,62.0,1.0,1,1,1
18685,9.78,9.52,9.75,9.82,9.68,9.78,10.0,9.71,9.82,88.5,1.0,4.0,4.0,4.0,1.0,65.3,4.2,71.4,74.7,1.0,0,1,1
44362,7.12,7.33,7.22,7.73,6.97,7.83,7.47,6.75,7.51,79.5,1.0,3.0,1.0,2.0,1.0,62.6,1.7,55.2,47.4,1.0,1,0,1
13327,9.24,8.77,8.85,8.89,8.74,9.07,8.97,8.85,9.02,75.8,1.0,2.0,3.0,3.0,0.0,63.7,3.3,56.6,60.9,1.0,1,1,1
34830,6.34,6.02,5.68,5.74,5.17,5.96,5.85,5.16,5.78,64.0,0.0,1.0,1.0,0.0,0.0,51.6,2.0,24.2,34.5,0.0,1,0,0
29953,7.31,7.24,7.24,7.4,7.25,7.22,6.91,7.01,7.16,79.5,0.0,2.0,1.0,1.0,0.0,82.1,3.8,46.8,50.3,1.0,1,0,0
22772,8.13,7.74,8.31,7.55,7.91,7.78,7.73,7.81,7.87,77.2,0.0,1.0,2.0,1.0,1.0,77.3,2.7,57.1,51.2,1.0,1,1,0
16948,5.84,5.71,5.87,5.54,5.88,6.1,5.85,5.66,5.8,51.2,0.0,1.0,0.0,0.0,0.0,45.7,1.9,32.6,26.4,0.0,1,0,0
7709,7.87,9.38,9.06,8.26,8.44,8.76,8.51,9.22,8.76,80.4,1.0,1.0,2.0,2.0,0.0,60.1,3.1,48.2,58.6,0.0,1,1,1
21156,6.23,5.82,6.12,6.56,6.17,6.78,6.33,6.24,6.39,92.0,1.0,2.0,2.0,1.0,0.0,59.4,3.2,63.9,65.6,1.0,1,0,0
2361,6.71,7.27,6.67,6.46,6.67,7.09,6.94,7.13,7.07,78.4,2.0,3.0,2.0,2.0,2.0,77.5,3.9,79.1,61.2,1.0,0,1,1
49376,5.33,5.31,5.23,5.16,5.52,5.22,4.66,4.58,5.23,60.9,0.0,1.0,1.0,0.0,0.0,32.2,1.9,31.1,26.9,0.0,1,0,0
33642,7.81,7.44,7.6,7.27,7.54,7.69,7.65,7.06,7.63,72.3,1.0,3.0,3.0,2.0,1.0,80.2,3.2,61.7,46.9,1.0,1,1,1
34695,4.12,4.52,4.5,5.12,4.76,4.01,4.74,4.0,4.58,61.3,0.0,0.0,1.0,0.0,0.0,70.3,1.6,23.6,28.0,0.0,1,0,0
49724,6.77,6.98,7.43,6.78,6.14,6.67,6.97,6.65,6.83,66.3,1.0,2.0,2.0,2.0,1.0,66.4,2.1,57.5,53.8,1.0,1,0,1
36526,8.56,8.75,7.59,8.16,8.49,8.01,8.57,7.8,8.38,67.6,2.0,1.0,2.0,2.0,0.0,61.9,3.8,51.2,63.1,0.0,1,1,1
12007,8.98,8.89,9.19,8.99,9.32,8.9,8.96,8.74,9.07,82.4,0.0,3.0,1.0,1.0,1.0,47.5,3.3,58.5,60.7,0.0,1,1,1
31490,9.53,9.52,9.65,10.0,10.0,10.0,10.0,10.0,9.96,87.7,2.0,4.0,3.0,3.0,1.0,72.3,5.0,68.3,74.5,1.0,0,1,1
39708,6.58,7.1,6.33,6.48,6.72,6.26,6.52,6.74,6.52,92.6,3.0,3.0,2.0,4.0,1.0,82.9,2.8,57.7,63.3,1.0,0,1,1
17009,5.35,6.09,6.16,5.85,5.61,5.59,5.41,5.66,9.85,70.4,3.0,5.0,1.0,0.0,0.0,97.4,1.7,95.9,33.1,0.0,1,0,0
26176,7.09,7.18,7.31,7.56,7.06,6.77,7.37,7.15,7.15,68.8,1.0,1.0,2.0,2.0,0.0,55.7,2.8,57.7,50.6,1.0,1,0,1
30834,8.04,7.7,8.17,7.96,8.75,8.66,8.14,7.9,8.21,82.7,2.0,4.0,4.0,3.0,2.0,85.4,4.2,70.9,55.5,1.0,0,1,1
21445,7.52,7.59,8.01,7.7,8.04,8.24,7.61,7.93,7.82,75.9,1.0,2.0,1.0,2.0,0.0,77.3,2.8,54.0,53.9,1.0,1,1,1
43180,8.64,8.52,8.37,8.75,8.66,8.44,8.44,8.89,8.45,85.3,0.0,1.0,2.0,2.0,1.0,70.3,2.5,67.7,52.8,1.0,1,1,1
29988,7.88,8.56,8.28,7.79,8.27,8.71,8.11,8.86,8.38,76.3,2.0,3.0,3.0,3.0,1.0,71.7,4.8,76.5,85.1,1.0,0,1,1
30722,6.69,7.4,7.83,7.18,8.1,7.46,8.04,7.33,7.62,80.2,1.0,4.0,4.0,3.0,1.0,77.7,3.9,78.8,81.6,1.0,0,1,1
24788,8.34,8.23,8.23,8.3,8.35,7.69,8.27,8.6,8.22,91.6,0.0,1.0,1.0,1.0,1.0,70.3,2.2,63.5,55.5,1.0,1,1,1
44492,8.59,8.27,8.4,8.81,8.8,8.77,8.81,9.82,8.78,91.6,2.0,3.0,2.0,2.0,2.0,91.0,4.4,75.4,77.6,1.0,0,1,1
44779,7.53,7.88,7.43,7.64,7.36,7.73,7.52,7.34,7.54,77.9,1.0,2.0,2.0,1.0,0.0,67.3,3.0,53.5,55.5,0.0,1,0,1
32430,8.81,9.12,9.09,8.64,9.48,9.13,9.57,8.72,9.09,90.8,3.0,3.0,3.0,2.0,2.0,68.0,3.7,67.1,67.0,1.0,0,1,1
10990,7.73,7.88,7.2,7.73,8.51,7.35,7.47,7.64,7.58,84.1,2.0,2.0,2.0,2.0,0.0,67.9,2.5,48.1,65.9,0.0,1,1,1
22848,7.16,7.57,8.14,7.75,7.93,7.31,8.13,8.06,7.69,81.8,1.0,3.0,3.0,2.0,1.0,73.2,4.4,75.6,78.3,1.0,0,1,1
6677,6.93,6.38,6.33,6.32,6.57,6.22,6.91,6.43,6.56,70.0,1.0,2.0,2.0,2.0,0.0,51.4,2.4,63.4,52.3,1.0,1,0,1
14529,6.83,6.71,6.89,6.47,6.73,7.45,6.96,6.85,6.92,59.4,0.0,1.0,1.0,0.0,0.0,42.5,3.1,16.1,29.8,1.0,1,0,0
15810,7.64,7.69,7.21,7.69,7.33,7.77,7.62,7.9,7.59,97.1,2.0,2.0,2.0,3.0,2.0,55.1,5.0,77.9,64.9,1.0,0,1,1
3503,5.51,6.27,5.88,5.83,5.64,5.8,5.56,5.72,5.69,57.7,0.0,1.0,0.0,1.0,0.0,48.3,2.0,29.1,30.1,0.0,1,0,0
11949,7.74,7.89,8.54,7.87,7.91,7.71,8.15,7.88,8.16,86.4,1.0,2.0,2.0,1.0,1.0,77.0,3.4,46.4,51.8,1.0,1,1,1
11210,7.4,7.02,7.39,7.3,6.69,6.98,7.33,6.72,7.16,79.3,1.0,2.0,2.0,2.0,1.0,70.3,2.8,57.7,55.5,1.0,1,0,1
4109,8.12,7.93,7.37,7.45,7.17,7.11,7.64,7.07,7.35,60.8,0.0,0.0,1.0,1.0,0.0,52.3,2.7,32.3,36.1,1.0,1,0,1
5036,8.07,8.58,8.15,8.52,8.9,8.71,8.69,9.09,8.67,77.8,1.0,1.0,2.0,2.0,0.0,71.5,3.5,55.8,45.9,1.0,1,1,1
43563,7.88,7.78,7.48,7.71,7.89,8.04,7.47,7.74,7.79,73.4,1.0,2.0,1.0,2.0,1.0,70.3,3.1,51.6,59.4,0.0,1,1,1
18273,7.05,6.41,6.8,6.93,6.84,7.01,7.17,7.85,6.94,70.4,1.0,2.0,1.0,1.0,1.0,59.8,3.5,51.5,49.3,1.0,1,0,1
47263,7.44,7.32,7.57,7.45,7.2,7.12,6.87,7.3,7.29,67.4,0.0,1.0,0.0,0.0,0.0,42.6,1.7,29.9,55.5,0.0,1,0,0
2523,9.42,9.95,9.88,9.84,9.78,10.0,10.0,10.0,9.85,73.8,3.0,5.0,3.0,4.0,1.0,97.5,3.6,57.7,68.1,0.0,0,1,1
23167,7.03,7.14,7.32,7.33,7.86,7.13,7.55,7.59,7.48,79.3,0.0,2.0,1.0,1.0,0.0,61.6,1.2,53.5,55.5,0.0,1,0,0
24677,8.93,8.55,8.29,9.35,8.41,8.79,8.92,8.61,8.72,78.8,1.0,2.0,2.0,3.0,0.0,68.6,3.1,61.2,41.0,1.0,1,1,1
38154,10.0,10.0,9.99,9.92,10.0,10.0,9.67,10.0,10.0,79.9,1.0,1.0,1.0,2.0,1.0,77.7,4.2,63.5,55.5,1.0,1,1,1
7169,9.55,10.0,9.64,9.87,10.0,10.0,10.0,9.49,9.84,91.6,2.0,4.0,3.0,3.0,1.0,92.5,4.1,85.4,75.4,1.0,0,1,1
12366,8.56,8.36,8.85,8.79,8.35,9.39,8.08,8.81,8.47,97.5,2.0,3.0,3.0,3.0,1.0,70.3,4.0,71.9,79.2,0.0,0,1,1
21083,7.09,6.83,7.39,6.97,6.56,6.42,7.18,7.04,7.06,90.1,2.0,1.0,3.0,2.0,1.0,72.2,4.2,84.3,71.3,0.0,0,1,1
43742,6.34,6.71,6.99,6.39,6.49,6.99,6.92,6.9,6.67,83.1,1.0,3.0,3.0,1.0,1.0,86.7,4.8,88.3,52.7,1.0,0,1,1
39136,10.0,9.75,9.71,9.36,9.93,10.0,10.0,10.0,9.9,82.8,1.0,2.0,2.0,4.0,2.0,77.0,5.0,49.2,86.0,1.0,0,1,1
33583,6.87,7.13,7.04,6.87,6.51,7.18,6.7,7.34,6.93,74.6,0.0,3.0,2.0,2.0,1.0,66.1,4.2,60.8,57.0,0.0,1,0,1
31703,9.85,9.32,9.41,9.5,9.6,9.86,9.66,9.6,9.55,80.4,1.0,4.0,2.0,3.0,1.0,88.3,5.0,60.5,62.1,0.0,0,1,1
38238,8.54,8.53,8.89,9.26,9.07,8.7,9.29,9.18,4.42,50.01235705,2.0,4.0,3.0,2.0,1.0,33.1,4.9,4.5,74.8,1.0,1,1,1
22359,6.03,6.47,6.56,6.62,6.46,6.14,6.35,6.04,6.27,68.3,0.0,1.0,1.0,0.0,0.0,49.6,1.0,30.9,31.2,1.0,1,0,0
48247,7.97,8.3,8.04,7.52,7.84,7.78,7.97,7.85,7.94,70.3,0.0,2.0,2.0,1.0,1.0,67.1,3.5,48.3,55.6,1.0,1,1,1
